v -0.00000 -0.00000 -0.26100
v -0.00000 -0.00000 -0.26100
v -0.00000 -0.00000 -0.26100
v -0.00000 -0.00000 -0.26100
v -0.00000 -0.00000 -0.26100
v -0.00000 -0.00000 -0.26100
v -0.00000 -0.00000 -0.26100
v -0.00000 -0.00000 -0.26100
v -0.00000 -0.00000 -0.26100
v -0.00000 -0.00000 -0.26100
v -0.00000 -0.00000 -0.26100
v -0.00000 -0.00000 -0.26100
v -0.00000 -0.00000 -0.26100
v -0.00000 -0.00000 -0.26100
v -0.00000 -0.00000 -0.26100
v -0.00000 -0.00000 -0.26100
v -0.00000 -0.00000 -0.26100
v -0.00000 -0.00000 -0.26100
v -0.00000 -0.00000 -0.26100
v -0.00000 -0.00000 -0.26100
v -0.00000 -0.00000 -0.26100
v -0.00000 -0.00000 -0.26100
v -0.00000 -0.00000 -0.26100
v -0.00000 -0.00000 -0.26100
v -0.00000 -0.00000 -0.26100
v -0.00000 -0.00000 -0.26100
v -0.00000 -0.00000 -0.26100
v -0.00000 -0.00000 -0.26100
v -0.00000 -0.00000 -0.26100
v -0.00000 -0.00000 -0.26100
v -0.00000 -0.00000 -0.26100
v -0.00000 -0.00000 -0.26100
v -0.00000 -0.00000 -0.26100
v -0.00000 -0.00000 -0.26100
v -0.00000 -0.00000 -0.26100
v -0.00000 -0.00000 -0.26100
v 0.00000 -0.00000 -0.26100
v 0.00000 -0.00000 -0.26100
v 0.00000 -0.00000 -0.26100
v 0.00000 -0.00000 -0.26100
v 0.00000 -0.00000 -0.26100
v 0.00000 -0.00000 -0.26100
v 0.00000 -0.00000 -0.26100
v 0.00000 -0.00000 -0.26100
v 0.00000 -0.00000 -0.26100
v 0.00000 -0.00000 -0.26100
v 0.00000 -0.00000 -0.26100
v 0.00000 -0.00000 -0.26100
v 0.00000 -0.00000 -0.26100
v 0.00000 -0.00000 -0.26100
v 0.00000 -0.00000 -0.26100
v 0.00000 -0.00000 -0.26100
v 0.00000 -0.00000 -0.26100
v 0.00000 -0.00000 -0.26100
v 0.00000 -0.00000 -0.26100
v 0.00000 -0.00000 -0.26100
v 0.00000 -0.00000 -0.26100
v 0.00000 -0.00000 -0.26100
v 0.00000 -0.00000 -0.26100
v 0.00000 -0.00000 -0.26100
v 0.00000 -0.00000 -0.26100
v 0.00000 -0.00000 -0.26100
v 0.00000 -0.00000 -0.26100
v 0.00000 -0.00000 -0.26100
v 0.00000 -0.00000 -0.26100
v 0.00000 -0.00000 -0.26100
v 0.00000 -0.00000 -0.26100
v 0.00000 -0.00000 -0.26100
v 0.00000 -0.00000 -0.26100
v 0.00000 -0.00000 -0.26100
v 0.00000 -0.00000 -0.26100
v 0.00000 -0.00000 -0.26100
v 0.00000 0.00000 -0.26100
v 0.00000 0.00000 -0.26100
v 0.00000 0.00000 -0.26100
v 0.00000 0.00000 -0.26100
v 0.00000 0.00000 -0.26100
v 0.00000 0.00000 -0.26100
v 0.00000 0.00000 -0.26100
v 0.00000 0.00000 -0.26100
v 0.00000 0.00000 -0.26100
v 0.00000 0.00000 -0.26100
v 0.00000 0.00000 -0.26100
v 0.00000 0.00000 -0.26100
v 0.00000 0.00000 -0.26100
v 0.00000 0.00000 -0.26100
v 0.00000 0.00000 -0.26100
v 0.00000 0.00000 -0.26100
v 0.00000 0.00000 -0.26100
v 0.00000 0.00000 -0.26100
v 0.00000 0.00000 -0.26100
v 0.00000 0.00000 -0.26100
v 0.00000 0.00000 -0.26100
v 0.00000 0.00000 -0.26100
v 0.00000 0.00000 -0.26100
v 0.00000 0.00000 -0.26100
v 0.00000 0.00000 -0.26100
v 0.00000 0.00000 -0.26100
v 0.00000 0.00000 -0.26100
v 0.00000 0.00000 -0.26100
v 0.00000 0.00000 -0.26100
v 0.00000 0.00000 -0.26100
v 0.00000 0.00000 -0.26100
v 0.00000 0.00000 -0.26100
v 0.00000 0.00000 -0.26100
v 0.00000 0.00000 -0.26100
v 0.00000 0.00000 -0.26100
v 0.00000 0.00000 -0.26100
v 0.00000 0.00000 -0.26100
v -0.00000 0.00000 -0.26100
v -0.00000 0.00000 -0.26100
v -0.00000 0.00000 -0.26100
v -0.00000 0.00000 -0.26100
v -0.00000 0.00000 -0.26100
v -0.00000 0.00000 -0.26100
v -0.00000 0.00000 -0.26100
v -0.00000 0.00000 -0.26100
v -0.00000 0.00000 -0.26100
v -0.00000 0.00000 -0.26100
v -0.00000 0.00000 -0.26100
v -0.00000 0.00000 -0.26100
v -0.00000 0.00000 -0.26100
v -0.00000 0.00000 -0.26100
v -0.00000 0.00000 -0.26100
v -0.00000 0.00000 -0.26100
v -0.00000 0.00000 -0.26100
v -0.00000 0.00000 -0.26100
v -0.00000 0.00000 -0.26100
v -0.00000 0.00000 -0.26100
v -0.00000 0.00000 -0.26100
v -0.00000 0.00000 -0.26100
v -0.00000 0.00000 -0.26100
v -0.00000 0.00000 -0.26100
v -0.00000 0.00000 -0.26100
v -0.00000 0.00000 -0.26100
v -0.00000 0.00000 -0.26100
v -0.00000 0.00000 -0.26100
v -0.00000 0.00000 -0.26100
v -0.00000 0.00000 -0.26100
v -0.00000 0.00000 -0.26100
v -0.00000 0.00000 -0.26100
v -0.00000 0.00000 -0.26100
v -0.00000 0.00000 -0.26100
v -0.00000 0.00000 -0.26100
v -0.02065 -0.00000 -0.26089
v -0.02064 -0.00431 -0.26089
v -0.02062 -0.00610 -0.26089
v -0.02057 -0.00746 -0.26089
v -0.02050 -0.00861 -0.26089
v -0.02041 -0.00961 -0.26089
v -0.02030 -0.01051 -0.26089
v -0.02017 -0.01133 -0.26089
v -0.02002 -0.01208 -0.26089
v -0.01985 -0.01278 -0.26089
v -0.01966 -0.01343 -0.26089
v -0.01945 -0.01404 -0.26089
v -0.01922 -0.01461 -0.26089
v -0.01897 -0.01514 -0.26089
v -0.01869 -0.01564 -0.26089
v -0.01840 -0.01612 -0.26089
v -0.01808 -0.01656 -0.26089
v -0.01774 -0.01698 -0.26089
v -0.01737 -0.01737 -0.26089
v -0.01698 -0.01774 -0.26089
v -0.01656 -0.01808 -0.26089
v -0.01612 -0.01840 -0.26089
v -0.01564 -0.01869 -0.26089
v -0.01514 -0.01897 -0.26089
v -0.01461 -0.01922 -0.26089
v -0.01404 -0.01945 -0.26089
v -0.01343 -0.01966 -0.26089
v -0.01278 -0.01985 -0.26089
v -0.01208 -0.02002 -0.26089
v -0.01133 -0.02017 -0.26089
v -0.01051 -0.02030 -0.26089
v -0.00961 -0.02041 -0.26089
v -0.00861 -0.02050 -0.26089
v -0.00746 -0.02057 -0.26089
v -0.00610 -0.02062 -0.26089
v -0.00431 -0.02064 -0.26089
v 0.00000 -0.02065 -0.26089
v 0.00431 -0.02064 -0.26089
v 0.00610 -0.02062 -0.26089
v 0.00746 -0.02057 -0.26089
v 0.00861 -0.02050 -0.26089
v 0.00961 -0.02041 -0.26089
v 0.01051 -0.02030 -0.26089
v 0.01133 -0.02017 -0.26089
v 0.01208 -0.02002 -0.26089
v 0.01278 -0.01985 -0.26089
v 0.01343 -0.01966 -0.26089
v 0.01404 -0.01945 -0.26089
v 0.01461 -0.01922 -0.26089
v 0.01514 -0.01897 -0.26089
v 0.01564 -0.01869 -0.26089
v 0.01612 -0.01840 -0.26089
v 0.01656 -0.01808 -0.26089
v 0.01698 -0.01774 -0.26089
v 0.01737 -0.01737 -0.26089
v 0.01774 -0.01698 -0.26089
v 0.01808 -0.01656 -0.26089
v 0.01840 -0.01612 -0.26089
v 0.01869 -0.01564 -0.26089
v 0.01897 -0.01514 -0.26089
v 0.01922 -0.01461 -0.26089
v 0.01945 -0.01404 -0.26089
v 0.01966 -0.01343 -0.26089
v 0.01985 -0.01278 -0.26089
v 0.02002 -0.01208 -0.26089
v 0.02017 -0.01133 -0.26089
v 0.02030 -0.01051 -0.26089
v 0.02041 -0.00961 -0.26089
v 0.02050 -0.00861 -0.26089
v 0.02057 -0.00746 -0.26089
v 0.02062 -0.00610 -0.26089
v 0.02064 -0.00431 -0.26089
v 0.02065 0.00000 -0.26089
v 0.02064 0.00431 -0.26089
v 0.02062 0.00610 -0.26089
v 0.02057 0.00746 -0.26089
v 0.02050 0.00861 -0.26089
v 0.02041 0.00961 -0.26089
v 0.02030 0.01051 -0.26089
v 0.02017 0.01133 -0.26089
v 0.02002 0.01208 -0.26089
v 0.01985 0.01278 -0.26089
v 0.01966 0.01343 -0.26089
v 0.01945 0.01404 -0.26089
v 0.01922 0.01461 -0.26089
v 0.01897 0.01514 -0.26089
v 0.01869 0.01564 -0.26089
v 0.01840 0.01612 -0.26089
v 0.01808 0.01656 -0.26089
v 0.01774 0.01698 -0.26089
v 0.01737 0.01737 -0.26089
v 0.01698 0.01774 -0.26089
v 0.01656 0.01808 -0.26089
v 0.01612 0.01840 -0.26089
v 0.01564 0.01869 -0.26089
v 0.01514 0.01897 -0.26089
v 0.01461 0.01922 -0.26089
v 0.01404 0.01945 -0.26089
v 0.01343 0.01966 -0.26089
v 0.01278 0.01985 -0.26089
v 0.01208 0.02002 -0.26089
v 0.01133 0.02017 -0.26089
v 0.01051 0.02030 -0.26089
v 0.00961 0.02041 -0.26089
v 0.00861 0.02050 -0.26089
v 0.00746 0.02057 -0.26089
v 0.00610 0.02062 -0.26089
v 0.00431 0.02064 -0.26089
v 0.00000 0.02065 -0.26089
v -0.00431 0.02064 -0.26089
v -0.00610 0.02062 -0.26089
v -0.00746 0.02057 -0.26089
v -0.00861 0.02050 -0.26089
v -0.00961 0.02041 -0.26089
v -0.01051 0.02030 -0.26089
v -0.01133 0.02017 -0.26089
v -0.01208 0.02002 -0.26089
v -0.01278 0.01985 -0.26089
v -0.01343 0.01966 -0.26089
v -0.01404 0.01945 -0.26089
v -0.01461 0.01922 -0.26089
v -0.01514 0.01897 -0.26089
v -0.01564 0.01869 -0.26089
v -0.01612 0.01840 -0.26089
v -0.01656 0.01808 -0.26089
v -0.01698 0.01774 -0.26089
v -0.01737 0.01737 -0.26089
v -0.01774 0.01698 -0.26089
v -0.01808 0.01656 -0.26089
v -0.01840 0.01612 -0.26089
v -0.01869 0.01564 -0.26089
v -0.01897 0.01514 -0.26089
v -0.01922 0.01461 -0.26089
v -0.01945 0.01404 -0.26089
v -0.01966 0.01343 -0.26089
v -0.01985 0.01278 -0.26089
v -0.02002 0.01208 -0.26089
v -0.02017 0.01133 -0.26089
v -0.02030 0.01051 -0.26089
v -0.02041 0.00961 -0.26089
v -0.02050 0.00861 -0.26089
v -0.02057 0.00746 -0.26089
v -0.02062 0.00610 -0.26089
v -0.02064 0.00431 -0.26089
v -0.02822 -0.00000 -0.26054
v -0.02821 -0.00589 -0.26054
v -0.02817 -0.00833 -0.26054
v -0.02810 -0.01020 -0.26054
v -0.02801 -0.01176 -0.26054
v -0.02789 -0.01313 -0.26054
v -0.02774 -0.01436 -0.26054
v -0.02756 -0.01548 -0.26054
v -0.02736 -0.01651 -0.26054
v -0.02713 -0.01746 -0.26054
v -0.02687 -0.01835 -0.26054
v -0.02658 -0.01918 -0.26054
v -0.02626 -0.01996 -0.26054
v -0.02592 -0.02069 -0.26054
v -0.02554 -0.02137 -0.26054
v -0.02514 -0.02202 -0.26054
v -0.02470 -0.02263 -0.26054
v -0.02423 -0.02320 -0.26054
v -0.02373 -0.02373 -0.26054
v -0.02320 -0.02423 -0.26054
v -0.02263 -0.02470 -0.26054
v -0.02202 -0.02514 -0.26054
v -0.02137 -0.02554 -0.26054
v -0.02069 -0.02592 -0.26054
v -0.01996 -0.02626 -0.26054
v -0.01918 -0.02658 -0.26054
v -0.01835 -0.02687 -0.26054
v -0.01746 -0.02713 -0.26054
v -0.01651 -0.02736 -0.26054
v -0.01548 -0.02756 -0.26054
v -0.01436 -0.02774 -0.26054
v -0.01313 -0.02789 -0.26054
v -0.01176 -0.02801 -0.26054
v -0.01020 -0.02810 -0.26054
v -0.00833 -0.02817 -0.26054
v -0.00589 -0.02821 -0.26054
v 0.00000 -0.02822 -0.26054
v 0.00589 -0.02821 -0.26054
v 0.00833 -0.02817 -0.26054
v 0.01020 -0.02810 -0.26054
v 0.01176 -0.02801 -0.26054
v 0.01313 -0.02789 -0.26054
v 0.01436 -0.02774 -0.26054
v 0.01548 -0.02756 -0.26054
v 0.01651 -0.02736 -0.26054
v 0.01746 -0.02713 -0.26054
v 0.01835 -0.02687 -0.26054
v 0.01918 -0.02658 -0.26054
v 0.01996 -0.02626 -0.26054
v 0.02069 -0.02592 -0.26054
v 0.02137 -0.02554 -0.26054
v 0.02202 -0.02514 -0.26054
v 0.02263 -0.02470 -0.26054
v 0.02320 -0.02423 -0.26054
v 0.02373 -0.02373 -0.26054
v 0.02423 -0.02320 -0.26054
v 0.02470 -0.02263 -0.26054
v 0.02514 -0.02202 -0.26054
v 0.02554 -0.02137 -0.26054
v 0.02592 -0.02069 -0.26054
v 0.02626 -0.01996 -0.26054
v 0.02658 -0.01918 -0.26054
v 0.02687 -0.01835 -0.26054
v 0.02713 -0.01746 -0.26054
v 0.02736 -0.01651 -0.26054
v 0.02756 -0.01548 -0.26054
v 0.02774 -0.01436 -0.26054
v 0.02789 -0.01313 -0.26054
v 0.02801 -0.01176 -0.26054
v 0.02810 -0.01020 -0.26054
v 0.02817 -0.00833 -0.26054
v 0.02821 -0.00589 -0.26054
v 0.02822 0.00000 -0.26054
v 0.02821 0.00589 -0.26054
v 0.02817 0.00833 -0.26054
v 0.02810 0.01020 -0.26054
v 0.02801 0.01176 -0.26054
v 0.02789 0.01313 -0.26054
v 0.02774 0.01436 -0.26054
v 0.02756 0.01548 -0.26054
v 0.02736 0.01651 -0.26054
v 0.02713 0.01746 -0.26054
v 0.02687 0.01835 -0.26054
v 0.02658 0.01918 -0.26054
v 0.02626 0.01996 -0.26054
v 0.02592 0.02069 -0.26054
v 0.02554 0.02137 -0.26054
v 0.02514 0.02202 -0.26054
v 0.02470 0.02263 -0.26054
v 0.02423 0.02320 -0.26054
v 0.02373 0.02373 -0.26054
v 0.02320 0.02423 -0.26054
v 0.02263 0.02470 -0.26054
v 0.02202 0.02514 -0.26054
v 0.02137 0.02554 -0.26054
v 0.02069 0.02592 -0.26054
v 0.01996 0.02626 -0.26054
v 0.01918 0.02658 -0.26054
v 0.01835 0.02687 -0.26054
v 0.01746 0.02713 -0.26054
v 0.01651 0.02736 -0.26054
v 0.01548 0.02756 -0.26054
v 0.01436 0.02774 -0.26054
v 0.01313 0.02789 -0.26054
v 0.01176 0.02801 -0.26054
v 0.01020 0.02810 -0.26054
v 0.00833 0.02817 -0.26054
v 0.00589 0.02821 -0.26054
v 0.00000 0.02822 -0.26054
v -0.00589 0.02821 -0.26054
v -0.00833 0.02817 -0.26054
v -0.01020 0.02810 -0.26054
v -0.01176 0.02801 -0.26054
v -0.01313 0.02789 -0.26054
v -0.01436 0.02774 -0.26054
v -0.01548 0.02756 -0.26054
v -0.01651 0.02736 -0.26054
v -0.01746 0.02713 -0.26054
v -0.01835 0.02687 -0.26054
v -0.01918 0.02658 -0.26054
v -0.01996 0.02626 -0.26054
v -0.02069 0.02592 -0.26054
v -0.02137 0.02554 -0.26054
v -0.02202 0.02514 -0.26054
v -0.02263 0.02470 -0.26054
v -0.02320 0.02423 -0.26054
v -0.02373 0.02373 -0.26054
v -0.02423 0.02320 -0.26054
v -0.02470 0.02263 -0.26054
v -0.02514 0.02202 -0.26054
v -0.02554 0.02137 -0.26054
v -0.02592 0.02069 -0.26054
v -0.02626 0.01996 -0.26054
v -0.02658 0.01918 -0.26054
v -0.02687 0.01835 -0.26054
v -0.02713 0.01746 -0.26054
v -0.02736 0.01651 -0.26054
v -0.02756 0.01548 -0.26054
v -0.02774 0.01436 -0.26054
v -0.02789 0.01313 -0.26054
v -0.02801 0.01176 -0.26054
v -0.02810 0.01020 -0.26054
v -0.02817 0.00833 -0.26054
v -0.02821 0.00589 -0.26054
v -0.03388 -0.00000 -0.25996
v -0.03386 -0.00708 -0.25996
v -0.03382 -0.01000 -0.25996
v -0.03374 -0.01224 -0.25996
v -0.03362 -0.01412 -0.25996
v -0.03348 -0.01576 -0.25996
v -0.03330 -0.01724 -0.25996
v -0.03309 -0.01858 -0.25996
v -0.03284 -0.01981 -0.25996
v -0.03257 -0.02096 -0.25996
v -0.03225 -0.02203 -0.25996
v -0.03191 -0.02302 -0.25996
v -0.03153 -0.02396 -0.25996
v -0.03111 -0.02483 -0.25996
v -0.03066 -0.02566 -0.25996
v -0.03018 -0.02643 -0.25996
v -0.02965 -0.02716 -0.25996
v -0.02909 -0.02785 -0.25996
v -0.02849 -0.02849 -0.25996
v -0.02785 -0.02909 -0.25996
v -0.02716 -0.02965 -0.25996
v -0.02643 -0.03018 -0.25996
v -0.02566 -0.03066 -0.25996
v -0.02483 -0.03111 -0.25996
v -0.02396 -0.03153 -0.25996
v -0.02302 -0.03191 -0.25996
v -0.02203 -0.03225 -0.25996
v -0.02096 -0.03257 -0.25996
v -0.01981 -0.03284 -0.25996
v -0.01858 -0.03309 -0.25996
v -0.01724 -0.03330 -0.25996
v -0.01576 -0.03348 -0.25996
v -0.01412 -0.03362 -0.25996
v -0.01224 -0.03374 -0.25996
v -0.01000 -0.03382 -0.25996
v -0.00708 -0.03386 -0.25996
v 0.00000 -0.03388 -0.25996
v 0.00708 -0.03386 -0.25996
v 0.01000 -0.03382 -0.25996
v 0.01224 -0.03374 -0.25996
v 0.01412 -0.03362 -0.25996
v 0.01576 -0.03348 -0.25996
v 0.01724 -0.03330 -0.25996
v 0.01858 -0.03309 -0.25996
v 0.01981 -0.03284 -0.25996
v 0.02096 -0.03257 -0.25996
v 0.02203 -0.03225 -0.25996
v 0.02302 -0.03191 -0.25996
v 0.02396 -0.03153 -0.25996
v 0.02483 -0.03111 -0.25996
v 0.02566 -0.03066 -0.25996
v 0.02643 -0.03018 -0.25996
v 0.02716 -0.02965 -0.25996
v 0.02785 -0.02909 -0.25996
v 0.02849 -0.02849 -0.25996
v 0.02909 -0.02785 -0.25996
v 0.02965 -0.02716 -0.25996
v 0.03018 -0.02643 -0.25996
v 0.03066 -0.02566 -0.25996
v 0.03111 -0.02483 -0.25996
v 0.03153 -0.02396 -0.25996
v 0.03191 -0.02302 -0.25996
v 0.03225 -0.02203 -0.25996
v 0.03257 -0.02096 -0.25996
v 0.03284 -0.01981 -0.25996
v 0.03309 -0.01858 -0.25996
v 0.03330 -0.01724 -0.25996
v 0.03348 -0.01576 -0.25996
v 0.03362 -0.01412 -0.25996
v 0.03374 -0.01224 -0.25996
v 0.03382 -0.01000 -0.25996
v 0.03386 -0.00708 -0.25996
v 0.03388 0.00000 -0.25996
v 0.03386 0.00708 -0.25996
v 0.03382 0.01000 -0.25996
v 0.03374 0.01224 -0.25996
v 0.03362 0.01412 -0.25996
v 0.03348 0.01576 -0.25996
v 0.03330 0.01724 -0.25996
v 0.03309 0.01858 -0.25996
v 0.03284 0.01981 -0.25996
v 0.03257 0.02096 -0.25996
v 0.03225 0.02203 -0.25996
v 0.03191 0.02302 -0.25996
v 0.03153 0.02396 -0.25996
v 0.03111 0.02483 -0.25996
v 0.03066 0.02566 -0.25996
v 0.03018 0.02643 -0.25996
v 0.02965 0.02716 -0.25996
v 0.02909 0.02785 -0.25996
v 0.02849 0.02849 -0.25996
v 0.02785 0.02909 -0.25996
v 0.02716 0.02965 -0.25996
v 0.02643 0.03018 -0.25996
v 0.02566 0.03066 -0.25996
v 0.02483 0.03111 -0.25996
v 0.02396 0.03153 -0.25996
v 0.02302 0.03191 -0.25996
v 0.02203 0.03225 -0.25996
v 0.02096 0.03257 -0.25996
v 0.01981 0.03284 -0.25996
v 0.01858 0.03309 -0.25996
v 0.01724 0.03330 -0.25996
v 0.01576 0.03348 -0.25996
v 0.01412 0.03362 -0.25996
v 0.01224 0.03374 -0.25996
v 0.01000 0.03382 -0.25996
v 0.00708 0.03386 -0.25996
v 0.00000 0.03388 -0.25996
v -0.00708 0.03386 -0.25996
v -0.01000 0.03382 -0.25996
v -0.01224 0.03374 -0.25996
v -0.01412 0.03362 -0.25996
v -0.01576 0.03348 -0.25996
v -0.01724 0.03330 -0.25996
v -0.01858 0.03309 -0.25996
v -0.01981 0.03284 -0.25996
v -0.02096 0.03257 -0.25996
v -0.02203 0.03225 -0.25996
v -0.02302 0.03191 -0.25996
v -0.02396 0.03153 -0.25996
v -0.02483 0.03111 -0.25996
v -0.02566 0.03066 -0.25996
v -0.02643 0.03018 -0.25996
v -0.02716 0.02965 -0.25996
v -0.02785 0.02909 -0.25996
v -0.02849 0.02849 -0.25996
v -0.02909 0.02785 -0.25996
v -0.02965 0.02716 -0.25996
v -0.03018 0.02643 -0.25996
v -0.03066 0.02566 -0.25996
v -0.03111 0.02483 -0.25996
v -0.03153 0.02396 -0.25996
v -0.03191 0.02302 -0.25996
v -0.03225 0.02203 -0.25996
v -0.03257 0.02096 -0.25996
v -0.03284 0.01981 -0.25996
v -0.03309 0.01858 -0.25996
v -0.03330 0.01724 -0.25996
v -0.03348 0.01576 -0.25996
v -0.03362 0.01412 -0.25996
v -0.03374 0.01224 -0.25996
v -0.03382 0.01000 -0.25996
v -0.03386 0.00708 -0.25996
v -0.03857 -0.00000 -0.25916
v -0.03855 -0.00806 -0.25916
v -0.03850 -0.01139 -0.25916
v -0.03840 -0.01393 -0.25916
v -0.03828 -0.01607 -0.25916
v -0.03811 -0.01794 -0.25916
v -0.03791 -0.01962 -0.25916
v -0.03767 -0.02115 -0.25916
v -0.03739 -0.02256 -0.25916
v -0.03707 -0.02386 -0.25916
v -0.03672 -0.02507 -0.25916
v -0.03633 -0.02621 -0.25916
v -0.03589 -0.02727 -0.25916
v -0.03542 -0.02827 -0.25916
v -0.03491 -0.02921 -0.25916
v -0.03435 -0.03009 -0.25916
v -0.03376 -0.03092 -0.25916
v -0.03312 -0.03170 -0.25916
v -0.03243 -0.03243 -0.25916
v -0.03170 -0.03312 -0.25916
v -0.03092 -0.03376 -0.25916
v -0.03009 -0.03435 -0.25916
v -0.02921 -0.03491 -0.25916
v -0.02827 -0.03542 -0.25916
v -0.02727 -0.03589 -0.25916
v -0.02621 -0.03633 -0.25916
v -0.02507 -0.03672 -0.25916
v -0.02386 -0.03707 -0.25916
v -0.02256 -0.03739 -0.25916
v -0.02115 -0.03767 -0.25916
v -0.01962 -0.03791 -0.25916
v -0.01794 -0.03811 -0.25916
v -0.01607 -0.03828 -0.25916
v -0.01393 -0.03840 -0.25916
v -0.01139 -0.03850 -0.25916
v -0.00806 -0.03855 -0.25916
v 0.00000 -0.03857 -0.25916
v 0.00806 -0.03855 -0.25916
v 0.01139 -0.03850 -0.25916
v 0.01393 -0.03840 -0.25916
v 0.01607 -0.03828 -0.25916
v 0.01794 -0.03811 -0.25916
v 0.01962 -0.03791 -0.25916
v 0.02115 -0.03767 -0.25916
v 0.02256 -0.03739 -0.25916
v 0.02386 -0.03707 -0.25916
v 0.02507 -0.03672 -0.25916
v 0.02621 -0.03633 -0.25916
v 0.02727 -0.03589 -0.25916
v 0.02827 -0.03542 -0.25916
v 0.02921 -0.03491 -0.25916
v 0.03009 -0.03435 -0.25916
v 0.03092 -0.03376 -0.25916
v 0.03170 -0.03312 -0.25916
v 0.03243 -0.03243 -0.25916
v 0.03312 -0.03170 -0.25916
v 0.03376 -0.03092 -0.25916
v 0.03435 -0.03009 -0.25916
v 0.03491 -0.02921 -0.25916
v 0.03542 -0.02827 -0.25916
v 0.03589 -0.02727 -0.25916
v 0.03633 -0.02621 -0.25916
v 0.03672 -0.02507 -0.25916
v 0.03707 -0.02386 -0.25916
v 0.03739 -0.02256 -0.25916
v 0.03767 -0.02115 -0.25916
v 0.03791 -0.01962 -0.25916
v 0.03811 -0.01794 -0.25916
v 0.03828 -0.01607 -0.25916
v 0.03840 -0.01393 -0.25916
v 0.03850 -0.01139 -0.25916
v 0.03855 -0.00806 -0.25916
v 0.03857 0.00000 -0.25916
v 0.03855 0.00806 -0.25916
v 0.03850 0.01139 -0.25916
v 0.03840 0.01393 -0.25916
v 0.03828 0.01607 -0.25916
v 0.03811 0.01794 -0.25916
v 0.03791 0.01962 -0.25916
v 0.03767 0.02115 -0.25916
v 0.03739 0.02256 -0.25916
v 0.03707 0.02386 -0.25916
v 0.03672 0.02507 -0.25916
v 0.03633 0.02621 -0.25916
v 0.03589 0.02727 -0.25916
v 0.03542 0.02827 -0.25916
v 0.03491 0.02921 -0.25916
v 0.03435 0.03009 -0.25916
v 0.03376 0.03092 -0.25916
v 0.03312 0.03170 -0.25916
v 0.03243 0.03243 -0.25916
v 0.03170 0.03312 -0.25916
v 0.03092 0.03376 -0.25916
v 0.03009 0.03435 -0.25916
v 0.02921 0.03491 -0.25916
v 0.02827 0.03542 -0.25916
v 0.02727 0.03589 -0.25916
v 0.02621 0.03633 -0.25916
v 0.02507 0.03672 -0.25916
v 0.02386 0.03707 -0.25916
v 0.02256 0.03739 -0.25916
v 0.02115 0.03767 -0.25916
v 0.01962 0.03791 -0.25916
v 0.01794 0.03811 -0.25916
v 0.01607 0.03828 -0.25916
v 0.01393 0.03840 -0.25916
v 0.01139 0.03850 -0.25916
v 0.00806 0.03855 -0.25916
v 0.00000 0.03857 -0.25916
v -0.00806 0.03855 -0.25916
v -0.01139 0.03850 -0.25916
v -0.01393 0.03840 -0.25916
v -0.01607 0.03828 -0.25916
v -0.01794 0.03811 -0.25916
v -0.01962 0.03791 -0.25916
v -0.02115 0.03767 -0.25916
v -0.02256 0.03739 -0.25916
v -0.02386 0.03707 -0.25916
v -0.02507 0.03672 -0.25916
v -0.02621 0.03633 -0.25916
v -0.02727 0.03589 -0.25916
v -0.02827 0.03542 -0.25916
v -0.02921 0.03491 -0.25916
v -0.03009 0.03435 -0.25916
v -0.03092 0.03376 -0.25916
v -0.03170 0.03312 -0.25916
v -0.03243 0.03243 -0.25916
v -0.03312 0.03170 -0.25916
v -0.03376 0.03092 -0.25916
v -0.03435 0.03009 -0.25916
v -0.03491 0.02921 -0.25916
v -0.03542 0.02827 -0.25916
v -0.03589 0.02727 -0.25916
v -0.03633 0.02621 -0.25916
v -0.03672 0.02507 -0.25916
v -0.03707 0.02386 -0.25916
v -0.03739 0.02256 -0.25916
v -0.03767 0.02115 -0.25916
v -0.03791 0.01962 -0.25916
v -0.03811 0.01794 -0.25916
v -0.03828 0.01607 -0.25916
v -0.03840 0.01393 -0.25916
v -0.03850 0.01139 -0.25916
v -0.03855 0.00806 -0.25916
v -0.04265 -0.00000 -0.25812
v -0.04263 -0.00891 -0.25812
v -0.04257 -0.01259 -0.25812
v -0.04246 -0.01541 -0.25812
v -0.04232 -0.01777 -0.25812
v -0.04214 -0.01984 -0.25812
v -0.04191 -0.02170 -0.25812
v -0.04165 -0.02339 -0.25812
v -0.04134 -0.02494 -0.25812
v -0.04099 -0.02638 -0.25812
v -0.04060 -0.02772 -0.25812
v -0.04017 -0.02898 -0.25812
v -0.03969 -0.03016 -0.25812
v -0.03917 -0.03126 -0.25812
v -0.03860 -0.03230 -0.25812
v -0.03799 -0.03327 -0.25812
v -0.03733 -0.03419 -0.25812
v -0.03662 -0.03505 -0.25812
v -0.03586 -0.03586 -0.25812
v -0.03505 -0.03662 -0.25812
v -0.03419 -0.03733 -0.25812
v -0.03327 -0.03799 -0.25812
v -0.03230 -0.03860 -0.25812
v -0.03126 -0.03917 -0.25812
v -0.03016 -0.03969 -0.25812
v -0.02898 -0.04017 -0.25812
v -0.02772 -0.04060 -0.25812
v -0.02638 -0.04099 -0.25812
v -0.02494 -0.04134 -0.25812
v -0.02339 -0.04165 -0.25812
v -0.02170 -0.04191 -0.25812
v -0.01984 -0.04214 -0.25812
v -0.01777 -0.04232 -0.25812
v -0.01541 -0.04246 -0.25812
v -0.01259 -0.04257 -0.25812
v -0.00891 -0.04263 -0.25812
v 0.00000 -0.04265 -0.25812
v 0.00891 -0.04263 -0.25812
v 0.01259 -0.04257 -0.25812
v 0.01541 -0.04246 -0.25812
v 0.01777 -0.04232 -0.25812
v 0.01984 -0.04214 -0.25812
v 0.02170 -0.04191 -0.25812
v 0.02339 -0.04165 -0.25812
v 0.02494 -0.04134 -0.25812
v 0.02638 -0.04099 -0.25812
v 0.02772 -0.04060 -0.25812
v 0.02898 -0.04017 -0.25812
v 0.03016 -0.03969 -0.25812
v 0.03126 -0.03917 -0.25812
v 0.03230 -0.03860 -0.25812
v 0.03327 -0.03799 -0.25812
v 0.03419 -0.03733 -0.25812
v 0.03505 -0.03662 -0.25812
v 0.03586 -0.03586 -0.25812
v 0.03662 -0.03505 -0.25812
v 0.03733 -0.03419 -0.25812
v 0.03799 -0.03327 -0.25812
v 0.03860 -0.03230 -0.25812
v 0.03917 -0.03126 -0.25812
v 0.03969 -0.03016 -0.25812
v 0.04017 -0.02898 -0.25812
v 0.04060 -0.02772 -0.25812
v 0.04099 -0.02638 -0.25812
v 0.04134 -0.02494 -0.25812
v 0.04165 -0.02339 -0.25812
v 0.04191 -0.02170 -0.25812
v 0.04214 -0.01984 -0.25812
v 0.04232 -0.01777 -0.25812
v 0.04246 -0.01541 -0.25812
v 0.04257 -0.01259 -0.25812
v 0.04263 -0.00891 -0.25812
v 0.04265 0.00000 -0.25812
v 0.04263 0.00891 -0.25812
v 0.04257 0.01259 -0.25812
v 0.04246 0.01541 -0.25812
v 0.04232 0.01777 -0.25812
v 0.04214 0.01984 -0.25812
v 0.04191 0.02170 -0.25812
v 0.04165 0.02339 -0.25812
v 0.04134 0.02494 -0.25812
v 0.04099 0.02638 -0.25812
v 0.04060 0.02772 -0.25812
v 0.04017 0.02898 -0.25812
v 0.03969 0.03016 -0.25812
v 0.03917 0.03126 -0.25812
v 0.03860 0.03230 -0.25812
v 0.03799 0.03327 -0.25812
v 0.03733 0.03419 -0.25812
v 0.03662 0.03505 -0.25812
v 0.03586 0.03586 -0.25812
v 0.03505 0.03662 -0.25812
v 0.03419 0.03733 -0.25812
v 0.03327 0.03799 -0.25812
v 0.03230 0.03860 -0.25812
v 0.03126 0.03917 -0.25812
v 0.03016 0.03969 -0.25812
v 0.02898 0.04017 -0.25812
v 0.02772 0.04060 -0.25812
v 0.02638 0.04099 -0.25812
v 0.02494 0.04134 -0.25812
v 0.02339 0.04165 -0.25812
v 0.02170 0.04191 -0.25812
v 0.01984 0.04214 -0.25812
v 0.01777 0.04232 -0.25812
v 0.01541 0.04246 -0.25812
v 0.01259 0.04257 -0.25812
v 0.00891 0.04263 -0.25812
v 0.00000 0.04265 -0.25812
v -0.00891 0.04263 -0.25812
v -0.01259 0.04257 -0.25812
v -0.01541 0.04246 -0.25812
v -0.01777 0.04232 -0.25812
v -0.01984 0.04214 -0.25812
v -0.02170 0.04191 -0.25812
v -0.02339 0.04165 -0.25812
v -0.02494 0.04134 -0.25812
v -0.02638 0.04099 -0.25812
v -0.02772 0.04060 -0.25812
v -0.02898 0.04017 -0.25812
v -0.03016 0.03969 -0.25812
v -0.03126 0.03917 -0.25812
v -0.03230 0.03860 -0.25812
v -0.03327 0.03799 -0.25812
v -0.03419 0.03733 -0.25812
v -0.03505 0.03662 -0.25812
v -0.03586 0.03586 -0.25812
v -0.03662 0.03505 -0.25812
v -0.03733 0.03419 -0.25812
v -0.03799 0.03327 -0.25812
v -0.03860 0.03230 -0.25812
v -0.03917 0.03126 -0.25812
v -0.03969 0.03016 -0.25812
v -0.04017 0.02898 -0.25812
v -0.04060 0.02772 -0.25812
v -0.04099 0.02638 -0.25812
v -0.04134 0.02494 -0.25812
v -0.04165 0.02339 -0.25812
v -0.04191 0.02170 -0.25812
v -0.04214 0.01984 -0.25812
v -0.04232 0.01777 -0.25812
v -0.04246 0.01541 -0.25812
v -0.04257 0.01259 -0.25812
v -0.04263 0.00891 -0.25812
v -0.04629 -0.00000 -0.25684
v -0.04627 -0.00967 -0.25684
v -0.04620 -0.01367 -0.25684
v -0.04609 -0.01672 -0.25684
v -0.04594 -0.01929 -0.25684
v -0.04574 -0.02154 -0.25684
v -0.04550 -0.02355 -0.25684
v -0.04521 -0.02538 -0.25684
v -0.04487 -0.02707 -0.25684
v -0.04450 -0.02864 -0.25684
v -0.04407 -0.03009 -0.25684
v -0.04360 -0.03146 -0.25684
v -0.04308 -0.03273 -0.25684
v -0.04251 -0.03393 -0.25684
v -0.04190 -0.03506 -0.25684
v -0.04123 -0.03612 -0.25684
v -0.04052 -0.03711 -0.25684
v -0.03975 -0.03805 -0.25684
v -0.03893 -0.03893 -0.25684
v -0.03805 -0.03975 -0.25684
v -0.03711 -0.04052 -0.25684
v -0.03612 -0.04123 -0.25684
v -0.03506 -0.04190 -0.25684
v -0.03393 -0.04251 -0.25684
v -0.03273 -0.04308 -0.25684
v -0.03146 -0.04360 -0.25684
v -0.03009 -0.04407 -0.25684
v -0.02864 -0.04450 -0.25684
v -0.02707 -0.04487 -0.25684
v -0.02538 -0.04521 -0.25684
v -0.02355 -0.04550 -0.25684
v -0.02154 -0.04574 -0.25684
v -0.01929 -0.04594 -0.25684
v -0.01672 -0.04609 -0.25684
v -0.01367 -0.04620 -0.25684
v -0.00967 -0.04627 -0.25684
v 0.00000 -0.04629 -0.25684
v 0.00967 -0.04627 -0.25684
v 0.01367 -0.04620 -0.25684
v 0.01672 -0.04609 -0.25684
v 0.01929 -0.04594 -0.25684
v 0.02154 -0.04574 -0.25684
v 0.02355 -0.04550 -0.25684
v 0.02538 -0.04521 -0.25684
v 0.02707 -0.04487 -0.25684
v 0.02864 -0.04450 -0.25684
v 0.03009 -0.04407 -0.25684
v 0.03146 -0.04360 -0.25684
v 0.03273 -0.04308 -0.25684
v 0.03393 -0.04251 -0.25684
v 0.03506 -0.04190 -0.25684
v 0.03612 -0.04123 -0.25684
v 0.03711 -0.04052 -0.25684
v 0.03805 -0.03975 -0.25684
v 0.03893 -0.03893 -0.25684
v 0.03975 -0.03805 -0.25684
v 0.04052 -0.03711 -0.25684
v 0.04123 -0.03612 -0.25684
v 0.04190 -0.03506 -0.25684
v 0.04251 -0.03393 -0.25684
v 0.04308 -0.03273 -0.25684
v 0.04360 -0.03146 -0.25684
v 0.04407 -0.03009 -0.25684
v 0.04450 -0.02864 -0.25684
v 0.04487 -0.02707 -0.25684
v 0.04521 -0.02538 -0.25684
v 0.04550 -0.02355 -0.25684
v 0.04574 -0.02154 -0.25684
v 0.04594 -0.01929 -0.25684
v 0.04609 -0.01672 -0.25684
v 0.04620 -0.01367 -0.25684
v 0.04627 -0.00967 -0.25684
v 0.04629 0.00000 -0.25684
v 0.04627 0.00967 -0.25684
v 0.04620 0.01367 -0.25684
v 0.04609 0.01672 -0.25684
v 0.04594 0.01929 -0.25684
v 0.04574 0.02154 -0.25684
v 0.04550 0.02355 -0.25684
v 0.04521 0.02538 -0.25684
v 0.04487 0.02707 -0.25684
v 0.04450 0.02864 -0.25684
v 0.04407 0.03009 -0.25684
v 0.04360 0.03146 -0.25684
v 0.04308 0.03273 -0.25684
v 0.04251 0.03393 -0.25684
v 0.04190 0.03506 -0.25684
v 0.04123 0.03612 -0.25684
v 0.04052 0.03711 -0.25684
v 0.03975 0.03805 -0.25684
v 0.03893 0.03893 -0.25684
v 0.03805 0.03975 -0.25684
v 0.03711 0.04052 -0.25684
v 0.03612 0.04123 -0.25684
v 0.03506 0.04190 -0.25684
v 0.03393 0.04251 -0.25684
v 0.03273 0.04308 -0.25684
v 0.03146 0.04360 -0.25684
v 0.03009 0.04407 -0.25684
v 0.02864 0.04450 -0.25684
v 0.02707 0.04487 -0.25684
v 0.02538 0.04521 -0.25684
v 0.02355 0.04550 -0.25684
v 0.02154 0.04574 -0.25684
v 0.01929 0.04594 -0.25684
v 0.01672 0.04609 -0.25684
v 0.01367 0.04620 -0.25684
v 0.00967 0.04627 -0.25684
v 0.00000 0.04629 -0.25684
v -0.00967 0.04627 -0.25684
v -0.01367 0.04620 -0.25684
v -0.01672 0.04609 -0.25684
v -0.01929 0.04594 -0.25684
v -0.02154 0.04574 -0.25684
v -0.02355 0.04550 -0.25684
v -0.02538 0.04521 -0.25684
v -0.02707 0.04487 -0.25684
v -0.02864 0.04450 -0.25684
v -0.03009 0.04407 -0.25684
v -0.03146 0.04360 -0.25684
v -0.03273 0.04308 -0.25684
v -0.03393 0.04251 -0.25684
v -0.03506 0.04190 -0.25684
v -0.03612 0.04123 -0.25684
v -0.03711 0.04052 -0.25684
v -0.03805 0.03975 -0.25684
v -0.03893 0.03893 -0.25684
v -0.03975 0.03805 -0.25684
v -0.04052 0.03711 -0.25684
v -0.04123 0.03612 -0.25684
v -0.04190 0.03506 -0.25684
v -0.04251 0.03393 -0.25684
v -0.04308 0.03273 -0.25684
v -0.04360 0.03146 -0.25684
v -0.04407 0.03009 -0.25684
v -0.04450 0.02864 -0.25684
v -0.04487 0.02707 -0.25684
v -0.04521 0.02538 -0.25684
v -0.04550 0.02355 -0.25684
v -0.04574 0.02154 -0.25684
v -0.04594 0.01929 -0.25684
v -0.04609 0.01672 -0.25684
v -0.04620 0.01367 -0.25684
v -0.04627 0.00967 -0.25684
v -0.04961 -0.00000 -0.25534
v -0.04958 -0.01036 -0.25534
v -0.04951 -0.01465 -0.25534
v -0.04940 -0.01792 -0.25534
v -0.04923 -0.02067 -0.25534
v -0.04902 -0.02308 -0.25534
v -0.04876 -0.02524 -0.25534
v -0.04845 -0.02720 -0.25534
v -0.04809 -0.02901 -0.25534
v -0.04768 -0.03069 -0.25534
v -0.04723 -0.03225 -0.25534
v -0.04672 -0.03371 -0.25534
v -0.04617 -0.03508 -0.25534
v -0.04556 -0.03636 -0.25534
v -0.04490 -0.03757 -0.25534
v -0.04419 -0.03871 -0.25534
v -0.04342 -0.03977 -0.25534
v -0.04260 -0.04078 -0.25534
v -0.04172 -0.04172 -0.25534
v -0.04078 -0.04260 -0.25534
v -0.03977 -0.04342 -0.25534
v -0.03871 -0.04419 -0.25534
v -0.03757 -0.04490 -0.25534
v -0.03636 -0.04556 -0.25534
v -0.03508 -0.04617 -0.25534
v -0.03371 -0.04672 -0.25534
v -0.03225 -0.04723 -0.25534
v -0.03069 -0.04768 -0.25534
v -0.02901 -0.04809 -0.25534
v -0.02720 -0.04845 -0.25534
v -0.02524 -0.04876 -0.25534
v -0.02308 -0.04902 -0.25534
v -0.02067 -0.04923 -0.25534
v -0.01792 -0.04940 -0.25534
v -0.01465 -0.04951 -0.25534
v -0.01036 -0.04958 -0.25534
v 0.00000 -0.04961 -0.25534
v 0.01036 -0.04958 -0.25534
v 0.01465 -0.04951 -0.25534
v 0.01792 -0.04940 -0.25534
v 0.02067 -0.04923 -0.25534
v 0.02308 -0.04902 -0.25534
v 0.02524 -0.04876 -0.25534
v 0.02720 -0.04845 -0.25534
v 0.02901 -0.04809 -0.25534
v 0.03069 -0.04768 -0.25534
v 0.03225 -0.04723 -0.25534
v 0.03371 -0.04672 -0.25534
v 0.03508 -0.04617 -0.25534
v 0.03636 -0.04556 -0.25534
v 0.03757 -0.04490 -0.25534
v 0.03871 -0.04419 -0.25534
v 0.03977 -0.04342 -0.25534
v 0.04078 -0.04260 -0.25534
v 0.04172 -0.04172 -0.25534
v 0.04260 -0.04078 -0.25534
v 0.04342 -0.03977 -0.25534
v 0.04419 -0.03871 -0.25534
v 0.04490 -0.03757 -0.25534
v 0.04556 -0.03636 -0.25534
v 0.04617 -0.03508 -0.25534
v 0.04672 -0.03371 -0.25534
v 0.04723 -0.03225 -0.25534
v 0.04768 -0.03069 -0.25534
v 0.04809 -0.02901 -0.25534
v 0.04845 -0.02720 -0.25534
v 0.04876 -0.02524 -0.25534
v 0.04902 -0.02308 -0.25534
v 0.04923 -0.02067 -0.25534
v 0.04940 -0.01792 -0.25534
v 0.04951 -0.01465 -0.25534
v 0.04958 -0.01036 -0.25534
v 0.04961 0.00000 -0.25534
v 0.04958 0.01036 -0.25534
v 0.04951 0.01465 -0.25534
v 0.04940 0.01792 -0.25534
v 0.04923 0.02067 -0.25534
v 0.04902 0.02308 -0.25534
v 0.04876 0.02524 -0.25534
v 0.04845 0.02720 -0.25534
v 0.04809 0.02901 -0.25534
v 0.04768 0.03069 -0.25534
v 0.04723 0.03225 -0.25534
v 0.04672 0.03371 -0.25534
v 0.04617 0.03508 -0.25534
v 0.04556 0.03636 -0.25534
v 0.04490 0.03757 -0.25534
v 0.04419 0.03871 -0.25534
v 0.04342 0.03977 -0.25534
v 0.04260 0.04078 -0.25534
v 0.04172 0.04172 -0.25534
v 0.04078 0.04260 -0.25534
v 0.03977 0.04342 -0.25534
v 0.03871 0.04419 -0.25534
v 0.03757 0.04490 -0.25534
v 0.03636 0.04556 -0.25534
v 0.03508 0.04617 -0.25534
v 0.03371 0.04672 -0.25534
v 0.03225 0.04723 -0.25534
v 0.03069 0.04768 -0.25534
v 0.02901 0.04809 -0.25534
v 0.02720 0.04845 -0.25534
v 0.02524 0.04876 -0.25534
v 0.02308 0.04902 -0.25534
v 0.02067 0.04923 -0.25534
v 0.01792 0.04940 -0.25534
v 0.01465 0.04951 -0.25534
v 0.01036 0.04958 -0.25534
v 0.00000 0.04961 -0.25534
v -0.01036 0.04958 -0.25534
v -0.01465 0.04951 -0.25534
v -0.01792 0.04940 -0.25534
v -0.02067 0.04923 -0.25534
v -0.02308 0.04902 -0.25534
v -0.02524 0.04876 -0.25534
v -0.02720 0.04845 -0.25534
v -0.02901 0.04809 -0.25534
v -0.03069 0.04768 -0.25534
v -0.03225 0.04723 -0.25534
v -0.03371 0.04672 -0.25534
v -0.03508 0.04617 -0.25534
v -0.03636 0.04556 -0.25534
v -0.03757 0.04490 -0.25534
v -0.03871 0.04419 -0.25534
v -0.03977 0.04342 -0.25534
v -0.04078 0.04260 -0.25534
v -0.04172 0.04172 -0.25534
v -0.04260 0.04078 -0.25534
v -0.04342 0.03977 -0.25534
v -0.04419 0.03871 -0.25534
v -0.04490 0.03757 -0.25534
v -0.04556 0.03636 -0.25534
v -0.04617 0.03508 -0.25534
v -0.04672 0.03371 -0.25534
v -0.04723 0.03225 -0.25534
v -0.04768 0.03069 -0.25534
v -0.04809 0.02901 -0.25534
v -0.04845 0.02720 -0.25534
v -0.04876 0.02524 -0.25534
v -0.04902 0.02308 -0.25534
v -0.04923 0.02067 -0.25534
v -0.04940 0.01792 -0.25534
v -0.04951 0.01465 -0.25534
v -0.04958 0.01036 -0.25534
v -0.05266 -0.00000 -0.25359
v -0.05264 -0.01100 -0.25359
v -0.05256 -0.01555 -0.25359
v -0.05244 -0.01903 -0.25359
v -0.05226 -0.02195 -0.25359
v -0.05204 -0.02450 -0.25359
v -0.05176 -0.02679 -0.25359
v -0.05143 -0.02888 -0.25359
v -0.05105 -0.03080 -0.25359
v -0.05062 -0.03258 -0.25359
v -0.05014 -0.03424 -0.25359
v -0.04960 -0.03579 -0.25359
v -0.04901 -0.03724 -0.25359
v -0.04836 -0.03860 -0.25359
v -0.04766 -0.03989 -0.25359
v -0.04691 -0.04109 -0.25359
v -0.04609 -0.04222 -0.25359
v -0.04522 -0.04329 -0.25359
v -0.04429 -0.04429 -0.25359
v -0.04329 -0.04522 -0.25359
v -0.04222 -0.04609 -0.25359
v -0.04109 -0.04691 -0.25359
v -0.03989 -0.04766 -0.25359
v -0.03860 -0.04836 -0.25359
v -0.03724 -0.04901 -0.25359
v -0.03579 -0.04960 -0.25359
v -0.03424 -0.05014 -0.25359
v -0.03258 -0.05062 -0.25359
v -0.03080 -0.05105 -0.25359
v -0.02888 -0.05143 -0.25359
v -0.02679 -0.05176 -0.25359
v -0.02450 -0.05204 -0.25359
v -0.02195 -0.05226 -0.25359
v -0.01903 -0.05244 -0.25359
v -0.01555 -0.05256 -0.25359
v -0.01100 -0.05264 -0.25359
v 0.00000 -0.05266 -0.25359
v 0.01100 -0.05264 -0.25359
v 0.01555 -0.05256 -0.25359
v 0.01903 -0.05244 -0.25359
v 0.02195 -0.05226 -0.25359
v 0.02450 -0.05204 -0.25359
v 0.02679 -0.05176 -0.25359
v 0.02888 -0.05143 -0.25359
v 0.03080 -0.05105 -0.25359
v 0.03258 -0.05062 -0.25359
v 0.03424 -0.05014 -0.25359
v 0.03579 -0.04960 -0.25359
v 0.03724 -0.04901 -0.25359
v 0.03860 -0.04836 -0.25359
v 0.03989 -0.04766 -0.25359
v 0.04109 -0.04691 -0.25359
v 0.04222 -0.04609 -0.25359
v 0.04329 -0.04522 -0.25359
v 0.04429 -0.04429 -0.25359
v 0.04522 -0.04329 -0.25359
v 0.04609 -0.04222 -0.25359
v 0.04691 -0.04109 -0.25359
v 0.04766 -0.03989 -0.25359
v 0.04836 -0.03860 -0.25359
v 0.04901 -0.03724 -0.25359
v 0.04960 -0.03579 -0.25359
v 0.05014 -0.03424 -0.25359
v 0.05062 -0.03258 -0.25359
v 0.05105 -0.03080 -0.25359
v 0.05143 -0.02888 -0.25359
v 0.05176 -0.02679 -0.25359
v 0.05204 -0.02450 -0.25359
v 0.05226 -0.02195 -0.25359
v 0.05244 -0.01903 -0.25359
v 0.05256 -0.01555 -0.25359
v 0.05264 -0.01100 -0.25359
v 0.05266 0.00000 -0.25359
v 0.05264 0.01100 -0.25359
v 0.05256 0.01555 -0.25359
v 0.05244 0.01903 -0.25359
v 0.05226 0.02195 -0.25359
v 0.05204 0.02450 -0.25359
v 0.05176 0.02679 -0.25359
v 0.05143 0.02888 -0.25359
v 0.05105 0.03080 -0.25359
v 0.05062 0.03258 -0.25359
v 0.05014 0.03424 -0.25359
v 0.04960 0.03579 -0.25359
v 0.04901 0.03724 -0.25359
v 0.04836 0.03860 -0.25359
v 0.04766 0.03989 -0.25359
v 0.04691 0.04109 -0.25359
v 0.04609 0.04222 -0.25359
v 0.04522 0.04329 -0.25359
v 0.04429 0.04429 -0.25359
v 0.04329 0.04522 -0.25359
v 0.04222 0.04609 -0.25359
v 0.04109 0.04691 -0.25359
v 0.03989 0.04766 -0.25359
v 0.03860 0.04836 -0.25359
v 0.03724 0.04901 -0.25359
v 0.03579 0.04960 -0.25359
v 0.03424 0.05014 -0.25359
v 0.03258 0.05062 -0.25359
v 0.03080 0.05105 -0.25359
v 0.02888 0.05143 -0.25359
v 0.02679 0.05176 -0.25359
v 0.02450 0.05204 -0.25359
v 0.02195 0.05226 -0.25359
v 0.01903 0.05244 -0.25359
v 0.01555 0.05256 -0.25359
v 0.01100 0.05264 -0.25359
v 0.00000 0.05266 -0.25359
v -0.01100 0.05264 -0.25359
v -0.01555 0.05256 -0.25359
v -0.01903 0.05244 -0.25359
v -0.02195 0.05226 -0.25359
v -0.02450 0.05204 -0.25359
v -0.02679 0.05176 -0.25359
v -0.02888 0.05143 -0.25359
v -0.03080 0.05105 -0.25359
v -0.03258 0.05062 -0.25359
v -0.03424 0.05014 -0.25359
v -0.03579 0.04960 -0.25359
v -0.03724 0.04901 -0.25359
v -0.03860 0.04836 -0.25359
v -0.03989 0.04766 -0.25359
v -0.04109 0.04691 -0.25359
v -0.04222 0.04609 -0.25359
v -0.04329 0.04522 -0.25359
v -0.04429 0.04429 -0.25359
v -0.04522 0.04329 -0.25359
v -0.04609 0.04222 -0.25359
v -0.04691 0.04109 -0.25359
v -0.04766 0.03989 -0.25359
v -0.04836 0.03860 -0.25359
v -0.04901 0.03724 -0.25359
v -0.04960 0.03579 -0.25359
v -0.05014 0.03424 -0.25359
v -0.05062 0.03258 -0.25359
v -0.05105 0.03080 -0.25359
v -0.05143 0.02888 -0.25359
v -0.05176 0.02679 -0.25359
v -0.05204 0.02450 -0.25359
v -0.05226 0.02195 -0.25359
v -0.05244 0.01903 -0.25359
v -0.05256 0.01555 -0.25359
v -0.05264 0.01100 -0.25359
v -0.05551 -0.00000 -0.25160
v -0.05548 -0.01159 -0.25160
v -0.05540 -0.01639 -0.25160
v -0.05527 -0.02005 -0.25160
v -0.05508 -0.02313 -0.25160
v -0.05484 -0.02582 -0.25160
v -0.05455 -0.02824 -0.25160
v -0.05421 -0.03044 -0.25160
v -0.05381 -0.03246 -0.25160
v -0.05335 -0.03434 -0.25160
v -0.05284 -0.03608 -0.25160
v -0.05228 -0.03772 -0.25160
v -0.05165 -0.03925 -0.25160
v -0.05097 -0.04069 -0.25160
v -0.05024 -0.04204 -0.25160
v -0.04944 -0.04331 -0.25160
v -0.04858 -0.04450 -0.25160
v -0.04766 -0.04562 -0.25160
v -0.04667 -0.04667 -0.25160
v -0.04562 -0.04766 -0.25160
v -0.04450 -0.04858 -0.25160
v -0.04331 -0.04944 -0.25160
v -0.04204 -0.05024 -0.25160
v -0.04069 -0.05097 -0.25160
v -0.03925 -0.05165 -0.25160
v -0.03772 -0.05228 -0.25160
v -0.03608 -0.05284 -0.25160
v -0.03434 -0.05335 -0.25160
v -0.03246 -0.05381 -0.25160
v -0.03044 -0.05421 -0.25160
v -0.02824 -0.05455 -0.25160
v -0.02582 -0.05484 -0.25160
v -0.02313 -0.05508 -0.25160
v -0.02005 -0.05527 -0.25160
v -0.01639 -0.05540 -0.25160
v -0.01159 -0.05548 -0.25160
v 0.00000 -0.05551 -0.25160
v 0.01159 -0.05548 -0.25160
v 0.01639 -0.05540 -0.25160
v 0.02005 -0.05527 -0.25160
v 0.02313 -0.05508 -0.25160
v 0.02582 -0.05484 -0.25160
v 0.02824 -0.05455 -0.25160
v 0.03044 -0.05421 -0.25160
v 0.03246 -0.05381 -0.25160
v 0.03434 -0.05335 -0.25160
v 0.03608 -0.05284 -0.25160
v 0.03772 -0.05228 -0.25160
v 0.03925 -0.05165 -0.25160
v 0.04069 -0.05097 -0.25160
v 0.04204 -0.05024 -0.25160
v 0.04331 -0.04944 -0.25160
v 0.04450 -0.04858 -0.25160
v 0.04562 -0.04766 -0.25160
v 0.04667 -0.04667 -0.25160
v 0.04766 -0.04562 -0.25160
v 0.04858 -0.04450 -0.25160
v 0.04944 -0.04331 -0.25160
v 0.05024 -0.04204 -0.25160
v 0.05097 -0.04069 -0.25160
v 0.05165 -0.03925 -0.25160
v 0.05228 -0.03772 -0.25160
v 0.05284 -0.03608 -0.25160
v 0.05335 -0.03434 -0.25160
v 0.05381 -0.03246 -0.25160
v 0.05421 -0.03044 -0.25160
v 0.05455 -0.02824 -0.25160
v 0.05484 -0.02582 -0.25160
v 0.05508 -0.02313 -0.25160
v 0.05527 -0.02005 -0.25160
v 0.05540 -0.01639 -0.25160
v 0.05548 -0.01159 -0.25160
v 0.05551 0.00000 -0.25160
v 0.05548 0.01159 -0.25160
v 0.05540 0.01639 -0.25160
v 0.05527 0.02005 -0.25160
v 0.05508 0.02313 -0.25160
v 0.05484 0.02582 -0.25160
v 0.05455 0.02824 -0.25160
v 0.05421 0.03044 -0.25160
v 0.05381 0.03246 -0.25160
v 0.05335 0.03434 -0.25160
v 0.05284 0.03608 -0.25160
v 0.05228 0.03772 -0.25160
v 0.05165 0.03925 -0.25160
v 0.05097 0.04069 -0.25160
v 0.05024 0.04204 -0.25160
v 0.04944 0.04331 -0.25160
v 0.04858 0.04450 -0.25160
v 0.04766 0.04562 -0.25160
v 0.04667 0.04667 -0.25160
v 0.04562 0.04766 -0.25160
v 0.04450 0.04858 -0.25160
v 0.04331 0.04944 -0.25160
v 0.04204 0.05024 -0.25160
v 0.04069 0.05097 -0.25160
v 0.03925 0.05165 -0.25160
v 0.03772 0.05228 -0.25160
v 0.03608 0.05284 -0.25160
v 0.03434 0.05335 -0.25160
v 0.03246 0.05381 -0.25160
v 0.03044 0.05421 -0.25160
v 0.02824 0.05455 -0.25160
v 0.02582 0.05484 -0.25160
v 0.02313 0.05508 -0.25160
v 0.02005 0.05527 -0.25160
v 0.01639 0.05540 -0.25160
v 0.01159 0.05548 -0.25160
v 0.00000 0.05551 -0.25160
v -0.01159 0.05548 -0.25160
v -0.01639 0.05540 -0.25160
v -0.02005 0.05527 -0.25160
v -0.02313 0.05508 -0.25160
v -0.02582 0.05484 -0.25160
v -0.02824 0.05455 -0.25160
v -0.03044 0.05421 -0.25160
v -0.03246 0.05381 -0.25160
v -0.03434 0.05335 -0.25160
v -0.03608 0.05284 -0.25160
v -0.03772 0.05228 -0.25160
v -0.03925 0.05165 -0.25160
v -0.04069 0.05097 -0.25160
v -0.04204 0.05024 -0.25160
v -0.04331 0.04944 -0.25160
v -0.04450 0.04858 -0.25160
v -0.04562 0.04766 -0.25160
v -0.04667 0.04667 -0.25160
v -0.04766 0.04562 -0.25160
v -0.04858 0.04450 -0.25160
v -0.04944 0.04331 -0.25160
v -0.05024 0.04204 -0.25160
v -0.05097 0.04069 -0.25160
v -0.05165 0.03925 -0.25160
v -0.05228 0.03772 -0.25160
v -0.05284 0.03608 -0.25160
v -0.05335 0.03434 -0.25160
v -0.05381 0.03246 -0.25160
v -0.05421 0.03044 -0.25160
v -0.05455 0.02824 -0.25160
v -0.05484 0.02582 -0.25160
v -0.05508 0.02313 -0.25160
v -0.05527 0.02005 -0.25160
v -0.05540 0.01639 -0.25160
v -0.05548 0.01159 -0.25160
v -0.05816 -0.00000 -0.24937
v -0.05814 -0.01215 -0.24937
v -0.05805 -0.01717 -0.24937
v -0.05791 -0.02101 -0.24937
v -0.05772 -0.02424 -0.24937
v -0.05747 -0.02706 -0.24937
v -0.05716 -0.02959 -0.24937
v -0.05680 -0.03190 -0.24937
v -0.05638 -0.03402 -0.24937
v -0.05591 -0.03598 -0.24937
v -0.05537 -0.03781 -0.24937
v -0.05478 -0.03952 -0.24937
v -0.05413 -0.04113 -0.24937
v -0.05342 -0.04263 -0.24937
v -0.05264 -0.04405 -0.24937
v -0.05181 -0.04538 -0.24937
v -0.05091 -0.04663 -0.24937
v -0.04994 -0.04781 -0.24937
v -0.04891 -0.04891 -0.24937
v -0.04781 -0.04994 -0.24937
v -0.04663 -0.05091 -0.24937
v -0.04538 -0.05181 -0.24937
v -0.04405 -0.05264 -0.24937
v -0.04263 -0.05342 -0.24937
v -0.04113 -0.05413 -0.24937
v -0.03952 -0.05478 -0.24937
v -0.03781 -0.05537 -0.24937
v -0.03598 -0.05591 -0.24937
v -0.03402 -0.05638 -0.24937
v -0.03190 -0.05680 -0.24937
v -0.02959 -0.05716 -0.24937
v -0.02706 -0.05747 -0.24937
v -0.02424 -0.05772 -0.24937
v -0.02101 -0.05791 -0.24937
v -0.01717 -0.05805 -0.24937
v -0.01215 -0.05814 -0.24937
v 0.00000 -0.05816 -0.24937
v 0.01215 -0.05814 -0.24937
v 0.01717 -0.05805 -0.24937
v 0.02101 -0.05791 -0.24937
v 0.02424 -0.05772 -0.24937
v 0.02706 -0.05747 -0.24937
v 0.02959 -0.05716 -0.24937
v 0.03190 -0.05680 -0.24937
v 0.03402 -0.05638 -0.24937
v 0.03598 -0.05591 -0.24937
v 0.03781 -0.05537 -0.24937
v 0.03952 -0.05478 -0.24937
v 0.04113 -0.05413 -0.24937
v 0.04263 -0.05342 -0.24937
v 0.04405 -0.05264 -0.24937
v 0.04538 -0.05181 -0.24937
v 0.04663 -0.05091 -0.24937
v 0.04781 -0.04994 -0.24937
v 0.04891 -0.04891 -0.24937
v 0.04994 -0.04781 -0.24937
v 0.05091 -0.04663 -0.24937
v 0.05181 -0.04538 -0.24937
v 0.05264 -0.04405 -0.24937
v 0.05342 -0.04263 -0.24937
v 0.05413 -0.04113 -0.24937
v 0.05478 -0.03952 -0.24937
v 0.05537 -0.03781 -0.24937
v 0.05591 -0.03598 -0.24937
v 0.05638 -0.03402 -0.24937
v 0.05680 -0.03190 -0.24937
v 0.05716 -0.02959 -0.24937
v 0.05747 -0.02706 -0.24937
v 0.05772 -0.02424 -0.24937
v 0.05791 -0.02101 -0.24937
v 0.05805 -0.01717 -0.24937
v 0.05814 -0.01215 -0.24937
v 0.05816 0.00000 -0.24937
v 0.05814 0.01215 -0.24937
v 0.05805 0.01717 -0.24937
v 0.05791 0.02101 -0.24937
v 0.05772 0.02424 -0.24937
v 0.05747 0.02706 -0.24937
v 0.05716 0.02959 -0.24937
v 0.05680 0.03190 -0.24937
v 0.05638 0.03402 -0.24937
v 0.05591 0.03598 -0.24937
v 0.05537 0.03781 -0.24937
v 0.05478 0.03952 -0.24937
v 0.05413 0.04113 -0.24937
v 0.05342 0.04263 -0.24937
v 0.05264 0.04405 -0.24937
v 0.05181 0.04538 -0.24937
v 0.05091 0.04663 -0.24937
v 0.04994 0.04781 -0.24937
v 0.04891 0.04891 -0.24937
v 0.04781 0.04994 -0.24937
v 0.04663 0.05091 -0.24937
v 0.04538 0.05181 -0.24937
v 0.04405 0.05264 -0.24937
v 0.04263 0.05342 -0.24937
v 0.04113 0.05413 -0.24937
v 0.03952 0.05478 -0.24937
v 0.03781 0.05537 -0.24937
v 0.03598 0.05591 -0.24937
v 0.03402 0.05638 -0.24937
v 0.03190 0.05680 -0.24937
v 0.02959 0.05716 -0.24937
v 0.02706 0.05747 -0.24937
v 0.02424 0.05772 -0.24937
v 0.02101 0.05791 -0.24937
v 0.01717 0.05805 -0.24937
v 0.01215 0.05814 -0.24937
v 0.00000 0.05816 -0.24937
v -0.01215 0.05814 -0.24937
v -0.01717 0.05805 -0.24937
v -0.02101 0.05791 -0.24937
v -0.02424 0.05772 -0.24937
v -0.02706 0.05747 -0.24937
v -0.02959 0.05716 -0.24937
v -0.03190 0.05680 -0.24937
v -0.03402 0.05638 -0.24937
v -0.03598 0.05591 -0.24937
v -0.03781 0.05537 -0.24937
v -0.03952 0.05478 -0.24937
v -0.04113 0.05413 -0.24937
v -0.04263 0.05342 -0.24937
v -0.04405 0.05264 -0.24937
v -0.04538 0.05181 -0.24937
v -0.04663 0.05091 -0.24937
v -0.04781 0.04994 -0.24937
v -0.04891 0.04891 -0.24937
v -0.04994 0.04781 -0.24937
v -0.05091 0.04663 -0.24937
v -0.05181 0.04538 -0.24937
v -0.05264 0.04405 -0.24937
v -0.05342 0.04263 -0.24937
v -0.05413 0.04113 -0.24937
v -0.05478 0.03952 -0.24937
v -0.05537 0.03781 -0.24937
v -0.05591 0.03598 -0.24937
v -0.05638 0.03402 -0.24937
v -0.05680 0.03190 -0.24937
v -0.05716 0.02959 -0.24937
v -0.05747 0.02706 -0.24937
v -0.05772 0.02424 -0.24937
v -0.05791 0.02101 -0.24937
v -0.05805 0.01717 -0.24937
v -0.05814 0.01215 -0.24937
v -0.06067 -0.00000 -0.24690
v -0.06064 -0.01267 -0.24690
v -0.06055 -0.01791 -0.24690
v -0.06041 -0.02192 -0.24690
v -0.06020 -0.02528 -0.24690
v -0.05994 -0.02822 -0.24690
v -0.05962 -0.03086 -0.24690
v -0.05924 -0.03327 -0.24690
v -0.05881 -0.03548 -0.24690
v -0.05831 -0.03753 -0.24690
v -0.05775 -0.03944 -0.24690
v -0.05714 -0.04122 -0.24690
v -0.05646 -0.04290 -0.24690
v -0.05571 -0.04447 -0.24690
v -0.05491 -0.04594 -0.24690
v -0.05403 -0.04733 -0.24690
v -0.05310 -0.04864 -0.24690
v -0.05209 -0.04986 -0.24690
v -0.05101 -0.05101 -0.24690
v -0.04986 -0.05209 -0.24690
v -0.04864 -0.05310 -0.24690
v -0.04733 -0.05403 -0.24690
v -0.04594 -0.05491 -0.24690
v -0.04447 -0.05571 -0.24690
v -0.04290 -0.05646 -0.24690
v -0.04122 -0.05714 -0.24690
v -0.03944 -0.05775 -0.24690
v -0.03753 -0.05831 -0.24690
v -0.03548 -0.05881 -0.24690
v -0.03327 -0.05924 -0.24690
v -0.03086 -0.05962 -0.24690
v -0.02822 -0.05994 -0.24690
v -0.02528 -0.06020 -0.24690
v -0.02192 -0.06041 -0.24690
v -0.01791 -0.06055 -0.24690
v -0.01267 -0.06064 -0.24690
v 0.00000 -0.06067 -0.24690
v 0.01267 -0.06064 -0.24690
v 0.01791 -0.06055 -0.24690
v 0.02192 -0.06041 -0.24690
v 0.02528 -0.06020 -0.24690
v 0.02822 -0.05994 -0.24690
v 0.03086 -0.05962 -0.24690
v 0.03327 -0.05924 -0.24690
v 0.03548 -0.05881 -0.24690
v 0.03753 -0.05831 -0.24690
v 0.03944 -0.05775 -0.24690
v 0.04122 -0.05714 -0.24690
v 0.04290 -0.05646 -0.24690
v 0.04447 -0.05571 -0.24690
v 0.04594 -0.05491 -0.24690
v 0.04733 -0.05403 -0.24690
v 0.04864 -0.05310 -0.24690
v 0.04986 -0.05209 -0.24690
v 0.05101 -0.05101 -0.24690
v 0.05209 -0.04986 -0.24690
v 0.05310 -0.04864 -0.24690
v 0.05403 -0.04733 -0.24690
v 0.05491 -0.04594 -0.24690
v 0.05571 -0.04447 -0.24690
v 0.05646 -0.04290 -0.24690
v 0.05714 -0.04122 -0.24690
v 0.05775 -0.03944 -0.24690
v 0.05831 -0.03753 -0.24690
v 0.05881 -0.03548 -0.24690
v 0.05924 -0.03327 -0.24690
v 0.05962 -0.03086 -0.24690
v 0.05994 -0.02822 -0.24690
v 0.06020 -0.02528 -0.24690
v 0.06041 -0.02192 -0.24690
v 0.06055 -0.01791 -0.24690
v 0.06064 -0.01267 -0.24690
v 0.06067 0.00000 -0.24690
v 0.06064 0.01267 -0.24690
v 0.06055 0.01791 -0.24690
v 0.06041 0.02192 -0.24690
v 0.06020 0.02528 -0.24690
v 0.05994 0.02822 -0.24690
v 0.05962 0.03086 -0.24690
v 0.05924 0.03327 -0.24690
v 0.05881 0.03548 -0.24690
v 0.05831 0.03753 -0.24690
v 0.05775 0.03944 -0.24690
v 0.05714 0.04122 -0.24690
v 0.05646 0.04290 -0.24690
v 0.05571 0.04447 -0.24690
v 0.05491 0.04594 -0.24690
v 0.05403 0.04733 -0.24690
v 0.05310 0.04864 -0.24690
v 0.05209 0.04986 -0.24690
v 0.05101 0.05101 -0.24690
v 0.04986 0.05209 -0.24690
v 0.04864 0.05310 -0.24690
v 0.04733 0.05403 -0.24690
v 0.04594 0.05491 -0.24690
v 0.04447 0.05571 -0.24690
v 0.04290 0.05646 -0.24690
v 0.04122 0.05714 -0.24690
v 0.03944 0.05775 -0.24690
v 0.03753 0.05831 -0.24690
v 0.03548 0.05881 -0.24690
v 0.03327 0.05924 -0.24690
v 0.03086 0.05962 -0.24690
v 0.02822 0.05994 -0.24690
v 0.02528 0.06020 -0.24690
v 0.02192 0.06041 -0.24690
v 0.01791 0.06055 -0.24690
v 0.01267 0.06064 -0.24690
v 0.00000 0.06067 -0.24690
v -0.01267 0.06064 -0.24690
v -0.01791 0.06055 -0.24690
v -0.02192 0.06041 -0.24690
v -0.02528 0.06020 -0.24690
v -0.02822 0.05994 -0.24690
v -0.03086 0.05962 -0.24690
v -0.03327 0.05924 -0.24690
v -0.03548 0.05881 -0.24690
v -0.03753 0.05831 -0.24690
v -0.03944 0.05775 -0.24690
v -0.04122 0.05714 -0.24690
v -0.04290 0.05646 -0.24690
v -0.04447 0.05571 -0.24690
v -0.04594 0.05491 -0.24690
v -0.04733 0.05403 -0.24690
v -0.04864 0.05310 -0.24690
v -0.04986 0.05209 -0.24690
v -0.05101 0.05101 -0.24690
v -0.05209 0.04986 -0.24690
v -0.05310 0.04864 -0.24690
v -0.05403 0.04733 -0.24690
v -0.05491 0.04594 -0.24690
v -0.05571 0.04447 -0.24690
v -0.05646 0.04290 -0.24690
v -0.05714 0.04122 -0.24690
v -0.05775 0.03944 -0.24690
v -0.05831 0.03753 -0.24690
v -0.05881 0.03548 -0.24690
v -0.05924 0.03327 -0.24690
v -0.05962 0.03086 -0.24690
v -0.05994 0.02822 -0.24690
v -0.06020 0.02528 -0.24690
v -0.06041 0.02192 -0.24690
v -0.06055 0.01791 -0.24690
v -0.06064 0.01267 -0.24690
v -0.06303 -0.00000 -0.24417
v -0.06300 -0.01316 -0.24417
v -0.06291 -0.01861 -0.24417
v -0.06276 -0.02277 -0.24417
v -0.06255 -0.02626 -0.24417
v -0.06228 -0.02932 -0.24417
v -0.06194 -0.03206 -0.24417
v -0.06155 -0.03456 -0.24417
v -0.06110 -0.03686 -0.24417
v -0.06058 -0.03899 -0.24417
v -0.06000 -0.04097 -0.24417
v -0.05936 -0.04283 -0.24417
v -0.05865 -0.04457 -0.24417
v -0.05788 -0.04620 -0.24417
v -0.05704 -0.04773 -0.24417
v -0.05614 -0.04918 -0.24417
v -0.05516 -0.05053 -0.24417
v -0.05412 -0.05181 -0.24417
v -0.05300 -0.05300 -0.24417
v -0.05181 -0.05412 -0.24417
v -0.05053 -0.05516 -0.24417
v -0.04918 -0.05614 -0.24417
v -0.04773 -0.05704 -0.24417
v -0.04620 -0.05788 -0.24417
v -0.04457 -0.05865 -0.24417
v -0.04283 -0.05936 -0.24417
v -0.04097 -0.06000 -0.24417
v -0.03899 -0.06058 -0.24417
v -0.03686 -0.06110 -0.24417
v -0.03456 -0.06155 -0.24417
v -0.03206 -0.06194 -0.24417
v -0.02932 -0.06228 -0.24417
v -0.02626 -0.06255 -0.24417
v -0.02277 -0.06276 -0.24417
v -0.01861 -0.06291 -0.24417
v -0.01316 -0.06300 -0.24417
v 0.00000 -0.06303 -0.24417
v 0.01316 -0.06300 -0.24417
v 0.01861 -0.06291 -0.24417
v 0.02277 -0.06276 -0.24417
v 0.02626 -0.06255 -0.24417
v 0.02932 -0.06228 -0.24417
v 0.03206 -0.06194 -0.24417
v 0.03456 -0.06155 -0.24417
v 0.03686 -0.06110 -0.24417
v 0.03899 -0.06058 -0.24417
v 0.04097 -0.06000 -0.24417
v 0.04283 -0.05936 -0.24417
v 0.04457 -0.05865 -0.24417
v 0.04620 -0.05788 -0.24417
v 0.04773 -0.05704 -0.24417
v 0.04918 -0.05614 -0.24417
v 0.05053 -0.05516 -0.24417
v 0.05181 -0.05412 -0.24417
v 0.05300 -0.05300 -0.24417
v 0.05412 -0.05181 -0.24417
v 0.05516 -0.05053 -0.24417
v 0.05614 -0.04918 -0.24417
v 0.05704 -0.04773 -0.24417
v 0.05788 -0.04620 -0.24417
v 0.05865 -0.04457 -0.24417
v 0.05936 -0.04283 -0.24417
v 0.06000 -0.04097 -0.24417
v 0.06058 -0.03899 -0.24417
v 0.06110 -0.03686 -0.24417
v 0.06155 -0.03456 -0.24417
v 0.06194 -0.03206 -0.24417
v 0.06228 -0.02932 -0.24417
v 0.06255 -0.02626 -0.24417
v 0.06276 -0.02277 -0.24417
v 0.06291 -0.01861 -0.24417
v 0.06300 -0.01316 -0.24417
v 0.06303 0.00000 -0.24417
v 0.06300 0.01316 -0.24417
v 0.06291 0.01861 -0.24417
v 0.06276 0.02277 -0.24417
v 0.06255 0.02626 -0.24417
v 0.06228 0.02932 -0.24417
v 0.06194 0.03206 -0.24417
v 0.06155 0.03456 -0.24417
v 0.06110 0.03686 -0.24417
v 0.06058 0.03899 -0.24417
v 0.06000 0.04097 -0.24417
v 0.05936 0.04283 -0.24417
v 0.05865 0.04457 -0.24417
v 0.05788 0.04620 -0.24417
v 0.05704 0.04773 -0.24417
v 0.05614 0.04918 -0.24417
v 0.05516 0.05053 -0.24417
v 0.05412 0.05181 -0.24417
v 0.05300 0.05300 -0.24417
v 0.05181 0.05412 -0.24417
v 0.05053 0.05516 -0.24417
v 0.04918 0.05614 -0.24417
v 0.04773 0.05704 -0.24417
v 0.04620 0.05788 -0.24417
v 0.04457 0.05865 -0.24417
v 0.04283 0.05936 -0.24417
v 0.04097 0.06000 -0.24417
v 0.03899 0.06058 -0.24417
v 0.03686 0.06110 -0.24417
v 0.03456 0.06155 -0.24417
v 0.03206 0.06194 -0.24417
v 0.02932 0.06228 -0.24417
v 0.02626 0.06255 -0.24417
v 0.02277 0.06276 -0.24417
v 0.01861 0.06291 -0.24417
v 0.01316 0.06300 -0.24417
v 0.00000 0.06303 -0.24417
v -0.01316 0.06300 -0.24417
v -0.01861 0.06291 -0.24417
v -0.02277 0.06276 -0.24417
v -0.02626 0.06255 -0.24417
v -0.02932 0.06228 -0.24417
v -0.03206 0.06194 -0.24417
v -0.03456 0.06155 -0.24417
v -0.03686 0.06110 -0.24417
v -0.03899 0.06058 -0.24417
v -0.04097 0.06000 -0.24417
v -0.04283 0.05936 -0.24417
v -0.04457 0.05865 -0.24417
v -0.04620 0.05788 -0.24417
v -0.04773 0.05704 -0.24417
v -0.04918 0.05614 -0.24417
v -0.05053 0.05516 -0.24417
v -0.05181 0.05412 -0.24417
v -0.05300 0.05300 -0.24417
v -0.05412 0.05181 -0.24417
v -0.05516 0.05053 -0.24417
v -0.05614 0.04918 -0.24417
v -0.05704 0.04773 -0.24417
v -0.05788 0.04620 -0.24417
v -0.05865 0.04457 -0.24417
v -0.05936 0.04283 -0.24417
v -0.06000 0.04097 -0.24417
v -0.06058 0.03899 -0.24417
v -0.06110 0.03686 -0.24417
v -0.06155 0.03456 -0.24417
v -0.06194 0.03206 -0.24417
v -0.06228 0.02932 -0.24417
v -0.06255 0.02626 -0.24417
v -0.06276 0.02277 -0.24417
v -0.06291 0.01861 -0.24417
v -0.06300 0.01316 -0.24417
v -0.06527 -0.00000 -0.24118
v -0.06523 -0.01363 -0.24118
v -0.06514 -0.01927 -0.24118
v -0.06499 -0.02358 -0.24118
v -0.06477 -0.02720 -0.24118
v -0.06449 -0.03036 -0.24118
v -0.06414 -0.03320 -0.24118
v -0.06374 -0.03579 -0.24118
v -0.06327 -0.03817 -0.24118
v -0.06273 -0.04037 -0.24118
v -0.06213 -0.04243 -0.24118
v -0.06147 -0.04435 -0.24118
v -0.06074 -0.04615 -0.24118
v -0.05994 -0.04784 -0.24118
v -0.05907 -0.04943 -0.24118
v -0.05813 -0.05092 -0.24118
v -0.05712 -0.05233 -0.24118
v -0.05604 -0.05364 -0.24118
v -0.05488 -0.05488 -0.24118
v -0.05364 -0.05604 -0.24118
v -0.05233 -0.05712 -0.24118
v -0.05092 -0.05813 -0.24118
v -0.04943 -0.05907 -0.24118
v -0.04784 -0.05994 -0.24118
v -0.04615 -0.06074 -0.24118
v -0.04435 -0.06147 -0.24118
v -0.04243 -0.06213 -0.24118
v -0.04037 -0.06273 -0.24118
v -0.03817 -0.06327 -0.24118
v -0.03579 -0.06374 -0.24118
v -0.03320 -0.06414 -0.24118
v -0.03036 -0.06449 -0.24118
v -0.02720 -0.06477 -0.24118
v -0.02358 -0.06499 -0.24118
v -0.01927 -0.06514 -0.24118
v -0.01363 -0.06523 -0.24118
v 0.00000 -0.06527 -0.24118
v 0.01363 -0.06523 -0.24118
v 0.01927 -0.06514 -0.24118
v 0.02358 -0.06499 -0.24118
v 0.02720 -0.06477 -0.24118
v 0.03036 -0.06449 -0.24118
v 0.03320 -0.06414 -0.24118
v 0.03579 -0.06374 -0.24118
v 0.03817 -0.06327 -0.24118
v 0.04037 -0.06273 -0.24118
v 0.04243 -0.06213 -0.24118
v 0.04435 -0.06147 -0.24118
v 0.04615 -0.06074 -0.24118
v 0.04784 -0.05994 -0.24118
v 0.04943 -0.05907 -0.24118
v 0.05092 -0.05813 -0.24118
v 0.05233 -0.05712 -0.24118
v 0.05364 -0.05604 -0.24118
v 0.05488 -0.05488 -0.24118
v 0.05604 -0.05364 -0.24118
v 0.05712 -0.05233 -0.24118
v 0.05813 -0.05092 -0.24118
v 0.05907 -0.04943 -0.24118
v 0.05994 -0.04784 -0.24118
v 0.06074 -0.04615 -0.24118
v 0.06147 -0.04435 -0.24118
v 0.06213 -0.04243 -0.24118
v 0.06273 -0.04037 -0.24118
v 0.06327 -0.03817 -0.24118
v 0.06374 -0.03579 -0.24118
v 0.06414 -0.03320 -0.24118
v 0.06449 -0.03036 -0.24118
v 0.06477 -0.02720 -0.24118
v 0.06499 -0.02358 -0.24118
v 0.06514 -0.01927 -0.24118
v 0.06523 -0.01363 -0.24118
v 0.06527 0.00000 -0.24118
v 0.06523 0.01363 -0.24118
v 0.06514 0.01927 -0.24118
v 0.06499 0.02358 -0.24118
v 0.06477 0.02720 -0.24118
v 0.06449 0.03036 -0.24118
v 0.06414 0.03320 -0.24118
v 0.06374 0.03579 -0.24118
v 0.06327 0.03817 -0.24118
v 0.06273 0.04037 -0.24118
v 0.06213 0.04243 -0.24118
v 0.06147 0.04435 -0.24118
v 0.06074 0.04615 -0.24118
v 0.05994 0.04784 -0.24118
v 0.05907 0.04943 -0.24118
v 0.05813 0.05092 -0.24118
v 0.05712 0.05233 -0.24118
v 0.05604 0.05364 -0.24118
v 0.05488 0.05488 -0.24118
v 0.05364 0.05604 -0.24118
v 0.05233 0.05712 -0.24118
v 0.05092 0.05813 -0.24118
v 0.04943 0.05907 -0.24118
v 0.04784 0.05994 -0.24118
v 0.04615 0.06074 -0.24118
v 0.04435 0.06147 -0.24118
v 0.04243 0.06213 -0.24118
v 0.04037 0.06273 -0.24118
v 0.03817 0.06327 -0.24118
v 0.03579 0.06374 -0.24118
v 0.03320 0.06414 -0.24118
v 0.03036 0.06449 -0.24118
v 0.02720 0.06477 -0.24118
v 0.02358 0.06499 -0.24118
v 0.01927 0.06514 -0.24118
v 0.01363 0.06523 -0.24118
v 0.00000 0.06527 -0.24118
v -0.01363 0.06523 -0.24118
v -0.01927 0.06514 -0.24118
v -0.02358 0.06499 -0.24118
v -0.02720 0.06477 -0.24118
v -0.03036 0.06449 -0.24118
v -0.03320 0.06414 -0.24118
v -0.03579 0.06374 -0.24118
v -0.03817 0.06327 -0.24118
v -0.04037 0.06273 -0.24118
v -0.04243 0.06213 -0.24118
v -0.04435 0.06147 -0.24118
v -0.04615 0.06074 -0.24118
v -0.04784 0.05994 -0.24118
v -0.04943 0.05907 -0.24118
v -0.05092 0.05813 -0.24118
v -0.05233 0.05712 -0.24118
v -0.05364 0.05604 -0.24118
v -0.05488 0.05488 -0.24118
v -0.05604 0.05364 -0.24118
v -0.05712 0.05233 -0.24118
v -0.05813 0.05092 -0.24118
v -0.05907 0.04943 -0.24118
v -0.05994 0.04784 -0.24118
v -0.06074 0.04615 -0.24118
v -0.06147 0.04435 -0.24118
v -0.06213 0.04243 -0.24118
v -0.06273 0.04037 -0.24118
v -0.06327 0.03817 -0.24118
v -0.06374 0.03579 -0.24118
v -0.06414 0.03320 -0.24118
v -0.06449 0.03036 -0.24118
v -0.06477 0.02720 -0.24118
v -0.06499 0.02358 -0.24118
v -0.06514 0.01927 -0.24118
v -0.06523 0.01363 -0.24118
v -0.06739 -0.00000 -0.23794
v -0.06736 -0.01407 -0.23794
v -0.06726 -0.01989 -0.23794
v -0.06710 -0.02435 -0.23794
v -0.06688 -0.02808 -0.23794
v -0.06659 -0.03135 -0.23794
v -0.06623 -0.03428 -0.23794
v -0.06581 -0.03695 -0.23794
v -0.06533 -0.03941 -0.23794
v -0.06477 -0.04169 -0.23794
v -0.06416 -0.04381 -0.23794
v -0.06347 -0.04579 -0.23794
v -0.06271 -0.04765 -0.23794
v -0.06189 -0.04940 -0.23794
v -0.06099 -0.05104 -0.23794
v -0.06002 -0.05258 -0.23794
v -0.05898 -0.05403 -0.23794
v -0.05786 -0.05539 -0.23794
v -0.05667 -0.05667 -0.23794
v -0.05539 -0.05786 -0.23794
v -0.05403 -0.05898 -0.23794
v -0.05258 -0.06002 -0.23794
v -0.05104 -0.06099 -0.23794
v -0.04940 -0.06189 -0.23794
v -0.04765 -0.06271 -0.23794
v -0.04579 -0.06347 -0.23794
v -0.04381 -0.06416 -0.23794
v -0.04169 -0.06477 -0.23794
v -0.03941 -0.06533 -0.23794
v -0.03695 -0.06581 -0.23794
v -0.03428 -0.06623 -0.23794
v -0.03135 -0.06659 -0.23794
v -0.02808 -0.06688 -0.23794
v -0.02435 -0.06710 -0.23794
v -0.01989 -0.06726 -0.23794
v -0.01407 -0.06736 -0.23794
v 0.00000 -0.06739 -0.23794
v 0.01407 -0.06736 -0.23794
v 0.01989 -0.06726 -0.23794
v 0.02435 -0.06710 -0.23794
v 0.02808 -0.06688 -0.23794
v 0.03135 -0.06659 -0.23794
v 0.03428 -0.06623 -0.23794
v 0.03695 -0.06581 -0.23794
v 0.03941 -0.06533 -0.23794
v 0.04169 -0.06477 -0.23794
v 0.04381 -0.06416 -0.23794
v 0.04579 -0.06347 -0.23794
v 0.04765 -0.06271 -0.23794
v 0.04940 -0.06189 -0.23794
v 0.05104 -0.06099 -0.23794
v 0.05258 -0.06002 -0.23794
v 0.05403 -0.05898 -0.23794
v 0.05539 -0.05786 -0.23794
v 0.05667 -0.05667 -0.23794
v 0.05786 -0.05539 -0.23794
v 0.05898 -0.05403 -0.23794
v 0.06002 -0.05258 -0.23794
v 0.06099 -0.05104 -0.23794
v 0.06189 -0.04940 -0.23794
v 0.06271 -0.04765 -0.23794
v 0.06347 -0.04579 -0.23794
v 0.06416 -0.04381 -0.23794
v 0.06477 -0.04169 -0.23794
v 0.06533 -0.03941 -0.23794
v 0.06581 -0.03695 -0.23794
v 0.06623 -0.03428 -0.23794
v 0.06659 -0.03135 -0.23794
v 0.06688 -0.02808 -0.23794
v 0.06710 -0.02435 -0.23794
v 0.06726 -0.01989 -0.23794
v 0.06736 -0.01407 -0.23794
v 0.06739 0.00000 -0.23794
v 0.06736 0.01407 -0.23794
v 0.06726 0.01989 -0.23794
v 0.06710 0.02435 -0.23794
v 0.06688 0.02808 -0.23794
v 0.06659 0.03135 -0.23794
v 0.06623 0.03428 -0.23794
v 0.06581 0.03695 -0.23794
v 0.06533 0.03941 -0.23794
v 0.06477 0.04169 -0.23794
v 0.06416 0.04381 -0.23794
v 0.06347 0.04579 -0.23794
v 0.06271 0.04765 -0.23794
v 0.06189 0.04940 -0.23794
v 0.06099 0.05104 -0.23794
v 0.06002 0.05258 -0.23794
v 0.05898 0.05403 -0.23794
v 0.05786 0.05539 -0.23794
v 0.05667 0.05667 -0.23794
v 0.05539 0.05786 -0.23794
v 0.05403 0.05898 -0.23794
v 0.05258 0.06002 -0.23794
v 0.05104 0.06099 -0.23794
v 0.04940 0.06189 -0.23794
v 0.04765 0.06271 -0.23794
v 0.04579 0.06347 -0.23794
v 0.04381 0.06416 -0.23794
v 0.04169 0.06477 -0.23794
v 0.03941 0.06533 -0.23794
v 0.03695 0.06581 -0.23794
v 0.03428 0.06623 -0.23794
v 0.03135 0.06659 -0.23794
v 0.02808 0.06688 -0.23794
v 0.02435 0.06710 -0.23794
v 0.01989 0.06726 -0.23794
v 0.01407 0.06736 -0.23794
v 0.00000 0.06739 -0.23794
v -0.01407 0.06736 -0.23794
v -0.01989 0.06726 -0.23794
v -0.02435 0.06710 -0.23794
v -0.02808 0.06688 -0.23794
v -0.03135 0.06659 -0.23794
v -0.03428 0.06623 -0.23794
v -0.03695 0.06581 -0.23794
v -0.03941 0.06533 -0.23794
v -0.04169 0.06477 -0.23794
v -0.04381 0.06416 -0.23794
v -0.04579 0.06347 -0.23794
v -0.04765 0.06271 -0.23794
v -0.04940 0.06189 -0.23794
v -0.05104 0.06099 -0.23794
v -0.05258 0.06002 -0.23794
v -0.05403 0.05898 -0.23794
v -0.05539 0.05786 -0.23794
v -0.05667 0.05667 -0.23794
v -0.05786 0.05539 -0.23794
v -0.05898 0.05403 -0.23794
v -0.06002 0.05258 -0.23794
v -0.06099 0.05104 -0.23794
v -0.06189 0.04940 -0.23794
v -0.06271 0.04765 -0.23794
v -0.06347 0.04579 -0.23794
v -0.06416 0.04381 -0.23794
v -0.06477 0.04169 -0.23794
v -0.06533 0.03941 -0.23794
v -0.06581 0.03695 -0.23794
v -0.06623 0.03428 -0.23794
v -0.06659 0.03135 -0.23794
v -0.06688 0.02808 -0.23794
v -0.06710 0.02435 -0.23794
v -0.06726 0.01989 -0.23794
v -0.06736 0.01407 -0.23794
v -0.06941 -0.00000 -0.23443
v -0.06938 -0.01450 -0.23443
v -0.06928 -0.02049 -0.23443
v -0.06911 -0.02508 -0.23443
v -0.06888 -0.02892 -0.23443
v -0.06858 -0.03229 -0.23443
v -0.06822 -0.03531 -0.23443
v -0.06779 -0.03806 -0.23443
v -0.06729 -0.04059 -0.23443
v -0.06672 -0.04294 -0.23443
v -0.06608 -0.04512 -0.23443
v -0.06537 -0.04717 -0.23443
v -0.06459 -0.04908 -0.23443
v -0.06374 -0.05088 -0.23443
v -0.06282 -0.05257 -0.23443
v -0.06182 -0.05416 -0.23443
v -0.06075 -0.05565 -0.23443
v -0.05960 -0.05705 -0.23443
v -0.05837 -0.05837 -0.23443
v -0.05705 -0.05960 -0.23443
v -0.05565 -0.06075 -0.23443
v -0.05416 -0.06182 -0.23443
v -0.05257 -0.06282 -0.23443
v -0.05088 -0.06374 -0.23443
v -0.04908 -0.06459 -0.23443
v -0.04717 -0.06537 -0.23443
v -0.04512 -0.06608 -0.23443
v -0.04294 -0.06672 -0.23443
v -0.04059 -0.06729 -0.23443
v -0.03806 -0.06779 -0.23443
v -0.03531 -0.06822 -0.23443
v -0.03229 -0.06858 -0.23443
v -0.02892 -0.06888 -0.23443
v -0.02508 -0.06911 -0.23443
v -0.02049 -0.06928 -0.23443
v -0.01450 -0.06938 -0.23443
v 0.00000 -0.06941 -0.23443
v 0.01450 -0.06938 -0.23443
v 0.02049 -0.06928 -0.23443
v 0.02508 -0.06911 -0.23443
v 0.02892 -0.06888 -0.23443
v 0.03229 -0.06858 -0.23443
v 0.03531 -0.06822 -0.23443
v 0.03806 -0.06779 -0.23443
v 0.04059 -0.06729 -0.23443
v 0.04294 -0.06672 -0.23443
v 0.04512 -0.06608 -0.23443
v 0.04717 -0.06537 -0.23443
v 0.04908 -0.06459 -0.23443
v 0.05088 -0.06374 -0.23443
v 0.05257 -0.06282 -0.23443
v 0.05416 -0.06182 -0.23443
v 0.05565 -0.06075 -0.23443
v 0.05705 -0.05960 -0.23443
v 0.05837 -0.05837 -0.23443
v 0.05960 -0.05705 -0.23443
v 0.06075 -0.05565 -0.23443
v 0.06182 -0.05416 -0.23443
v 0.06282 -0.05257 -0.23443
v 0.06374 -0.05088 -0.23443
v 0.06459 -0.04908 -0.23443
v 0.06537 -0.04717 -0.23443
v 0.06608 -0.04512 -0.23443
v 0.06672 -0.04294 -0.23443
v 0.06729 -0.04059 -0.23443
v 0.06779 -0.03806 -0.23443
v 0.06822 -0.03531 -0.23443
v 0.06858 -0.03229 -0.23443
v 0.06888 -0.02892 -0.23443
v 0.06911 -0.02508 -0.23443
v 0.06928 -0.02049 -0.23443
v 0.06938 -0.01450 -0.23443
v 0.06941 0.00000 -0.23443
v 0.06938 0.01450 -0.23443
v 0.06928 0.02049 -0.23443
v 0.06911 0.02508 -0.23443
v 0.06888 0.02892 -0.23443
v 0.06858 0.03229 -0.23443
v 0.06822 0.03531 -0.23443
v 0.06779 0.03806 -0.23443
v 0.06729 0.04059 -0.23443
v 0.06672 0.04294 -0.23443
v 0.06608 0.04512 -0.23443
v 0.06537 0.04717 -0.23443
v 0.06459 0.04908 -0.23443
v 0.06374 0.05088 -0.23443
v 0.06282 0.05257 -0.23443
v 0.06182 0.05416 -0.23443
v 0.06075 0.05565 -0.23443
v 0.05960 0.05705 -0.23443
v 0.05837 0.05837 -0.23443
v 0.05705 0.05960 -0.23443
v 0.05565 0.06075 -0.23443
v 0.05416 0.06182 -0.23443
v 0.05257 0.06282 -0.23443
v 0.05088 0.06374 -0.23443
v 0.04908 0.06459 -0.23443
v 0.04717 0.06537 -0.23443
v 0.04512 0.06608 -0.23443
v 0.04294 0.06672 -0.23443
v 0.04059 0.06729 -0.23443
v 0.03806 0.06779 -0.23443
v 0.03531 0.06822 -0.23443
v 0.03229 0.06858 -0.23443
v 0.02892 0.06888 -0.23443
v 0.02508 0.06911 -0.23443
v 0.02049 0.06928 -0.23443
v 0.01450 0.06938 -0.23443
v 0.00000 0.06941 -0.23443
v -0.01450 0.06938 -0.23443
v -0.02049 0.06928 -0.23443
v -0.02508 0.06911 -0.23443
v -0.02892 0.06888 -0.23443
v -0.03229 0.06858 -0.23443
v -0.03531 0.06822 -0.23443
v -0.03806 0.06779 -0.23443
v -0.04059 0.06729 -0.23443
v -0.04294 0.06672 -0.23443
v -0.04512 0.06608 -0.23443
v -0.04717 0.06537 -0.23443
v -0.04908 0.06459 -0.23443
v -0.05088 0.06374 -0.23443
v -0.05257 0.06282 -0.23443
v -0.05416 0.06182 -0.23443
v -0.05565 0.06075 -0.23443
v -0.05705 0.05960 -0.23443
v -0.05837 0.05837 -0.23443
v -0.05960 0.05705 -0.23443
v -0.06075 0.05565 -0.23443
v -0.06182 0.05416 -0.23443
v -0.06282 0.05257 -0.23443
v -0.06374 0.05088 -0.23443
v -0.06459 0.04908 -0.23443
v -0.06537 0.04717 -0.23443
v -0.06608 0.04512 -0.23443
v -0.06672 0.04294 -0.23443
v -0.06729 0.04059 -0.23443
v -0.06779 0.03806 -0.23443
v -0.06822 0.03531 -0.23443
v -0.06858 0.03229 -0.23443
v -0.06888 0.02892 -0.23443
v -0.06911 0.02508 -0.23443
v -0.06928 0.02049 -0.23443
v -0.06938 0.01450 -0.23443
v -0.07134 -0.00000 -0.23064
v -0.07130 -0.01490 -0.23064
v -0.07120 -0.02106 -0.23064
v -0.07103 -0.02577 -0.23064
v -0.07079 -0.02973 -0.23064
v -0.07049 -0.03319 -0.23064
v -0.07011 -0.03629 -0.23064
v -0.06967 -0.03912 -0.23064
v -0.06915 -0.04172 -0.23064
v -0.06857 -0.04413 -0.23064
v -0.06791 -0.04638 -0.23064
v -0.06719 -0.04847 -0.23064
v -0.06639 -0.05044 -0.23064
v -0.06551 -0.05229 -0.23064
v -0.06456 -0.05403 -0.23064
v -0.06354 -0.05566 -0.23064
v -0.06244 -0.05719 -0.23064
v -0.06125 -0.05863 -0.23064
v -0.05999 -0.05999 -0.23064
v -0.05863 -0.06125 -0.23064
v -0.05719 -0.06244 -0.23064
v -0.05566 -0.06354 -0.23064
v -0.05403 -0.06456 -0.23064
v -0.05229 -0.06551 -0.23064
v -0.05044 -0.06639 -0.23064
v -0.04847 -0.06719 -0.23064
v -0.04638 -0.06791 -0.23064
v -0.04413 -0.06857 -0.23064
v -0.04172 -0.06915 -0.23064
v -0.03912 -0.06967 -0.23064
v -0.03629 -0.07011 -0.23064
v -0.03319 -0.07049 -0.23064
v -0.02973 -0.07079 -0.23064
v -0.02577 -0.07103 -0.23064
v -0.02106 -0.07120 -0.23064
v -0.01490 -0.07130 -0.23064
v 0.00000 -0.07134 -0.23064
v 0.01490 -0.07130 -0.23064
v 0.02106 -0.07120 -0.23064
v 0.02577 -0.07103 -0.23064
v 0.02973 -0.07079 -0.23064
v 0.03319 -0.07049 -0.23064
v 0.03629 -0.07011 -0.23064
v 0.03912 -0.06967 -0.23064
v 0.04172 -0.06915 -0.23064
v 0.04413 -0.06857 -0.23064
v 0.04638 -0.06791 -0.23064
v 0.04847 -0.06719 -0.23064
v 0.05044 -0.06639 -0.23064
v 0.05229 -0.06551 -0.23064
v 0.05403 -0.06456 -0.23064
v 0.05566 -0.06354 -0.23064
v 0.05719 -0.06244 -0.23064
v 0.05863 -0.06125 -0.23064
v 0.05999 -0.05999 -0.23064
v 0.06125 -0.05863 -0.23064
v 0.06244 -0.05719 -0.23064
v 0.06354 -0.05566 -0.23064
v 0.06456 -0.05403 -0.23064
v 0.06551 -0.05229 -0.23064
v 0.06639 -0.05044 -0.23064
v 0.06719 -0.04847 -0.23064
v 0.06791 -0.04638 -0.23064
v 0.06857 -0.04413 -0.23064
v 0.06915 -0.04172 -0.23064
v 0.06967 -0.03912 -0.23064
v 0.07011 -0.03629 -0.23064
v 0.07049 -0.03319 -0.23064
v 0.07079 -0.02973 -0.23064
v 0.07103 -0.02577 -0.23064
v 0.07120 -0.02106 -0.23064
v 0.07130 -0.01490 -0.23064
v 0.07134 0.00000 -0.23064
v 0.07130 0.01490 -0.23064
v 0.07120 0.02106 -0.23064
v 0.07103 0.02577 -0.23064
v 0.07079 0.02973 -0.23064
v 0.07049 0.03319 -0.23064
v 0.07011 0.03629 -0.23064
v 0.06967 0.03912 -0.23064
v 0.06915 0.04172 -0.23064
v 0.06857 0.04413 -0.23064
v 0.06791 0.04638 -0.23064
v 0.06719 0.04847 -0.23064
v 0.06639 0.05044 -0.23064
v 0.06551 0.05229 -0.23064
v 0.06456 0.05403 -0.23064
v 0.06354 0.05566 -0.23064
v 0.06244 0.05719 -0.23064
v 0.06125 0.05863 -0.23064
v 0.05999 0.05999 -0.23064
v 0.05863 0.06125 -0.23064
v 0.05719 0.06244 -0.23064
v 0.05566 0.06354 -0.23064
v 0.05403 0.06456 -0.23064
v 0.05229 0.06551 -0.23064
v 0.05044 0.06639 -0.23064
v 0.04847 0.06719 -0.23064
v 0.04638 0.06791 -0.23064
v 0.04413 0.06857 -0.23064
v 0.04172 0.06915 -0.23064
v 0.03912 0.06967 -0.23064
v 0.03629 0.07011 -0.23064
v 0.03319 0.07049 -0.23064
v 0.02973 0.07079 -0.23064
v 0.02577 0.07103 -0.23064
v 0.02106 0.07120 -0.23064
v 0.01490 0.07130 -0.23064
v 0.00000 0.07134 -0.23064
v -0.01490 0.07130 -0.23064
v -0.02106 0.07120 -0.23064
v -0.02577 0.07103 -0.23064
v -0.02973 0.07079 -0.23064
v -0.03319 0.07049 -0.23064
v -0.03629 0.07011 -0.23064
v -0.03912 0.06967 -0.23064
v -0.04172 0.06915 -0.23064
v -0.04413 0.06857 -0.23064
v -0.04638 0.06791 -0.23064
v -0.04847 0.06719 -0.23064
v -0.05044 0.06639 -0.23064
v -0.05229 0.06551 -0.23064
v -0.05403 0.06456 -0.23064
v -0.05566 0.06354 -0.23064
v -0.05719 0.06244 -0.23064
v -0.05863 0.06125 -0.23064
v -0.05999 0.05999 -0.23064
v -0.06125 0.05863 -0.23064
v -0.06244 0.05719 -0.23064
v -0.06354 0.05566 -0.23064
v -0.06456 0.05403 -0.23064
v -0.06551 0.05229 -0.23064
v -0.06639 0.05044 -0.23064
v -0.06719 0.04847 -0.23064
v -0.06791 0.04638 -0.23064
v -0.06857 0.04413 -0.23064
v -0.06915 0.04172 -0.23064
v -0.06967 0.03912 -0.23064
v -0.07011 0.03629 -0.23064
v -0.07049 0.03319 -0.23064
v -0.07079 0.02973 -0.23064
v -0.07103 0.02577 -0.23064
v -0.07120 0.02106 -0.23064
v -0.07130 0.01490 -0.23064
v -0.07317 -0.00000 -0.22656
v -0.07314 -0.01528 -0.22656
v -0.07303 -0.02160 -0.22656
v -0.07286 -0.02644 -0.22656
v -0.07261 -0.03049 -0.22656
v -0.07230 -0.03404 -0.22656
v -0.07191 -0.03723 -0.22656
v -0.07146 -0.04013 -0.22656
v -0.07093 -0.04279 -0.22656
v -0.07033 -0.04527 -0.22656
v -0.06966 -0.04757 -0.22656
v -0.06891 -0.04972 -0.22656
v -0.06809 -0.05174 -0.22656
v -0.06720 -0.05364 -0.22656
v -0.06623 -0.05542 -0.22656
v -0.06517 -0.05709 -0.22656
v -0.06404 -0.05867 -0.22656
v -0.06283 -0.06014 -0.22656
v -0.06153 -0.06153 -0.22656
v -0.06014 -0.06283 -0.22656
v -0.05867 -0.06404 -0.22656
v -0.05709 -0.06517 -0.22656
v -0.05542 -0.06623 -0.22656
v -0.05364 -0.06720 -0.22656
v -0.05174 -0.06809 -0.22656
v -0.04972 -0.06891 -0.22656
v -0.04757 -0.06966 -0.22656
v -0.04527 -0.07033 -0.22656
v -0.04279 -0.07093 -0.22656
v -0.04013 -0.07146 -0.22656
v -0.03723 -0.07191 -0.22656
v -0.03404 -0.07230 -0.22656
v -0.03049 -0.07261 -0.22656
v -0.02644 -0.07286 -0.22656
v -0.02160 -0.07303 -0.22656
v -0.01528 -0.07314 -0.22656
v 0.00000 -0.07317 -0.22656
v 0.01528 -0.07314 -0.22656
v 0.02160 -0.07303 -0.22656
v 0.02644 -0.07286 -0.22656
v 0.03049 -0.07261 -0.22656
v 0.03404 -0.07230 -0.22656
v 0.03723 -0.07191 -0.22656
v 0.04013 -0.07146 -0.22656
v 0.04279 -0.07093 -0.22656
v 0.04527 -0.07033 -0.22656
v 0.04757 -0.06966 -0.22656
v 0.04972 -0.06891 -0.22656
v 0.05174 -0.06809 -0.22656
v 0.05364 -0.06720 -0.22656
v 0.05542 -0.06623 -0.22656
v 0.05709 -0.06517 -0.22656
v 0.05867 -0.06404 -0.22656
v 0.06014 -0.06283 -0.22656
v 0.06153 -0.06153 -0.22656
v 0.06283 -0.06014 -0.22656
v 0.06404 -0.05867 -0.22656
v 0.06517 -0.05709 -0.22656
v 0.06623 -0.05542 -0.22656
v 0.06720 -0.05364 -0.22656
v 0.06809 -0.05174 -0.22656
v 0.06891 -0.04972 -0.22656
v 0.06966 -0.04757 -0.22656
v 0.07033 -0.04527 -0.22656
v 0.07093 -0.04279 -0.22656
v 0.07146 -0.04013 -0.22656
v 0.07191 -0.03723 -0.22656
v 0.07230 -0.03404 -0.22656
v 0.07261 -0.03049 -0.22656
v 0.07286 -0.02644 -0.22656
v 0.07303 -0.02160 -0.22656
v 0.07314 -0.01528 -0.22656
v 0.07317 0.00000 -0.22656
v 0.07314 0.01528 -0.22656
v 0.07303 0.02160 -0.22656
v 0.07286 0.02644 -0.22656
v 0.07261 0.03049 -0.22656
v 0.07230 0.03404 -0.22656
v 0.07191 0.03723 -0.22656
v 0.07146 0.04013 -0.22656
v 0.07093 0.04279 -0.22656
v 0.07033 0.04527 -0.22656
v 0.06966 0.04757 -0.22656
v 0.06891 0.04972 -0.22656
v 0.06809 0.05174 -0.22656
v 0.06720 0.05364 -0.22656
v 0.06623 0.05542 -0.22656
v 0.06517 0.05709 -0.22656
v 0.06404 0.05867 -0.22656
v 0.06283 0.06014 -0.22656
v 0.06153 0.06153 -0.22656
v 0.06014 0.06283 -0.22656
v 0.05867 0.06404 -0.22656
v 0.05709 0.06517 -0.22656
v 0.05542 0.06623 -0.22656
v 0.05364 0.06720 -0.22656
v 0.05174 0.06809 -0.22656
v 0.04972 0.06891 -0.22656
v 0.04757 0.06966 -0.22656
v 0.04527 0.07033 -0.22656
v 0.04279 0.07093 -0.22656
v 0.04013 0.07146 -0.22656
v 0.03723 0.07191 -0.22656
v 0.03404 0.07230 -0.22656
v 0.03049 0.07261 -0.22656
v 0.02644 0.07286 -0.22656
v 0.02160 0.07303 -0.22656
v 0.01528 0.07314 -0.22656
v 0.00000 0.07317 -0.22656
v -0.01528 0.07314 -0.22656
v -0.02160 0.07303 -0.22656
v -0.02644 0.07286 -0.22656
v -0.03049 0.07261 -0.22656
v -0.03404 0.07230 -0.22656
v -0.03723 0.07191 -0.22656
v -0.04013 0.07146 -0.22656
v -0.04279 0.07093 -0.22656
v -0.04527 0.07033 -0.22656
v -0.04757 0.06966 -0.22656
v -0.04972 0.06891 -0.22656
v -0.05174 0.06809 -0.22656
v -0.05364 0.06720 -0.22656
v -0.05542 0.06623 -0.22656
v -0.05709 0.06517 -0.22656
v -0.05867 0.06404 -0.22656
v -0.06014 0.06283 -0.22656
v -0.06153 0.06153 -0.22656
v -0.06283 0.06014 -0.22656
v -0.06404 0.05867 -0.22656
v -0.06517 0.05709 -0.22656
v -0.06623 0.05542 -0.22656
v -0.06720 0.05364 -0.22656
v -0.06809 0.05174 -0.22656
v -0.06891 0.04972 -0.22656
v -0.06966 0.04757 -0.22656
v -0.07033 0.04527 -0.22656
v -0.07093 0.04279 -0.22656
v -0.07146 0.04013 -0.22656
v -0.07191 0.03723 -0.22656
v -0.07230 0.03404 -0.22656
v -0.07261 0.03049 -0.22656
v -0.07286 0.02644 -0.22656
v -0.07303 0.02160 -0.22656
v -0.07314 0.01528 -0.22656
v -0.07492 -0.00000 -0.22219
v -0.07489 -0.01565 -0.22219
v -0.07478 -0.02212 -0.22219
v -0.07460 -0.02707 -0.22219
v -0.07435 -0.03122 -0.22219
v -0.07403 -0.03486 -0.22219
v -0.07364 -0.03812 -0.22219
v -0.07317 -0.04109 -0.22219
v -0.07263 -0.04382 -0.22219
v -0.07202 -0.04635 -0.22219
v -0.07133 -0.04871 -0.22219
v -0.07056 -0.05091 -0.22219
v -0.06972 -0.05298 -0.22219
v -0.06881 -0.05492 -0.22219
v -0.06781 -0.05674 -0.22219
v -0.06673 -0.05846 -0.22219
v -0.06558 -0.06007 -0.22219
v -0.06433 -0.06158 -0.22219
v -0.06300 -0.06300 -0.22219
v -0.06158 -0.06433 -0.22219
v -0.06007 -0.06558 -0.22219
v -0.05846 -0.06673 -0.22219
v -0.05674 -0.06781 -0.22219
v -0.05492 -0.06881 -0.22219
v -0.05298 -0.06972 -0.22219
v -0.05091 -0.07056 -0.22219
v -0.04871 -0.07133 -0.22219
v -0.04635 -0.07202 -0.22219
v -0.04382 -0.07263 -0.22219
v -0.04109 -0.07317 -0.22219
v -0.03812 -0.07364 -0.22219
v -0.03486 -0.07403 -0.22219
v -0.03122 -0.07435 -0.22219
v -0.02707 -0.07460 -0.22219
v -0.02212 -0.07478 -0.22219
v -0.01565 -0.07489 -0.22219
v 0.00000 -0.07492 -0.22219
v 0.01565 -0.07489 -0.22219
v 0.02212 -0.07478 -0.22219
v 0.02707 -0.07460 -0.22219
v 0.03122 -0.07435 -0.22219
v 0.03486 -0.07403 -0.22219
v 0.03812 -0.07364 -0.22219
v 0.04109 -0.07317 -0.22219
v 0.04382 -0.07263 -0.22219
v 0.04635 -0.07202 -0.22219
v 0.04871 -0.07133 -0.22219
v 0.05091 -0.07056 -0.22219
v 0.05298 -0.06972 -0.22219
v 0.05492 -0.06881 -0.22219
v 0.05674 -0.06781 -0.22219
v 0.05846 -0.06673 -0.22219
v 0.06007 -0.06558 -0.22219
v 0.06158 -0.06433 -0.22219
v 0.06300 -0.06300 -0.22219
v 0.06433 -0.06158 -0.22219
v 0.06558 -0.06007 -0.22219
v 0.06673 -0.05846 -0.22219
v 0.06781 -0.05674 -0.22219
v 0.06881 -0.05492 -0.22219
v 0.06972 -0.05298 -0.22219
v 0.07056 -0.05091 -0.22219
v 0.07133 -0.04871 -0.22219
v 0.07202 -0.04635 -0.22219
v 0.07263 -0.04382 -0.22219
v 0.07317 -0.04109 -0.22219
v 0.07364 -0.03812 -0.22219
v 0.07403 -0.03486 -0.22219
v 0.07435 -0.03122 -0.22219
v 0.07460 -0.02707 -0.22219
v 0.07478 -0.02212 -0.22219
v 0.07489 -0.01565 -0.22219
v 0.07492 0.00000 -0.22219
v 0.07489 0.01565 -0.22219
v 0.07478 0.02212 -0.22219
v 0.07460 0.02707 -0.22219
v 0.07435 0.03122 -0.22219
v 0.07403 0.03486 -0.22219
v 0.07364 0.03812 -0.22219
v 0.07317 0.04109 -0.22219
v 0.07263 0.04382 -0.22219
v 0.07202 0.04635 -0.22219
v 0.07133 0.04871 -0.22219
v 0.07056 0.05091 -0.22219
v 0.06972 0.05298 -0.22219
v 0.06881 0.05492 -0.22219
v 0.06781 0.05674 -0.22219
v 0.06673 0.05846 -0.22219
v 0.06558 0.06007 -0.22219
v 0.06433 0.06158 -0.22219
v 0.06300 0.06300 -0.22219
v 0.06158 0.06433 -0.22219
v 0.06007 0.06558 -0.22219
v 0.05846 0.06673 -0.22219
v 0.05674 0.06781 -0.22219
v 0.05492 0.06881 -0.22219
v 0.05298 0.06972 -0.22219
v 0.05091 0.07056 -0.22219
v 0.04871 0.07133 -0.22219
v 0.04635 0.07202 -0.22219
v 0.04382 0.07263 -0.22219
v 0.04109 0.07317 -0.22219
v 0.03812 0.07364 -0.22219
v 0.03486 0.07403 -0.22219
v 0.03122 0.07435 -0.22219
v 0.02707 0.07460 -0.22219
v 0.02212 0.07478 -0.22219
v 0.01565 0.07489 -0.22219
v 0.00000 0.07492 -0.22219
v -0.01565 0.07489 -0.22219
v -0.02212 0.07478 -0.22219
v -0.02707 0.07460 -0.22219
v -0.03122 0.07435 -0.22219
v -0.03486 0.07403 -0.22219
v -0.03812 0.07364 -0.22219
v -0.04109 0.07317 -0.22219
v -0.04382 0.07263 -0.22219
v -0.04635 0.07202 -0.22219
v -0.04871 0.07133 -0.22219
v -0.05091 0.07056 -0.22219
v -0.05298 0.06972 -0.22219
v -0.05492 0.06881 -0.22219
v -0.05674 0.06781 -0.22219
v -0.05846 0.06673 -0.22219
v -0.06007 0.06558 -0.22219
v -0.06158 0.06433 -0.22219
v -0.06300 0.06300 -0.22219
v -0.06433 0.06158 -0.22219
v -0.06558 0.06007 -0.22219
v -0.06673 0.05846 -0.22219
v -0.06781 0.05674 -0.22219
v -0.06881 0.05492 -0.22219
v -0.06972 0.05298 -0.22219
v -0.07056 0.05091 -0.22219
v -0.07133 0.04871 -0.22219
v -0.07202 0.04635 -0.22219
v -0.07263 0.04382 -0.22219
v -0.07317 0.04109 -0.22219
v -0.07364 0.03812 -0.22219
v -0.07403 0.03486 -0.22219
v -0.07435 0.03122 -0.22219
v -0.07460 0.02707 -0.22219
v -0.07478 0.02212 -0.22219
v -0.07489 0.01565 -0.22219
v -0.07660 -0.00000 -0.21751
v -0.07656 -0.01600 -0.21751
v -0.07645 -0.02261 -0.21751
v -0.07627 -0.02767 -0.21751
v -0.07601 -0.03192 -0.21751
v -0.07568 -0.03563 -0.21751
v -0.07528 -0.03897 -0.21751
v -0.07480 -0.04200 -0.21751
v -0.07425 -0.04479 -0.21751
v -0.07362 -0.04738 -0.21751
v -0.07292 -0.04979 -0.21751
v -0.07214 -0.05205 -0.21751
v -0.07128 -0.05416 -0.21751
v -0.07034 -0.05614 -0.21751
v -0.06932 -0.05801 -0.21751
v -0.06822 -0.05976 -0.21751
v -0.06704 -0.06141 -0.21751
v -0.06577 -0.06296 -0.21751
v -0.06441 -0.06441 -0.21751
v -0.06296 -0.06577 -0.21751
v -0.06141 -0.06704 -0.21751
v -0.05976 -0.06822 -0.21751
v -0.05801 -0.06932 -0.21751
v -0.05614 -0.07034 -0.21751
v -0.05416 -0.07128 -0.21751
v -0.05205 -0.07214 -0.21751
v -0.04979 -0.07292 -0.21751
v -0.04738 -0.07362 -0.21751
v -0.04479 -0.07425 -0.21751
v -0.04200 -0.07480 -0.21751
v -0.03897 -0.07528 -0.21751
v -0.03563 -0.07568 -0.21751
v -0.03192 -0.07601 -0.21751
v -0.02767 -0.07627 -0.21751
v -0.02261 -0.07645 -0.21751
v -0.01600 -0.07656 -0.21751
v 0.00000 -0.07660 -0.21751
v 0.01600 -0.07656 -0.21751
v 0.02261 -0.07645 -0.21751
v 0.02767 -0.07627 -0.21751
v 0.03192 -0.07601 -0.21751
v 0.03563 -0.07568 -0.21751
v 0.03897 -0.07528 -0.21751
v 0.04200 -0.07480 -0.21751
v 0.04479 -0.07425 -0.21751
v 0.04738 -0.07362 -0.21751
v 0.04979 -0.07292 -0.21751
v 0.05205 -0.07214 -0.21751
v 0.05416 -0.07128 -0.21751
v 0.05614 -0.07034 -0.21751
v 0.05801 -0.06932 -0.21751
v 0.05976 -0.06822 -0.21751
v 0.06141 -0.06704 -0.21751
v 0.06296 -0.06577 -0.21751
v 0.06441 -0.06441 -0.21751
v 0.06577 -0.06296 -0.21751
v 0.06704 -0.06141 -0.21751
v 0.06822 -0.05976 -0.21751
v 0.06932 -0.05801 -0.21751
v 0.07034 -0.05614 -0.21751
v 0.07128 -0.05416 -0.21751
v 0.07214 -0.05205 -0.21751
v 0.07292 -0.04979 -0.21751
v 0.07362 -0.04738 -0.21751
v 0.07425 -0.04479 -0.21751
v 0.07480 -0.04200 -0.21751
v 0.07528 -0.03897 -0.21751
v 0.07568 -0.03563 -0.21751
v 0.07601 -0.03192 -0.21751
v 0.07627 -0.02767 -0.21751
v 0.07645 -0.02261 -0.21751
v 0.07656 -0.01600 -0.21751
v 0.07660 0.00000 -0.21751
v 0.07656 0.01600 -0.21751
v 0.07645 0.02261 -0.21751
v 0.07627 0.02767 -0.21751
v 0.07601 0.03192 -0.21751
v 0.07568 0.03563 -0.21751
v 0.07528 0.03897 -0.21751
v 0.07480 0.04200 -0.21751
v 0.07425 0.04479 -0.21751
v 0.07362 0.04738 -0.21751
v 0.07292 0.04979 -0.21751
v 0.07214 0.05205 -0.21751
v 0.07128 0.05416 -0.21751
v 0.07034 0.05614 -0.21751
v 0.06932 0.05801 -0.21751
v 0.06822 0.05976 -0.21751
v 0.06704 0.06141 -0.21751
v 0.06577 0.06296 -0.21751
v 0.06441 0.06441 -0.21751
v 0.06296 0.06577 -0.21751
v 0.06141 0.06704 -0.21751
v 0.05976 0.06822 -0.21751
v 0.05801 0.06932 -0.21751
v 0.05614 0.07034 -0.21751
v 0.05416 0.07128 -0.21751
v 0.05205 0.07214 -0.21751
v 0.04979 0.07292 -0.21751
v 0.04738 0.07362 -0.21751
v 0.04479 0.07425 -0.21751
v 0.04200 0.07480 -0.21751
v 0.03897 0.07528 -0.21751
v 0.03563 0.07568 -0.21751
v 0.03192 0.07601 -0.21751
v 0.02767 0.07627 -0.21751
v 0.02261 0.07645 -0.21751
v 0.01600 0.07656 -0.21751
v 0.00000 0.07660 -0.21751
v -0.01600 0.07656 -0.21751
v -0.02261 0.07645 -0.21751
v -0.02767 0.07627 -0.21751
v -0.03192 0.07601 -0.21751
v -0.03563 0.07568 -0.21751
v -0.03897 0.07528 -0.21751
v -0.04200 0.07480 -0.21751
v -0.04479 0.07425 -0.21751
v -0.04738 0.07362 -0.21751
v -0.04979 0.07292 -0.21751
v -0.05205 0.07214 -0.21751
v -0.05416 0.07128 -0.21751
v -0.05614 0.07034 -0.21751
v -0.05801 0.06932 -0.21751
v -0.05976 0.06822 -0.21751
v -0.06141 0.06704 -0.21751
v -0.06296 0.06577 -0.21751
v -0.06441 0.06441 -0.21751
v -0.06577 0.06296 -0.21751
v -0.06704 0.06141 -0.21751
v -0.06822 0.05976 -0.21751
v -0.06932 0.05801 -0.21751
v -0.07034 0.05614 -0.21751
v -0.07128 0.05416 -0.21751
v -0.07214 0.05205 -0.21751
v -0.07292 0.04979 -0.21751
v -0.07362 0.04738 -0.21751
v -0.07425 0.04479 -0.21751
v -0.07480 0.04200 -0.21751
v -0.07528 0.03897 -0.21751
v -0.07568 0.03563 -0.21751
v -0.07601 0.03192 -0.21751
v -0.07627 0.02767 -0.21751
v -0.07645 0.02261 -0.21751
v -0.07656 0.01600 -0.21751
v -0.07819 -0.00000 -0.21251
v -0.07815 -0.01633 -0.21251
v -0.07804 -0.02308 -0.21251
v -0.07786 -0.02825 -0.21251
v -0.07759 -0.03258 -0.21251
v -0.07726 -0.03638 -0.21251
v -0.07685 -0.03978 -0.21251
v -0.07636 -0.04288 -0.21251
v -0.07580 -0.04573 -0.21251
v -0.07516 -0.04837 -0.21251
v -0.07444 -0.05083 -0.21251
v -0.07364 -0.05313 -0.21251
v -0.07277 -0.05529 -0.21251
v -0.07181 -0.05731 -0.21251
v -0.07077 -0.05922 -0.21251
v -0.06965 -0.06101 -0.21251
v -0.06844 -0.06269 -0.21251
v -0.06714 -0.06427 -0.21251
v -0.06575 -0.06575 -0.21251
v -0.06427 -0.06714 -0.21251
v -0.06269 -0.06844 -0.21251
v -0.06101 -0.06965 -0.21251
v -0.05922 -0.07077 -0.21251
v -0.05731 -0.07181 -0.21251
v -0.05529 -0.07277 -0.21251
v -0.05313 -0.07364 -0.21251
v -0.05083 -0.07444 -0.21251
v -0.04837 -0.07516 -0.21251
v -0.04573 -0.07580 -0.21251
v -0.04288 -0.07636 -0.21251
v -0.03978 -0.07685 -0.21251
v -0.03638 -0.07726 -0.21251
v -0.03258 -0.07759 -0.21251
v -0.02825 -0.07786 -0.21251
v -0.02308 -0.07804 -0.21251
v -0.01633 -0.07815 -0.21251
v 0.00000 -0.07819 -0.21251
v 0.01633 -0.07815 -0.21251
v 0.02308 -0.07804 -0.21251
v 0.02825 -0.07786 -0.21251
v 0.03258 -0.07759 -0.21251
v 0.03638 -0.07726 -0.21251
v 0.03978 -0.07685 -0.21251
v 0.04288 -0.07636 -0.21251
v 0.04573 -0.07580 -0.21251
v 0.04837 -0.07516 -0.21251
v 0.05083 -0.07444 -0.21251
v 0.05313 -0.07364 -0.21251
v 0.05529 -0.07277 -0.21251
v 0.05731 -0.07181 -0.21251
v 0.05922 -0.07077 -0.21251
v 0.06101 -0.06965 -0.21251
v 0.06269 -0.06844 -0.21251
v 0.06427 -0.06714 -0.21251
v 0.06575 -0.06575 -0.21251
v 0.06714 -0.06427 -0.21251
v 0.06844 -0.06269 -0.21251
v 0.06965 -0.06101 -0.21251
v 0.07077 -0.05922 -0.21251
v 0.07181 -0.05731 -0.21251
v 0.07277 -0.05529 -0.21251
v 0.07364 -0.05313 -0.21251
v 0.07444 -0.05083 -0.21251
v 0.07516 -0.04837 -0.21251
v 0.07580 -0.04573 -0.21251
v 0.07636 -0.04288 -0.21251
v 0.07685 -0.03978 -0.21251
v 0.07726 -0.03638 -0.21251
v 0.07759 -0.03258 -0.21251
v 0.07786 -0.02825 -0.21251
v 0.07804 -0.02308 -0.21251
v 0.07815 -0.01633 -0.21251
v 0.07819 0.00000 -0.21251
v 0.07815 0.01633 -0.21251
v 0.07804 0.02308 -0.21251
v 0.07786 0.02825 -0.21251
v 0.07759 0.03258 -0.21251
v 0.07726 0.03638 -0.21251
v 0.07685 0.03978 -0.21251
v 0.07636 0.04288 -0.21251
v 0.07580 0.04573 -0.21251
v 0.07516 0.04837 -0.21251
v 0.07444 0.05083 -0.21251
v 0.07364 0.05313 -0.21251
v 0.07277 0.05529 -0.21251
v 0.07181 0.05731 -0.21251
v 0.07077 0.05922 -0.21251
v 0.06965 0.06101 -0.21251
v 0.06844 0.06269 -0.21251
v 0.06714 0.06427 -0.21251
v 0.06575 0.06575 -0.21251
v 0.06427 0.06714 -0.21251
v 0.06269 0.06844 -0.21251
v 0.06101 0.06965 -0.21251
v 0.05922 0.07077 -0.21251
v 0.05731 0.07181 -0.21251
v 0.05529 0.07277 -0.21251
v 0.05313 0.07364 -0.21251
v 0.05083 0.07444 -0.21251
v 0.04837 0.07516 -0.21251
v 0.04573 0.07580 -0.21251
v 0.04288 0.07636 -0.21251
v 0.03978 0.07685 -0.21251
v 0.03638 0.07726 -0.21251
v 0.03258 0.07759 -0.21251
v 0.02825 0.07786 -0.21251
v 0.02308 0.07804 -0.21251
v 0.01633 0.07815 -0.21251
v 0.00000 0.07819 -0.21251
v -0.01633 0.07815 -0.21251
v -0.02308 0.07804 -0.21251
v -0.02825 0.07786 -0.21251
v -0.03258 0.07759 -0.21251
v -0.03638 0.07726 -0.21251
v -0.03978 0.07685 -0.21251
v -0.04288 0.07636 -0.21251
v -0.04573 0.07580 -0.21251
v -0.04837 0.07516 -0.21251
v -0.05083 0.07444 -0.21251
v -0.05313 0.07364 -0.21251
v -0.05529 0.07277 -0.21251
v -0.05731 0.07181 -0.21251
v -0.05922 0.07077 -0.21251
v -0.06101 0.06965 -0.21251
v -0.06269 0.06844 -0.21251
v -0.06427 0.06714 -0.21251
v -0.06575 0.06575 -0.21251
v -0.06714 0.06427 -0.21251
v -0.06844 0.06269 -0.21251
v -0.06965 0.06101 -0.21251
v -0.07077 0.05922 -0.21251
v -0.07181 0.05731 -0.21251
v -0.07277 0.05529 -0.21251
v -0.07364 0.05313 -0.21251
v -0.07444 0.05083 -0.21251
v -0.07516 0.04837 -0.21251
v -0.07580 0.04573 -0.21251
v -0.07636 0.04288 -0.21251
v -0.07685 0.03978 -0.21251
v -0.07726 0.03638 -0.21251
v -0.07759 0.03258 -0.21251
v -0.07786 0.02825 -0.21251
v -0.07804 0.02308 -0.21251
v -0.07815 0.01633 -0.21251
v -0.07971 -0.00000 -0.20716
v -0.07968 -0.01665 -0.20716
v -0.07956 -0.02353 -0.20716
v -0.07937 -0.02880 -0.20716
v -0.07911 -0.03322 -0.20716
v -0.07876 -0.03709 -0.20716
v -0.07834 -0.04055 -0.20716
v -0.07785 -0.04371 -0.20716
v -0.07727 -0.04662 -0.20716
v -0.07662 -0.04931 -0.20716
v -0.07589 -0.05182 -0.20716
v -0.07508 -0.05417 -0.20716
v -0.07418 -0.05637 -0.20716
v -0.07321 -0.05843 -0.20716
v -0.07215 -0.06037 -0.20716
v -0.07100 -0.06220 -0.20716
v -0.06977 -0.06391 -0.20716
v -0.06845 -0.06552 -0.20716
v -0.06703 -0.06703 -0.20716
v -0.06552 -0.06845 -0.20716
v -0.06391 -0.06977 -0.20716
v -0.06220 -0.07100 -0.20716
v -0.06037 -0.07215 -0.20716
v -0.05843 -0.07321 -0.20716
v -0.05637 -0.07418 -0.20716
v -0.05417 -0.07508 -0.20716
v -0.05182 -0.07589 -0.20716
v -0.04931 -0.07662 -0.20716
v -0.04662 -0.07727 -0.20716
v -0.04371 -0.07785 -0.20716
v -0.04055 -0.07834 -0.20716
v -0.03709 -0.07876 -0.20716
v -0.03322 -0.07911 -0.20716
v -0.02880 -0.07937 -0.20716
v -0.02353 -0.07956 -0.20716
v -0.01665 -0.07968 -0.20716
v 0.00000 -0.07971 -0.20716
v 0.01665 -0.07968 -0.20716
v 0.02353 -0.07956 -0.20716
v 0.02880 -0.07937 -0.20716
v 0.03322 -0.07911 -0.20716
v 0.03709 -0.07876 -0.20716
v 0.04055 -0.07834 -0.20716
v 0.04371 -0.07785 -0.20716
v 0.04662 -0.07727 -0.20716
v 0.04931 -0.07662 -0.20716
v 0.05182 -0.07589 -0.20716
v 0.05417 -0.07508 -0.20716
v 0.05637 -0.07418 -0.20716
v 0.05843 -0.07321 -0.20716
v 0.06037 -0.07215 -0.20716
v 0.06220 -0.07100 -0.20716
v 0.06391 -0.06977 -0.20716
v 0.06552 -0.06845 -0.20716
v 0.06703 -0.06703 -0.20716
v 0.06845 -0.06552 -0.20716
v 0.06977 -0.06391 -0.20716
v 0.07100 -0.06220 -0.20716
v 0.07215 -0.06037 -0.20716
v 0.07321 -0.05843 -0.20716
v 0.07418 -0.05637 -0.20716
v 0.07508 -0.05417 -0.20716
v 0.07589 -0.05182 -0.20716
v 0.07662 -0.04931 -0.20716
v 0.07727 -0.04662 -0.20716
v 0.07785 -0.04371 -0.20716
v 0.07834 -0.04055 -0.20716
v 0.07876 -0.03709 -0.20716
v 0.07911 -0.03322 -0.20716
v 0.07937 -0.02880 -0.20716
v 0.07956 -0.02353 -0.20716
v 0.07968 -0.01665 -0.20716
v 0.07971 0.00000 -0.20716
v 0.07968 0.01665 -0.20716
v 0.07956 0.02353 -0.20716
v 0.07937 0.02880 -0.20716
v 0.07911 0.03322 -0.20716
v 0.07876 0.03709 -0.20716
v 0.07834 0.04055 -0.20716
v 0.07785 0.04371 -0.20716
v 0.07727 0.04662 -0.20716
v 0.07662 0.04931 -0.20716
v 0.07589 0.05182 -0.20716
v 0.07508 0.05417 -0.20716
v 0.07418 0.05637 -0.20716
v 0.07321 0.05843 -0.20716
v 0.07215 0.06037 -0.20716
v 0.07100 0.06220 -0.20716
v 0.06977 0.06391 -0.20716
v 0.06845 0.06552 -0.20716
v 0.06703 0.06703 -0.20716
v 0.06552 0.06845 -0.20716
v 0.06391 0.06977 -0.20716
v 0.06220 0.07100 -0.20716
v 0.06037 0.07215 -0.20716
v 0.05843 0.07321 -0.20716
v 0.05637 0.07418 -0.20716
v 0.05417 0.07508 -0.20716
v 0.05182 0.07589 -0.20716
v 0.04931 0.07662 -0.20716
v 0.04662 0.07727 -0.20716
v 0.04371 0.07785 -0.20716
v 0.04055 0.07834 -0.20716
v 0.03709 0.07876 -0.20716
v 0.03322 0.07911 -0.20716
v 0.02880 0.07937 -0.20716
v 0.02353 0.07956 -0.20716
v 0.01665 0.07968 -0.20716
v 0.00000 0.07971 -0.20716
v -0.01665 0.07968 -0.20716
v -0.02353 0.07956 -0.20716
v -0.02880 0.07937 -0.20716
v -0.03322 0.07911 -0.20716
v -0.03709 0.07876 -0.20716
v -0.04055 0.07834 -0.20716
v -0.04371 0.07785 -0.20716
v -0.04662 0.07727 -0.20716
v -0.04931 0.07662 -0.20716
v -0.05182 0.07589 -0.20716
v -0.05417 0.07508 -0.20716
v -0.05637 0.07418 -0.20716
v -0.05843 0.07321 -0.20716
v -0.06037 0.07215 -0.20716
v -0.06220 0.07100 -0.20716
v -0.06391 0.06977 -0.20716
v -0.06552 0.06845 -0.20716
v -0.06703 0.06703 -0.20716
v -0.06845 0.06552 -0.20716
v -0.06977 0.06391 -0.20716
v -0.07100 0.06220 -0.20716
v -0.07215 0.06037 -0.20716
v -0.07321 0.05843 -0.20716
v -0.07418 0.05637 -0.20716
v -0.07508 0.05417 -0.20716
v -0.07589 0.05182 -0.20716
v -0.07662 0.04931 -0.20716
v -0.07727 0.04662 -0.20716
v -0.07785 0.04371 -0.20716
v -0.07834 0.04055 -0.20716
v -0.07876 0.03709 -0.20716
v -0.07911 0.03322 -0.20716
v -0.07937 0.02880 -0.20716
v -0.07956 0.02353 -0.20716
v -0.07968 0.01665 -0.20716
v -0.08117 -0.00000 -0.20145
v -0.08113 -0.01695 -0.20145
v -0.08101 -0.02396 -0.20145
v -0.08082 -0.02933 -0.20145
v -0.08055 -0.03382 -0.20145
v -0.08020 -0.03776 -0.20145
v -0.07977 -0.04129 -0.20145
v -0.07927 -0.04451 -0.20145
v -0.07868 -0.04747 -0.20145
v -0.07802 -0.05021 -0.20145
v -0.07727 -0.05277 -0.20145
v -0.07645 -0.05516 -0.20145
v -0.07554 -0.05740 -0.20145
v -0.07454 -0.05950 -0.20145
v -0.07346 -0.06147 -0.20145
v -0.07230 -0.06333 -0.20145
v -0.07104 -0.06508 -0.20145
v -0.06970 -0.06672 -0.20145
v -0.06825 -0.06825 -0.20145
v -0.06672 -0.06970 -0.20145
v -0.06508 -0.07104 -0.20145
v -0.06333 -0.07230 -0.20145
v -0.06147 -0.07346 -0.20145
v -0.05950 -0.07454 -0.20145
v -0.05740 -0.07554 -0.20145
v -0.05516 -0.07645 -0.20145
v -0.05277 -0.07727 -0.20145
v -0.05021 -0.07802 -0.20145
v -0.04747 -0.07868 -0.20145
v -0.04451 -0.07927 -0.20145
v -0.04129 -0.07977 -0.20145
v -0.03776 -0.08020 -0.20145
v -0.03382 -0.08055 -0.20145
v -0.02933 -0.08082 -0.20145
v -0.02396 -0.08101 -0.20145
v -0.01695 -0.08113 -0.20145
v 0.00000 -0.08117 -0.20145
v 0.01695 -0.08113 -0.20145
v 0.02396 -0.08101 -0.20145
v 0.02933 -0.08082 -0.20145
v 0.03382 -0.08055 -0.20145
v 0.03776 -0.08020 -0.20145
v 0.04129 -0.07977 -0.20145
v 0.04451 -0.07927 -0.20145
v 0.04747 -0.07868 -0.20145
v 0.05021 -0.07802 -0.20145
v 0.05277 -0.07727 -0.20145
v 0.05516 -0.07645 -0.20145
v 0.05740 -0.07554 -0.20145
v 0.05950 -0.07454 -0.20145
v 0.06147 -0.07346 -0.20145
v 0.06333 -0.07230 -0.20145
v 0.06508 -0.07104 -0.20145
v 0.06672 -0.06970 -0.20145
v 0.06825 -0.06825 -0.20145
v 0.06970 -0.06672 -0.20145
v 0.07104 -0.06508 -0.20145
v 0.07230 -0.06333 -0.20145
v 0.07346 -0.06147 -0.20145
v 0.07454 -0.05950 -0.20145
v 0.07554 -0.05740 -0.20145
v 0.07645 -0.05516 -0.20145
v 0.07727 -0.05277 -0.20145
v 0.07802 -0.05021 -0.20145
v 0.07868 -0.04747 -0.20145
v 0.07927 -0.04451 -0.20145
v 0.07977 -0.04129 -0.20145
v 0.08020 -0.03776 -0.20145
v 0.08055 -0.03382 -0.20145
v 0.08082 -0.02933 -0.20145
v 0.08101 -0.02396 -0.20145
v 0.08113 -0.01695 -0.20145
v 0.08117 0.00000 -0.20145
v 0.08113 0.01695 -0.20145
v 0.08101 0.02396 -0.20145
v 0.08082 0.02933 -0.20145
v 0.08055 0.03382 -0.20145
v 0.08020 0.03776 -0.20145
v 0.07977 0.04129 -0.20145
v 0.07927 0.04451 -0.20145
v 0.07868 0.04747 -0.20145
v 0.07802 0.05021 -0.20145
v 0.07727 0.05277 -0.20145
v 0.07645 0.05516 -0.20145
v 0.07554 0.05740 -0.20145
v 0.07454 0.05950 -0.20145
v 0.07346 0.06147 -0.20145
v 0.07230 0.06333 -0.20145
v 0.07104 0.06508 -0.20145
v 0.06970 0.06672 -0.20145
v 0.06825 0.06825 -0.20145
v 0.06672 0.06970 -0.20145
v 0.06508 0.07104 -0.20145
v 0.06333 0.07230 -0.20145
v 0.06147 0.07346 -0.20145
v 0.05950 0.07454 -0.20145
v 0.05740 0.07554 -0.20145
v 0.05516 0.07645 -0.20145
v 0.05277 0.07727 -0.20145
v 0.05021 0.07802 -0.20145
v 0.04747 0.07868 -0.20145
v 0.04451 0.07927 -0.20145
v 0.04129 0.07977 -0.20145
v 0.03776 0.08020 -0.20145
v 0.03382 0.08055 -0.20145
v 0.02933 0.08082 -0.20145
v 0.02396 0.08101 -0.20145
v 0.01695 0.08113 -0.20145
v 0.00000 0.08117 -0.20145
v -0.01695 0.08113 -0.20145
v -0.02396 0.08101 -0.20145
v -0.02933 0.08082 -0.20145
v -0.03382 0.08055 -0.20145
v -0.03776 0.08020 -0.20145
v -0.04129 0.07977 -0.20145
v -0.04451 0.07927 -0.20145
v -0.04747 0.07868 -0.20145
v -0.05021 0.07802 -0.20145
v -0.05277 0.07727 -0.20145
v -0.05516 0.07645 -0.20145
v -0.05740 0.07554 -0.20145
v -0.05950 0.07454 -0.20145
v -0.06147 0.07346 -0.20145
v -0.06333 0.07230 -0.20145
v -0.06508 0.07104 -0.20145
v -0.06672 0.06970 -0.20145
v -0.06825 0.06825 -0.20145
v -0.06970 0.06672 -0.20145
v -0.07104 0.06508 -0.20145
v -0.07230 0.06333 -0.20145
v -0.07346 0.06147 -0.20145
v -0.07454 0.05950 -0.20145
v -0.07554 0.05740 -0.20145
v -0.07645 0.05516 -0.20145
v -0.07727 0.05277 -0.20145
v -0.07802 0.05021 -0.20145
v -0.07868 0.04747 -0.20145
v -0.07927 0.04451 -0.20145
v -0.07977 0.04129 -0.20145
v -0.08020 0.03776 -0.20145
v -0.08055 0.03382 -0.20145
v -0.08082 0.02933 -0.20145
v -0.08101 0.02396 -0.20145
v -0.08113 0.01695 -0.20145
v -0.08256 -0.00000 -0.19536
v -0.08252 -0.01724 -0.19536
v -0.08240 -0.02437 -0.19536
v -0.08220 -0.02983 -0.19536
v -0.08193 -0.03440 -0.19536
v -0.08157 -0.03841 -0.19536
v -0.08114 -0.04200 -0.19536
v -0.08062 -0.04527 -0.19536
v -0.08003 -0.04828 -0.19536
v -0.07935 -0.05107 -0.19536
v -0.07859 -0.05367 -0.19536
v -0.07775 -0.05610 -0.19536
v -0.07683 -0.05838 -0.19536
v -0.07582 -0.06052 -0.19536
v -0.07472 -0.06252 -0.19536
v -0.07353 -0.06441 -0.19536
v -0.07226 -0.06619 -0.19536
v -0.07089 -0.06786 -0.19536
v -0.06942 -0.06942 -0.19536
v -0.06786 -0.07089 -0.19536
v -0.06619 -0.07226 -0.19536
v -0.06441 -0.07353 -0.19536
v -0.06252 -0.07472 -0.19536
v -0.06052 -0.07582 -0.19536
v -0.05838 -0.07683 -0.19536
v -0.05610 -0.07775 -0.19536
v -0.05367 -0.07859 -0.19536
v -0.05107 -0.07935 -0.19536
v -0.04828 -0.08003 -0.19536
v -0.04527 -0.08062 -0.19536
v -0.04200 -0.08114 -0.19536
v -0.03841 -0.08157 -0.19536
v -0.03440 -0.08193 -0.19536
v -0.02983 -0.08220 -0.19536
v -0.02437 -0.08240 -0.19536
v -0.01724 -0.08252 -0.19536
v 0.00000 -0.08256 -0.19536
v 0.01724 -0.08252 -0.19536
v 0.02437 -0.08240 -0.19536
v 0.02983 -0.08220 -0.19536
v 0.03440 -0.08193 -0.19536
v 0.03841 -0.08157 -0.19536
v 0.04200 -0.08114 -0.19536
v 0.04527 -0.08062 -0.19536
v 0.04828 -0.08003 -0.19536
v 0.05107 -0.07935 -0.19536
v 0.05367 -0.07859 -0.19536
v 0.05610 -0.07775 -0.19536
v 0.05838 -0.07683 -0.19536
v 0.06052 -0.07582 -0.19536
v 0.06252 -0.07472 -0.19536
v 0.06441 -0.07353 -0.19536
v 0.06619 -0.07226 -0.19536
v 0.06786 -0.07089 -0.19536
v 0.06942 -0.06942 -0.19536
v 0.07089 -0.06786 -0.19536
v 0.07226 -0.06619 -0.19536
v 0.07353 -0.06441 -0.19536
v 0.07472 -0.06252 -0.19536
v 0.07582 -0.06052 -0.19536
v 0.07683 -0.05838 -0.19536
v 0.07775 -0.05610 -0.19536
v 0.07859 -0.05367 -0.19536
v 0.07935 -0.05107 -0.19536
v 0.08003 -0.04828 -0.19536
v 0.08062 -0.04527 -0.19536
v 0.08114 -0.04200 -0.19536
v 0.08157 -0.03841 -0.19536
v 0.08193 -0.03440 -0.19536
v 0.08220 -0.02983 -0.19536
v 0.08240 -0.02437 -0.19536
v 0.08252 -0.01724 -0.19536
v 0.08256 0.00000 -0.19536
v 0.08252 0.01724 -0.19536
v 0.08240 0.02437 -0.19536
v 0.08220 0.02983 -0.19536
v 0.08193 0.03440 -0.19536
v 0.08157 0.03841 -0.19536
v 0.08114 0.04200 -0.19536
v 0.08062 0.04527 -0.19536
v 0.08003 0.04828 -0.19536
v 0.07935 0.05107 -0.19536
v 0.07859 0.05367 -0.19536
v 0.07775 0.05610 -0.19536
v 0.07683 0.05838 -0.19536
v 0.07582 0.06052 -0.19536
v 0.07472 0.06252 -0.19536
v 0.07353 0.06441 -0.19536
v 0.07226 0.06619 -0.19536
v 0.07089 0.06786 -0.19536
v 0.06942 0.06942 -0.19536
v 0.06786 0.07089 -0.19536
v 0.06619 0.07226 -0.19536
v 0.06441 0.07353 -0.19536
v 0.06252 0.07472 -0.19536
v 0.06052 0.07582 -0.19536
v 0.05838 0.07683 -0.19536
v 0.05610 0.07775 -0.19536
v 0.05367 0.07859 -0.19536
v 0.05107 0.07935 -0.19536
v 0.04828 0.08003 -0.19536
v 0.04527 0.08062 -0.19536
v 0.04200 0.08114 -0.19536
v 0.03841 0.08157 -0.19536
v 0.03440 0.08193 -0.19536
v 0.02983 0.08220 -0.19536
v 0.02437 0.08240 -0.19536
v 0.01724 0.08252 -0.19536
v 0.00000 0.08256 -0.19536
v -0.01724 0.08252 -0.19536
v -0.02437 0.08240 -0.19536
v -0.02983 0.08220 -0.19536
v -0.03440 0.08193 -0.19536
v -0.03841 0.08157 -0.19536
v -0.04200 0.08114 -0.19536
v -0.04527 0.08062 -0.19536
v -0.04828 0.08003 -0.19536
v -0.05107 0.07935 -0.19536
v -0.05367 0.07859 -0.19536
v -0.05610 0.07775 -0.19536
v -0.05838 0.07683 -0.19536
v -0.06052 0.07582 -0.19536
v -0.06252 0.07472 -0.19536
v -0.06441 0.07353 -0.19536
v -0.06619 0.07226 -0.19536
v -0.06786 0.07089 -0.19536
v -0.06942 0.06942 -0.19536
v -0.07089 0.06786 -0.19536
v -0.07226 0.06619 -0.19536
v -0.07353 0.06441 -0.19536
v -0.07472 0.06252 -0.19536
v -0.07582 0.06052 -0.19536
v -0.07683 0.05838 -0.19536
v -0.07775 0.05610 -0.19536
v -0.07859 0.05367 -0.19536
v -0.07935 0.05107 -0.19536
v -0.08003 0.04828 -0.19536
v -0.08062 0.04527 -0.19536
v -0.08114 0.04200 -0.19536
v -0.08157 0.03841 -0.19536
v -0.08193 0.03440 -0.19536
v -0.08220 0.02983 -0.19536
v -0.08240 0.02437 -0.19536
v -0.08252 0.01724 -0.19536
v -0.08388 -0.00000 -0.18884
v -0.08384 -0.01752 -0.18884
v -0.08372 -0.02476 -0.18884
v -0.08352 -0.03031 -0.18884
v -0.08324 -0.03495 -0.18884
v -0.08288 -0.03902 -0.18884
v -0.08244 -0.04267 -0.18884
v -0.08192 -0.04600 -0.18884
v -0.08131 -0.04906 -0.18884
v -0.08063 -0.05189 -0.18884
v -0.07986 -0.05453 -0.18884
v -0.07900 -0.05700 -0.18884
v -0.07806 -0.05931 -0.18884
v -0.07703 -0.06149 -0.18884
v -0.07592 -0.06353 -0.18884
v -0.07471 -0.06545 -0.18884
v -0.07342 -0.06725 -0.18884
v -0.07203 -0.06895 -0.18884
v -0.07054 -0.07054 -0.18884
v -0.06895 -0.07203 -0.18884
v -0.06725 -0.07342 -0.18884
v -0.06545 -0.07471 -0.18884
v -0.06353 -0.07592 -0.18884
v -0.06149 -0.07703 -0.18884
v -0.05931 -0.07806 -0.18884
v -0.05700 -0.07900 -0.18884
v -0.05453 -0.07986 -0.18884
v -0.05189 -0.08063 -0.18884
v -0.04906 -0.08131 -0.18884
v -0.04600 -0.08192 -0.18884
v -0.04267 -0.08244 -0.18884
v -0.03902 -0.08288 -0.18884
v -0.03495 -0.08324 -0.18884
v -0.03031 -0.08352 -0.18884
v -0.02476 -0.08372 -0.18884
v -0.01752 -0.08384 -0.18884
v 0.00000 -0.08388 -0.18884
v 0.01752 -0.08384 -0.18884
v 0.02476 -0.08372 -0.18884
v 0.03031 -0.08352 -0.18884
v 0.03495 -0.08324 -0.18884
v 0.03902 -0.08288 -0.18884
v 0.04267 -0.08244 -0.18884
v 0.04600 -0.08192 -0.18884
v 0.04906 -0.08131 -0.18884
v 0.05189 -0.08063 -0.18884
v 0.05453 -0.07986 -0.18884
v 0.05700 -0.07900 -0.18884
v 0.05931 -0.07806 -0.18884
v 0.06149 -0.07703 -0.18884
v 0.06353 -0.07592 -0.18884
v 0.06545 -0.07471 -0.18884
v 0.06725 -0.07342 -0.18884
v 0.06895 -0.07203 -0.18884
v 0.07054 -0.07054 -0.18884
v 0.07203 -0.06895 -0.18884
v 0.07342 -0.06725 -0.18884
v 0.07471 -0.06545 -0.18884
v 0.07592 -0.06353 -0.18884
v 0.07703 -0.06149 -0.18884
v 0.07806 -0.05931 -0.18884
v 0.07900 -0.05700 -0.18884
v 0.07986 -0.05453 -0.18884
v 0.08063 -0.05189 -0.18884
v 0.08131 -0.04906 -0.18884
v 0.08192 -0.04600 -0.18884
v 0.08244 -0.04267 -0.18884
v 0.08288 -0.03902 -0.18884
v 0.08324 -0.03495 -0.18884
v 0.08352 -0.03031 -0.18884
v 0.08372 -0.02476 -0.18884
v 0.08384 -0.01752 -0.18884
v 0.08388 0.00000 -0.18884
v 0.08384 0.01752 -0.18884
v 0.08372 0.02476 -0.18884
v 0.08352 0.03031 -0.18884
v 0.08324 0.03495 -0.18884
v 0.08288 0.03902 -0.18884
v 0.08244 0.04267 -0.18884
v 0.08192 0.04600 -0.18884
v 0.08131 0.04906 -0.18884
v 0.08063 0.05189 -0.18884
v 0.07986 0.05453 -0.18884
v 0.07900 0.05700 -0.18884
v 0.07806 0.05931 -0.18884
v 0.07703 0.06149 -0.18884
v 0.07592 0.06353 -0.18884
v 0.07471 0.06545 -0.18884
v 0.07342 0.06725 -0.18884
v 0.07203 0.06895 -0.18884
v 0.07054 0.07054 -0.18884
v 0.06895 0.07203 -0.18884
v 0.06725 0.07342 -0.18884
v 0.06545 0.07471 -0.18884
v 0.06353 0.07592 -0.18884
v 0.06149 0.07703 -0.18884
v 0.05931 0.07806 -0.18884
v 0.05700 0.07900 -0.18884
v 0.05453 0.07986 -0.18884
v 0.05189 0.08063 -0.18884
v 0.04906 0.08131 -0.18884
v 0.04600 0.08192 -0.18884
v 0.04267 0.08244 -0.18884
v 0.03902 0.08288 -0.18884
v 0.03495 0.08324 -0.18884
v 0.03031 0.08352 -0.18884
v 0.02476 0.08372 -0.18884
v 0.01752 0.08384 -0.18884
v 0.00000 0.08388 -0.18884
v -0.01752 0.08384 -0.18884
v -0.02476 0.08372 -0.18884
v -0.03031 0.08352 -0.18884
v -0.03495 0.08324 -0.18884
v -0.03902 0.08288 -0.18884
v -0.04267 0.08244 -0.18884
v -0.04600 0.08192 -0.18884
v -0.04906 0.08131 -0.18884
v -0.05189 0.08063 -0.18884
v -0.05453 0.07986 -0.18884
v -0.05700 0.07900 -0.18884
v -0.05931 0.07806 -0.18884
v -0.06149 0.07703 -0.18884
v -0.06353 0.07592 -0.18884
v -0.06545 0.07471 -0.18884
v -0.06725 0.07342 -0.18884
v -0.06895 0.07203 -0.18884
v -0.07054 0.07054 -0.18884
v -0.07203 0.06895 -0.18884
v -0.07342 0.06725 -0.18884
v -0.07471 0.06545 -0.18884
v -0.07592 0.06353 -0.18884
v -0.07703 0.06149 -0.18884
v -0.07806 0.05931 -0.18884
v -0.07900 0.05700 -0.18884
v -0.07986 0.05453 -0.18884
v -0.08063 0.05189 -0.18884
v -0.08131 0.04906 -0.18884
v -0.08192 0.04600 -0.18884
v -0.08244 0.04267 -0.18884
v -0.08288 0.03902 -0.18884
v -0.08324 0.03495 -0.18884
v -0.08352 0.03031 -0.18884
v -0.08372 0.02476 -0.18884
v -0.08384 0.01752 -0.18884
v -0.08515 -0.00000 -0.18186
v -0.08511 -0.01778 -0.18186
v -0.08498 -0.02514 -0.18186
v -0.08478 -0.03076 -0.18186
v -0.08450 -0.03548 -0.18186
v -0.08413 -0.03961 -0.18186
v -0.08368 -0.04332 -0.18186
v -0.08315 -0.04669 -0.18186
v -0.08254 -0.04980 -0.18186
v -0.08184 -0.05267 -0.18186
v -0.08106 -0.05535 -0.18186
v -0.08019 -0.05786 -0.18186
v -0.07924 -0.06021 -0.18186
v -0.07820 -0.06241 -0.18186
v -0.07706 -0.06449 -0.18186
v -0.07584 -0.06643 -0.18186
v -0.07452 -0.06827 -0.18186
v -0.07311 -0.06999 -0.18186
v -0.07160 -0.07160 -0.18186
v -0.06999 -0.07311 -0.18186
v -0.06827 -0.07452 -0.18186
v -0.06643 -0.07584 -0.18186
v -0.06449 -0.07706 -0.18186
v -0.06241 -0.07820 -0.18186
v -0.06021 -0.07924 -0.18186
v -0.05786 -0.08019 -0.18186
v -0.05535 -0.08106 -0.18186
v -0.05267 -0.08184 -0.18186
v -0.04980 -0.08254 -0.18186
v -0.04669 -0.08315 -0.18186
v -0.04332 -0.08368 -0.18186
v -0.03961 -0.08413 -0.18186
v -0.03548 -0.08450 -0.18186
v -0.03076 -0.08478 -0.18186
v -0.02514 -0.08498 -0.18186
v -0.01778 -0.08511 -0.18186
v 0.00000 -0.08515 -0.18186
v 0.01778 -0.08511 -0.18186
v 0.02514 -0.08498 -0.18186
v 0.03076 -0.08478 -0.18186
v 0.03548 -0.08450 -0.18186
v 0.03961 -0.08413 -0.18186
v 0.04332 -0.08368 -0.18186
v 0.04669 -0.08315 -0.18186
v 0.04980 -0.08254 -0.18186
v 0.05267 -0.08184 -0.18186
v 0.05535 -0.08106 -0.18186
v 0.05786 -0.08019 -0.18186
v 0.06021 -0.07924 -0.18186
v 0.06241 -0.07820 -0.18186
v 0.06449 -0.07706 -0.18186
v 0.06643 -0.07584 -0.18186
v 0.06827 -0.07452 -0.18186
v 0.06999 -0.07311 -0.18186
v 0.07160 -0.07160 -0.18186
v 0.07311 -0.06999 -0.18186
v 0.07452 -0.06827 -0.18186
v 0.07584 -0.06643 -0.18186
v 0.07706 -0.06449 -0.18186
v 0.07820 -0.06241 -0.18186
v 0.07924 -0.06021 -0.18186
v 0.08019 -0.05786 -0.18186
v 0.08106 -0.05535 -0.18186
v 0.08184 -0.05267 -0.18186
v 0.08254 -0.04980 -0.18186
v 0.08315 -0.04669 -0.18186
v 0.08368 -0.04332 -0.18186
v 0.08413 -0.03961 -0.18186
v 0.08450 -0.03548 -0.18186
v 0.08478 -0.03076 -0.18186
v 0.08498 -0.02514 -0.18186
v 0.08511 -0.01778 -0.18186
v 0.08515 0.00000 -0.18186
v 0.08511 0.01778 -0.18186
v 0.08498 0.02514 -0.18186
v 0.08478 0.03076 -0.18186
v 0.08450 0.03548 -0.18186
v 0.08413 0.03961 -0.18186
v 0.08368 0.04332 -0.18186
v 0.08315 0.04669 -0.18186
v 0.08254 0.04980 -0.18186
v 0.08184 0.05267 -0.18186
v 0.08106 0.05535 -0.18186
v 0.08019 0.05786 -0.18186
v 0.07924 0.06021 -0.18186
v 0.07820 0.06241 -0.18186
v 0.07706 0.06449 -0.18186
v 0.07584 0.06643 -0.18186
v 0.07452 0.06827 -0.18186
v 0.07311 0.06999 -0.18186
v 0.07160 0.07160 -0.18186
v 0.06999 0.07311 -0.18186
v 0.06827 0.07452 -0.18186
v 0.06643 0.07584 -0.18186
v 0.06449 0.07706 -0.18186
v 0.06241 0.07820 -0.18186
v 0.06021 0.07924 -0.18186
v 0.05786 0.08019 -0.18186
v 0.05535 0.08106 -0.18186
v 0.05267 0.08184 -0.18186
v 0.04980 0.08254 -0.18186
v 0.04669 0.08315 -0.18186
v 0.04332 0.08368 -0.18186
v 0.03961 0.08413 -0.18186
v 0.03548 0.08450 -0.18186
v 0.03076 0.08478 -0.18186
v 0.02514 0.08498 -0.18186
v 0.01778 0.08511 -0.18186
v 0.00000 0.08515 -0.18186
v -0.01778 0.08511 -0.18186
v -0.02514 0.08498 -0.18186
v -0.03076 0.08478 -0.18186
v -0.03548 0.08450 -0.18186
v -0.03961 0.08413 -0.18186
v -0.04332 0.08368 -0.18186
v -0.04669 0.08315 -0.18186
v -0.04980 0.08254 -0.18186
v -0.05267 0.08184 -0.18186
v -0.05535 0.08106 -0.18186
v -0.05786 0.08019 -0.18186
v -0.06021 0.07924 -0.18186
v -0.06241 0.07820 -0.18186
v -0.06449 0.07706 -0.18186
v -0.06643 0.07584 -0.18186
v -0.06827 0.07452 -0.18186
v -0.06999 0.07311 -0.18186
v -0.07160 0.07160 -0.18186
v -0.07311 0.06999 -0.18186
v -0.07452 0.06827 -0.18186
v -0.07584 0.06643 -0.18186
v -0.07706 0.06449 -0.18186
v -0.07820 0.06241 -0.18186
v -0.07924 0.06021 -0.18186
v -0.08019 0.05786 -0.18186
v -0.08106 0.05535 -0.18186
v -0.08184 0.05267 -0.18186
v -0.08254 0.04980 -0.18186
v -0.08315 0.04669 -0.18186
v -0.08368 0.04332 -0.18186
v -0.08413 0.03961 -0.18186
v -0.08450 0.03548 -0.18186
v -0.08478 0.03076 -0.18186
v -0.08498 0.02514 -0.18186
v -0.08511 0.01778 -0.18186
v -0.08635 -0.00000 -0.17437
v -0.08631 -0.01804 -0.17437
v -0.08619 -0.02549 -0.17437
v -0.08598 -0.03120 -0.17437
v -0.08570 -0.03598 -0.17437
v -0.08532 -0.04017 -0.17437
v -0.08487 -0.04393 -0.17437
v -0.08433 -0.04735 -0.17437
v -0.08371 -0.05050 -0.17437
v -0.08300 -0.05342 -0.17437
v -0.08221 -0.05614 -0.17437
v -0.08133 -0.05868 -0.17437
v -0.08036 -0.06106 -0.17437
v -0.07930 -0.06330 -0.17437
v -0.07816 -0.06540 -0.17437
v -0.07692 -0.06738 -0.17437
v -0.07558 -0.06923 -0.17437
v -0.07415 -0.07098 -0.17437
v -0.07261 -0.07261 -0.17437
v -0.07098 -0.07415 -0.17437
v -0.06923 -0.07558 -0.17437
v -0.06738 -0.07692 -0.17437
v -0.06540 -0.07816 -0.17437
v -0.06330 -0.07930 -0.17437
v -0.06106 -0.08036 -0.17437
v -0.05868 -0.08133 -0.17437
v -0.05614 -0.08221 -0.17437
v -0.05342 -0.08300 -0.17437
v -0.05050 -0.08371 -0.17437
v -0.04735 -0.08433 -0.17437
v -0.04393 -0.08487 -0.17437
v -0.04017 -0.08532 -0.17437
v -0.03598 -0.08570 -0.17437
v -0.03120 -0.08598 -0.17437
v -0.02549 -0.08619 -0.17437
v -0.01804 -0.08631 -0.17437
v 0.00000 -0.08635 -0.17437
v 0.01804 -0.08631 -0.17437
v 0.02549 -0.08619 -0.17437
v 0.03120 -0.08598 -0.17437
v 0.03598 -0.08570 -0.17437
v 0.04017 -0.08532 -0.17437
v 0.04393 -0.08487 -0.17437
v 0.04735 -0.08433 -0.17437
v 0.05050 -0.08371 -0.17437
v 0.05342 -0.08300 -0.17437
v 0.05614 -0.08221 -0.17437
v 0.05868 -0.08133 -0.17437
v 0.06106 -0.08036 -0.17437
v 0.06330 -0.07930 -0.17437
v 0.06540 -0.07816 -0.17437
v 0.06738 -0.07692 -0.17437
v 0.06923 -0.07558 -0.17437
v 0.07098 -0.07415 -0.17437
v 0.07261 -0.07261 -0.17437
v 0.07415 -0.07098 -0.17437
v 0.07558 -0.06923 -0.17437
v 0.07692 -0.06738 -0.17437
v 0.07816 -0.06540 -0.17437
v 0.07930 -0.06330 -0.17437
v 0.08036 -0.06106 -0.17437
v 0.08133 -0.05868 -0.17437
v 0.08221 -0.05614 -0.17437
v 0.08300 -0.05342 -0.17437
v 0.08371 -0.05050 -0.17437
v 0.08433 -0.04735 -0.17437
v 0.08487 -0.04393 -0.17437
v 0.08532 -0.04017 -0.17437
v 0.08570 -0.03598 -0.17437
v 0.08598 -0.03120 -0.17437
v 0.08619 -0.02549 -0.17437
v 0.08631 -0.01804 -0.17437
v 0.08635 0.00000 -0.17437
v 0.08631 0.01804 -0.17437
v 0.08619 0.02549 -0.17437
v 0.08598 0.03120 -0.17437
v 0.08570 0.03598 -0.17437
v 0.08532 0.04017 -0.17437
v 0.08487 0.04393 -0.17437
v 0.08433 0.04735 -0.17437
v 0.08371 0.05050 -0.17437
v 0.08300 0.05342 -0.17437
v 0.08221 0.05614 -0.17437
v 0.08133 0.05868 -0.17437
v 0.08036 0.06106 -0.17437
v 0.07930 0.06330 -0.17437
v 0.07816 0.06540 -0.17437
v 0.07692 0.06738 -0.17437
v 0.07558 0.06923 -0.17437
v 0.07415 0.07098 -0.17437
v 0.07261 0.07261 -0.17437
v 0.07098 0.07415 -0.17437
v 0.06923 0.07558 -0.17437
v 0.06738 0.07692 -0.17437
v 0.06540 0.07816 -0.17437
v 0.06330 0.07930 -0.17437
v 0.06106 0.08036 -0.17437
v 0.05868 0.08133 -0.17437
v 0.05614 0.08221 -0.17437
v 0.05342 0.08300 -0.17437
v 0.05050 0.08371 -0.17437
v 0.04735 0.08433 -0.17437
v 0.04393 0.08487 -0.17437
v 0.04017 0.08532 -0.17437
v 0.03598 0.08570 -0.17437
v 0.03120 0.08598 -0.17437
v 0.02549 0.08619 -0.17437
v 0.01804 0.08631 -0.17437
v 0.00000 0.08635 -0.17437
v -0.01804 0.08631 -0.17437
v -0.02549 0.08619 -0.17437
v -0.03120 0.08598 -0.17437
v -0.03598 0.08570 -0.17437
v -0.04017 0.08532 -0.17437
v -0.04393 0.08487 -0.17437
v -0.04735 0.08433 -0.17437
v -0.05050 0.08371 -0.17437
v -0.05342 0.08300 -0.17437
v -0.05614 0.08221 -0.17437
v -0.05868 0.08133 -0.17437
v -0.06106 0.08036 -0.17437
v -0.06330 0.07930 -0.17437
v -0.06540 0.07816 -0.17437
v -0.06738 0.07692 -0.17437
v -0.06923 0.07558 -0.17437
v -0.07098 0.07415 -0.17437
v -0.07261 0.07261 -0.17437
v -0.07415 0.07098 -0.17437
v -0.07558 0.06923 -0.17437
v -0.07692 0.06738 -0.17437
v -0.07816 0.06540 -0.17437
v -0.07930 0.06330 -0.17437
v -0.08036 0.06106 -0.17437
v -0.08133 0.05868 -0.17437
v -0.08221 0.05614 -0.17437
v -0.08300 0.05342 -0.17437
v -0.08371 0.05050 -0.17437
v -0.08433 0.04735 -0.17437
v -0.08487 0.04393 -0.17437
v -0.08532 0.04017 -0.17437
v -0.08570 0.03598 -0.17437
v -0.08598 0.03120 -0.17437
v -0.08619 0.02549 -0.17437
v -0.08631 0.01804 -0.17437
v -0.08751 -0.00000 -0.16630
v -0.08747 -0.01828 -0.16630
v -0.08734 -0.02583 -0.16630
v -0.08713 -0.03161 -0.16630
v -0.08684 -0.03647 -0.16630
v -0.08646 -0.04071 -0.16630
v -0.08600 -0.04452 -0.16630
v -0.08546 -0.04799 -0.16630
v -0.08483 -0.05118 -0.16630
v -0.08411 -0.05413 -0.16630
v -0.08331 -0.05689 -0.16630
v -0.08242 -0.05946 -0.16630
v -0.08143 -0.06188 -0.16630
v -0.08036 -0.06414 -0.16630
v -0.07920 -0.06627 -0.16630
v -0.07794 -0.06828 -0.16630
v -0.07659 -0.07016 -0.16630
v -0.07514 -0.07193 -0.16630
v -0.07358 -0.07358 -0.16630
v -0.07193 -0.07514 -0.16630
v -0.07016 -0.07659 -0.16630
v -0.06828 -0.07794 -0.16630
v -0.06627 -0.07920 -0.16630
v -0.06414 -0.08036 -0.16630
v -0.06188 -0.08143 -0.16630
v -0.05946 -0.08242 -0.16630
v -0.05689 -0.08331 -0.16630
v -0.05413 -0.08411 -0.16630
v -0.05118 -0.08483 -0.16630
v -0.04799 -0.08546 -0.16630
v -0.04452 -0.08600 -0.16630
v -0.04071 -0.08646 -0.16630
v -0.03647 -0.08684 -0.16630
v -0.03161 -0.08713 -0.16630
v -0.02583 -0.08734 -0.16630
v -0.01828 -0.08747 -0.16630
v 0.00000 -0.08751 -0.16630
v 0.01828 -0.08747 -0.16630
v 0.02583 -0.08734 -0.16630
v 0.03161 -0.08713 -0.16630
v 0.03647 -0.08684 -0.16630
v 0.04071 -0.08646 -0.16630
v 0.04452 -0.08600 -0.16630
v 0.04799 -0.08546 -0.16630
v 0.05118 -0.08483 -0.16630
v 0.05413 -0.08411 -0.16630
v 0.05689 -0.08331 -0.16630
v 0.05946 -0.08242 -0.16630
v 0.06188 -0.08143 -0.16630
v 0.06414 -0.08036 -0.16630
v 0.06627 -0.07920 -0.16630
v 0.06828 -0.07794 -0.16630
v 0.07016 -0.07659 -0.16630
v 0.07193 -0.07514 -0.16630
v 0.07358 -0.07358 -0.16630
v 0.07514 -0.07193 -0.16630
v 0.07659 -0.07016 -0.16630
v 0.07794 -0.06828 -0.16630
v 0.07920 -0.06627 -0.16630
v 0.08036 -0.06414 -0.16630
v 0.08143 -0.06188 -0.16630
v 0.08242 -0.05946 -0.16630
v 0.08331 -0.05689 -0.16630
v 0.08411 -0.05413 -0.16630
v 0.08483 -0.05118 -0.16630
v 0.08546 -0.04799 -0.16630
v 0.08600 -0.04452 -0.16630
v 0.08646 -0.04071 -0.16630
v 0.08684 -0.03647 -0.16630
v 0.08713 -0.03161 -0.16630
v 0.08734 -0.02583 -0.16630
v 0.08747 -0.01828 -0.16630
v 0.08751 0.00000 -0.16630
v 0.08747 0.01828 -0.16630
v 0.08734 0.02583 -0.16630
v 0.08713 0.03161 -0.16630
v 0.08684 0.03647 -0.16630
v 0.08646 0.04071 -0.16630
v 0.08600 0.04452 -0.16630
v 0.08546 0.04799 -0.16630
v 0.08483 0.05118 -0.16630
v 0.08411 0.05413 -0.16630
v 0.08331 0.05689 -0.16630
v 0.08242 0.05946 -0.16630
v 0.08143 0.06188 -0.16630
v 0.08036 0.06414 -0.16630
v 0.07920 0.06627 -0.16630
v 0.07794 0.06828 -0.16630
v 0.07659 0.07016 -0.16630
v 0.07514 0.07193 -0.16630
v 0.07358 0.07358 -0.16630
v 0.07193 0.07514 -0.16630
v 0.07016 0.07659 -0.16630
v 0.06828 0.07794 -0.16630
v 0.06627 0.07920 -0.16630
v 0.06414 0.08036 -0.16630
v 0.06188 0.08143 -0.16630
v 0.05946 0.08242 -0.16630
v 0.05689 0.08331 -0.16630
v 0.05413 0.08411 -0.16630
v 0.05118 0.08483 -0.16630
v 0.04799 0.08546 -0.16630
v 0.04452 0.08600 -0.16630
v 0.04071 0.08646 -0.16630
v 0.03647 0.08684 -0.16630
v 0.03161 0.08713 -0.16630
v 0.02583 0.08734 -0.16630
v 0.01828 0.08747 -0.16630
v 0.00000 0.08751 -0.16630
v -0.01828 0.08747 -0.16630
v -0.02583 0.08734 -0.16630
v -0.03161 0.08713 -0.16630
v -0.03647 0.08684 -0.16630
v -0.04071 0.08646 -0.16630
v -0.04452 0.08600 -0.16630
v -0.04799 0.08546 -0.16630
v -0.05118 0.08483 -0.16630
v -0.05413 0.08411 -0.16630
v -0.05689 0.08331 -0.16630
v -0.05946 0.08242 -0.16630
v -0.06188 0.08143 -0.16630
v -0.06414 0.08036 -0.16630
v -0.06627 0.07920 -0.16630
v -0.06828 0.07794 -0.16630
v -0.07016 0.07659 -0.16630
v -0.07193 0.07514 -0.16630
v -0.07358 0.07358 -0.16630
v -0.07514 0.07193 -0.16630
v -0.07659 0.07016 -0.16630
v -0.07794 0.06828 -0.16630
v -0.07920 0.06627 -0.16630
v -0.08036 0.06414 -0.16630
v -0.08143 0.06188 -0.16630
v -0.08242 0.05946 -0.16630
v -0.08331 0.05689 -0.16630
v -0.08411 0.05413 -0.16630
v -0.08483 0.05118 -0.16630
v -0.08546 0.04799 -0.16630
v -0.08600 0.04452 -0.16630
v -0.08646 0.04071 -0.16630
v -0.08684 0.03647 -0.16630
v -0.08713 0.03161 -0.16630
v -0.08734 0.02583 -0.16630
v -0.08747 0.01828 -0.16630
v -0.08861 -0.00000 -0.15757
v -0.08857 -0.01851 -0.15757
v -0.08844 -0.02616 -0.15757
v -0.08823 -0.03201 -0.15757
v -0.08793 -0.03692 -0.15757
v -0.08755 -0.04122 -0.15757
v -0.08709 -0.04508 -0.15757
v -0.08654 -0.04859 -0.15757
v -0.08590 -0.05182 -0.15757
v -0.08517 -0.05482 -0.15757
v -0.08436 -0.05760 -0.15757
v -0.08345 -0.06021 -0.15757
v -0.08246 -0.06266 -0.15757
v -0.08138 -0.06495 -0.15757
v -0.08020 -0.06711 -0.15757
v -0.07893 -0.06914 -0.15757
v -0.07756 -0.07104 -0.15757
v -0.07609 -0.07283 -0.15757
v -0.07451 -0.07451 -0.15757
v -0.07283 -0.07609 -0.15757
v -0.07104 -0.07756 -0.15757
v -0.06914 -0.07893 -0.15757
v -0.06711 -0.08020 -0.15757
v -0.06495 -0.08138 -0.15757
v -0.06266 -0.08246 -0.15757
v -0.06021 -0.08345 -0.15757
v -0.05760 -0.08436 -0.15757
v -0.05482 -0.08517 -0.15757
v -0.05182 -0.08590 -0.15757
v -0.04859 -0.08654 -0.15757
v -0.04508 -0.08709 -0.15757
v -0.04122 -0.08755 -0.15757
v -0.03692 -0.08793 -0.15757
v -0.03201 -0.08823 -0.15757
v -0.02616 -0.08844 -0.15757
v -0.01851 -0.08857 -0.15757
v 0.00000 -0.08861 -0.15757
v 0.01851 -0.08857 -0.15757
v 0.02616 -0.08844 -0.15757
v 0.03201 -0.08823 -0.15757
v 0.03692 -0.08793 -0.15757
v 0.04122 -0.08755 -0.15757
v 0.04508 -0.08709 -0.15757
v 0.04859 -0.08654 -0.15757
v 0.05182 -0.08590 -0.15757
v 0.05482 -0.08517 -0.15757
v 0.05760 -0.08436 -0.15757
v 0.06021 -0.08345 -0.15757
v 0.06266 -0.08246 -0.15757
v 0.06495 -0.08138 -0.15757
v 0.06711 -0.08020 -0.15757
v 0.06914 -0.07893 -0.15757
v 0.07104 -0.07756 -0.15757
v 0.07283 -0.07609 -0.15757
v 0.07451 -0.07451 -0.15757
v 0.07609 -0.07283 -0.15757
v 0.07756 -0.07104 -0.15757
v 0.07893 -0.06914 -0.15757
v 0.08020 -0.06711 -0.15757
v 0.08138 -0.06495 -0.15757
v 0.08246 -0.06266 -0.15757
v 0.08345 -0.06021 -0.15757
v 0.08436 -0.05760 -0.15757
v 0.08517 -0.05482 -0.15757
v 0.08590 -0.05182 -0.15757
v 0.08654 -0.04859 -0.15757
v 0.08709 -0.04508 -0.15757
v 0.08755 -0.04122 -0.15757
v 0.08793 -0.03692 -0.15757
v 0.08823 -0.03201 -0.15757
v 0.08844 -0.02616 -0.15757
v 0.08857 -0.01851 -0.15757
v 0.08861 0.00000 -0.15757
v 0.08857 0.01851 -0.15757
v 0.08844 0.02616 -0.15757
v 0.08823 0.03201 -0.15757
v 0.08793 0.03692 -0.15757
v 0.08755 0.04122 -0.15757
v 0.08709 0.04508 -0.15757
v 0.08654 0.04859 -0.15757
v 0.08590 0.05182 -0.15757
v 0.08517 0.05482 -0.15757
v 0.08436 0.05760 -0.15757
v 0.08345 0.06021 -0.15757
v 0.08246 0.06266 -0.15757
v 0.08138 0.06495 -0.15757
v 0.08020 0.06711 -0.15757
v 0.07893 0.06914 -0.15757
v 0.07756 0.07104 -0.15757
v 0.07609 0.07283 -0.15757
v 0.07451 0.07451 -0.15757
v 0.07283 0.07609 -0.15757
v 0.07104 0.07756 -0.15757
v 0.06914 0.07893 -0.15757
v 0.06711 0.08020 -0.15757
v 0.06495 0.08138 -0.15757
v 0.06266 0.08246 -0.15757
v 0.06021 0.08345 -0.15757
v 0.05760 0.08436 -0.15757
v 0.05482 0.08517 -0.15757
v 0.05182 0.08590 -0.15757
v 0.04859 0.08654 -0.15757
v 0.04508 0.08709 -0.15757
v 0.04122 0.08755 -0.15757
v 0.03692 0.08793 -0.15757
v 0.03201 0.08823 -0.15757
v 0.02616 0.08844 -0.15757
v 0.01851 0.08857 -0.15757
v 0.00000 0.08861 -0.15757
v -0.01851 0.08857 -0.15757
v -0.02616 0.08844 -0.15757
v -0.03201 0.08823 -0.15757
v -0.03692 0.08793 -0.15757
v -0.04122 0.08755 -0.15757
v -0.04508 0.08709 -0.15757
v -0.04859 0.08654 -0.15757
v -0.05182 0.08590 -0.15757
v -0.05482 0.08517 -0.15757
v -0.05760 0.08436 -0.15757
v -0.06021 0.08345 -0.15757
v -0.06266 0.08246 -0.15757
v -0.06495 0.08138 -0.15757
v -0.06711 0.08020 -0.15757
v -0.06914 0.07893 -0.15757
v -0.07104 0.07756 -0.15757
v -0.07283 0.07609 -0.15757
v -0.07451 0.07451 -0.15757
v -0.07609 0.07283 -0.15757
v -0.07756 0.07104 -0.15757
v -0.07893 0.06914 -0.15757
v -0.08020 0.06711 -0.15757
v -0.08138 0.06495 -0.15757
v -0.08246 0.06266 -0.15757
v -0.08345 0.06021 -0.15757
v -0.08436 0.05760 -0.15757
v -0.08517 0.05482 -0.15757
v -0.08590 0.05182 -0.15757
v -0.08654 0.04859 -0.15757
v -0.08709 0.04508 -0.15757
v -0.08755 0.04122 -0.15757
v -0.08793 0.03692 -0.15757
v -0.08823 0.03201 -0.15757
v -0.08844 0.02616 -0.15757
v -0.08857 0.01851 -0.15757
v -0.08967 -0.00000 -0.14805
v -0.08963 -0.01873 -0.14805
v -0.08950 -0.02647 -0.14805
v -0.08928 -0.03240 -0.14805
v -0.08899 -0.03737 -0.14805
v -0.08860 -0.04172 -0.14805
v -0.08813 -0.04562 -0.14805
v -0.08757 -0.04917 -0.14805
v -0.08692 -0.05244 -0.14805
v -0.08619 -0.05547 -0.14805
v -0.08537 -0.05829 -0.14805
v -0.08445 -0.06093 -0.14805
v -0.08345 -0.06341 -0.14805
v -0.08235 -0.06573 -0.14805
v -0.08116 -0.06791 -0.14805
v -0.07987 -0.06996 -0.14805
v -0.07848 -0.07189 -0.14805
v -0.07699 -0.07370 -0.14805
v -0.07540 -0.07540 -0.14805
v -0.07370 -0.07699 -0.14805
v -0.07189 -0.07848 -0.14805
v -0.06996 -0.07987 -0.14805
v -0.06791 -0.08116 -0.14805
v -0.06573 -0.08235 -0.14805
v -0.06341 -0.08345 -0.14805
v -0.06093 -0.08445 -0.14805
v -0.05829 -0.08537 -0.14805
v -0.05547 -0.08619 -0.14805
v -0.05244 -0.08692 -0.14805
v -0.04917 -0.08757 -0.14805
v -0.04562 -0.08813 -0.14805
v -0.04172 -0.08860 -0.14805
v -0.03737 -0.08899 -0.14805
v -0.03240 -0.08928 -0.14805
v -0.02647 -0.08950 -0.14805
v -0.01873 -0.08963 -0.14805
v 0.00000 -0.08967 -0.14805
v 0.01873 -0.08963 -0.14805
v 0.02647 -0.08950 -0.14805
v 0.03240 -0.08928 -0.14805
v 0.03737 -0.08899 -0.14805
v 0.04172 -0.08860 -0.14805
v 0.04562 -0.08813 -0.14805
v 0.04917 -0.08757 -0.14805
v 0.05244 -0.08692 -0.14805
v 0.05547 -0.08619 -0.14805
v 0.05829 -0.08537 -0.14805
v 0.06093 -0.08445 -0.14805
v 0.06341 -0.08345 -0.14805
v 0.06573 -0.08235 -0.14805
v 0.06791 -0.08116 -0.14805
v 0.06996 -0.07987 -0.14805
v 0.07189 -0.07848 -0.14805
v 0.07370 -0.07699 -0.14805
v 0.07540 -0.07540 -0.14805
v 0.07699 -0.07370 -0.14805
v 0.07848 -0.07189 -0.14805
v 0.07987 -0.06996 -0.14805
v 0.08116 -0.06791 -0.14805
v 0.08235 -0.06573 -0.14805
v 0.08345 -0.06341 -0.14805
v 0.08445 -0.06093 -0.14805
v 0.08537 -0.05829 -0.14805
v 0.08619 -0.05547 -0.14805
v 0.08692 -0.05244 -0.14805
v 0.08757 -0.04917 -0.14805
v 0.08813 -0.04562 -0.14805
v 0.08860 -0.04172 -0.14805
v 0.08899 -0.03737 -0.14805
v 0.08928 -0.03240 -0.14805
v 0.08950 -0.02647 -0.14805
v 0.08963 -0.01873 -0.14805
v 0.08967 0.00000 -0.14805
v 0.08963 0.01873 -0.14805
v 0.08950 0.02647 -0.14805
v 0.08928 0.03240 -0.14805
v 0.08899 0.03737 -0.14805
v 0.08860 0.04172 -0.14805
v 0.08813 0.04562 -0.14805
v 0.08757 0.04917 -0.14805
v 0.08692 0.05244 -0.14805
v 0.08619 0.05547 -0.14805
v 0.08537 0.05829 -0.14805
v 0.08445 0.06093 -0.14805
v 0.08345 0.06341 -0.14805
v 0.08235 0.06573 -0.14805
v 0.08116 0.06791 -0.14805
v 0.07987 0.06996 -0.14805
v 0.07848 0.07189 -0.14805
v 0.07699 0.07370 -0.14805
v 0.07540 0.07540 -0.14805
v 0.07370 0.07699 -0.14805
v 0.07189 0.07848 -0.14805
v 0.06996 0.07987 -0.14805
v 0.06791 0.08116 -0.14805
v 0.06573 0.08235 -0.14805
v 0.06341 0.08345 -0.14805
v 0.06093 0.08445 -0.14805
v 0.05829 0.08537 -0.14805
v 0.05547 0.08619 -0.14805
v 0.05244 0.08692 -0.14805
v 0.04917 0.08757 -0.14805
v 0.04562 0.08813 -0.14805
v 0.04172 0.08860 -0.14805
v 0.03737 0.08899 -0.14805
v 0.03240 0.08928 -0.14805
v 0.02647 0.08950 -0.14805
v 0.01873 0.08963 -0.14805
v 0.00000 0.08967 -0.14805
v -0.01873 0.08963 -0.14805
v -0.02647 0.08950 -0.14805
v -0.03240 0.08928 -0.14805
v -0.03737 0.08899 -0.14805
v -0.04172 0.08860 -0.14805
v -0.04562 0.08813 -0.14805
v -0.04917 0.08757 -0.14805
v -0.05244 0.08692 -0.14805
v -0.05547 0.08619 -0.14805
v -0.05829 0.08537 -0.14805
v -0.06093 0.08445 -0.14805
v -0.06341 0.08345 -0.14805
v -0.06573 0.08235 -0.14805
v -0.06791 0.08116 -0.14805
v -0.06996 0.07987 -0.14805
v -0.07189 0.07848 -0.14805
v -0.07370 0.07699 -0.14805
v -0.07540 0.07540 -0.14805
v -0.07699 0.07370 -0.14805
v -0.07848 0.07189 -0.14805
v -0.07987 0.06996 -0.14805
v -0.08116 0.06791 -0.14805
v -0.08235 0.06573 -0.14805
v -0.08345 0.06341 -0.14805
v -0.08445 0.06093 -0.14805
v -0.08537 0.05829 -0.14805
v -0.08619 0.05547 -0.14805
v -0.08692 0.05244 -0.14805
v -0.08757 0.04917 -0.14805
v -0.08813 0.04562 -0.14805
v -0.08860 0.04172 -0.14805
v -0.08899 0.03737 -0.14805
v -0.08928 0.03240 -0.14805
v -0.08950 0.02647 -0.14805
v -0.08963 0.01873 -0.14805
v -0.09069 -0.00000 -0.13757
v -0.09065 -0.01894 -0.13757
v -0.09052 -0.02677 -0.13757
v -0.09030 -0.03277 -0.13757
v -0.09000 -0.03779 -0.13757
v -0.08961 -0.04219 -0.13757
v -0.08913 -0.04614 -0.13757
v -0.08857 -0.04973 -0.13757
v -0.08791 -0.05304 -0.13757
v -0.08717 -0.05610 -0.13757
v -0.08634 -0.05896 -0.13757
v -0.08541 -0.06163 -0.13757
v -0.08440 -0.06413 -0.13757
v -0.08329 -0.06648 -0.13757
v -0.08208 -0.06869 -0.13757
v -0.08078 -0.07076 -0.13757
v -0.07938 -0.07271 -0.13757
v -0.07787 -0.07454 -0.13757
v -0.07626 -0.07626 -0.13757
v -0.07454 -0.07787 -0.13757
v -0.07271 -0.07938 -0.13757
v -0.07076 -0.08078 -0.13757
v -0.06869 -0.08208 -0.13757
v -0.06648 -0.08329 -0.13757
v -0.06413 -0.08440 -0.13757
v -0.06163 -0.08541 -0.13757
v -0.05896 -0.08634 -0.13757
v -0.05610 -0.08717 -0.13757
v -0.05304 -0.08791 -0.13757
v -0.04973 -0.08857 -0.13757
v -0.04614 -0.08913 -0.13757
v -0.04219 -0.08961 -0.13757
v -0.03779 -0.09000 -0.13757
v -0.03277 -0.09030 -0.13757
v -0.02677 -0.09052 -0.13757
v -0.01894 -0.09065 -0.13757
v 0.00000 -0.09069 -0.13757
v 0.01894 -0.09065 -0.13757
v 0.02677 -0.09052 -0.13757
v 0.03277 -0.09030 -0.13757
v 0.03779 -0.09000 -0.13757
v 0.04219 -0.08961 -0.13757
v 0.04614 -0.08913 -0.13757
v 0.04973 -0.08857 -0.13757
v 0.05304 -0.08791 -0.13757
v 0.05610 -0.08717 -0.13757
v 0.05896 -0.08634 -0.13757
v 0.06163 -0.08541 -0.13757
v 0.06413 -0.08440 -0.13757
v 0.06648 -0.08329 -0.13757
v 0.06869 -0.08208 -0.13757
v 0.07076 -0.08078 -0.13757
v 0.07271 -0.07938 -0.13757
v 0.07454 -0.07787 -0.13757
v 0.07626 -0.07626 -0.13757
v 0.07787 -0.07454 -0.13757
v 0.07938 -0.07271 -0.13757
v 0.08078 -0.07076 -0.13757
v 0.08208 -0.06869 -0.13757
v 0.08329 -0.06648 -0.13757
v 0.08440 -0.06413 -0.13757
v 0.08541 -0.06163 -0.13757
v 0.08634 -0.05896 -0.13757
v 0.08717 -0.05610 -0.13757
v 0.08791 -0.05304 -0.13757
v 0.08857 -0.04973 -0.13757
v 0.08913 -0.04614 -0.13757
v 0.08961 -0.04219 -0.13757
v 0.09000 -0.03779 -0.13757
v 0.09030 -0.03277 -0.13757
v 0.09052 -0.02677 -0.13757
v 0.09065 -0.01894 -0.13757
v 0.09069 0.00000 -0.13757
v 0.09065 0.01894 -0.13757
v 0.09052 0.02677 -0.13757
v 0.09030 0.03277 -0.13757
v 0.09000 0.03779 -0.13757
v 0.08961 0.04219 -0.13757
v 0.08913 0.04614 -0.13757
v 0.08857 0.04973 -0.13757
v 0.08791 0.05304 -0.13757
v 0.08717 0.05610 -0.13757
v 0.08634 0.05896 -0.13757
v 0.08541 0.06163 -0.13757
v 0.08440 0.06413 -0.13757
v 0.08329 0.06648 -0.13757
v 0.08208 0.06869 -0.13757
v 0.08078 0.07076 -0.13757
v 0.07938 0.07271 -0.13757
v 0.07787 0.07454 -0.13757
v 0.07626 0.07626 -0.13757
v 0.07454 0.07787 -0.13757
v 0.07271 0.07938 -0.13757
v 0.07076 0.08078 -0.13757
v 0.06869 0.08208 -0.13757
v 0.06648 0.08329 -0.13757
v 0.06413 0.08440 -0.13757
v 0.06163 0.08541 -0.13757
v 0.05896 0.08634 -0.13757
v 0.05610 0.08717 -0.13757
v 0.05304 0.08791 -0.13757
v 0.04973 0.08857 -0.13757
v 0.04614 0.08913 -0.13757
v 0.04219 0.08961 -0.13757
v 0.03779 0.09000 -0.13757
v 0.03277 0.09030 -0.13757
v 0.02677 0.09052 -0.13757
v 0.01894 0.09065 -0.13757
v 0.00000 0.09069 -0.13757
v -0.01894 0.09065 -0.13757
v -0.02677 0.09052 -0.13757
v -0.03277 0.09030 -0.13757
v -0.03779 0.09000 -0.13757
v -0.04219 0.08961 -0.13757
v -0.04614 0.08913 -0.13757
v -0.04973 0.08857 -0.13757
v -0.05304 0.08791 -0.13757
v -0.05610 0.08717 -0.13757
v -0.05896 0.08634 -0.13757
v -0.06163 0.08541 -0.13757
v -0.06413 0.08440 -0.13757
v -0.06648 0.08329 -0.13757
v -0.06869 0.08208 -0.13757
v -0.07076 0.08078 -0.13757
v -0.07271 0.07938 -0.13757
v -0.07454 0.07787 -0.13757
v -0.07626 0.07626 -0.13757
v -0.07787 0.07454 -0.13757
v -0.07938 0.07271 -0.13757
v -0.08078 0.07076 -0.13757
v -0.08208 0.06869 -0.13757
v -0.08329 0.06648 -0.13757
v -0.08440 0.06413 -0.13757
v -0.08541 0.06163 -0.13757
v -0.08634 0.05896 -0.13757
v -0.08717 0.05610 -0.13757
v -0.08791 0.05304 -0.13757
v -0.08857 0.04973 -0.13757
v -0.08913 0.04614 -0.13757
v -0.08961 0.04219 -0.13757
v -0.09000 0.03779 -0.13757
v -0.09030 0.03277 -0.13757
v -0.09052 0.02677 -0.13757
v -0.09065 0.01894 -0.13757
v -0.09169 -0.00000 -0.12588
v -0.09164 -0.01915 -0.12588
v -0.09151 -0.02707 -0.12588
v -0.09130 -0.03313 -0.12588
v -0.09099 -0.03821 -0.12588
v -0.09059 -0.04266 -0.12588
v -0.09011 -0.04665 -0.12588
v -0.08954 -0.05028 -0.12588
v -0.08888 -0.05362 -0.12588
v -0.08813 -0.05672 -0.12588
v -0.08729 -0.05961 -0.12588
v -0.08635 -0.06230 -0.12588
v -0.08533 -0.06483 -0.12588
v -0.08420 -0.06721 -0.12588
v -0.08298 -0.06944 -0.12588
v -0.08167 -0.07154 -0.12588
v -0.08025 -0.07351 -0.12588
v -0.07873 -0.07536 -0.12588
v -0.07710 -0.07710 -0.12588
v -0.07536 -0.07873 -0.12588
v -0.07351 -0.08025 -0.12588
v -0.07154 -0.08167 -0.12588
v -0.06944 -0.08298 -0.12588
v -0.06721 -0.08420 -0.12588
v -0.06483 -0.08533 -0.12588
v -0.06230 -0.08635 -0.12588
v -0.05961 -0.08729 -0.12588
v -0.05672 -0.08813 -0.12588
v -0.05362 -0.08888 -0.12588
v -0.05028 -0.08954 -0.12588
v -0.04665 -0.09011 -0.12588
v -0.04266 -0.09059 -0.12588
v -0.03821 -0.09099 -0.12588
v -0.03313 -0.09130 -0.12588
v -0.02707 -0.09151 -0.12588
v -0.01915 -0.09164 -0.12588
v 0.00000 -0.09169 -0.12588
v 0.01915 -0.09164 -0.12588
v 0.02707 -0.09151 -0.12588
v 0.03313 -0.09130 -0.12588
v 0.03821 -0.09099 -0.12588
v 0.04266 -0.09059 -0.12588
v 0.04665 -0.09011 -0.12588
v 0.05028 -0.08954 -0.12588
v 0.05362 -0.08888 -0.12588
v 0.05672 -0.08813 -0.12588
v 0.05961 -0.08729 -0.12588
v 0.06230 -0.08635 -0.12588
v 0.06483 -0.08533 -0.12588
v 0.06721 -0.08420 -0.12588
v 0.06944 -0.08298 -0.12588
v 0.07154 -0.08167 -0.12588
v 0.07351 -0.08025 -0.12588
v 0.07536 -0.07873 -0.12588
v 0.07710 -0.07710 -0.12588
v 0.07873 -0.07536 -0.12588
v 0.08025 -0.07351 -0.12588
v 0.08167 -0.07154 -0.12588
v 0.08298 -0.06944 -0.12588
v 0.08420 -0.06721 -0.12588
v 0.08533 -0.06483 -0.12588
v 0.08635 -0.06230 -0.12588
v 0.08729 -0.05961 -0.12588
v 0.08813 -0.05672 -0.12588
v 0.08888 -0.05362 -0.12588
v 0.08954 -0.05028 -0.12588
v 0.09011 -0.04665 -0.12588
v 0.09059 -0.04266 -0.12588
v 0.09099 -0.03821 -0.12588
v 0.09130 -0.03313 -0.12588
v 0.09151 -0.02707 -0.12588
v 0.09164 -0.01915 -0.12588
v 0.09169 0.00000 -0.12588
v 0.09164 0.01915 -0.12588
v 0.09151 0.02707 -0.12588
v 0.09130 0.03313 -0.12588
v 0.09099 0.03821 -0.12588
v 0.09059 0.04266 -0.12588
v 0.09011 0.04665 -0.12588
v 0.08954 0.05028 -0.12588
v 0.08888 0.05362 -0.12588
v 0.08813 0.05672 -0.12588
v 0.08729 0.05961 -0.12588
v 0.08635 0.06230 -0.12588
v 0.08533 0.06483 -0.12588
v 0.08420 0.06721 -0.12588
v 0.08298 0.06944 -0.12588
v 0.08167 0.07154 -0.12588
v 0.08025 0.07351 -0.12588
v 0.07873 0.07536 -0.12588
v 0.07710 0.07710 -0.12588
v 0.07536 0.07873 -0.12588
v 0.07351 0.08025 -0.12588
v 0.07154 0.08167 -0.12588
v 0.06944 0.08298 -0.12588
v 0.06721 0.08420 -0.12588
v 0.06483 0.08533 -0.12588
v 0.06230 0.08635 -0.12588
v 0.05961 0.08729 -0.12588
v 0.05672 0.08813 -0.12588
v 0.05362 0.08888 -0.12588
v 0.05028 0.08954 -0.12588
v 0.04665 0.09011 -0.12588
v 0.04266 0.09059 -0.12588
v 0.03821 0.09099 -0.12588
v 0.03313 0.09130 -0.12588
v 0.02707 0.09151 -0.12588
v 0.01915 0.09164 -0.12588
v 0.00000 0.09169 -0.12588
v -0.01915 0.09164 -0.12588
v -0.02707 0.09151 -0.12588
v -0.03313 0.09130 -0.12588
v -0.03821 0.09099 -0.12588
v -0.04266 0.09059 -0.12588
v -0.04665 0.09011 -0.12588
v -0.05028 0.08954 -0.12588
v -0.05362 0.08888 -0.12588
v -0.05672 0.08813 -0.12588
v -0.05961 0.08729 -0.12588
v -0.06230 0.08635 -0.12588
v -0.06483 0.08533 -0.12588
v -0.06721 0.08420 -0.12588
v -0.06944 0.08298 -0.12588
v -0.07154 0.08167 -0.12588
v -0.07351 0.08025 -0.12588
v -0.07536 0.07873 -0.12588
v -0.07710 0.07710 -0.12588
v -0.07873 0.07536 -0.12588
v -0.08025 0.07351 -0.12588
v -0.08167 0.07154 -0.12588
v -0.08298 0.06944 -0.12588
v -0.08420 0.06721 -0.12588
v -0.08533 0.06483 -0.12588
v -0.08635 0.06230 -0.12588
v -0.08729 0.05961 -0.12588
v -0.08813 0.05672 -0.12588
v -0.08888 0.05362 -0.12588
v -0.08954 0.05028 -0.12588
v -0.09011 0.04665 -0.12588
v -0.09059 0.04266 -0.12588
v -0.09099 0.03821 -0.12588
v -0.09130 0.03313 -0.12588
v -0.09151 0.02707 -0.12588
v -0.09164 0.01915 -0.12588
v -0.09268 -0.00000 -0.11255
v -0.09263 -0.01936 -0.11255
v -0.09250 -0.02736 -0.11255
v -0.09228 -0.03348 -0.11255
v -0.09197 -0.03862 -0.11255
v -0.09157 -0.04312 -0.11255
v -0.09108 -0.04715 -0.11255
v -0.09051 -0.05082 -0.11255
v -0.08984 -0.05420 -0.11255
v -0.08908 -0.05733 -0.11255
v -0.08823 -0.06025 -0.11255
v -0.08728 -0.06298 -0.11255
v -0.08625 -0.06553 -0.11255
v -0.08511 -0.06793 -0.11255
v -0.08388 -0.07019 -0.11255
v -0.08255 -0.07231 -0.11255
v -0.08111 -0.07430 -0.11255
v -0.07958 -0.07618 -0.11255
v -0.07793 -0.07793 -0.11255
v -0.07618 -0.07958 -0.11255
v -0.07430 -0.08111 -0.11255
v -0.07231 -0.08255 -0.11255
v -0.07019 -0.08388 -0.11255
v -0.06793 -0.08511 -0.11255
v -0.06553 -0.08625 -0.11255
v -0.06298 -0.08728 -0.11255
v -0.06025 -0.08823 -0.11255
v -0.05733 -0.08908 -0.11255
v -0.05420 -0.08984 -0.11255
v -0.05082 -0.09051 -0.11255
v -0.04715 -0.09108 -0.11255
v -0.04312 -0.09157 -0.11255
v -0.03862 -0.09197 -0.11255
v -0.03348 -0.09228 -0.11255
v -0.02736 -0.09250 -0.11255
v -0.01936 -0.09263 -0.11255
v 0.00000 -0.09268 -0.11255
v 0.01936 -0.09263 -0.11255
v 0.02736 -0.09250 -0.11255
v 0.03348 -0.09228 -0.11255
v 0.03862 -0.09197 -0.11255
v 0.04312 -0.09157 -0.11255
v 0.04715 -0.09108 -0.11255
v 0.05082 -0.09051 -0.11255
v 0.05420 -0.08984 -0.11255
v 0.05733 -0.08908 -0.11255
v 0.06025 -0.08823 -0.11255
v 0.06298 -0.08728 -0.11255
v 0.06553 -0.08625 -0.11255
v 0.06793 -0.08511 -0.11255
v 0.07019 -0.08388 -0.11255
v 0.07231 -0.08255 -0.11255
v 0.07430 -0.08111 -0.11255
v 0.07618 -0.07958 -0.11255
v 0.07793 -0.07793 -0.11255
v 0.07958 -0.07618 -0.11255
v 0.08111 -0.07430 -0.11255
v 0.08255 -0.07231 -0.11255
v 0.08388 -0.07019 -0.11255
v 0.08511 -0.06793 -0.11255
v 0.08625 -0.06553 -0.11255
v 0.08728 -0.06298 -0.11255
v 0.08823 -0.06025 -0.11255
v 0.08908 -0.05733 -0.11255
v 0.08984 -0.05420 -0.11255
v 0.09051 -0.05082 -0.11255
v 0.09108 -0.04715 -0.11255
v 0.09157 -0.04312 -0.11255
v 0.09197 -0.03862 -0.11255
v 0.09228 -0.03348 -0.11255
v 0.09250 -0.02736 -0.11255
v 0.09263 -0.01936 -0.11255
v 0.09268 0.00000 -0.11255
v 0.09263 0.01936 -0.11255
v 0.09250 0.02736 -0.11255
v 0.09228 0.03348 -0.11255
v 0.09197 0.03862 -0.11255
v 0.09157 0.04312 -0.11255
v 0.09108 0.04715 -0.11255
v 0.09051 0.05082 -0.11255
v 0.08984 0.05420 -0.11255
v 0.08908 0.05733 -0.11255
v 0.08823 0.06025 -0.11255
v 0.08728 0.06298 -0.11255
v 0.08625 0.06553 -0.11255
v 0.08511 0.06793 -0.11255
v 0.08388 0.07019 -0.11255
v 0.08255 0.07231 -0.11255
v 0.08111 0.07430 -0.11255
v 0.07958 0.07618 -0.11255
v 0.07793 0.07793 -0.11255
v 0.07618 0.07958 -0.11255
v 0.07430 0.08111 -0.11255
v 0.07231 0.08255 -0.11255
v 0.07019 0.08388 -0.11255
v 0.06793 0.08511 -0.11255
v 0.06553 0.08625 -0.11255
v 0.06298 0.08728 -0.11255
v 0.06025 0.08823 -0.11255
v 0.05733 0.08908 -0.11255
v 0.05420 0.08984 -0.11255
v 0.05082 0.09051 -0.11255
v 0.04715 0.09108 -0.11255
v 0.04312 0.09157 -0.11255
v 0.03862 0.09197 -0.11255
v 0.03348 0.09228 -0.11255
v 0.02736 0.09250 -0.11255
v 0.01936 0.09263 -0.11255
v 0.00000 0.09268 -0.11255
v -0.01936 0.09263 -0.11255
v -0.02736 0.09250 -0.11255
v -0.03348 0.09228 -0.11255
v -0.03862 0.09197 -0.11255
v -0.04312 0.09157 -0.11255
v -0.04715 0.09108 -0.11255
v -0.05082 0.09051 -0.11255
v -0.05420 0.08984 -0.11255
v -0.05733 0.08908 -0.11255
v -0.06025 0.08823 -0.11255
v -0.06298 0.08728 -0.11255
v -0.06553 0.08625 -0.11255
v -0.06793 0.08511 -0.11255
v -0.07019 0.08388 -0.11255
v -0.07231 0.08255 -0.11255
v -0.07430 0.08111 -0.11255
v -0.07618 0.07958 -0.11255
v -0.07793 0.07793 -0.11255
v -0.07958 0.07618 -0.11255
v -0.08111 0.07430 -0.11255
v -0.08255 0.07231 -0.11255
v -0.08388 0.07019 -0.11255
v -0.08511 0.06793 -0.11255
v -0.08625 0.06553 -0.11255
v -0.08728 0.06298 -0.11255
v -0.08823 0.06025 -0.11255
v -0.08908 0.05733 -0.11255
v -0.08984 0.05420 -0.11255
v -0.09051 0.05082 -0.11255
v -0.09108 0.04715 -0.11255
v -0.09157 0.04312 -0.11255
v -0.09197 0.03862 -0.11255
v -0.09228 0.03348 -0.11255
v -0.09250 0.02736 -0.11255
v -0.09263 0.01936 -0.11255
v -0.09369 -0.00000 -0.09682
v -0.09365 -0.01957 -0.09682
v -0.09351 -0.02766 -0.09682
v -0.09329 -0.03385 -0.09682
v -0.09298 -0.03904 -0.09682
v -0.09258 -0.04359 -0.09682
v -0.09208 -0.04767 -0.09682
v -0.09150 -0.05138 -0.09682
v -0.09082 -0.05479 -0.09682
v -0.09006 -0.05796 -0.09682
v -0.08920 -0.06091 -0.09682
v -0.08824 -0.06367 -0.09682
v -0.08719 -0.06625 -0.09682
v -0.08604 -0.06868 -0.09682
v -0.08480 -0.07096 -0.09682
v -0.08345 -0.07310 -0.09682
v -0.08200 -0.07512 -0.09682
v -0.08045 -0.07701 -0.09682
v -0.07879 -0.07879 -0.09682
v -0.07701 -0.08045 -0.09682
v -0.07512 -0.08200 -0.09682
v -0.07310 -0.08345 -0.09682
v -0.07096 -0.08480 -0.09682
v -0.06868 -0.08604 -0.09682
v -0.06625 -0.08719 -0.09682
v -0.06367 -0.08824 -0.09682
v -0.06091 -0.08920 -0.09682
v -0.05796 -0.09006 -0.09682
v -0.05479 -0.09082 -0.09682
v -0.05138 -0.09150 -0.09682
v -0.04767 -0.09208 -0.09682
v -0.04359 -0.09258 -0.09682
v -0.03904 -0.09298 -0.09682
v -0.03385 -0.09329 -0.09682
v -0.02766 -0.09351 -0.09682
v -0.01957 -0.09365 -0.09682
v 0.00000 -0.09369 -0.09682
v 0.01957 -0.09365 -0.09682
v 0.02766 -0.09351 -0.09682
v 0.03385 -0.09329 -0.09682
v 0.03904 -0.09298 -0.09682
v 0.04359 -0.09258 -0.09682
v 0.04767 -0.09208 -0.09682
v 0.05138 -0.09150 -0.09682
v 0.05479 -0.09082 -0.09682
v 0.05796 -0.09006 -0.09682
v 0.06091 -0.08920 -0.09682
v 0.06367 -0.08824 -0.09682
v 0.06625 -0.08719 -0.09682
v 0.06868 -0.08604 -0.09682
v 0.07096 -0.08480 -0.09682
v 0.07310 -0.08345 -0.09682
v 0.07512 -0.08200 -0.09682
v 0.07701 -0.08045 -0.09682
v 0.07879 -0.07879 -0.09682
v 0.08045 -0.07701 -0.09682
v 0.08200 -0.07512 -0.09682
v 0.08345 -0.07310 -0.09682
v 0.08480 -0.07096 -0.09682
v 0.08604 -0.06868 -0.09682
v 0.08719 -0.06625 -0.09682
v 0.08824 -0.06367 -0.09682
v 0.08920 -0.06091 -0.09682
v 0.09006 -0.05796 -0.09682
v 0.09082 -0.05479 -0.09682
v 0.09150 -0.05138 -0.09682
v 0.09208 -0.04767 -0.09682
v 0.09258 -0.04359 -0.09682
v 0.09298 -0.03904 -0.09682
v 0.09329 -0.03385 -0.09682
v 0.09351 -0.02766 -0.09682
v 0.09365 -0.01957 -0.09682
v 0.09369 0.00000 -0.09682
v 0.09365 0.01957 -0.09682
v 0.09351 0.02766 -0.09682
v 0.09329 0.03385 -0.09682
v 0.09298 0.03904 -0.09682
v 0.09258 0.04359 -0.09682
v 0.09208 0.04767 -0.09682
v 0.09150 0.05138 -0.09682
v 0.09082 0.05479 -0.09682
v 0.09006 0.05796 -0.09682
v 0.08920 0.06091 -0.09682
v 0.08824 0.06367 -0.09682
v 0.08719 0.06625 -0.09682
v 0.08604 0.06868 -0.09682
v 0.08480 0.07096 -0.09682
v 0.08345 0.07310 -0.09682
v 0.08200 0.07512 -0.09682
v 0.08045 0.07701 -0.09682
v 0.07879 0.07879 -0.09682
v 0.07701 0.08045 -0.09682
v 0.07512 0.08200 -0.09682
v 0.07310 0.08345 -0.09682
v 0.07096 0.08480 -0.09682
v 0.06868 0.08604 -0.09682
v 0.06625 0.08719 -0.09682
v 0.06367 0.08824 -0.09682
v 0.06091 0.08920 -0.09682
v 0.05796 0.09006 -0.09682
v 0.05479 0.09082 -0.09682
v 0.05138 0.09150 -0.09682
v 0.04767 0.09208 -0.09682
v 0.04359 0.09258 -0.09682
v 0.03904 0.09298 -0.09682
v 0.03385 0.09329 -0.09682
v 0.02766 0.09351 -0.09682
v 0.01957 0.09365 -0.09682
v 0.00000 0.09369 -0.09682
v -0.01957 0.09365 -0.09682
v -0.02766 0.09351 -0.09682
v -0.03385 0.09329 -0.09682
v -0.03904 0.09298 -0.09682
v -0.04359 0.09258 -0.09682
v -0.04767 0.09208 -0.09682
v -0.05138 0.09150 -0.09682
v -0.05479 0.09082 -0.09682
v -0.05796 0.09006 -0.09682
v -0.06091 0.08920 -0.09682
v -0.06367 0.08824 -0.09682
v -0.06625 0.08719 -0.09682
v -0.06868 0.08604 -0.09682
v -0.07096 0.08480 -0.09682
v -0.07310 0.08345 -0.09682
v -0.07512 0.08200 -0.09682
v -0.07701 0.08045 -0.09682
v -0.07879 0.07879 -0.09682
v -0.08045 0.07701 -0.09682
v -0.08200 0.07512 -0.09682
v -0.08345 0.07310 -0.09682
v -0.08480 0.07096 -0.09682
v -0.08604 0.06868 -0.09682
v -0.08719 0.06625 -0.09682
v -0.08824 0.06367 -0.09682
v -0.08920 0.06091 -0.09682
v -0.09006 0.05796 -0.09682
v -0.09082 0.05479 -0.09682
v -0.09150 0.05138 -0.09682
v -0.09208 0.04767 -0.09682
v -0.09258 0.04359 -0.09682
v -0.09298 0.03904 -0.09682
v -0.09329 0.03385 -0.09682
v -0.09351 0.02766 -0.09682
v -0.09365 0.01957 -0.09682
v -0.09481 -0.00000 -0.07698
v -0.09476 -0.01980 -0.07698
v -0.09463 -0.02799 -0.07698
v -0.09440 -0.03425 -0.07698
v -0.09408 -0.03951 -0.07698
v -0.09368 -0.04411 -0.07698
v -0.09318 -0.04823 -0.07698
v -0.09259 -0.05199 -0.07698
v -0.09190 -0.05545 -0.07698
v -0.09113 -0.05865 -0.07698
v -0.09026 -0.06163 -0.07698
v -0.08929 -0.06442 -0.07698
v -0.08823 -0.06704 -0.07698
v -0.08707 -0.06949 -0.07698
v -0.08581 -0.07180 -0.07698
v -0.08445 -0.07397 -0.07698
v -0.08298 -0.07601 -0.07698
v -0.08141 -0.07793 -0.07698
v -0.07972 -0.07972 -0.07698
v -0.07793 -0.08141 -0.07698
v -0.07601 -0.08298 -0.07698
v -0.07397 -0.08445 -0.07698
v -0.07180 -0.08581 -0.07698
v -0.06949 -0.08707 -0.07698
v -0.06704 -0.08823 -0.07698
v -0.06442 -0.08929 -0.07698
v -0.06163 -0.09026 -0.07698
v -0.05865 -0.09113 -0.07698
v -0.05545 -0.09190 -0.07698
v -0.05199 -0.09259 -0.07698
v -0.04823 -0.09318 -0.07698
v -0.04411 -0.09368 -0.07698
v -0.03951 -0.09408 -0.07698
v -0.03425 -0.09440 -0.07698
v -0.02799 -0.09463 -0.07698
v -0.01980 -0.09476 -0.07698
v 0.00000 -0.09481 -0.07698
v 0.01980 -0.09476 -0.07698
v 0.02799 -0.09463 -0.07698
v 0.03425 -0.09440 -0.07698
v 0.03951 -0.09408 -0.07698
v 0.04411 -0.09368 -0.07698
v 0.04823 -0.09318 -0.07698
v 0.05199 -0.09259 -0.07698
v 0.05545 -0.09190 -0.07698
v 0.05865 -0.09113 -0.07698
v 0.06163 -0.09026 -0.07698
v 0.06442 -0.08929 -0.07698
v 0.06704 -0.08823 -0.07698
v 0.06949 -0.08707 -0.07698
v 0.07180 -0.08581 -0.07698
v 0.07397 -0.08445 -0.07698
v 0.07601 -0.08298 -0.07698
v 0.07793 -0.08141 -0.07698
v 0.07972 -0.07972 -0.07698
v 0.08141 -0.07793 -0.07698
v 0.08298 -0.07601 -0.07698
v 0.08445 -0.07397 -0.07698
v 0.08581 -0.07180 -0.07698
v 0.08707 -0.06949 -0.07698
v 0.08823 -0.06704 -0.07698
v 0.08929 -0.06442 -0.07698
v 0.09026 -0.06163 -0.07698
v 0.09113 -0.05865 -0.07698
v 0.09190 -0.05545 -0.07698
v 0.09259 -0.05199 -0.07698
v 0.09318 -0.04823 -0.07698
v 0.09368 -0.04411 -0.07698
v 0.09408 -0.03951 -0.07698
v 0.09440 -0.03425 -0.07698
v 0.09463 -0.02799 -0.07698
v 0.09476 -0.01980 -0.07698
v 0.09481 0.00000 -0.07698
v 0.09476 0.01980 -0.07698
v 0.09463 0.02799 -0.07698
v 0.09440 0.03425 -0.07698
v 0.09408 0.03951 -0.07698
v 0.09368 0.04411 -0.07698
v 0.09318 0.04823 -0.07698
v 0.09259 0.05199 -0.07698
v 0.09190 0.05545 -0.07698
v 0.09113 0.05865 -0.07698
v 0.09026 0.06163 -0.07698
v 0.08929 0.06442 -0.07698
v 0.08823 0.06704 -0.07698
v 0.08707 0.06949 -0.07698
v 0.08581 0.07180 -0.07698
v 0.08445 0.07397 -0.07698
v 0.08298 0.07601 -0.07698
v 0.08141 0.07793 -0.07698
v 0.07972 0.07972 -0.07698
v 0.07793 0.08141 -0.07698
v 0.07601 0.08298 -0.07698
v 0.07397 0.08445 -0.07698
v 0.07180 0.08581 -0.07698
v 0.06949 0.08707 -0.07698
v 0.06704 0.08823 -0.07698
v 0.06442 0.08929 -0.07698
v 0.06163 0.09026 -0.07698
v 0.05865 0.09113 -0.07698
v 0.05545 0.09190 -0.07698
v 0.05199 0.09259 -0.07698
v 0.04823 0.09318 -0.07698
v 0.04411 0.09368 -0.07698
v 0.03951 0.09408 -0.07698
v 0.03425 0.09440 -0.07698
v 0.02799 0.09463 -0.07698
v 0.01980 0.09476 -0.07698
v 0.00000 0.09481 -0.07698
v -0.01980 0.09476 -0.07698
v -0.02799 0.09463 -0.07698
v -0.03425 0.09440 -0.07698
v -0.03951 0.09408 -0.07698
v -0.04411 0.09368 -0.07698
v -0.04823 0.09318 -0.07698
v -0.05199 0.09259 -0.07698
v -0.05545 0.09190 -0.07698
v -0.05865 0.09113 -0.07698
v -0.06163 0.09026 -0.07698
v -0.06442 0.08929 -0.07698
v -0.06704 0.08823 -0.07698
v -0.06949 0.08707 -0.07698
v -0.07180 0.08581 -0.07698
v -0.07397 0.08445 -0.07698
v -0.07601 0.08298 -0.07698
v -0.07793 0.08141 -0.07698
v -0.07972 0.07972 -0.07698
v -0.08141 0.07793 -0.07698
v -0.08298 0.07601 -0.07698
v -0.08445 0.07397 -0.07698
v -0.08581 0.07180 -0.07698
v -0.08707 0.06949 -0.07698
v -0.08823 0.06704 -0.07698
v -0.08929 0.06442 -0.07698
v -0.09026 0.06163 -0.07698
v -0.09113 0.05865 -0.07698
v -0.09190 0.05545 -0.07698
v -0.09259 0.05199 -0.07698
v -0.09318 0.04823 -0.07698
v -0.09368 0.04411 -0.07698
v -0.09408 0.03951 -0.07698
v -0.09440 0.03425 -0.07698
v -0.09463 0.02799 -0.07698
v -0.09476 0.01980 -0.07698
v -0.09629 -0.00000 -0.04697
v -0.09625 -0.02011 -0.04697
v -0.09611 -0.02843 -0.04697
v -0.09588 -0.03479 -0.04697
v -0.09556 -0.04013 -0.04697
v -0.09514 -0.04480 -0.04697
v -0.09464 -0.04899 -0.04697
v -0.09404 -0.05280 -0.04697
v -0.09334 -0.05631 -0.04697
v -0.09255 -0.05957 -0.04697
v -0.09167 -0.06260 -0.04697
v -0.09069 -0.06543 -0.04697
v -0.08961 -0.06809 -0.04697
v -0.08843 -0.07058 -0.04697
v -0.08715 -0.07293 -0.04697
v -0.08577 -0.07513 -0.04697
v -0.08428 -0.07720 -0.04697
v -0.08268 -0.07915 -0.04697
v -0.08097 -0.08097 -0.04697
v -0.07915 -0.08268 -0.04697
v -0.07720 -0.08428 -0.04697
v -0.07513 -0.08577 -0.04697
v -0.07293 -0.08715 -0.04697
v -0.07058 -0.08843 -0.04697
v -0.06809 -0.08961 -0.04697
v -0.06543 -0.09069 -0.04697
v -0.06260 -0.09167 -0.04697
v -0.05957 -0.09255 -0.04697
v -0.05631 -0.09334 -0.04697
v -0.05280 -0.09404 -0.04697
v -0.04899 -0.09464 -0.04697
v -0.04480 -0.09514 -0.04697
v -0.04013 -0.09556 -0.04697
v -0.03479 -0.09588 -0.04697
v -0.02843 -0.09611 -0.04697
v -0.02011 -0.09625 -0.04697
v 0.00000 -0.09629 -0.04697
v 0.02011 -0.09625 -0.04697
v 0.02843 -0.09611 -0.04697
v 0.03479 -0.09588 -0.04697
v 0.04013 -0.09556 -0.04697
v 0.04480 -0.09514 -0.04697
v 0.04899 -0.09464 -0.04697
v 0.05280 -0.09404 -0.04697
v 0.05631 -0.09334 -0.04697
v 0.05957 -0.09255 -0.04697
v 0.06260 -0.09167 -0.04697
v 0.06543 -0.09069 -0.04697
v 0.06809 -0.08961 -0.04697
v 0.07058 -0.08843 -0.04697
v 0.07293 -0.08715 -0.04697
v 0.07513 -0.08577 -0.04697
v 0.07720 -0.08428 -0.04697
v 0.07915 -0.08268 -0.04697
v 0.08097 -0.08097 -0.04697
v 0.08268 -0.07915 -0.04697
v 0.08428 -0.07720 -0.04697
v 0.08577 -0.07513 -0.04697
v 0.08715 -0.07293 -0.04697
v 0.08843 -0.07058 -0.04697
v 0.08961 -0.06809 -0.04697
v 0.09069 -0.06543 -0.04697
v 0.09167 -0.06260 -0.04697
v 0.09255 -0.05957 -0.04697
v 0.09334 -0.05631 -0.04697
v 0.09404 -0.05280 -0.04697
v 0.09464 -0.04899 -0.04697
v 0.09514 -0.04480 -0.04697
v 0.09556 -0.04013 -0.04697
v 0.09588 -0.03479 -0.04697
v 0.09611 -0.02843 -0.04697
v 0.09625 -0.02011 -0.04697
v 0.09629 0.00000 -0.04697
v 0.09625 0.02011 -0.04697
v 0.09611 0.02843 -0.04697
v 0.09588 0.03479 -0.04697
v 0.09556 0.04013 -0.04697
v 0.09514 0.04480 -0.04697
v 0.09464 0.04899 -0.04697
v 0.09404 0.05280 -0.04697
v 0.09334 0.05631 -0.04697
v 0.09255 0.05957 -0.04697
v 0.09167 0.06260 -0.04697
v 0.09069 0.06543 -0.04697
v 0.08961 0.06809 -0.04697
v 0.08843 0.07058 -0.04697
v 0.08715 0.07293 -0.04697
v 0.08577 0.07513 -0.04697
v 0.08428 0.07720 -0.04697
v 0.08268 0.07915 -0.04697
v 0.08097 0.08097 -0.04697
v 0.07915 0.08268 -0.04697
v 0.07720 0.08428 -0.04697
v 0.07513 0.08577 -0.04697
v 0.07293 0.08715 -0.04697
v 0.07058 0.08843 -0.04697
v 0.06809 0.08961 -0.04697
v 0.06543 0.09069 -0.04697
v 0.06260 0.09167 -0.04697
v 0.05957 0.09255 -0.04697
v 0.05631 0.09334 -0.04697
v 0.05280 0.09404 -0.04697
v 0.04899 0.09464 -0.04697
v 0.04480 0.09514 -0.04697
v 0.04013 0.09556 -0.04697
v 0.03479 0.09588 -0.04697
v 0.02843 0.09611 -0.04697
v 0.02011 0.09625 -0.04697
v 0.00000 0.09629 -0.04697
v -0.02011 0.09625 -0.04697
v -0.02843 0.09611 -0.04697
v -0.03479 0.09588 -0.04697
v -0.04013 0.09556 -0.04697
v -0.04480 0.09514 -0.04697
v -0.04899 0.09464 -0.04697
v -0.05280 0.09404 -0.04697
v -0.05631 0.09334 -0.04697
v -0.05957 0.09255 -0.04697
v -0.06260 0.09167 -0.04697
v -0.06543 0.09069 -0.04697
v -0.06809 0.08961 -0.04697
v -0.07058 0.08843 -0.04697
v -0.07293 0.08715 -0.04697
v -0.07513 0.08577 -0.04697
v -0.07720 0.08428 -0.04697
v -0.07915 0.08268 -0.04697
v -0.08097 0.08097 -0.04697
v -0.08268 0.07915 -0.04697
v -0.08428 0.07720 -0.04697
v -0.08577 0.07513 -0.04697
v -0.08715 0.07293 -0.04697
v -0.08843 0.07058 -0.04697
v -0.08961 0.06809 -0.04697
v -0.09069 0.06543 -0.04697
v -0.09167 0.06260 -0.04697
v -0.09255 0.05957 -0.04697
v -0.09334 0.05631 -0.04697
v -0.09404 0.05280 -0.04697
v -0.09464 0.04899 -0.04697
v -0.09514 0.04480 -0.04697
v -0.09556 0.04013 -0.04697
v -0.09588 0.03479 -0.04697
v -0.09611 0.02843 -0.04697
v -0.09625 0.02011 -0.04697
v -0.10045 -0.00000 0.04697
v -0.10040 -0.02098 0.04697
v -0.10026 -0.02965 0.04697
v -0.10002 -0.03629 0.04697
v -0.09968 -0.04186 0.04697
v -0.09925 -0.04673 0.04697
v -0.09872 -0.05110 0.04697
v -0.09810 -0.05508 0.04697
v -0.09737 -0.05874 0.04697
v -0.09655 -0.06214 0.04697
v -0.09563 -0.06530 0.04697
v -0.09460 -0.06826 0.04697
v -0.09348 -0.07103 0.04697
v -0.09225 -0.07363 0.04697
v -0.09091 -0.07607 0.04697
v -0.08947 -0.07837 0.04697
v -0.08792 -0.08053 0.04697
v -0.08625 -0.08256 0.04697
v -0.08447 -0.08447 0.04697
v -0.08256 -0.08625 0.04697
v -0.08053 -0.08792 0.04697
v -0.07837 -0.08947 0.04697
v -0.07607 -0.09091 0.04697
v -0.07363 -0.09225 0.04697
v -0.07103 -0.09348 0.04697
v -0.06826 -0.09460 0.04697
v -0.06530 -0.09563 0.04697
v -0.06214 -0.09655 0.04697
v -0.05874 -0.09737 0.04697
v -0.05508 -0.09810 0.04697
v -0.05110 -0.09872 0.04697
v -0.04673 -0.09925 0.04697
v -0.04186 -0.09968 0.04697
v -0.03629 -0.10002 0.04697
v -0.02965 -0.10026 0.04697
v -0.02098 -0.10040 0.04697
v 0.00000 -0.10045 0.04697
v 0.02098 -0.10040 0.04697
v 0.02965 -0.10026 0.04697
v 0.03629 -0.10002 0.04697
v 0.04186 -0.09968 0.04697
v 0.04673 -0.09925 0.04697
v 0.05110 -0.09872 0.04697
v 0.05508 -0.09810 0.04697
v 0.05874 -0.09737 0.04697
v 0.06214 -0.09655 0.04697
v 0.06530 -0.09563 0.04697
v 0.06826 -0.09460 0.04697
v 0.07103 -0.09348 0.04697
v 0.07363 -0.09225 0.04697
v 0.07607 -0.09091 0.04697
v 0.07837 -0.08947 0.04697
v 0.08053 -0.08792 0.04697
v 0.08256 -0.08625 0.04697
v 0.08447 -0.08447 0.04697
v 0.08625 -0.08256 0.04697
v 0.08792 -0.08053 0.04697
v 0.08947 -0.07837 0.04697
v 0.09091 -0.07607 0.04697
v 0.09225 -0.07363 0.04697
v 0.09348 -0.07103 0.04697
v 0.09460 -0.06826 0.04697
v 0.09563 -0.06530 0.04697
v 0.09655 -0.06214 0.04697
v 0.09737 -0.05874 0.04697
v 0.09810 -0.05508 0.04697
v 0.09872 -0.05110 0.04697
v 0.09925 -0.04673 0.04697
v 0.09968 -0.04186 0.04697
v 0.10002 -0.03629 0.04697
v 0.10026 -0.02965 0.04697
v 0.10040 -0.02098 0.04697
v 0.10045 0.00000 0.04697
v 0.10040 0.02098 0.04697
v 0.10026 0.02965 0.04697
v 0.10002 0.03629 0.04697
v 0.09968 0.04186 0.04697
v 0.09925 0.04673 0.04697
v 0.09872 0.05110 0.04697
v 0.09810 0.05508 0.04697
v 0.09737 0.05874 0.04697
v 0.09655 0.06214 0.04697
v 0.09563 0.06530 0.04697
v 0.09460 0.06826 0.04697
v 0.09348 0.07103 0.04697
v 0.09225 0.07363 0.04697
v 0.09091 0.07607 0.04697
v 0.08947 0.07837 0.04697
v 0.08792 0.08053 0.04697
v 0.08625 0.08256 0.04697
v 0.08447 0.08447 0.04697
v 0.08256 0.08625 0.04697
v 0.08053 0.08792 0.04697
v 0.07837 0.08947 0.04697
v 0.07607 0.09091 0.04697
v 0.07363 0.09225 0.04697
v 0.07103 0.09348 0.04697
v 0.06826 0.09460 0.04697
v 0.06530 0.09563 0.04697
v 0.06214 0.09655 0.04697
v 0.05874 0.09737 0.04697
v 0.05508 0.09810 0.04697
v 0.05110 0.09872 0.04697
v 0.04673 0.09925 0.04697
v 0.04186 0.09968 0.04697
v 0.03629 0.10002 0.04697
v 0.02965 0.10026 0.04697
v 0.02098 0.10040 0.04697
v 0.00000 0.10045 0.04697
v -0.02098 0.10040 0.04697
v -0.02965 0.10026 0.04697
v -0.03629 0.10002 0.04697
v -0.04186 0.09968 0.04697
v -0.04673 0.09925 0.04697
v -0.05110 0.09872 0.04697
v -0.05508 0.09810 0.04697
v -0.05874 0.09737 0.04697
v -0.06214 0.09655 0.04697
v -0.06530 0.09563 0.04697
v -0.06826 0.09460 0.04697
v -0.07103 0.09348 0.04697
v -0.07363 0.09225 0.04697
v -0.07607 0.09091 0.04697
v -0.07837 0.08947 0.04697
v -0.08053 0.08792 0.04697
v -0.08256 0.08625 0.04697
v -0.08447 0.08447 0.04697
v -0.08625 0.08256 0.04697
v -0.08792 0.08053 0.04697
v -0.08947 0.07837 0.04697
v -0.09091 0.07607 0.04697
v -0.09225 0.07363 0.04697
v -0.09348 0.07103 0.04697
v -0.09460 0.06826 0.04697
v -0.09563 0.06530 0.04697
v -0.09655 0.06214 0.04697
v -0.09737 0.05874 0.04697
v -0.09810 0.05508 0.04697
v -0.09872 0.05110 0.04697
v -0.09925 0.04673 0.04697
v -0.09968 0.04186 0.04697
v -0.10002 0.03629 0.04697
v -0.10026 0.02965 0.04697
v -0.10040 0.02098 0.04697
v -0.10163 -0.00000 0.07698
v -0.10158 -0.02123 0.07698
v -0.10144 -0.03000 0.07698
v -0.10119 -0.03672 0.07698
v -0.10085 -0.04235 0.07698
v -0.10042 -0.04728 0.07698
v -0.09988 -0.05170 0.07698
v -0.09925 -0.05573 0.07698
v -0.09852 -0.05944 0.07698
v -0.09769 -0.06287 0.07698
v -0.09675 -0.06607 0.07698
v -0.09572 -0.06906 0.07698
v -0.09458 -0.07186 0.07698
v -0.09333 -0.07450 0.07698
v -0.09198 -0.07697 0.07698
v -0.09052 -0.07929 0.07698
v -0.08895 -0.08148 0.07698
v -0.08726 -0.08353 0.07698
v -0.08546 -0.08546 0.07698
v -0.08353 -0.08726 0.07698
v -0.08148 -0.08895 0.07698
v -0.07929 -0.09052 0.07698
v -0.07697 -0.09198 0.07698
v -0.07450 -0.09333 0.07698
v -0.07186 -0.09458 0.07698
v -0.06906 -0.09572 0.07698
v -0.06607 -0.09675 0.07698
v -0.06287 -0.09769 0.07698
v -0.05944 -0.09852 0.07698
v -0.05573 -0.09925 0.07698
v -0.05170 -0.09988 0.07698
v -0.04728 -0.10042 0.07698
v -0.04235 -0.10085 0.07698
v -0.03672 -0.10119 0.07698
v -0.03000 -0.10144 0.07698
v -0.02123 -0.10158 0.07698
v 0.00000 -0.10163 0.07698
v 0.02123 -0.10158 0.07698
v 0.03000 -0.10144 0.07698
v 0.03672 -0.10119 0.07698
v 0.04235 -0.10085 0.07698
v 0.04728 -0.10042 0.07698
v 0.05170 -0.09988 0.07698
v 0.05573 -0.09925 0.07698
v 0.05944 -0.09852 0.07698
v 0.06287 -0.09769 0.07698
v 0.06607 -0.09675 0.07698
v 0.06906 -0.09572 0.07698
v 0.07186 -0.09458 0.07698
v 0.07450 -0.09333 0.07698
v 0.07697 -0.09198 0.07698
v 0.07929 -0.09052 0.07698
v 0.08148 -0.08895 0.07698
v 0.08353 -0.08726 0.07698
v 0.08546 -0.08546 0.07698
v 0.08726 -0.08353 0.07698
v 0.08895 -0.08148 0.07698
v 0.09052 -0.07929 0.07698
v 0.09198 -0.07697 0.07698
v 0.09333 -0.07450 0.07698
v 0.09458 -0.07186 0.07698
v 0.09572 -0.06906 0.07698
v 0.09675 -0.06607 0.07698
v 0.09769 -0.06287 0.07698
v 0.09852 -0.05944 0.07698
v 0.09925 -0.05573 0.07698
v 0.09988 -0.05170 0.07698
v 0.10042 -0.04728 0.07698
v 0.10085 -0.04235 0.07698
v 0.10119 -0.03672 0.07698
v 0.10144 -0.03000 0.07698
v 0.10158 -0.02123 0.07698
v 0.10163 0.00000 0.07698
v 0.10158 0.02123 0.07698
v 0.10144 0.03000 0.07698
v 0.10119 0.03672 0.07698
v 0.10085 0.04235 0.07698
v 0.10042 0.04728 0.07698
v 0.09988 0.05170 0.07698
v 0.09925 0.05573 0.07698
v 0.09852 0.05944 0.07698
v 0.09769 0.06287 0.07698
v 0.09675 0.06607 0.07698
v 0.09572 0.06906 0.07698
v 0.09458 0.07186 0.07698
v 0.09333 0.07450 0.07698
v 0.09198 0.07697 0.07698
v 0.09052 0.07929 0.07698
v 0.08895 0.08148 0.07698
v 0.08726 0.08353 0.07698
v 0.08546 0.08546 0.07698
v 0.08353 0.08726 0.07698
v 0.08148 0.08895 0.07698
v 0.07929 0.09052 0.07698
v 0.07697 0.09198 0.07698
v 0.07450 0.09333 0.07698
v 0.07186 0.09458 0.07698
v 0.06906 0.09572 0.07698
v 0.06607 0.09675 0.07698
v 0.06287 0.09769 0.07698
v 0.05944 0.09852 0.07698
v 0.05573 0.09925 0.07698
v 0.05170 0.09988 0.07698
v 0.04728 0.10042 0.07698
v 0.04235 0.10085 0.07698
v 0.03672 0.10119 0.07698
v 0.03000 0.10144 0.07698
v 0.02123 0.10158 0.07698
v 0.00000 0.10163 0.07698
v -0.02123 0.10158 0.07698
v -0.03000 0.10144 0.07698
v -0.03672 0.10119 0.07698
v -0.04235 0.10085 0.07698
v -0.04728 0.10042 0.07698
v -0.05170 0.09988 0.07698
v -0.05573 0.09925 0.07698
v -0.05944 0.09852 0.07698
v -0.06287 0.09769 0.07698
v -0.06607 0.09675 0.07698
v -0.06906 0.09572 0.07698
v -0.07186 0.09458 0.07698
v -0.07450 0.09333 0.07698
v -0.07697 0.09198 0.07698
v -0.07929 0.09052 0.07698
v -0.08148 0.08895 0.07698
v -0.08353 0.08726 0.07698
v -0.08546 0.08546 0.07698
v -0.08726 0.08353 0.07698
v -0.08895 0.08148 0.07698
v -0.09052 0.07929 0.07698
v -0.09198 0.07697 0.07698
v -0.09333 0.07450 0.07698
v -0.09458 0.07186 0.07698
v -0.09572 0.06906 0.07698
v -0.09675 0.06607 0.07698
v -0.09769 0.06287 0.07698
v -0.09852 0.05944 0.07698
v -0.09925 0.05573 0.07698
v -0.09988 0.05170 0.07698
v -0.10042 0.04728 0.07698
v -0.10085 0.04235 0.07698
v -0.10119 0.03672 0.07698
v -0.10144 0.03000 0.07698
v -0.10158 0.02123 0.07698
v -0.10228 -0.00000 0.09682
v -0.10223 -0.02136 0.09682
v -0.10208 -0.03019 0.09682
v -0.10184 -0.03695 0.09682
v -0.10150 -0.04262 0.09682
v -0.10106 -0.04758 0.09682
v -0.10052 -0.05203 0.09682
v -0.09988 -0.05608 0.09682
v -0.09914 -0.05981 0.09682
v -0.09831 -0.06327 0.09682
v -0.09737 -0.06649 0.09682
v -0.09632 -0.06950 0.09682
v -0.09518 -0.07232 0.09682
v -0.09393 -0.07497 0.09682
v -0.09257 -0.07746 0.09682
v -0.09110 -0.07980 0.09682
v -0.08952 -0.08200 0.09682
v -0.08782 -0.08406 0.09682
v -0.08600 -0.08600 0.09682
v -0.08406 -0.08782 0.09682
v -0.08200 -0.08952 0.09682
v -0.07980 -0.09110 0.09682
v -0.07746 -0.09257 0.09682
v -0.07497 -0.09393 0.09682
v -0.07232 -0.09518 0.09682
v -0.06950 -0.09632 0.09682
v -0.06649 -0.09737 0.09682
v -0.06327 -0.09831 0.09682
v -0.05981 -0.09914 0.09682
v -0.05608 -0.09988 0.09682
v -0.05203 -0.10052 0.09682
v -0.04758 -0.10106 0.09682
v -0.04262 -0.10150 0.09682
v -0.03695 -0.10184 0.09682
v -0.03019 -0.10208 0.09682
v -0.02136 -0.10223 0.09682
v 0.00000 -0.10228 0.09682
v 0.02136 -0.10223 0.09682
v 0.03019 -0.10208 0.09682
v 0.03695 -0.10184 0.09682
v 0.04262 -0.10150 0.09682
v 0.04758 -0.10106 0.09682
v 0.05203 -0.10052 0.09682
v 0.05608 -0.09988 0.09682
v 0.05981 -0.09914 0.09682
v 0.06327 -0.09831 0.09682
v 0.06649 -0.09737 0.09682
v 0.06950 -0.09632 0.09682
v 0.07232 -0.09518 0.09682
v 0.07497 -0.09393 0.09682
v 0.07746 -0.09257 0.09682
v 0.07980 -0.09110 0.09682
v 0.08200 -0.08952 0.09682
v 0.08406 -0.08782 0.09682
v 0.08600 -0.08600 0.09682
v 0.08782 -0.08406 0.09682
v 0.08952 -0.08200 0.09682
v 0.09110 -0.07980 0.09682
v 0.09257 -0.07746 0.09682
v 0.09393 -0.07497 0.09682
v 0.09518 -0.07232 0.09682
v 0.09632 -0.06950 0.09682
v 0.09737 -0.06649 0.09682
v 0.09831 -0.06327 0.09682
v 0.09914 -0.05981 0.09682
v 0.09988 -0.05608 0.09682
v 0.10052 -0.05203 0.09682
v 0.10106 -0.04758 0.09682
v 0.10150 -0.04262 0.09682
v 0.10184 -0.03695 0.09682
v 0.10208 -0.03019 0.09682
v 0.10223 -0.02136 0.09682
v 0.10228 0.00000 0.09682
v 0.10223 0.02136 0.09682
v 0.10208 0.03019 0.09682
v 0.10184 0.03695 0.09682
v 0.10150 0.04262 0.09682
v 0.10106 0.04758 0.09682
v 0.10052 0.05203 0.09682
v 0.09988 0.05608 0.09682
v 0.09914 0.05981 0.09682
v 0.09831 0.06327 0.09682
v 0.09737 0.06649 0.09682
v 0.09632 0.06950 0.09682
v 0.09518 0.07232 0.09682
v 0.09393 0.07497 0.09682
v 0.09257 0.07746 0.09682
v 0.09110 0.07980 0.09682
v 0.08952 0.08200 0.09682
v 0.08782 0.08406 0.09682
v 0.08600 0.08600 0.09682
v 0.08406 0.08782 0.09682
v 0.08200 0.08952 0.09682
v 0.07980 0.09110 0.09682
v 0.07746 0.09257 0.09682
v 0.07497 0.09393 0.09682
v 0.07232 0.09518 0.09682
v 0.06950 0.09632 0.09682
v 0.06649 0.09737 0.09682
v 0.06327 0.09831 0.09682
v 0.05981 0.09914 0.09682
v 0.05608 0.09988 0.09682
v 0.05203 0.10052 0.09682
v 0.04758 0.10106 0.09682
v 0.04262 0.10150 0.09682
v 0.03695 0.10184 0.09682
v 0.03019 0.10208 0.09682
v 0.02136 0.10223 0.09682
v 0.00000 0.10228 0.09682
v -0.02136 0.10223 0.09682
v -0.03019 0.10208 0.09682
v -0.03695 0.10184 0.09682
v -0.04262 0.10150 0.09682
v -0.04758 0.10106 0.09682
v -0.05203 0.10052 0.09682
v -0.05608 0.09988 0.09682
v -0.05981 0.09914 0.09682
v -0.06327 0.09831 0.09682
v -0.06649 0.09737 0.09682
v -0.06950 0.09632 0.09682
v -0.07232 0.09518 0.09682
v -0.07497 0.09393 0.09682
v -0.07746 0.09257 0.09682
v -0.07980 0.09110 0.09682
v -0.08200 0.08952 0.09682
v -0.08406 0.08782 0.09682
v -0.08600 0.08600 0.09682
v -0.08782 0.08406 0.09682
v -0.08952 0.08200 0.09682
v -0.09110 0.07980 0.09682
v -0.09257 0.07746 0.09682
v -0.09393 0.07497 0.09682
v -0.09518 0.07232 0.09682
v -0.09632 0.06950 0.09682
v -0.09737 0.06649 0.09682
v -0.09831 0.06327 0.09682
v -0.09914 0.05981 0.09682
v -0.09988 0.05608 0.09682
v -0.10052 0.05203 0.09682
v -0.10106 0.04758 0.09682
v -0.10150 0.04262 0.09682
v -0.10184 0.03695 0.09682
v -0.10208 0.03019 0.09682
v -0.10223 0.02136 0.09682
v -0.10265 -0.00000 0.11255
v -0.10260 -0.02144 0.11255
v -0.10246 -0.03030 0.11255
v -0.10221 -0.03709 0.11255
v -0.10187 -0.04278 0.11255
v -0.10143 -0.04776 0.11255
v -0.10089 -0.05222 0.11255
v -0.10025 -0.05629 0.11255
v -0.09951 -0.06003 0.11255
v -0.09867 -0.06350 0.11255
v -0.09772 -0.06673 0.11255
v -0.09668 -0.06975 0.11255
v -0.09553 -0.07258 0.11255
v -0.09427 -0.07524 0.11255
v -0.09291 -0.07774 0.11255
v -0.09143 -0.08009 0.11255
v -0.08984 -0.08230 0.11255
v -0.08814 -0.08437 0.11255
v -0.08632 -0.08632 0.11255
v -0.08437 -0.08814 0.11255
v -0.08230 -0.08984 0.11255
v -0.08009 -0.09143 0.11255
v -0.07774 -0.09291 0.11255
v -0.07524 -0.09427 0.11255
v -0.07258 -0.09553 0.11255
v -0.06975 -0.09668 0.11255
v -0.06673 -0.09772 0.11255
v -0.06350 -0.09867 0.11255
v -0.06003 -0.09951 0.11255
v -0.05629 -0.10025 0.11255
v -0.05222 -0.10089 0.11255
v -0.04776 -0.10143 0.11255
v -0.04278 -0.10187 0.11255
v -0.03709 -0.10221 0.11255
v -0.03030 -0.10246 0.11255
v -0.02144 -0.10260 0.11255
v 0.00000 -0.10265 0.11255
v 0.02144 -0.10260 0.11255
v 0.03030 -0.10246 0.11255
v 0.03709 -0.10221 0.11255
v 0.04278 -0.10187 0.11255
v 0.04776 -0.10143 0.11255
v 0.05222 -0.10089 0.11255
v 0.05629 -0.10025 0.11255
v 0.06003 -0.09951 0.11255
v 0.06350 -0.09867 0.11255
v 0.06673 -0.09772 0.11255
v 0.06975 -0.09668 0.11255
v 0.07258 -0.09553 0.11255
v 0.07524 -0.09427 0.11255
v 0.07774 -0.09291 0.11255
v 0.08009 -0.09143 0.11255
v 0.08230 -0.08984 0.11255
v 0.08437 -0.08814 0.11255
v 0.08632 -0.08632 0.11255
v 0.08814 -0.08437 0.11255
v 0.08984 -0.08230 0.11255
v 0.09143 -0.08009 0.11255
v 0.09291 -0.07774 0.11255
v 0.09427 -0.07524 0.11255
v 0.09553 -0.07258 0.11255
v 0.09668 -0.06975 0.11255
v 0.09772 -0.06673 0.11255
v 0.09867 -0.06350 0.11255
v 0.09951 -0.06003 0.11255
v 0.10025 -0.05629 0.11255
v 0.10089 -0.05222 0.11255
v 0.10143 -0.04776 0.11255
v 0.10187 -0.04278 0.11255
v 0.10221 -0.03709 0.11255
v 0.10246 -0.03030 0.11255
v 0.10260 -0.02144 0.11255
v 0.10265 0.00000 0.11255
v 0.10260 0.02144 0.11255
v 0.10246 0.03030 0.11255
v 0.10221 0.03709 0.11255
v 0.10187 0.04278 0.11255
v 0.10143 0.04776 0.11255
v 0.10089 0.05222 0.11255
v 0.10025 0.05629 0.11255
v 0.09951 0.06003 0.11255
v 0.09867 0.06350 0.11255
v 0.09772 0.06673 0.11255
v 0.09668 0.06975 0.11255
v 0.09553 0.07258 0.11255
v 0.09427 0.07524 0.11255
v 0.09291 0.07774 0.11255
v 0.09143 0.08009 0.11255
v 0.08984 0.08230 0.11255
v 0.08814 0.08437 0.11255
v 0.08632 0.08632 0.11255
v 0.08437 0.08814 0.11255
v 0.08230 0.08984 0.11255
v 0.08009 0.09143 0.11255
v 0.07774 0.09291 0.11255
v 0.07524 0.09427 0.11255
v 0.07258 0.09553 0.11255
v 0.06975 0.09668 0.11255
v 0.06673 0.09772 0.11255
v 0.06350 0.09867 0.11255
v 0.06003 0.09951 0.11255
v 0.05629 0.10025 0.11255
v 0.05222 0.10089 0.11255
v 0.04776 0.10143 0.11255
v 0.04278 0.10187 0.11255
v 0.03709 0.10221 0.11255
v 0.03030 0.10246 0.11255
v 0.02144 0.10260 0.11255
v 0.00000 0.10265 0.11255
v -0.02144 0.10260 0.11255
v -0.03030 0.10246 0.11255
v -0.03709 0.10221 0.11255
v -0.04278 0.10187 0.11255
v -0.04776 0.10143 0.11255
v -0.05222 0.10089 0.11255
v -0.05629 0.10025 0.11255
v -0.06003 0.09951 0.11255
v -0.06350 0.09867 0.11255
v -0.06673 0.09772 0.11255
v -0.06975 0.09668 0.11255
v -0.07258 0.09553 0.11255
v -0.07524 0.09427 0.11255
v -0.07774 0.09291 0.11255
v -0.08009 0.09143 0.11255
v -0.08230 0.08984 0.11255
v -0.08437 0.08814 0.11255
v -0.08632 0.08632 0.11255
v -0.08814 0.08437 0.11255
v -0.08984 0.08230 0.11255
v -0.09143 0.08009 0.11255
v -0.09291 0.07774 0.11255
v -0.09427 0.07524 0.11255
v -0.09553 0.07258 0.11255
v -0.09668 0.06975 0.11255
v -0.09772 0.06673 0.11255
v -0.09867 0.06350 0.11255
v -0.09951 0.06003 0.11255
v -0.10025 0.05629 0.11255
v -0.10089 0.05222 0.11255
v -0.10143 0.04776 0.11255
v -0.10187 0.04278 0.11255
v -0.10221 0.03709 0.11255
v -0.10246 0.03030 0.11255
v -0.10260 0.02144 0.11255
v -0.10283 -0.00000 0.12588
v -0.10278 -0.02148 0.12588
v -0.10263 -0.03036 0.12588
v -0.10239 -0.03715 0.12588
v -0.10204 -0.04285 0.12588
v -0.10160 -0.04784 0.12588
v -0.10106 -0.05231 0.12588
v -0.10042 -0.05639 0.12588
v -0.09968 -0.06014 0.12588
v -0.09884 -0.06361 0.12588
v -0.09789 -0.06685 0.12588
v -0.09684 -0.06987 0.12588
v -0.09569 -0.07271 0.12588
v -0.09443 -0.07537 0.12588
v -0.09307 -0.07788 0.12588
v -0.09159 -0.08023 0.12588
v -0.09000 -0.08244 0.12588
v -0.08829 -0.08452 0.12588
v -0.08647 -0.08647 0.12588
v -0.08452 -0.08829 0.12588
v -0.08244 -0.09000 0.12588
v -0.08023 -0.09159 0.12588
v -0.07788 -0.09307 0.12588
v -0.07537 -0.09443 0.12588
v -0.07271 -0.09569 0.12588
v -0.06987 -0.09684 0.12588
v -0.06685 -0.09789 0.12588
v -0.06361 -0.09884 0.12588
v -0.06014 -0.09968 0.12588
v -0.05639 -0.10042 0.12588
v -0.05231 -0.10106 0.12588
v -0.04784 -0.10160 0.12588
v -0.04285 -0.10204 0.12588
v -0.03715 -0.10239 0.12588
v -0.03036 -0.10263 0.12588
v -0.02148 -0.10278 0.12588
v 0.00000 -0.10283 0.12588
v 0.02148 -0.10278 0.12588
v 0.03036 -0.10263 0.12588
v 0.03715 -0.10239 0.12588
v 0.04285 -0.10204 0.12588
v 0.04784 -0.10160 0.12588
v 0.05231 -0.10106 0.12588
v 0.05639 -0.10042 0.12588
v 0.06014 -0.09968 0.12588
v 0.06361 -0.09884 0.12588
v 0.06685 -0.09789 0.12588
v 0.06987 -0.09684 0.12588
v 0.07271 -0.09569 0.12588
v 0.07537 -0.09443 0.12588
v 0.07788 -0.09307 0.12588
v 0.08023 -0.09159 0.12588
v 0.08244 -0.09000 0.12588
v 0.08452 -0.08829 0.12588
v 0.08647 -0.08647 0.12588
v 0.08829 -0.08452 0.12588
v 0.09000 -0.08244 0.12588
v 0.09159 -0.08023 0.12588
v 0.09307 -0.07788 0.12588
v 0.09443 -0.07537 0.12588
v 0.09569 -0.07271 0.12588
v 0.09684 -0.06987 0.12588
v 0.09789 -0.06685 0.12588
v 0.09884 -0.06361 0.12588
v 0.09968 -0.06014 0.12588
v 0.10042 -0.05639 0.12588
v 0.10106 -0.05231 0.12588
v 0.10160 -0.04784 0.12588
v 0.10204 -0.04285 0.12588
v 0.10239 -0.03715 0.12588
v 0.10263 -0.03036 0.12588
v 0.10278 -0.02148 0.12588
v 0.10283 0.00000 0.12588
v 0.10278 0.02148 0.12588
v 0.10263 0.03036 0.12588
v 0.10239 0.03715 0.12588
v 0.10204 0.04285 0.12588
v 0.10160 0.04784 0.12588
v 0.10106 0.05231 0.12588
v 0.10042 0.05639 0.12588
v 0.09968 0.06014 0.12588
v 0.09884 0.06361 0.12588
v 0.09789 0.06685 0.12588
v 0.09684 0.06987 0.12588
v 0.09569 0.07271 0.12588
v 0.09443 0.07537 0.12588
v 0.09307 0.07788 0.12588
v 0.09159 0.08023 0.12588
v 0.09000 0.08244 0.12588
v 0.08829 0.08452 0.12588
v 0.08647 0.08647 0.12588
v 0.08452 0.08829 0.12588
v 0.08244 0.09000 0.12588
v 0.08023 0.09159 0.12588
v 0.07788 0.09307 0.12588
v 0.07537 0.09443 0.12588
v 0.07271 0.09569 0.12588
v 0.06987 0.09684 0.12588
v 0.06685 0.09789 0.12588
v 0.06361 0.09884 0.12588
v 0.06014 0.09968 0.12588
v 0.05639 0.10042 0.12588
v 0.05231 0.10106 0.12588
v 0.04784 0.10160 0.12588
v 0.04285 0.10204 0.12588
v 0.03715 0.10239 0.12588
v 0.03036 0.10263 0.12588
v 0.02148 0.10278 0.12588
v 0.00000 0.10283 0.12588
v -0.02148 0.10278 0.12588
v -0.03036 0.10263 0.12588
v -0.03715 0.10239 0.12588
v -0.04285 0.10204 0.12588
v -0.04784 0.10160 0.12588
v -0.05231 0.10106 0.12588
v -0.05639 0.10042 0.12588
v -0.06014 0.09968 0.12588
v -0.06361 0.09884 0.12588
v -0.06685 0.09789 0.12588
v -0.06987 0.09684 0.12588
v -0.07271 0.09569 0.12588
v -0.07537 0.09443 0.12588
v -0.07788 0.09307 0.12588
v -0.08023 0.09159 0.12588
v -0.08244 0.09000 0.12588
v -0.08452 0.08829 0.12588
v -0.08647 0.08647 0.12588
v -0.08829 0.08452 0.12588
v -0.09000 0.08244 0.12588
v -0.09159 0.08023 0.12588
v -0.09307 0.07788 0.12588
v -0.09443 0.07537 0.12588
v -0.09569 0.07271 0.12588
v -0.09684 0.06987 0.12588
v -0.09789 0.06685 0.12588
v -0.09884 0.06361 0.12588
v -0.09968 0.06014 0.12588
v -0.10042 0.05639 0.12588
v -0.10106 0.05231 0.12588
v -0.10160 0.04784 0.12588
v -0.10204 0.04285 0.12588
v -0.10239 0.03715 0.12588
v -0.10263 0.03036 0.12588
v -0.10278 0.02148 0.12588
v -0.10284 -0.00000 0.13757
v -0.10279 -0.02148 0.13757
v -0.10264 -0.03036 0.13757
v -0.10240 -0.03715 0.13757
v -0.10205 -0.04285 0.13757
v -0.10161 -0.04784 0.13757
v -0.10107 -0.05232 0.13757
v -0.10043 -0.05639 0.13757
v -0.09969 -0.06014 0.13757
v -0.09885 -0.06362 0.13757
v -0.09790 -0.06685 0.13757
v -0.09685 -0.06988 0.13757
v -0.09570 -0.07272 0.13757
v -0.09444 -0.07538 0.13757
v -0.09308 -0.07788 0.13757
v -0.09160 -0.08024 0.13757
v -0.09001 -0.08245 0.13757
v -0.08830 -0.08453 0.13757
v -0.08648 -0.08648 0.13757
v -0.08453 -0.08830 0.13757
v -0.08245 -0.09001 0.13757
v -0.08024 -0.09160 0.13757
v -0.07788 -0.09308 0.13757
v -0.07538 -0.09444 0.13757
v -0.07272 -0.09570 0.13757
v -0.06988 -0.09685 0.13757
v -0.06685 -0.09790 0.13757
v -0.06362 -0.09885 0.13757
v -0.06014 -0.09969 0.13757
v -0.05639 -0.10043 0.13757
v -0.05232 -0.10107 0.13757
v -0.04784 -0.10161 0.13757
v -0.04285 -0.10205 0.13757
v -0.03715 -0.10240 0.13757
v -0.03036 -0.10264 0.13757
v -0.02148 -0.10279 0.13757
v 0.00000 -0.10284 0.13757
v 0.02148 -0.10279 0.13757
v 0.03036 -0.10264 0.13757
v 0.03715 -0.10240 0.13757
v 0.04285 -0.10205 0.13757
v 0.04784 -0.10161 0.13757
v 0.05232 -0.10107 0.13757
v 0.05639 -0.10043 0.13757
v 0.06014 -0.09969 0.13757
v 0.06362 -0.09885 0.13757
v 0.06685 -0.09790 0.13757
v 0.06988 -0.09685 0.13757
v 0.07272 -0.09570 0.13757
v 0.07538 -0.09444 0.13757
v 0.07788 -0.09308 0.13757
v 0.08024 -0.09160 0.13757
v 0.08245 -0.09001 0.13757
v 0.08453 -0.08830 0.13757
v 0.08648 -0.08648 0.13757
v 0.08830 -0.08453 0.13757
v 0.09001 -0.08245 0.13757
v 0.09160 -0.08024 0.13757
v 0.09308 -0.07788 0.13757
v 0.09444 -0.07538 0.13757
v 0.09570 -0.07272 0.13757
v 0.09685 -0.06988 0.13757
v 0.09790 -0.06685 0.13757
v 0.09885 -0.06362 0.13757
v 0.09969 -0.06014 0.13757
v 0.10043 -0.05639 0.13757
v 0.10107 -0.05232 0.13757
v 0.10161 -0.04784 0.13757
v 0.10205 -0.04285 0.13757
v 0.10240 -0.03715 0.13757
v 0.10264 -0.03036 0.13757
v 0.10279 -0.02148 0.13757
v 0.10284 0.00000 0.13757
v 0.10279 0.02148 0.13757
v 0.10264 0.03036 0.13757
v 0.10240 0.03715 0.13757
v 0.10205 0.04285 0.13757
v 0.10161 0.04784 0.13757
v 0.10107 0.05232 0.13757
v 0.10043 0.05639 0.13757
v 0.09969 0.06014 0.13757
v 0.09885 0.06362 0.13757
v 0.09790 0.06685 0.13757
v 0.09685 0.06988 0.13757
v 0.09570 0.07272 0.13757
v 0.09444 0.07538 0.13757
v 0.09308 0.07788 0.13757
v 0.09160 0.08024 0.13757
v 0.09001 0.08245 0.13757
v 0.08830 0.08453 0.13757
v 0.08648 0.08648 0.13757
v 0.08453 0.08830 0.13757
v 0.08245 0.09001 0.13757
v 0.08024 0.09160 0.13757
v 0.07788 0.09308 0.13757
v 0.07538 0.09444 0.13757
v 0.07272 0.09570 0.13757
v 0.06988 0.09685 0.13757
v 0.06685 0.09790 0.13757
v 0.06362 0.09885 0.13757
v 0.06014 0.09969 0.13757
v 0.05639 0.10043 0.13757
v 0.05232 0.10107 0.13757
v 0.04784 0.10161 0.13757
v 0.04285 0.10205 0.13757
v 0.03715 0.10240 0.13757
v 0.03036 0.10264 0.13757
v 0.02148 0.10279 0.13757
v 0.00000 0.10284 0.13757
v -0.02148 0.10279 0.13757
v -0.03036 0.10264 0.13757
v -0.03715 0.10240 0.13757
v -0.04285 0.10205 0.13757
v -0.04784 0.10161 0.13757
v -0.05232 0.10107 0.13757
v -0.05639 0.10043 0.13757
v -0.06014 0.09969 0.13757
v -0.06362 0.09885 0.13757
v -0.06685 0.09790 0.13757
v -0.06988 0.09685 0.13757
v -0.07272 0.09570 0.13757
v -0.07538 0.09444 0.13757
v -0.07788 0.09308 0.13757
v -0.08024 0.09160 0.13757
v -0.08245 0.09001 0.13757
v -0.08453 0.08830 0.13757
v -0.08648 0.08648 0.13757
v -0.08830 0.08453 0.13757
v -0.09001 0.08245 0.13757
v -0.09160 0.08024 0.13757
v -0.09308 0.07788 0.13757
v -0.09444 0.07538 0.13757
v -0.09570 0.07272 0.13757
v -0.09685 0.06988 0.13757
v -0.09790 0.06685 0.13757
v -0.09885 0.06362 0.13757
v -0.09969 0.06014 0.13757
v -0.10043 0.05639 0.13757
v -0.10107 0.05232 0.13757
v -0.10161 0.04784 0.13757
v -0.10205 0.04285 0.13757
v -0.10240 0.03715 0.13757
v -0.10264 0.03036 0.13757
v -0.10279 0.02148 0.13757
v -0.10270 -0.00000 0.14805
v -0.10265 -0.02145 0.14805
v -0.10250 -0.03032 0.14805
v -0.10226 -0.03710 0.14805
v -0.10192 -0.04280 0.14805
v -0.10147 -0.04778 0.14805
v -0.10093 -0.05225 0.14805
v -0.10029 -0.05632 0.14805
v -0.09955 -0.06006 0.14805
v -0.09871 -0.06353 0.14805
v -0.09777 -0.06676 0.14805
v -0.09672 -0.06979 0.14805
v -0.09557 -0.07262 0.14805
v -0.09431 -0.07528 0.14805
v -0.09295 -0.07778 0.14805
v -0.09147 -0.08013 0.14805
v -0.08989 -0.08234 0.14805
v -0.08818 -0.08441 0.14805
v -0.08636 -0.08636 0.14805
v -0.08441 -0.08818 0.14805
v -0.08234 -0.08989 0.14805
v -0.08013 -0.09147 0.14805
v -0.07778 -0.09295 0.14805
v -0.07528 -0.09431 0.14805
v -0.07262 -0.09557 0.14805
v -0.06979 -0.09672 0.14805
v -0.06676 -0.09777 0.14805
v -0.06353 -0.09871 0.14805
v -0.06006 -0.09955 0.14805
v -0.05632 -0.10029 0.14805
v -0.05225 -0.10093 0.14805
v -0.04778 -0.10147 0.14805
v -0.04280 -0.10192 0.14805
v -0.03710 -0.10226 0.14805
v -0.03032 -0.10250 0.14805
v -0.02145 -0.10265 0.14805
v 0.00000 -0.10270 0.14805
v 0.02145 -0.10265 0.14805
v 0.03032 -0.10250 0.14805
v 0.03710 -0.10226 0.14805
v 0.04280 -0.10192 0.14805
v 0.04778 -0.10147 0.14805
v 0.05225 -0.10093 0.14805
v 0.05632 -0.10029 0.14805
v 0.06006 -0.09955 0.14805
v 0.06353 -0.09871 0.14805
v 0.06676 -0.09777 0.14805
v 0.06979 -0.09672 0.14805
v 0.07262 -0.09557 0.14805
v 0.07528 -0.09431 0.14805
v 0.07778 -0.09295 0.14805
v 0.08013 -0.09147 0.14805
v 0.08234 -0.08989 0.14805
v 0.08441 -0.08818 0.14805
v 0.08636 -0.08636 0.14805
v 0.08818 -0.08441 0.14805
v 0.08989 -0.08234 0.14805
v 0.09147 -0.08013 0.14805
v 0.09295 -0.07778 0.14805
v 0.09431 -0.07528 0.14805
v 0.09557 -0.07262 0.14805
v 0.09672 -0.06979 0.14805
v 0.09777 -0.06676 0.14805
v 0.09871 -0.06353 0.14805
v 0.09955 -0.06006 0.14805
v 0.10029 -0.05632 0.14805
v 0.10093 -0.05225 0.14805
v 0.10147 -0.04778 0.14805
v 0.10192 -0.04280 0.14805
v 0.10226 -0.03710 0.14805
v 0.10250 -0.03032 0.14805
v 0.10265 -0.02145 0.14805
v 0.10270 0.00000 0.14805
v 0.10265 0.02145 0.14805
v 0.10250 0.03032 0.14805
v 0.10226 0.03710 0.14805
v 0.10192 0.04280 0.14805
v 0.10147 0.04778 0.14805
v 0.10093 0.05225 0.14805
v 0.10029 0.05632 0.14805
v 0.09955 0.06006 0.14805
v 0.09871 0.06353 0.14805
v 0.09777 0.06676 0.14805
v 0.09672 0.06979 0.14805
v 0.09557 0.07262 0.14805
v 0.09431 0.07528 0.14805
v 0.09295 0.07778 0.14805
v 0.09147 0.08013 0.14805
v 0.08989 0.08234 0.14805
v 0.08818 0.08441 0.14805
v 0.08636 0.08636 0.14805
v 0.08441 0.08818 0.14805
v 0.08234 0.08989 0.14805
v 0.08013 0.09147 0.14805
v 0.07778 0.09295 0.14805
v 0.07528 0.09431 0.14805
v 0.07262 0.09557 0.14805
v 0.06979 0.09672 0.14805
v 0.06676 0.09777 0.14805
v 0.06353 0.09871 0.14805
v 0.06006 0.09955 0.14805
v 0.05632 0.10029 0.14805
v 0.05225 0.10093 0.14805
v 0.04778 0.10147 0.14805
v 0.04280 0.10192 0.14805
v 0.03710 0.10226 0.14805
v 0.03032 0.10250 0.14805
v 0.02145 0.10265 0.14805
v 0.00000 0.10270 0.14805
v -0.02145 0.10265 0.14805
v -0.03032 0.10250 0.14805
v -0.03710 0.10226 0.14805
v -0.04280 0.10192 0.14805
v -0.04778 0.10147 0.14805
v -0.05225 0.10093 0.14805
v -0.05632 0.10029 0.14805
v -0.06006 0.09955 0.14805
v -0.06353 0.09871 0.14805
v -0.06676 0.09777 0.14805
v -0.06979 0.09672 0.14805
v -0.07262 0.09557 0.14805
v -0.07528 0.09431 0.14805
v -0.07778 0.09295 0.14805
v -0.08013 0.09147 0.14805
v -0.08234 0.08989 0.14805
v -0.08441 0.08818 0.14805
v -0.08636 0.08636 0.14805
v -0.08818 0.08441 0.14805
v -0.08989 0.08234 0.14805
v -0.09147 0.08013 0.14805
v -0.09295 0.07778 0.14805
v -0.09431 0.07528 0.14805
v -0.09557 0.07262 0.14805
v -0.09672 0.06979 0.14805
v -0.09777 0.06676 0.14805
v -0.09871 0.06353 0.14805
v -0.09955 0.06006 0.14805
v -0.10029 0.05632 0.14805
v -0.10093 0.05225 0.14805
v -0.10147 0.04778 0.14805
v -0.10192 0.04280 0.14805
v -0.10226 0.03710 0.14805
v -0.10250 0.03032 0.14805
v -0.10265 0.02145 0.14805
v -0.10238 -0.00000 0.15757
v -0.10233 -0.02138 0.15757
v -0.10219 -0.03023 0.15757
v -0.10194 -0.03699 0.15757
v -0.10160 -0.04266 0.15757
v -0.10116 -0.04763 0.15757
v -0.10062 -0.05209 0.15757
v -0.09998 -0.05614 0.15757
v -0.09925 -0.05988 0.15757
v -0.09841 -0.06334 0.15757
v -0.09747 -0.06656 0.15757
v -0.09642 -0.06957 0.15757
v -0.09528 -0.07240 0.15757
v -0.09402 -0.07505 0.15757
v -0.09266 -0.07754 0.15757
v -0.09119 -0.07988 0.15757
v -0.08961 -0.08208 0.15757
v -0.08791 -0.08415 0.15757
v -0.08609 -0.08609 0.15757
v -0.08415 -0.08791 0.15757
v -0.08208 -0.08961 0.15757
v -0.07988 -0.09119 0.15757
v -0.07754 -0.09266 0.15757
v -0.07505 -0.09402 0.15757
v -0.07240 -0.09528 0.15757
v -0.06957 -0.09642 0.15757
v -0.06656 -0.09747 0.15757
v -0.06334 -0.09841 0.15757
v -0.05988 -0.09925 0.15757
v -0.05614 -0.09998 0.15757
v -0.05209 -0.10062 0.15757
v -0.04763 -0.10116 0.15757
v -0.04266 -0.10160 0.15757
v -0.03699 -0.10194 0.15757
v -0.03023 -0.10219 0.15757
v -0.02138 -0.10233 0.15757
v 0.00000 -0.10238 0.15757
v 0.02138 -0.10233 0.15757
v 0.03023 -0.10219 0.15757
v 0.03699 -0.10194 0.15757
v 0.04266 -0.10160 0.15757
v 0.04763 -0.10116 0.15757
v 0.05209 -0.10062 0.15757
v 0.05614 -0.09998 0.15757
v 0.05988 -0.09925 0.15757
v 0.06334 -0.09841 0.15757
v 0.06656 -0.09747 0.15757
v 0.06957 -0.09642 0.15757
v 0.07240 -0.09528 0.15757
v 0.07505 -0.09402 0.15757
v 0.07754 -0.09266 0.15757
v 0.07988 -0.09119 0.15757
v 0.08208 -0.08961 0.15757
v 0.08415 -0.08791 0.15757
v 0.08609 -0.08609 0.15757
v 0.08791 -0.08415 0.15757
v 0.08961 -0.08208 0.15757
v 0.09119 -0.07988 0.15757
v 0.09266 -0.07754 0.15757
v 0.09402 -0.07505 0.15757
v 0.09528 -0.07240 0.15757
v 0.09642 -0.06957 0.15757
v 0.09747 -0.06656 0.15757
v 0.09841 -0.06334 0.15757
v 0.09925 -0.05988 0.15757
v 0.09998 -0.05614 0.15757
v 0.10062 -0.05209 0.15757
v 0.10116 -0.04763 0.15757
v 0.10160 -0.04266 0.15757
v 0.10194 -0.03699 0.15757
v 0.10219 -0.03023 0.15757
v 0.10233 -0.02138 0.15757
v 0.10238 0.00000 0.15757
v 0.10233 0.02138 0.15757
v 0.10219 0.03023 0.15757
v 0.10194 0.03699 0.15757
v 0.10160 0.04266 0.15757
v 0.10116 0.04763 0.15757
v 0.10062 0.05209 0.15757
v 0.09998 0.05614 0.15757
v 0.09925 0.05988 0.15757
v 0.09841 0.06334 0.15757
v 0.09747 0.06656 0.15757
v 0.09642 0.06957 0.15757
v 0.09528 0.07240 0.15757
v 0.09402 0.07505 0.15757
v 0.09266 0.07754 0.15757
v 0.09119 0.07988 0.15757
v 0.08961 0.08208 0.15757
v 0.08791 0.08415 0.15757
v 0.08609 0.08609 0.15757
v 0.08415 0.08791 0.15757
v 0.08208 0.08961 0.15757
v 0.07988 0.09119 0.15757
v 0.07754 0.09266 0.15757
v 0.07505 0.09402 0.15757
v 0.07240 0.09528 0.15757
v 0.06957 0.09642 0.15757
v 0.06656 0.09747 0.15757
v 0.06334 0.09841 0.15757
v 0.05988 0.09925 0.15757
v 0.05614 0.09998 0.15757
v 0.05209 0.10062 0.15757
v 0.04763 0.10116 0.15757
v 0.04266 0.10160 0.15757
v 0.03699 0.10194 0.15757
v 0.03023 0.10219 0.15757
v 0.02138 0.10233 0.15757
v 0.00000 0.10238 0.15757
v -0.02138 0.10233 0.15757
v -0.03023 0.10219 0.15757
v -0.03699 0.10194 0.15757
v -0.04266 0.10160 0.15757
v -0.04763 0.10116 0.15757
v -0.05209 0.10062 0.15757
v -0.05614 0.09998 0.15757
v -0.05988 0.09925 0.15757
v -0.06334 0.09841 0.15757
v -0.06656 0.09747 0.15757
v -0.06957 0.09642 0.15757
v -0.07240 0.09528 0.15757
v -0.07505 0.09402 0.15757
v -0.07754 0.09266 0.15757
v -0.07988 0.09119 0.15757
v -0.08208 0.08961 0.15757
v -0.08415 0.08791 0.15757
v -0.08609 0.08609 0.15757
v -0.08791 0.08415 0.15757
v -0.08961 0.08208 0.15757
v -0.09119 0.07988 0.15757
v -0.09266 0.07754 0.15757
v -0.09402 0.07505 0.15757
v -0.09528 0.07240 0.15757
v -0.09642 0.06957 0.15757
v -0.09747 0.06656 0.15757
v -0.09841 0.06334 0.15757
v -0.09925 0.05988 0.15757
v -0.09998 0.05614 0.15757
v -0.10062 0.05209 0.15757
v -0.10116 0.04763 0.15757
v -0.10160 0.04266 0.15757
v -0.10194 0.03699 0.15757
v -0.10219 0.03023 0.15757
v -0.10233 0.02138 0.15757
v -0.10163 -0.00000 0.16630
v -0.10158 -0.02123 0.16630
v -0.10144 -0.03000 0.16630
v -0.10120 -0.03672 0.16630
v -0.10086 -0.04235 0.16630
v -0.10042 -0.04728 0.16630
v -0.09988 -0.05170 0.16630
v -0.09925 -0.05573 0.16630
v -0.09852 -0.05944 0.16630
v -0.09769 -0.06287 0.16630
v -0.09675 -0.06607 0.16630
v -0.09572 -0.06906 0.16630
v -0.09458 -0.07186 0.16630
v -0.09333 -0.07450 0.16630
v -0.09198 -0.07697 0.16630
v -0.09052 -0.07930 0.16630
v -0.08895 -0.08148 0.16630
v -0.08727 -0.08354 0.16630
v -0.08546 -0.08546 0.16630
v -0.08354 -0.08727 0.16630
v -0.08148 -0.08895 0.16630
v -0.07930 -0.09052 0.16630
v -0.07697 -0.09198 0.16630
v -0.07450 -0.09333 0.16630
v -0.07186 -0.09458 0.16630
v -0.06906 -0.09572 0.16630
v -0.06607 -0.09675 0.16630
v -0.06287 -0.09769 0.16630
v -0.05944 -0.09852 0.16630
v -0.05573 -0.09925 0.16630
v -0.05170 -0.09988 0.16630
v -0.04728 -0.10042 0.16630
v -0.04235 -0.10086 0.16630
v -0.03672 -0.10120 0.16630
v -0.03000 -0.10144 0.16630
v -0.02123 -0.10158 0.16630
v 0.00000 -0.10163 0.16630
v 0.02123 -0.10158 0.16630
v 0.03000 -0.10144 0.16630
v 0.03672 -0.10120 0.16630
v 0.04235 -0.10086 0.16630
v 0.04728 -0.10042 0.16630
v 0.05170 -0.09988 0.16630
v 0.05573 -0.09925 0.16630
v 0.05944 -0.09852 0.16630
v 0.06287 -0.09769 0.16630
v 0.06607 -0.09675 0.16630
v 0.06906 -0.09572 0.16630
v 0.07186 -0.09458 0.16630
v 0.07450 -0.09333 0.16630
v 0.07697 -0.09198 0.16630
v 0.07930 -0.09052 0.16630
v 0.08148 -0.08895 0.16630
v 0.08354 -0.08727 0.16630
v 0.08546 -0.08546 0.16630
v 0.08727 -0.08354 0.16630
v 0.08895 -0.08148 0.16630
v 0.09052 -0.07930 0.16630
v 0.09198 -0.07697 0.16630
v 0.09333 -0.07450 0.16630
v 0.09458 -0.07186 0.16630
v 0.09572 -0.06906 0.16630
v 0.09675 -0.06607 0.16630
v 0.09769 -0.06287 0.16630
v 0.09852 -0.05944 0.16630
v 0.09925 -0.05573 0.16630
v 0.09988 -0.05170 0.16630
v 0.10042 -0.04728 0.16630
v 0.10086 -0.04235 0.16630
v 0.10120 -0.03672 0.16630
v 0.10144 -0.03000 0.16630
v 0.10158 -0.02123 0.16630
v 0.10163 0.00000 0.16630
v 0.10158 0.02123 0.16630
v 0.10144 0.03000 0.16630
v 0.10120 0.03672 0.16630
v 0.10086 0.04235 0.16630
v 0.10042 0.04728 0.16630
v 0.09988 0.05170 0.16630
v 0.09925 0.05573 0.16630
v 0.09852 0.05944 0.16630
v 0.09769 0.06287 0.16630
v 0.09675 0.06607 0.16630
v 0.09572 0.06906 0.16630
v 0.09458 0.07186 0.16630
v 0.09333 0.07450 0.16630
v 0.09198 0.07697 0.16630
v 0.09052 0.07930 0.16630
v 0.08895 0.08148 0.16630
v 0.08727 0.08354 0.16630
v 0.08546 0.08546 0.16630
v 0.08354 0.08727 0.16630
v 0.08148 0.08895 0.16630
v 0.07930 0.09052 0.16630
v 0.07697 0.09198 0.16630
v 0.07450 0.09333 0.16630
v 0.07186 0.09458 0.16630
v 0.06906 0.09572 0.16630
v 0.06607 0.09675 0.16630
v 0.06287 0.09769 0.16630
v 0.05944 0.09852 0.16630
v 0.05573 0.09925 0.16630
v 0.05170 0.09988 0.16630
v 0.04728 0.10042 0.16630
v 0.04235 0.10086 0.16630
v 0.03672 0.10120 0.16630
v 0.03000 0.10144 0.16630
v 0.02123 0.10158 0.16630
v 0.00000 0.10163 0.16630
v -0.02123 0.10158 0.16630
v -0.03000 0.10144 0.16630
v -0.03672 0.10120 0.16630
v -0.04235 0.10086 0.16630
v -0.04728 0.10042 0.16630
v -0.05170 0.09988 0.16630
v -0.05573 0.09925 0.16630
v -0.05944 0.09852 0.16630
v -0.06287 0.09769 0.16630
v -0.06607 0.09675 0.16630
v -0.06906 0.09572 0.16630
v -0.07186 0.09458 0.16630
v -0.07450 0.09333 0.16630
v -0.07697 0.09198 0.16630
v -0.07930 0.09052 0.16630
v -0.08148 0.08895 0.16630
v -0.08354 0.08727 0.16630
v -0.08546 0.08546 0.16630
v -0.08727 0.08354 0.16630
v -0.08895 0.08148 0.16630
v -0.09052 0.07930 0.16630
v -0.09198 0.07697 0.16630
v -0.09333 0.07450 0.16630
v -0.09458 0.07186 0.16630
v -0.09572 0.06906 0.16630
v -0.09675 0.06607 0.16630
v -0.09769 0.06287 0.16630
v -0.09852 0.05944 0.16630
v -0.09925 0.05573 0.16630
v -0.09988 0.05170 0.16630
v -0.10042 0.04728 0.16630
v -0.10086 0.04235 0.16630
v -0.10120 0.03672 0.16630
v -0.10144 0.03000 0.16630
v -0.10158 0.02123 0.16630
v -0.10078 -0.00000 0.17437
v -0.10074 -0.02105 0.17437
v -0.10059 -0.02975 0.17437
v -0.10035 -0.03641 0.17437
v -0.10001 -0.04200 0.17437
v -0.09958 -0.04689 0.17437
v -0.09905 -0.05127 0.17437
v -0.09842 -0.05527 0.17437
v -0.09770 -0.05894 0.17437
v -0.09687 -0.06235 0.17437
v -0.09595 -0.06552 0.17437
v -0.09492 -0.06848 0.17437
v -0.09379 -0.07126 0.17437
v -0.09256 -0.07388 0.17437
v -0.09122 -0.07633 0.17437
v -0.08977 -0.07863 0.17437
v -0.08821 -0.08080 0.17437
v -0.08654 -0.08284 0.17437
v -0.08475 -0.08475 0.17437
v -0.08284 -0.08654 0.17437
v -0.08080 -0.08821 0.17437
v -0.07863 -0.08977 0.17437
v -0.07633 -0.09122 0.17437
v -0.07388 -0.09256 0.17437
v -0.07126 -0.09379 0.17437
v -0.06848 -0.09492 0.17437
v -0.06552 -0.09595 0.17437
v -0.06235 -0.09687 0.17437
v -0.05894 -0.09770 0.17437
v -0.05527 -0.09842 0.17437
v -0.05127 -0.09905 0.17437
v -0.04689 -0.09958 0.17437
v -0.04200 -0.10001 0.17437
v -0.03641 -0.10035 0.17437
v -0.02975 -0.10059 0.17437
v -0.02105 -0.10074 0.17437
v 0.00000 -0.10078 0.17437
v 0.02105 -0.10074 0.17437
v 0.02975 -0.10059 0.17437
v 0.03641 -0.10035 0.17437
v 0.04200 -0.10001 0.17437
v 0.04689 -0.09958 0.17437
v 0.05127 -0.09905 0.17437
v 0.05527 -0.09842 0.17437
v 0.05894 -0.09770 0.17437
v 0.06235 -0.09687 0.17437
v 0.06552 -0.09595 0.17437
v 0.06848 -0.09492 0.17437
v 0.07126 -0.09379 0.17437
v 0.07388 -0.09256 0.17437
v 0.07633 -0.09122 0.17437
v 0.07863 -0.08977 0.17437
v 0.08080 -0.08821 0.17437
v 0.08284 -0.08654 0.17437
v 0.08475 -0.08475 0.17437
v 0.08654 -0.08284 0.17437
v 0.08821 -0.08080 0.17437
v 0.08977 -0.07863 0.17437
v 0.09122 -0.07633 0.17437
v 0.09256 -0.07388 0.17437
v 0.09379 -0.07126 0.17437
v 0.09492 -0.06848 0.17437
v 0.09595 -0.06552 0.17437
v 0.09687 -0.06235 0.17437
v 0.09770 -0.05894 0.17437
v 0.09842 -0.05527 0.17437
v 0.09905 -0.05127 0.17437
v 0.09958 -0.04689 0.17437
v 0.10001 -0.04200 0.17437
v 0.10035 -0.03641 0.17437
v 0.10059 -0.02975 0.17437
v 0.10074 -0.02105 0.17437
v 0.10078 0.00000 0.17437
v 0.10074 0.02105 0.17437
v 0.10059 0.02975 0.17437
v 0.10035 0.03641 0.17437
v 0.10001 0.04200 0.17437
v 0.09958 0.04689 0.17437
v 0.09905 0.05127 0.17437
v 0.09842 0.05527 0.17437
v 0.09770 0.05894 0.17437
v 0.09687 0.06235 0.17437
v 0.09595 0.06552 0.17437
v 0.09492 0.06848 0.17437
v 0.09379 0.07126 0.17437
v 0.09256 0.07388 0.17437
v 0.09122 0.07633 0.17437
v 0.08977 0.07863 0.17437
v 0.08821 0.08080 0.17437
v 0.08654 0.08284 0.17437
v 0.08475 0.08475 0.17437
v 0.08284 0.08654 0.17437
v 0.08080 0.08821 0.17437
v 0.07863 0.08977 0.17437
v 0.07633 0.09122 0.17437
v 0.07388 0.09256 0.17437
v 0.07126 0.09379 0.17437
v 0.06848 0.09492 0.17437
v 0.06552 0.09595 0.17437
v 0.06235 0.09687 0.17437
v 0.05894 0.09770 0.17437
v 0.05527 0.09842 0.17437
v 0.05127 0.09905 0.17437
v 0.04689 0.09958 0.17437
v 0.04200 0.10001 0.17437
v 0.03641 0.10035 0.17437
v 0.02975 0.10059 0.17437
v 0.02105 0.10074 0.17437
v 0.00000 0.10078 0.17437
v -0.02105 0.10074 0.17437
v -0.02975 0.10059 0.17437
v -0.03641 0.10035 0.17437
v -0.04200 0.10001 0.17437
v -0.04689 0.09958 0.17437
v -0.05127 0.09905 0.17437
v -0.05527 0.09842 0.17437
v -0.05894 0.09770 0.17437
v -0.06235 0.09687 0.17437
v -0.06552 0.09595 0.17437
v -0.06848 0.09492 0.17437
v -0.07126 0.09379 0.17437
v -0.07388 0.09256 0.17437
v -0.07633 0.09122 0.17437
v -0.07863 0.08977 0.17437
v -0.08080 0.08821 0.17437
v -0.08284 0.08654 0.17437
v -0.08475 0.08475 0.17437
v -0.08654 0.08284 0.17437
v -0.08821 0.08080 0.17437
v -0.08977 0.07863 0.17437
v -0.09122 0.07633 0.17437
v -0.09256 0.07388 0.17437
v -0.09379 0.07126 0.17437
v -0.09492 0.06848 0.17437
v -0.09595 0.06552 0.17437
v -0.09687 0.06235 0.17437
v -0.09770 0.05894 0.17437
v -0.09842 0.05527 0.17437
v -0.09905 0.05127 0.17437
v -0.09958 0.04689 0.17437
v -0.10001 0.04200 0.17437
v -0.10035 0.03641 0.17437
v -0.10059 0.02975 0.17437
v -0.10074 0.02105 0.17437
v -0.09984 -0.00000 0.18186
v -0.09979 -0.02085 0.18186
v -0.09965 -0.02947 0.18186
v -0.09941 -0.03607 0.18186
v -0.09908 -0.04160 0.18186
v -0.09865 -0.04645 0.18186
v -0.09812 -0.05079 0.18186
v -0.09750 -0.05475 0.18186
v -0.09678 -0.05839 0.18186
v -0.09596 -0.06176 0.18186
v -0.09504 -0.06490 0.18186
v -0.09403 -0.06784 0.18186
v -0.09291 -0.07060 0.18186
v -0.09169 -0.07318 0.18186
v -0.09036 -0.07561 0.18186
v -0.08893 -0.07790 0.18186
v -0.08738 -0.08004 0.18186
v -0.08572 -0.08206 0.18186
v -0.08395 -0.08395 0.18186
v -0.08206 -0.08572 0.18186
v -0.08004 -0.08738 0.18186
v -0.07790 -0.08893 0.18186
v -0.07561 -0.09036 0.18186
v -0.07318 -0.09169 0.18186
v -0.07060 -0.09291 0.18186
v -0.06784 -0.09403 0.18186
v -0.06490 -0.09504 0.18186
v -0.06176 -0.09596 0.18186
v -0.05839 -0.09678 0.18186
v -0.05475 -0.09750 0.18186
v -0.05079 -0.09812 0.18186
v -0.04645 -0.09865 0.18186
v -0.04160 -0.09908 0.18186
v -0.03607 -0.09941 0.18186
v -0.02947 -0.09965 0.18186
v -0.02085 -0.09979 0.18186
v 0.00000 -0.09984 0.18186
v 0.02085 -0.09979 0.18186
v 0.02947 -0.09965 0.18186
v 0.03607 -0.09941 0.18186
v 0.04160 -0.09908 0.18186
v 0.04645 -0.09865 0.18186
v 0.05079 -0.09812 0.18186
v 0.05475 -0.09750 0.18186
v 0.05839 -0.09678 0.18186
v 0.06176 -0.09596 0.18186
v 0.06490 -0.09504 0.18186
v 0.06784 -0.09403 0.18186
v 0.07060 -0.09291 0.18186
v 0.07318 -0.09169 0.18186
v 0.07561 -0.09036 0.18186
v 0.07790 -0.08893 0.18186
v 0.08004 -0.08738 0.18186
v 0.08206 -0.08572 0.18186
v 0.08395 -0.08395 0.18186
v 0.08572 -0.08206 0.18186
v 0.08738 -0.08004 0.18186
v 0.08893 -0.07790 0.18186
v 0.09036 -0.07561 0.18186
v 0.09169 -0.07318 0.18186
v 0.09291 -0.07060 0.18186
v 0.09403 -0.06784 0.18186
v 0.09504 -0.06490 0.18186
v 0.09596 -0.06176 0.18186
v 0.09678 -0.05839 0.18186
v 0.09750 -0.05475 0.18186
v 0.09812 -0.05079 0.18186
v 0.09865 -0.04645 0.18186
v 0.09908 -0.04160 0.18186
v 0.09941 -0.03607 0.18186
v 0.09965 -0.02947 0.18186
v 0.09979 -0.02085 0.18186
v 0.09984 0.00000 0.18186
v 0.09979 0.02085 0.18186
v 0.09965 0.02947 0.18186
v 0.09941 0.03607 0.18186
v 0.09908 0.04160 0.18186
v 0.09865 0.04645 0.18186
v 0.09812 0.05079 0.18186
v 0.09750 0.05475 0.18186
v 0.09678 0.05839 0.18186
v 0.09596 0.06176 0.18186
v 0.09504 0.06490 0.18186
v 0.09403 0.06784 0.18186
v 0.09291 0.07060 0.18186
v 0.09169 0.07318 0.18186
v 0.09036 0.07561 0.18186
v 0.08893 0.07790 0.18186
v 0.08738 0.08004 0.18186
v 0.08572 0.08206 0.18186
v 0.08395 0.08395 0.18186
v 0.08206 0.08572 0.18186
v 0.08004 0.08738 0.18186
v 0.07790 0.08893 0.18186
v 0.07561 0.09036 0.18186
v 0.07318 0.09169 0.18186
v 0.07060 0.09291 0.18186
v 0.06784 0.09403 0.18186
v 0.06490 0.09504 0.18186
v 0.06176 0.09596 0.18186
v 0.05839 0.09678 0.18186
v 0.05475 0.09750 0.18186
v 0.05079 0.09812 0.18186
v 0.04645 0.09865 0.18186
v 0.04160 0.09908 0.18186
v 0.03607 0.09941 0.18186
v 0.02947 0.09965 0.18186
v 0.02085 0.09979 0.18186
v 0.00000 0.09984 0.18186
v -0.02085 0.09979 0.18186
v -0.02947 0.09965 0.18186
v -0.03607 0.09941 0.18186
v -0.04160 0.09908 0.18186
v -0.04645 0.09865 0.18186
v -0.05079 0.09812 0.18186
v -0.05475 0.09750 0.18186
v -0.05839 0.09678 0.18186
v -0.06176 0.09596 0.18186
v -0.06490 0.09504 0.18186
v -0.06784 0.09403 0.18186
v -0.07060 0.09291 0.18186
v -0.07318 0.09169 0.18186
v -0.07561 0.09036 0.18186
v -0.07790 0.08893 0.18186
v -0.08004 0.08738 0.18186
v -0.08206 0.08572 0.18186
v -0.08395 0.08395 0.18186
v -0.08572 0.08206 0.18186
v -0.08738 0.08004 0.18186
v -0.08893 0.07790 0.18186
v -0.09036 0.07561 0.18186
v -0.09169 0.07318 0.18186
v -0.09291 0.07060 0.18186
v -0.09403 0.06784 0.18186
v -0.09504 0.06490 0.18186
v -0.09596 0.06176 0.18186
v -0.09678 0.05839 0.18186
v -0.09750 0.05475 0.18186
v -0.09812 0.05079 0.18186
v -0.09865 0.04645 0.18186
v -0.09908 0.04160 0.18186
v -0.09941 0.03607 0.18186
v -0.09965 0.02947 0.18186
v -0.09979 0.02085 0.18186
v -0.09879 -0.00000 0.18884
v -0.09874 -0.02063 0.18884
v -0.09860 -0.02917 0.18884
v -0.09837 -0.03569 0.18884
v -0.09804 -0.04117 0.18884
v -0.09761 -0.04596 0.18884
v -0.09709 -0.05026 0.18884
v -0.09648 -0.05417 0.18884
v -0.09577 -0.05777 0.18884
v -0.09496 -0.06111 0.18884
v -0.09405 -0.06422 0.18884
v -0.09304 -0.06713 0.18884
v -0.09193 -0.06986 0.18884
v -0.09073 -0.07241 0.18884
v -0.08941 -0.07482 0.18884
v -0.08799 -0.07708 0.18884
v -0.08647 -0.07920 0.18884
v -0.08483 -0.08120 0.18884
v -0.08307 -0.08307 0.18884
v -0.08120 -0.08483 0.18884
v -0.07920 -0.08647 0.18884
v -0.07708 -0.08799 0.18884
v -0.07482 -0.08941 0.18884
v -0.07241 -0.09073 0.18884
v -0.06986 -0.09193 0.18884
v -0.06713 -0.09304 0.18884
v -0.06422 -0.09405 0.18884
v -0.06111 -0.09496 0.18884
v -0.05777 -0.09577 0.18884
v -0.05417 -0.09648 0.18884
v -0.05026 -0.09709 0.18884
v -0.04596 -0.09761 0.18884
v -0.04117 -0.09804 0.18884
v -0.03569 -0.09837 0.18884
v -0.02917 -0.09860 0.18884
v -0.02063 -0.09874 0.18884
v 0.00000 -0.09879 0.18884
v 0.02063 -0.09874 0.18884
v 0.02917 -0.09860 0.18884
v 0.03569 -0.09837 0.18884
v 0.04117 -0.09804 0.18884
v 0.04596 -0.09761 0.18884
v 0.05026 -0.09709 0.18884
v 0.05417 -0.09648 0.18884
v 0.05777 -0.09577 0.18884
v 0.06111 -0.09496 0.18884
v 0.06422 -0.09405 0.18884
v 0.06713 -0.09304 0.18884
v 0.06986 -0.09193 0.18884
v 0.07241 -0.09073 0.18884
v 0.07482 -0.08941 0.18884
v 0.07708 -0.08799 0.18884
v 0.07920 -0.08647 0.18884
v 0.08120 -0.08483 0.18884
v 0.08307 -0.08307 0.18884
v 0.08483 -0.08120 0.18884
v 0.08647 -0.07920 0.18884
v 0.08799 -0.07708 0.18884
v 0.08941 -0.07482 0.18884
v 0.09073 -0.07241 0.18884
v 0.09193 -0.06986 0.18884
v 0.09304 -0.06713 0.18884
v 0.09405 -0.06422 0.18884
v 0.09496 -0.06111 0.18884
v 0.09577 -0.05777 0.18884
v 0.09648 -0.05417 0.18884
v 0.09709 -0.05026 0.18884
v 0.09761 -0.04596 0.18884
v 0.09804 -0.04117 0.18884
v 0.09837 -0.03569 0.18884
v 0.09860 -0.02917 0.18884
v 0.09874 -0.02063 0.18884
v 0.09879 0.00000 0.18884
v 0.09874 0.02063 0.18884
v 0.09860 0.02917 0.18884
v 0.09837 0.03569 0.18884
v 0.09804 0.04117 0.18884
v 0.09761 0.04596 0.18884
v 0.09709 0.05026 0.18884
v 0.09648 0.05417 0.18884
v 0.09577 0.05777 0.18884
v 0.09496 0.06111 0.18884
v 0.09405 0.06422 0.18884
v 0.09304 0.06713 0.18884
v 0.09193 0.06986 0.18884
v 0.09073 0.07241 0.18884
v 0.08941 0.07482 0.18884
v 0.08799 0.07708 0.18884
v 0.08647 0.07920 0.18884
v 0.08483 0.08120 0.18884
v 0.08307 0.08307 0.18884
v 0.08120 0.08483 0.18884
v 0.07920 0.08647 0.18884
v 0.07708 0.08799 0.18884
v 0.07482 0.08941 0.18884
v 0.07241 0.09073 0.18884
v 0.06986 0.09193 0.18884
v 0.06713 0.09304 0.18884
v 0.06422 0.09405 0.18884
v 0.06111 0.09496 0.18884
v 0.05777 0.09577 0.18884
v 0.05417 0.09648 0.18884
v 0.05026 0.09709 0.18884
v 0.04596 0.09761 0.18884
v 0.04117 0.09804 0.18884
v 0.03569 0.09837 0.18884
v 0.02917 0.09860 0.18884
v 0.02063 0.09874 0.18884
v 0.00000 0.09879 0.18884
v -0.02063 0.09874 0.18884
v -0.02917 0.09860 0.18884
v -0.03569 0.09837 0.18884
v -0.04117 0.09804 0.18884
v -0.04596 0.09761 0.18884
v -0.05026 0.09709 0.18884
v -0.05417 0.09648 0.18884
v -0.05777 0.09577 0.18884
v -0.06111 0.09496 0.18884
v -0.06422 0.09405 0.18884
v -0.06713 0.09304 0.18884
v -0.06986 0.09193 0.18884
v -0.07241 0.09073 0.18884
v -0.07482 0.08941 0.18884
v -0.07708 0.08799 0.18884
v -0.07920 0.08647 0.18884
v -0.08120 0.08483 0.18884
v -0.08307 0.08307 0.18884
v -0.08483 0.08120 0.18884
v -0.08647 0.07920 0.18884
v -0.08799 0.07708 0.18884
v -0.08941 0.07482 0.18884
v -0.09073 0.07241 0.18884
v -0.09193 0.06986 0.18884
v -0.09304 0.06713 0.18884
v -0.09405 0.06422 0.18884
v -0.09496 0.06111 0.18884
v -0.09577 0.05777 0.18884
v -0.09648 0.05417 0.18884
v -0.09709 0.05026 0.18884
v -0.09761 0.04596 0.18884
v -0.09804 0.04117 0.18884
v -0.09837 0.03569 0.18884
v -0.09860 0.02917 0.18884
v -0.09874 0.02063 0.18884
v -0.09764 -0.00000 0.19536
v -0.09760 -0.02039 0.19536
v -0.09746 -0.02883 0.19536
v -0.09722 -0.03528 0.19536
v -0.09690 -0.04069 0.19536
v -0.09648 -0.04543 0.19536
v -0.09596 -0.04967 0.19536
v -0.09536 -0.05354 0.19536
v -0.09465 -0.05710 0.19536
v -0.09385 -0.06040 0.19536
v -0.09296 -0.06348 0.19536
v -0.09196 -0.06635 0.19536
v -0.09087 -0.06904 0.19536
v -0.08967 -0.07157 0.19536
v -0.08837 -0.07395 0.19536
v -0.08697 -0.07618 0.19536
v -0.08546 -0.07828 0.19536
v -0.08384 -0.08026 0.19536
v -0.08211 -0.08211 0.19536
v -0.08026 -0.08384 0.19536
v -0.07828 -0.08546 0.19536
v -0.07618 -0.08697 0.19536
v -0.07395 -0.08837 0.19536
v -0.07157 -0.08967 0.19536
v -0.06904 -0.09087 0.19536
v -0.06635 -0.09196 0.19536
v -0.06348 -0.09296 0.19536
v -0.06040 -0.09385 0.19536
v -0.05710 -0.09465 0.19536
v -0.05354 -0.09536 0.19536
v -0.04967 -0.09596 0.19536
v -0.04543 -0.09648 0.19536
v -0.04069 -0.09690 0.19536
v -0.03528 -0.09722 0.19536
v -0.02883 -0.09746 0.19536
v -0.02039 -0.09760 0.19536
v 0.00000 -0.09764 0.19536
v 0.02039 -0.09760 0.19536
v 0.02883 -0.09746 0.19536
v 0.03528 -0.09722 0.19536
v 0.04069 -0.09690 0.19536
v 0.04543 -0.09648 0.19536
v 0.04967 -0.09596 0.19536
v 0.05354 -0.09536 0.19536
v 0.05710 -0.09465 0.19536
v 0.06040 -0.09385 0.19536
v 0.06348 -0.09296 0.19536
v 0.06635 -0.09196 0.19536
v 0.06904 -0.09087 0.19536
v 0.07157 -0.08967 0.19536
v 0.07395 -0.08837 0.19536
v 0.07618 -0.08697 0.19536
v 0.07828 -0.08546 0.19536
v 0.08026 -0.08384 0.19536
v 0.08211 -0.08211 0.19536
v 0.08384 -0.08026 0.19536
v 0.08546 -0.07828 0.19536
v 0.08697 -0.07618 0.19536
v 0.08837 -0.07395 0.19536
v 0.08967 -0.07157 0.19536
v 0.09087 -0.06904 0.19536
v 0.09196 -0.06635 0.19536
v 0.09296 -0.06348 0.19536
v 0.09385 -0.06040 0.19536
v 0.09465 -0.05710 0.19536
v 0.09536 -0.05354 0.19536
v 0.09596 -0.04967 0.19536
v 0.09648 -0.04543 0.19536
v 0.09690 -0.04069 0.19536
v 0.09722 -0.03528 0.19536
v 0.09746 -0.02883 0.19536
v 0.09760 -0.02039 0.19536
v 0.09764 0.00000 0.19536
v 0.09760 0.02039 0.19536
v 0.09746 0.02883 0.19536
v 0.09722 0.03528 0.19536
v 0.09690 0.04069 0.19536
v 0.09648 0.04543 0.19536
v 0.09596 0.04967 0.19536
v 0.09536 0.05354 0.19536
v 0.09465 0.05710 0.19536
v 0.09385 0.06040 0.19536
v 0.09296 0.06348 0.19536
v 0.09196 0.06635 0.19536
v 0.09087 0.06904 0.19536
v 0.08967 0.07157 0.19536
v 0.08837 0.07395 0.19536
v 0.08697 0.07618 0.19536
v 0.08546 0.07828 0.19536
v 0.08384 0.08026 0.19536
v 0.08211 0.08211 0.19536
v 0.08026 0.08384 0.19536
v 0.07828 0.08546 0.19536
v 0.07618 0.08697 0.19536
v 0.07395 0.08837 0.19536
v 0.07157 0.08967 0.19536
v 0.06904 0.09087 0.19536
v 0.06635 0.09196 0.19536
v 0.06348 0.09296 0.19536
v 0.06040 0.09385 0.19536
v 0.05710 0.09465 0.19536
v 0.05354 0.09536 0.19536
v 0.04967 0.09596 0.19536
v 0.04543 0.09648 0.19536
v 0.04069 0.09690 0.19536
v 0.03528 0.09722 0.19536
v 0.02883 0.09746 0.19536
v 0.02039 0.09760 0.19536
v 0.00000 0.09764 0.19536
v -0.02039 0.09760 0.19536
v -0.02883 0.09746 0.19536
v -0.03528 0.09722 0.19536
v -0.04069 0.09690 0.19536
v -0.04543 0.09648 0.19536
v -0.04967 0.09596 0.19536
v -0.05354 0.09536 0.19536
v -0.05710 0.09465 0.19536
v -0.06040 0.09385 0.19536
v -0.06348 0.09296 0.19536
v -0.06635 0.09196 0.19536
v -0.06904 0.09087 0.19536
v -0.07157 0.08967 0.19536
v -0.07395 0.08837 0.19536
v -0.07618 0.08697 0.19536
v -0.07828 0.08546 0.19536
v -0.08026 0.08384 0.19536
v -0.08211 0.08211 0.19536
v -0.08384 0.08026 0.19536
v -0.08546 0.07828 0.19536
v -0.08697 0.07618 0.19536
v -0.08837 0.07395 0.19536
v -0.08967 0.07157 0.19536
v -0.09087 0.06904 0.19536
v -0.09196 0.06635 0.19536
v -0.09296 0.06348 0.19536
v -0.09385 0.06040 0.19536
v -0.09465 0.05710 0.19536
v -0.09536 0.05354 0.19536
v -0.09596 0.04967 0.19536
v -0.09648 0.04543 0.19536
v -0.09690 0.04069 0.19536
v -0.09722 0.03528 0.19536
v -0.09746 0.02883 0.19536
v -0.09760 0.02039 0.19536
v -0.09639 -0.00000 0.20145
v -0.09634 -0.02013 0.20145
v -0.09621 -0.02846 0.20145
v -0.09598 -0.03482 0.20145
v -0.09565 -0.04017 0.20145
v -0.09524 -0.04484 0.20145
v -0.09473 -0.04904 0.20145
v -0.09413 -0.05286 0.20145
v -0.09344 -0.05637 0.20145
v -0.09265 -0.05963 0.20145
v -0.09176 -0.06266 0.20145
v -0.09078 -0.06550 0.20145
v -0.08970 -0.06816 0.20145
v -0.08852 -0.07065 0.20145
v -0.08724 -0.07300 0.20145
v -0.08585 -0.07521 0.20145
v -0.08436 -0.07728 0.20145
v -0.08276 -0.07923 0.20145
v -0.08105 -0.08105 0.20145
v -0.07923 -0.08276 0.20145
v -0.07728 -0.08436 0.20145
v -0.07521 -0.08585 0.20145
v -0.07300 -0.08724 0.20145
v -0.07065 -0.08852 0.20145
v -0.06816 -0.08970 0.20145
v -0.06550 -0.09078 0.20145
v -0.06266 -0.09176 0.20145
v -0.05963 -0.09265 0.20145
v -0.05637 -0.09344 0.20145
v -0.05286 -0.09413 0.20145
v -0.04904 -0.09473 0.20145
v -0.04484 -0.09524 0.20145
v -0.04017 -0.09565 0.20145
v -0.03482 -0.09598 0.20145
v -0.02846 -0.09621 0.20145
v -0.02013 -0.09634 0.20145
v 0.00000 -0.09639 0.20145
v 0.02013 -0.09634 0.20145
v 0.02846 -0.09621 0.20145
v 0.03482 -0.09598 0.20145
v 0.04017 -0.09565 0.20145
v 0.04484 -0.09524 0.20145
v 0.04904 -0.09473 0.20145
v 0.05286 -0.09413 0.20145
v 0.05637 -0.09344 0.20145
v 0.05963 -0.09265 0.20145
v 0.06266 -0.09176 0.20145
v 0.06550 -0.09078 0.20145
v 0.06816 -0.08970 0.20145
v 0.07065 -0.08852 0.20145
v 0.07300 -0.08724 0.20145
v 0.07521 -0.08585 0.20145
v 0.07728 -0.08436 0.20145
v 0.07923 -0.08276 0.20145
v 0.08105 -0.08105 0.20145
v 0.08276 -0.07923 0.20145
v 0.08436 -0.07728 0.20145
v 0.08585 -0.07521 0.20145
v 0.08724 -0.07300 0.20145
v 0.08852 -0.07065 0.20145
v 0.08970 -0.06816 0.20145
v 0.09078 -0.06550 0.20145
v 0.09176 -0.06266 0.20145
v 0.09265 -0.05963 0.20145
v 0.09344 -0.05637 0.20145
v 0.09413 -0.05286 0.20145
v 0.09473 -0.04904 0.20145
v 0.09524 -0.04484 0.20145
v 0.09565 -0.04017 0.20145
v 0.09598 -0.03482 0.20145
v 0.09621 -0.02846 0.20145
v 0.09634 -0.02013 0.20145
v 0.09639 0.00000 0.20145
v 0.09634 0.02013 0.20145
v 0.09621 0.02846 0.20145
v 0.09598 0.03482 0.20145
v 0.09565 0.04017 0.20145
v 0.09524 0.04484 0.20145
v 0.09473 0.04904 0.20145
v 0.09413 0.05286 0.20145
v 0.09344 0.05637 0.20145
v 0.09265 0.05963 0.20145
v 0.09176 0.06266 0.20145
v 0.09078 0.06550 0.20145
v 0.08970 0.06816 0.20145
v 0.08852 0.07065 0.20145
v 0.08724 0.07300 0.20145
v 0.08585 0.07521 0.20145
v 0.08436 0.07728 0.20145
v 0.08276 0.07923 0.20145
v 0.08105 0.08105 0.20145
v 0.07923 0.08276 0.20145
v 0.07728 0.08436 0.20145
v 0.07521 0.08585 0.20145
v 0.07300 0.08724 0.20145
v 0.07065 0.08852 0.20145
v 0.06816 0.08970 0.20145
v 0.06550 0.09078 0.20145
v 0.06266 0.09176 0.20145
v 0.05963 0.09265 0.20145
v 0.05637 0.09344 0.20145
v 0.05286 0.09413 0.20145
v 0.04904 0.09473 0.20145
v 0.04484 0.09524 0.20145
v 0.04017 0.09565 0.20145
v 0.03482 0.09598 0.20145
v 0.02846 0.09621 0.20145
v 0.02013 0.09634 0.20145
v 0.00000 0.09639 0.20145
v -0.02013 0.09634 0.20145
v -0.02846 0.09621 0.20145
v -0.03482 0.09598 0.20145
v -0.04017 0.09565 0.20145
v -0.04484 0.09524 0.20145
v -0.04904 0.09473 0.20145
v -0.05286 0.09413 0.20145
v -0.05637 0.09344 0.20145
v -0.05963 0.09265 0.20145
v -0.06266 0.09176 0.20145
v -0.06550 0.09078 0.20145
v -0.06816 0.08970 0.20145
v -0.07065 0.08852 0.20145
v -0.07300 0.08724 0.20145
v -0.07521 0.08585 0.20145
v -0.07728 0.08436 0.20145
v -0.07923 0.08276 0.20145
v -0.08105 0.08105 0.20145
v -0.08276 0.07923 0.20145
v -0.08436 0.07728 0.20145
v -0.08585 0.07521 0.20145
v -0.08724 0.07300 0.20145
v -0.08852 0.07065 0.20145
v -0.08970 0.06816 0.20145
v -0.09078 0.06550 0.20145
v -0.09176 0.06266 0.20145
v -0.09265 0.05963 0.20145
v -0.09344 0.05637 0.20145
v -0.09413 0.05286 0.20145
v -0.09473 0.04904 0.20145
v -0.09524 0.04484 0.20145
v -0.09565 0.04017 0.20145
v -0.09598 0.03482 0.20145
v -0.09621 0.02846 0.20145
v -0.09634 0.02013 0.20145
v -0.09503 -0.00000 0.20716
v -0.09498 -0.01985 0.20716
v -0.09485 -0.02805 0.20716
v -0.09462 -0.03433 0.20716
v -0.09430 -0.03960 0.20716
v -0.09390 -0.04421 0.20716
v -0.09340 -0.04835 0.20716
v -0.09280 -0.05211 0.20716
v -0.09212 -0.05558 0.20716
v -0.09134 -0.05879 0.20716
v -0.09047 -0.06178 0.20716
v -0.08950 -0.06457 0.20716
v -0.08844 -0.06720 0.20716
v -0.08727 -0.06966 0.20716
v -0.08601 -0.07197 0.20716
v -0.08464 -0.07415 0.20716
v -0.08317 -0.07619 0.20716
v -0.08160 -0.07811 0.20716
v -0.07991 -0.07991 0.20716
v -0.07811 -0.08160 0.20716
v -0.07619 -0.08317 0.20716
v -0.07415 -0.08464 0.20716
v -0.07197 -0.08601 0.20716
v -0.06966 -0.08727 0.20716
v -0.06720 -0.08844 0.20716
v -0.06457 -0.08950 0.20716
v -0.06178 -0.09047 0.20716
v -0.05879 -0.09134 0.20716
v -0.05558 -0.09212 0.20716
v -0.05211 -0.09280 0.20716
v -0.04835 -0.09340 0.20716
v -0.04421 -0.09390 0.20716
v -0.03960 -0.09430 0.20716
v -0.03433 -0.09462 0.20716
v -0.02805 -0.09485 0.20716
v -0.01985 -0.09498 0.20716
v 0.00000 -0.09503 0.20716
v 0.01985 -0.09498 0.20716
v 0.02805 -0.09485 0.20716
v 0.03433 -0.09462 0.20716
v 0.03960 -0.09430 0.20716
v 0.04421 -0.09390 0.20716
v 0.04835 -0.09340 0.20716
v 0.05211 -0.09280 0.20716
v 0.05558 -0.09212 0.20716
v 0.05879 -0.09134 0.20716
v 0.06178 -0.09047 0.20716
v 0.06457 -0.08950 0.20716
v 0.06720 -0.08844 0.20716
v 0.06966 -0.08727 0.20716
v 0.07197 -0.08601 0.20716
v 0.07415 -0.08464 0.20716
v 0.07619 -0.08317 0.20716
v 0.07811 -0.08160 0.20716
v 0.07991 -0.07991 0.20716
v 0.08160 -0.07811 0.20716
v 0.08317 -0.07619 0.20716
v 0.08464 -0.07415 0.20716
v 0.08601 -0.07197 0.20716
v 0.08727 -0.06966 0.20716
v 0.08844 -0.06720 0.20716
v 0.08950 -0.06457 0.20716
v 0.09047 -0.06178 0.20716
v 0.09134 -0.05879 0.20716
v 0.09212 -0.05558 0.20716
v 0.09280 -0.05211 0.20716
v 0.09340 -0.04835 0.20716
v 0.09390 -0.04421 0.20716
v 0.09430 -0.03960 0.20716
v 0.09462 -0.03433 0.20716
v 0.09485 -0.02805 0.20716
v 0.09498 -0.01985 0.20716
v 0.09503 0.00000 0.20716
v 0.09498 0.01985 0.20716
v 0.09485 0.02805 0.20716
v 0.09462 0.03433 0.20716
v 0.09430 0.03960 0.20716
v 0.09390 0.04421 0.20716
v 0.09340 0.04835 0.20716
v 0.09280 0.05211 0.20716
v 0.09212 0.05558 0.20716
v 0.09134 0.05879 0.20716
v 0.09047 0.06178 0.20716
v 0.08950 0.06457 0.20716
v 0.08844 0.06720 0.20716
v 0.08727 0.06966 0.20716
v 0.08601 0.07197 0.20716
v 0.08464 0.07415 0.20716
v 0.08317 0.07619 0.20716
v 0.08160 0.07811 0.20716
v 0.07991 0.07991 0.20716
v 0.07811 0.08160 0.20716
v 0.07619 0.08317 0.20716
v 0.07415 0.08464 0.20716
v 0.07197 0.08601 0.20716
v 0.06966 0.08727 0.20716
v 0.06720 0.08844 0.20716
v 0.06457 0.08950 0.20716
v 0.06178 0.09047 0.20716
v 0.05879 0.09134 0.20716
v 0.05558 0.09212 0.20716
v 0.05211 0.09280 0.20716
v 0.04835 0.09340 0.20716
v 0.04421 0.09390 0.20716
v 0.03960 0.09430 0.20716
v 0.03433 0.09462 0.20716
v 0.02805 0.09485 0.20716
v 0.01985 0.09498 0.20716
v 0.00000 0.09503 0.20716
v -0.01985 0.09498 0.20716
v -0.02805 0.09485 0.20716
v -0.03433 0.09462 0.20716
v -0.03960 0.09430 0.20716
v -0.04421 0.09390 0.20716
v -0.04835 0.09340 0.20716
v -0.05211 0.09280 0.20716
v -0.05558 0.09212 0.20716
v -0.05879 0.09134 0.20716
v -0.06178 0.09047 0.20716
v -0.06457 0.08950 0.20716
v -0.06720 0.08844 0.20716
v -0.06966 0.08727 0.20716
v -0.07197 0.08601 0.20716
v -0.07415 0.08464 0.20716
v -0.07619 0.08317 0.20716
v -0.07811 0.08160 0.20716
v -0.07991 0.07991 0.20716
v -0.08160 0.07811 0.20716
v -0.08317 0.07619 0.20716
v -0.08464 0.07415 0.20716
v -0.08601 0.07197 0.20716
v -0.08727 0.06966 0.20716
v -0.08844 0.06720 0.20716
v -0.08950 0.06457 0.20716
v -0.09047 0.06178 0.20716
v -0.09134 0.05879 0.20716
v -0.09212 0.05558 0.20716
v -0.09280 0.05211 0.20716
v -0.09340 0.04835 0.20716
v -0.09390 0.04421 0.20716
v -0.09430 0.03960 0.20716
v -0.09462 0.03433 0.20716
v -0.09485 0.02805 0.20716
v -0.09498 0.01985 0.20716
v -0.09356 -0.00000 0.21251
v -0.09352 -0.01954 0.21251
v -0.09338 -0.02762 0.21251
v -0.09316 -0.03380 0.21251
v -0.09285 -0.03899 0.21251
v -0.09245 -0.04353 0.21251
v -0.09195 -0.04760 0.21251
v -0.09137 -0.05131 0.21251
v -0.09070 -0.05472 0.21251
v -0.08993 -0.05788 0.21251
v -0.08907 -0.06082 0.21251
v -0.08812 -0.06358 0.21251
v -0.08707 -0.06616 0.21251
v -0.08592 -0.06858 0.21251
v -0.08468 -0.07086 0.21251
v -0.08334 -0.07300 0.21251
v -0.08189 -0.07501 0.21251
v -0.08034 -0.07690 0.21251
v -0.07867 -0.07867 0.21251
v -0.07690 -0.08034 0.21251
v -0.07501 -0.08189 0.21251
v -0.07300 -0.08334 0.21251
v -0.07086 -0.08468 0.21251
v -0.06858 -0.08592 0.21251
v -0.06616 -0.08707 0.21251
v -0.06358 -0.08812 0.21251
v -0.06082 -0.08907 0.21251
v -0.05788 -0.08993 0.21251
v -0.05472 -0.09070 0.21251
v -0.05131 -0.09137 0.21251
v -0.04760 -0.09195 0.21251
v -0.04353 -0.09245 0.21251
v -0.03899 -0.09285 0.21251
v -0.03380 -0.09316 0.21251
v -0.02762 -0.09338 0.21251
v -0.01954 -0.09352 0.21251
v 0.00000 -0.09356 0.21251
v 0.01954 -0.09352 0.21251
v 0.02762 -0.09338 0.21251
v 0.03380 -0.09316 0.21251
v 0.03899 -0.09285 0.21251
v 0.04353 -0.09245 0.21251
v 0.04760 -0.09195 0.21251
v 0.05131 -0.09137 0.21251
v 0.05472 -0.09070 0.21251
v 0.05788 -0.08993 0.21251
v 0.06082 -0.08907 0.21251
v 0.06358 -0.08812 0.21251
v 0.06616 -0.08707 0.21251
v 0.06858 -0.08592 0.21251
v 0.07086 -0.08468 0.21251
v 0.07300 -0.08334 0.21251
v 0.07501 -0.08189 0.21251
v 0.07690 -0.08034 0.21251
v 0.07867 -0.07867 0.21251
v 0.08034 -0.07690 0.21251
v 0.08189 -0.07501 0.21251
v 0.08334 -0.07300 0.21251
v 0.08468 -0.07086 0.21251
v 0.08592 -0.06858 0.21251
v 0.08707 -0.06616 0.21251
v 0.08812 -0.06358 0.21251
v 0.08907 -0.06082 0.21251
v 0.08993 -0.05788 0.21251
v 0.09070 -0.05472 0.21251
v 0.09137 -0.05131 0.21251
v 0.09195 -0.04760 0.21251
v 0.09245 -0.04353 0.21251
v 0.09285 -0.03899 0.21251
v 0.09316 -0.03380 0.21251
v 0.09338 -0.02762 0.21251
v 0.09352 -0.01954 0.21251
v 0.09356 0.00000 0.21251
v 0.09352 0.01954 0.21251
v 0.09338 0.02762 0.21251
v 0.09316 0.03380 0.21251
v 0.09285 0.03899 0.21251
v 0.09245 0.04353 0.21251
v 0.09195 0.04760 0.21251
v 0.09137 0.05131 0.21251
v 0.09070 0.05472 0.21251
v 0.08993 0.05788 0.21251
v 0.08907 0.06082 0.21251
v 0.08812 0.06358 0.21251
v 0.08707 0.06616 0.21251
v 0.08592 0.06858 0.21251
v 0.08468 0.07086 0.21251
v 0.08334 0.07300 0.21251
v 0.08189 0.07501 0.21251
v 0.08034 0.07690 0.21251
v 0.07867 0.07867 0.21251
v 0.07690 0.08034 0.21251
v 0.07501 0.08189 0.21251
v 0.07300 0.08334 0.21251
v 0.07086 0.08468 0.21251
v 0.06858 0.08592 0.21251
v 0.06616 0.08707 0.21251
v 0.06358 0.08812 0.21251
v 0.06082 0.08907 0.21251
v 0.05788 0.08993 0.21251
v 0.05472 0.09070 0.21251
v 0.05131 0.09137 0.21251
v 0.04760 0.09195 0.21251
v 0.04353 0.09245 0.21251
v 0.03899 0.09285 0.21251
v 0.03380 0.09316 0.21251
v 0.02762 0.09338 0.21251
v 0.01954 0.09352 0.21251
v 0.00000 0.09356 0.21251
v -0.01954 0.09352 0.21251
v -0.02762 0.09338 0.21251
v -0.03380 0.09316 0.21251
v -0.03899 0.09285 0.21251
v -0.04353 0.09245 0.21251
v -0.04760 0.09195 0.21251
v -0.05131 0.09137 0.21251
v -0.05472 0.09070 0.21251
v -0.05788 0.08993 0.21251
v -0.06082 0.08907 0.21251
v -0.06358 0.08812 0.21251
v -0.06616 0.08707 0.21251
v -0.06858 0.08592 0.21251
v -0.07086 0.08468 0.21251
v -0.07300 0.08334 0.21251
v -0.07501 0.08189 0.21251
v -0.07690 0.08034 0.21251
v -0.07867 0.07867 0.21251
v -0.08034 0.07690 0.21251
v -0.08189 0.07501 0.21251
v -0.08334 0.07300 0.21251
v -0.08468 0.07086 0.21251
v -0.08592 0.06858 0.21251
v -0.08707 0.06616 0.21251
v -0.08812 0.06358 0.21251
v -0.08907 0.06082 0.21251
v -0.08993 0.05788 0.21251
v -0.09070 0.05472 0.21251
v -0.09137 0.05131 0.21251
v -0.09195 0.04760 0.21251
v -0.09245 0.04353 0.21251
v -0.09285 0.03899 0.21251
v -0.09316 0.03380 0.21251
v -0.09338 0.02762 0.21251
v -0.09352 0.01954 0.21251
v -0.09198 -0.00000 0.21751
v -0.09194 -0.01921 0.21751
v -0.09180 -0.02715 0.21751
v -0.09158 -0.03323 0.21751
v -0.09128 -0.03833 0.21751
v -0.09088 -0.04279 0.21751
v -0.09040 -0.04679 0.21751
v -0.08983 -0.05044 0.21751
v -0.08916 -0.05379 0.21751
v -0.08841 -0.05690 0.21751
v -0.08756 -0.05979 0.21751
v -0.08663 -0.06250 0.21751
v -0.08560 -0.06504 0.21751
v -0.08447 -0.06742 0.21751
v -0.08325 -0.06966 0.21751
v -0.08193 -0.07177 0.21751
v -0.08050 -0.07374 0.21751
v -0.07898 -0.07560 0.21751
v -0.07735 -0.07735 0.21751
v -0.07560 -0.07898 0.21751
v -0.07374 -0.08050 0.21751
v -0.07177 -0.08193 0.21751
v -0.06966 -0.08325 0.21751
v -0.06742 -0.08447 0.21751
v -0.06504 -0.08560 0.21751
v -0.06250 -0.08663 0.21751
v -0.05979 -0.08756 0.21751
v -0.05690 -0.08841 0.21751
v -0.05379 -0.08916 0.21751
v -0.05044 -0.08983 0.21751
v -0.04679 -0.09040 0.21751
v -0.04279 -0.09088 0.21751
v -0.03833 -0.09128 0.21751
v -0.03323 -0.09158 0.21751
v -0.02715 -0.09180 0.21751
v -0.01921 -0.09194 0.21751
v 0.00000 -0.09198 0.21751
v 0.01921 -0.09194 0.21751
v 0.02715 -0.09180 0.21751
v 0.03323 -0.09158 0.21751
v 0.03833 -0.09128 0.21751
v 0.04279 -0.09088 0.21751
v 0.04679 -0.09040 0.21751
v 0.05044 -0.08983 0.21751
v 0.05379 -0.08916 0.21751
v 0.05690 -0.08841 0.21751
v 0.05979 -0.08756 0.21751
v 0.06250 -0.08663 0.21751
v 0.06504 -0.08560 0.21751
v 0.06742 -0.08447 0.21751
v 0.06966 -0.08325 0.21751
v 0.07177 -0.08193 0.21751
v 0.07374 -0.08050 0.21751
v 0.07560 -0.07898 0.21751
v 0.07735 -0.07735 0.21751
v 0.07898 -0.07560 0.21751
v 0.08050 -0.07374 0.21751
v 0.08193 -0.07177 0.21751
v 0.08325 -0.06966 0.21751
v 0.08447 -0.06742 0.21751
v 0.08560 -0.06504 0.21751
v 0.08663 -0.06250 0.21751
v 0.08756 -0.05979 0.21751
v 0.08841 -0.05690 0.21751
v 0.08916 -0.05379 0.21751
v 0.08983 -0.05044 0.21751
v 0.09040 -0.04679 0.21751
v 0.09088 -0.04279 0.21751
v 0.09128 -0.03833 0.21751
v 0.09158 -0.03323 0.21751
v 0.09180 -0.02715 0.21751
v 0.09194 -0.01921 0.21751
v 0.09198 0.00000 0.21751
v 0.09194 0.01921 0.21751
v 0.09180 0.02715 0.21751
v 0.09158 0.03323 0.21751
v 0.09128 0.03833 0.21751
v 0.09088 0.04279 0.21751
v 0.09040 0.04679 0.21751
v 0.08983 0.05044 0.21751
v 0.08916 0.05379 0.21751
v 0.08841 0.05690 0.21751
v 0.08756 0.05979 0.21751
v 0.08663 0.06250 0.21751
v 0.08560 0.06504 0.21751
v 0.08447 0.06742 0.21751
v 0.08325 0.06966 0.21751
v 0.08193 0.07177 0.21751
v 0.08050 0.07374 0.21751
v 0.07898 0.07560 0.21751
v 0.07735 0.07735 0.21751
v 0.07560 0.07898 0.21751
v 0.07374 0.08050 0.21751
v 0.07177 0.08193 0.21751
v 0.06966 0.08325 0.21751
v 0.06742 0.08447 0.21751
v 0.06504 0.08560 0.21751
v 0.06250 0.08663 0.21751
v 0.05979 0.08756 0.21751
v 0.05690 0.08841 0.21751
v 0.05379 0.08916 0.21751
v 0.05044 0.08983 0.21751
v 0.04679 0.09040 0.21751
v 0.04279 0.09088 0.21751
v 0.03833 0.09128 0.21751
v 0.03323 0.09158 0.21751
v 0.02715 0.09180 0.21751
v 0.01921 0.09194 0.21751
v 0.00000 0.09198 0.21751
v -0.01921 0.09194 0.21751
v -0.02715 0.09180 0.21751
v -0.03323 0.09158 0.21751
v -0.03833 0.09128 0.21751
v -0.04279 0.09088 0.21751
v -0.04679 0.09040 0.21751
v -0.05044 0.08983 0.21751
v -0.05379 0.08916 0.21751
v -0.05690 0.08841 0.21751
v -0.05979 0.08756 0.21751
v -0.06250 0.08663 0.21751
v -0.06504 0.08560 0.21751
v -0.06742 0.08447 0.21751
v -0.06966 0.08325 0.21751
v -0.07177 0.08193 0.21751
v -0.07374 0.08050 0.21751
v -0.07560 0.07898 0.21751
v -0.07735 0.07735 0.21751
v -0.07898 0.07560 0.21751
v -0.08050 0.07374 0.21751
v -0.08193 0.07177 0.21751
v -0.08325 0.06966 0.21751
v -0.08447 0.06742 0.21751
v -0.08560 0.06504 0.21751
v -0.08663 0.06250 0.21751
v -0.08756 0.05979 0.21751
v -0.08841 0.05690 0.21751
v -0.08916 0.05379 0.21751
v -0.08983 0.05044 0.21751
v -0.09040 0.04679 0.21751
v -0.09088 0.04279 0.21751
v -0.09128 0.03833 0.21751
v -0.09158 0.03323 0.21751
v -0.09180 0.02715 0.21751
v -0.09194 0.01921 0.21751
v -0.09028 -0.00000 0.22219
v -0.09024 -0.01886 0.22219
v -0.09011 -0.02665 0.22219
v -0.08989 -0.03262 0.22219
v -0.08959 -0.03762 0.22219
v -0.08920 -0.04200 0.22219
v -0.08873 -0.04593 0.22219
v -0.08817 -0.04951 0.22219
v -0.08752 -0.05280 0.22219
v -0.08678 -0.05585 0.22219
v -0.08595 -0.05869 0.22219
v -0.08503 -0.06135 0.22219
v -0.08402 -0.06384 0.22219
v -0.08291 -0.06618 0.22219
v -0.08171 -0.06837 0.22219
v -0.08041 -0.07044 0.22219
v -0.07902 -0.07238 0.22219
v -0.07752 -0.07421 0.22219
v -0.07592 -0.07592 0.22219
v -0.07421 -0.07752 0.22219
v -0.07238 -0.07902 0.22219
v -0.07044 -0.08041 0.22219
v -0.06837 -0.08171 0.22219
v -0.06618 -0.08291 0.22219
v -0.06384 -0.08402 0.22219
v -0.06135 -0.08503 0.22219
v -0.05869 -0.08595 0.22219
v -0.05585 -0.08678 0.22219
v -0.05280 -0.08752 0.22219
v -0.04951 -0.08817 0.22219
v -0.04593 -0.08873 0.22219
v -0.04200 -0.08920 0.22219
v -0.03762 -0.08959 0.22219
v -0.03262 -0.08989 0.22219
v -0.02665 -0.09011 0.22219
v -0.01886 -0.09024 0.22219
v 0.00000 -0.09028 0.22219
v 0.01886 -0.09024 0.22219
v 0.02665 -0.09011 0.22219
v 0.03262 -0.08989 0.22219
v 0.03762 -0.08959 0.22219
v 0.04200 -0.08920 0.22219
v 0.04593 -0.08873 0.22219
v 0.04951 -0.08817 0.22219
v 0.05280 -0.08752 0.22219
v 0.05585 -0.08678 0.22219
v 0.05869 -0.08595 0.22219
v 0.06135 -0.08503 0.22219
v 0.06384 -0.08402 0.22219
v 0.06618 -0.08291 0.22219
v 0.06837 -0.08171 0.22219
v 0.07044 -0.08041 0.22219
v 0.07238 -0.07902 0.22219
v 0.07421 -0.07752 0.22219
v 0.07592 -0.07592 0.22219
v 0.07752 -0.07421 0.22219
v 0.07902 -0.07238 0.22219
v 0.08041 -0.07044 0.22219
v 0.08171 -0.06837 0.22219
v 0.08291 -0.06618 0.22219
v 0.08402 -0.06384 0.22219
v 0.08503 -0.06135 0.22219
v 0.08595 -0.05869 0.22219
v 0.08678 -0.05585 0.22219
v 0.08752 -0.05280 0.22219
v 0.08817 -0.04951 0.22219
v 0.08873 -0.04593 0.22219
v 0.08920 -0.04200 0.22219
v 0.08959 -0.03762 0.22219
v 0.08989 -0.03262 0.22219
v 0.09011 -0.02665 0.22219
v 0.09024 -0.01886 0.22219
v 0.09028 0.00000 0.22219
v 0.09024 0.01886 0.22219
v 0.09011 0.02665 0.22219
v 0.08989 0.03262 0.22219
v 0.08959 0.03762 0.22219
v 0.08920 0.04200 0.22219
v 0.08873 0.04593 0.22219
v 0.08817 0.04951 0.22219
v 0.08752 0.05280 0.22219
v 0.08678 0.05585 0.22219
v 0.08595 0.05869 0.22219
v 0.08503 0.06135 0.22219
v 0.08402 0.06384 0.22219
v 0.08291 0.06618 0.22219
v 0.08171 0.06837 0.22219
v 0.08041 0.07044 0.22219
v 0.07902 0.07238 0.22219
v 0.07752 0.07421 0.22219
v 0.07592 0.07592 0.22219
v 0.07421 0.07752 0.22219
v 0.07238 0.07902 0.22219
v 0.07044 0.08041 0.22219
v 0.06837 0.08171 0.22219
v 0.06618 0.08291 0.22219
v 0.06384 0.08402 0.22219
v 0.06135 0.08503 0.22219
v 0.05869 0.08595 0.22219
v 0.05585 0.08678 0.22219
v 0.05280 0.08752 0.22219
v 0.04951 0.08817 0.22219
v 0.04593 0.08873 0.22219
v 0.04200 0.08920 0.22219
v 0.03762 0.08959 0.22219
v 0.03262 0.08989 0.22219
v 0.02665 0.09011 0.22219
v 0.01886 0.09024 0.22219
v 0.00000 0.09028 0.22219
v -0.01886 0.09024 0.22219
v -0.02665 0.09011 0.22219
v -0.03262 0.08989 0.22219
v -0.03762 0.08959 0.22219
v -0.04200 0.08920 0.22219
v -0.04593 0.08873 0.22219
v -0.04951 0.08817 0.22219
v -0.05280 0.08752 0.22219
v -0.05585 0.08678 0.22219
v -0.05869 0.08595 0.22219
v -0.06135 0.08503 0.22219
v -0.06384 0.08402 0.22219
v -0.06618 0.08291 0.22219
v -0.06837 0.08171 0.22219
v -0.07044 0.08041 0.22219
v -0.07238 0.07902 0.22219
v -0.07421 0.07752 0.22219
v -0.07592 0.07592 0.22219
v -0.07752 0.07421 0.22219
v -0.07902 0.07238 0.22219
v -0.08041 0.07044 0.22219
v -0.08171 0.06837 0.22219
v -0.08291 0.06618 0.22219
v -0.08402 0.06384 0.22219
v -0.08503 0.06135 0.22219
v -0.08595 0.05869 0.22219
v -0.08678 0.05585 0.22219
v -0.08752 0.05280 0.22219
v -0.08817 0.04951 0.22219
v -0.08873 0.04593 0.22219
v -0.08920 0.04200 0.22219
v -0.08959 0.03762 0.22219
v -0.08989 0.03262 0.22219
v -0.09011 0.02665 0.22219
v -0.09024 0.01886 0.22219
v -0.08846 -0.00000 0.22656
v -0.08842 -0.01848 0.22656
v -0.08829 -0.02612 0.22656
v -0.08808 -0.03196 0.22656
v -0.08779 -0.03686 0.22656
v -0.08741 -0.04115 0.22656
v -0.08694 -0.04500 0.22656
v -0.08639 -0.04851 0.22656
v -0.08575 -0.05173 0.22656
v -0.08503 -0.05472 0.22656
v -0.08422 -0.05751 0.22656
v -0.08331 -0.06011 0.22656
v -0.08232 -0.06255 0.22656
v -0.08124 -0.06484 0.22656
v -0.08006 -0.06700 0.22656
v -0.07879 -0.06902 0.22656
v -0.07742 -0.07092 0.22656
v -0.07596 -0.07271 0.22656
v -0.07439 -0.07439 0.22656
v -0.07271 -0.07596 0.22656
v -0.07092 -0.07742 0.22656
v -0.06902 -0.07879 0.22656
v -0.06700 -0.08006 0.22656
v -0.06484 -0.08124 0.22656
v -0.06255 -0.08232 0.22656
v -0.06011 -0.08331 0.22656
v -0.05751 -0.08422 0.22656
v -0.05472 -0.08503 0.22656
v -0.05173 -0.08575 0.22656
v -0.04851 -0.08639 0.22656
v -0.04500 -0.08694 0.22656
v -0.04115 -0.08741 0.22656
v -0.03686 -0.08779 0.22656
v -0.03196 -0.08808 0.22656
v -0.02612 -0.08829 0.22656
v -0.01848 -0.08842 0.22656
v 0.00000 -0.08846 0.22656
v 0.01848 -0.08842 0.22656
v 0.02612 -0.08829 0.22656
v 0.03196 -0.08808 0.22656
v 0.03686 -0.08779 0.22656
v 0.04115 -0.08741 0.22656
v 0.04500 -0.08694 0.22656
v 0.04851 -0.08639 0.22656
v 0.05173 -0.08575 0.22656
v 0.05472 -0.08503 0.22656
v 0.05751 -0.08422 0.22656
v 0.06011 -0.08331 0.22656
v 0.06255 -0.08232 0.22656
v 0.06484 -0.08124 0.22656
v 0.06700 -0.08006 0.22656
v 0.06902 -0.07879 0.22656
v 0.07092 -0.07742 0.22656
v 0.07271 -0.07596 0.22656
v 0.07439 -0.07439 0.22656
v 0.07596 -0.07271 0.22656
v 0.07742 -0.07092 0.22656
v 0.07879 -0.06902 0.22656
v 0.08006 -0.06700 0.22656
v 0.08124 -0.06484 0.22656
v 0.08232 -0.06255 0.22656
v 0.08331 -0.06011 0.22656
v 0.08422 -0.05751 0.22656
v 0.08503 -0.05472 0.22656
v 0.08575 -0.05173 0.22656
v 0.08639 -0.04851 0.22656
v 0.08694 -0.04500 0.22656
v 0.08741 -0.04115 0.22656
v 0.08779 -0.03686 0.22656
v 0.08808 -0.03196 0.22656
v 0.08829 -0.02612 0.22656
v 0.08842 -0.01848 0.22656
v 0.08846 0.00000 0.22656
v 0.08842 0.01848 0.22656
v 0.08829 0.02612 0.22656
v 0.08808 0.03196 0.22656
v 0.08779 0.03686 0.22656
v 0.08741 0.04115 0.22656
v 0.08694 0.04500 0.22656
v 0.08639 0.04851 0.22656
v 0.08575 0.05173 0.22656
v 0.08503 0.05472 0.22656
v 0.08422 0.05751 0.22656
v 0.08331 0.06011 0.22656
v 0.08232 0.06255 0.22656
v 0.08124 0.06484 0.22656
v 0.08006 0.06700 0.22656
v 0.07879 0.06902 0.22656
v 0.07742 0.07092 0.22656
v 0.07596 0.07271 0.22656
v 0.07439 0.07439 0.22656
v 0.07271 0.07596 0.22656
v 0.07092 0.07742 0.22656
v 0.06902 0.07879 0.22656
v 0.06700 0.08006 0.22656
v 0.06484 0.08124 0.22656
v 0.06255 0.08232 0.22656
v 0.06011 0.08331 0.22656
v 0.05751 0.08422 0.22656
v 0.05472 0.08503 0.22656
v 0.05173 0.08575 0.22656
v 0.04851 0.08639 0.22656
v 0.04500 0.08694 0.22656
v 0.04115 0.08741 0.22656
v 0.03686 0.08779 0.22656
v 0.03196 0.08808 0.22656
v 0.02612 0.08829 0.22656
v 0.01848 0.08842 0.22656
v 0.00000 0.08846 0.22656
v -0.01848 0.08842 0.22656
v -0.02612 0.08829 0.22656
v -0.03196 0.08808 0.22656
v -0.03686 0.08779 0.22656
v -0.04115 0.08741 0.22656
v -0.04500 0.08694 0.22656
v -0.04851 0.08639 0.22656
v -0.05173 0.08575 0.22656
v -0.05472 0.08503 0.22656
v -0.05751 0.08422 0.22656
v -0.06011 0.08331 0.22656
v -0.06255 0.08232 0.22656
v -0.06484 0.08124 0.22656
v -0.06700 0.08006 0.22656
v -0.06902 0.07879 0.22656
v -0.07092 0.07742 0.22656
v -0.07271 0.07596 0.22656
v -0.07439 0.07439 0.22656
v -0.07596 0.07271 0.22656
v -0.07742 0.07092 0.22656
v -0.07879 0.06902 0.22656
v -0.08006 0.06700 0.22656
v -0.08124 0.06484 0.22656
v -0.08232 0.06255 0.22656
v -0.08331 0.06011 0.22656
v -0.08422 0.05751 0.22656
v -0.08503 0.05472 0.22656
v -0.08575 0.05173 0.22656
v -0.08639 0.04851 0.22656
v -0.08694 0.04500 0.22656
v -0.08741 0.04115 0.22656
v -0.08779 0.03686 0.22656
v -0.08808 0.03196 0.22656
v -0.08829 0.02612 0.22656
v -0.08842 0.01848 0.22656
v -0.08651 -0.00000 0.23064
v -0.08647 -0.01807 0.23064
v -0.08635 -0.02554 0.23064
v -0.08614 -0.03126 0.23064
v -0.08585 -0.03605 0.23064
v -0.08548 -0.04025 0.23064
v -0.08503 -0.04401 0.23064
v -0.08449 -0.04744 0.23064
v -0.08386 -0.05060 0.23064
v -0.08316 -0.05352 0.23064
v -0.08236 -0.05624 0.23064
v -0.08148 -0.05879 0.23064
v -0.08051 -0.06117 0.23064
v -0.07945 -0.06342 0.23064
v -0.07830 -0.06552 0.23064
v -0.07706 -0.06750 0.23064
v -0.07572 -0.06936 0.23064
v -0.07429 -0.07111 0.23064
v -0.07275 -0.07275 0.23064
v -0.07111 -0.07429 0.23064
v -0.06936 -0.07572 0.23064
v -0.06750 -0.07706 0.23064
v -0.06552 -0.07830 0.23064
v -0.06342 -0.07945 0.23064
v -0.06117 -0.08051 0.23064
v -0.05879 -0.08148 0.23064
v -0.05624 -0.08236 0.23064
v -0.05352 -0.08316 0.23064
v -0.05060 -0.08386 0.23064
v -0.04744 -0.08449 0.23064
v -0.04401 -0.08503 0.23064
v -0.04025 -0.08548 0.23064
v -0.03605 -0.08585 0.23064
v -0.03126 -0.08614 0.23064
v -0.02554 -0.08635 0.23064
v -0.01807 -0.08647 0.23064
v 0.00000 -0.08651 0.23064
v 0.01807 -0.08647 0.23064
v 0.02554 -0.08635 0.23064
v 0.03126 -0.08614 0.23064
v 0.03605 -0.08585 0.23064
v 0.04025 -0.08548 0.23064
v 0.04401 -0.08503 0.23064
v 0.04744 -0.08449 0.23064
v 0.05060 -0.08386 0.23064
v 0.05352 -0.08316 0.23064
v 0.05624 -0.08236 0.23064
v 0.05879 -0.08148 0.23064
v 0.06117 -0.08051 0.23064
v 0.06342 -0.07945 0.23064
v 0.06552 -0.07830 0.23064
v 0.06750 -0.07706 0.23064
v 0.06936 -0.07572 0.23064
v 0.07111 -0.07429 0.23064
v 0.07275 -0.07275 0.23064
v 0.07429 -0.07111 0.23064
v 0.07572 -0.06936 0.23064
v 0.07706 -0.06750 0.23064
v 0.07830 -0.06552 0.23064
v 0.07945 -0.06342 0.23064
v 0.08051 -0.06117 0.23064
v 0.08148 -0.05879 0.23064
v 0.08236 -0.05624 0.23064
v 0.08316 -0.05352 0.23064
v 0.08386 -0.05060 0.23064
v 0.08449 -0.04744 0.23064
v 0.08503 -0.04401 0.23064
v 0.08548 -0.04025 0.23064
v 0.08585 -0.03605 0.23064
v 0.08614 -0.03126 0.23064
v 0.08635 -0.02554 0.23064
v 0.08647 -0.01807 0.23064
v 0.08651 0.00000 0.23064
v 0.08647 0.01807 0.23064
v 0.08635 0.02554 0.23064
v 0.08614 0.03126 0.23064
v 0.08585 0.03605 0.23064
v 0.08548 0.04025 0.23064
v 0.08503 0.04401 0.23064
v 0.08449 0.04744 0.23064
v 0.08386 0.05060 0.23064
v 0.08316 0.05352 0.23064
v 0.08236 0.05624 0.23064
v 0.08148 0.05879 0.23064
v 0.08051 0.06117 0.23064
v 0.07945 0.06342 0.23064
v 0.07830 0.06552 0.23064
v 0.07706 0.06750 0.23064
v 0.07572 0.06936 0.23064
v 0.07429 0.07111 0.23064
v 0.07275 0.07275 0.23064
v 0.07111 0.07429 0.23064
v 0.06936 0.07572 0.23064
v 0.06750 0.07706 0.23064
v 0.06552 0.07830 0.23064
v 0.06342 0.07945 0.23064
v 0.06117 0.08051 0.23064
v 0.05879 0.08148 0.23064
v 0.05624 0.08236 0.23064
v 0.05352 0.08316 0.23064
v 0.05060 0.08386 0.23064
v 0.04744 0.08449 0.23064
v 0.04401 0.08503 0.23064
v 0.04025 0.08548 0.23064
v 0.03605 0.08585 0.23064
v 0.03126 0.08614 0.23064
v 0.02554 0.08635 0.23064
v 0.01807 0.08647 0.23064
v 0.00000 0.08651 0.23064
v -0.01807 0.08647 0.23064
v -0.02554 0.08635 0.23064
v -0.03126 0.08614 0.23064
v -0.03605 0.08585 0.23064
v -0.04025 0.08548 0.23064
v -0.04401 0.08503 0.23064
v -0.04744 0.08449 0.23064
v -0.05060 0.08386 0.23064
v -0.05352 0.08316 0.23064
v -0.05624 0.08236 0.23064
v -0.05879 0.08148 0.23064
v -0.06117 0.08051 0.23064
v -0.06342 0.07945 0.23064
v -0.06552 0.07830 0.23064
v -0.06750 0.07706 0.23064
v -0.06936 0.07572 0.23064
v -0.07111 0.07429 0.23064
v -0.07275 0.07275 0.23064
v -0.07429 0.07111 0.23064
v -0.07572 0.06936 0.23064
v -0.07706 0.06750 0.23064
v -0.07830 0.06552 0.23064
v -0.07945 0.06342 0.23064
v -0.08051 0.06117 0.23064
v -0.08148 0.05879 0.23064
v -0.08236 0.05624 0.23064
v -0.08316 0.05352 0.23064
v -0.08386 0.05060 0.23064
v -0.08449 0.04744 0.23064
v -0.08503 0.04401 0.23064
v -0.08548 0.04025 0.23064
v -0.08585 0.03605 0.23064
v -0.08614 0.03126 0.23064
v -0.08635 0.02554 0.23064
v -0.08647 0.01807 0.23064
v -0.08443 -0.00000 0.23443
v -0.08439 -0.01763 0.23443
v -0.08427 -0.02493 0.23443
v -0.08407 -0.03050 0.23443
v -0.08379 -0.03518 0.23443
v -0.08343 -0.03928 0.23443
v -0.08298 -0.04296 0.23443
v -0.08246 -0.04630 0.23443
v -0.08185 -0.04938 0.23443
v -0.08116 -0.05223 0.23443
v -0.08038 -0.05489 0.23443
v -0.07952 -0.05737 0.23443
v -0.07857 -0.05970 0.23443
v -0.07754 -0.06189 0.23443
v -0.07642 -0.06395 0.23443
v -0.07521 -0.06588 0.23443
v -0.07390 -0.06769 0.23443
v -0.07250 -0.06940 0.23443
v -0.07100 -0.07100 0.23443
v -0.06940 -0.07250 0.23443
v -0.06769 -0.07390 0.23443
v -0.06588 -0.07521 0.23443
v -0.06395 -0.07642 0.23443
v -0.06189 -0.07754 0.23443
v -0.05970 -0.07857 0.23443
v -0.05737 -0.07952 0.23443
v -0.05489 -0.08038 0.23443
v -0.05223 -0.08116 0.23443
v -0.04938 -0.08185 0.23443
v -0.04630 -0.08246 0.23443
v -0.04296 -0.08298 0.23443
v -0.03928 -0.08343 0.23443
v -0.03518 -0.08379 0.23443
v -0.03050 -0.08407 0.23443
v -0.02493 -0.08427 0.23443
v -0.01763 -0.08439 0.23443
v 0.00000 -0.08443 0.23443
v 0.01763 -0.08439 0.23443
v 0.02493 -0.08427 0.23443
v 0.03050 -0.08407 0.23443
v 0.03518 -0.08379 0.23443
v 0.03928 -0.08343 0.23443
v 0.04296 -0.08298 0.23443
v 0.04630 -0.08246 0.23443
v 0.04938 -0.08185 0.23443
v 0.05223 -0.08116 0.23443
v 0.05489 -0.08038 0.23443
v 0.05737 -0.07952 0.23443
v 0.05970 -0.07857 0.23443
v 0.06189 -0.07754 0.23443
v 0.06395 -0.07642 0.23443
v 0.06588 -0.07521 0.23443
v 0.06769 -0.07390 0.23443
v 0.06940 -0.07250 0.23443
v 0.07100 -0.07100 0.23443
v 0.07250 -0.06940 0.23443
v 0.07390 -0.06769 0.23443
v 0.07521 -0.06588 0.23443
v 0.07642 -0.06395 0.23443
v 0.07754 -0.06189 0.23443
v 0.07857 -0.05970 0.23443
v 0.07952 -0.05737 0.23443
v 0.08038 -0.05489 0.23443
v 0.08116 -0.05223 0.23443
v 0.08185 -0.04938 0.23443
v 0.08246 -0.04630 0.23443
v 0.08298 -0.04296 0.23443
v 0.08343 -0.03928 0.23443
v 0.08379 -0.03518 0.23443
v 0.08407 -0.03050 0.23443
v 0.08427 -0.02493 0.23443
v 0.08439 -0.01763 0.23443
v 0.08443 0.00000 0.23443
v 0.08439 0.01763 0.23443
v 0.08427 0.02493 0.23443
v 0.08407 0.03050 0.23443
v 0.08379 0.03518 0.23443
v 0.08343 0.03928 0.23443
v 0.08298 0.04296 0.23443
v 0.08246 0.04630 0.23443
v 0.08185 0.04938 0.23443
v 0.08116 0.05223 0.23443
v 0.08038 0.05489 0.23443
v 0.07952 0.05737 0.23443
v 0.07857 0.05970 0.23443
v 0.07754 0.06189 0.23443
v 0.07642 0.06395 0.23443
v 0.07521 0.06588 0.23443
v 0.07390 0.06769 0.23443
v 0.07250 0.06940 0.23443
v 0.07100 0.07100 0.23443
v 0.06940 0.07250 0.23443
v 0.06769 0.07390 0.23443
v 0.06588 0.07521 0.23443
v 0.06395 0.07642 0.23443
v 0.06189 0.07754 0.23443
v 0.05970 0.07857 0.23443
v 0.05737 0.07952 0.23443
v 0.05489 0.08038 0.23443
v 0.05223 0.08116 0.23443
v 0.04938 0.08185 0.23443
v 0.04630 0.08246 0.23443
v 0.04296 0.08298 0.23443
v 0.03928 0.08343 0.23443
v 0.03518 0.08379 0.23443
v 0.03050 0.08407 0.23443
v 0.02493 0.08427 0.23443
v 0.01763 0.08439 0.23443
v 0.00000 0.08443 0.23443
v -0.01763 0.08439 0.23443
v -0.02493 0.08427 0.23443
v -0.03050 0.08407 0.23443
v -0.03518 0.08379 0.23443
v -0.03928 0.08343 0.23443
v -0.04296 0.08298 0.23443
v -0.04630 0.08246 0.23443
v -0.04938 0.08185 0.23443
v -0.05223 0.08116 0.23443
v -0.05489 0.08038 0.23443
v -0.05737 0.07952 0.23443
v -0.05970 0.07857 0.23443
v -0.06189 0.07754 0.23443
v -0.06395 0.07642 0.23443
v -0.06588 0.07521 0.23443
v -0.06769 0.07390 0.23443
v -0.06940 0.07250 0.23443
v -0.07100 0.07100 0.23443
v -0.07250 0.06940 0.23443
v -0.07390 0.06769 0.23443
v -0.07521 0.06588 0.23443
v -0.07642 0.06395 0.23443
v -0.07754 0.06189 0.23443
v -0.07857 0.05970 0.23443
v -0.07952 0.05737 0.23443
v -0.08038 0.05489 0.23443
v -0.08116 0.05223 0.23443
v -0.08185 0.04938 0.23443
v -0.08246 0.04630 0.23443
v -0.08298 0.04296 0.23443
v -0.08343 0.03928 0.23443
v -0.08379 0.03518 0.23443
v -0.08407 0.03050 0.23443
v -0.08427 0.02493 0.23443
v -0.08439 0.01763 0.23443
v -0.08221 -0.00000 0.23794
v -0.08217 -0.01717 0.23794
v -0.08206 -0.02427 0.23794
v -0.08186 -0.02970 0.23794
v -0.08159 -0.03426 0.23794
v -0.08123 -0.03825 0.23794
v -0.08080 -0.04182 0.23794
v -0.08029 -0.04508 0.23794
v -0.07969 -0.04808 0.23794
v -0.07902 -0.05086 0.23794
v -0.07827 -0.05345 0.23794
v -0.07743 -0.05586 0.23794
v -0.07651 -0.05813 0.23794
v -0.07550 -0.06026 0.23794
v -0.07441 -0.06226 0.23794
v -0.07323 -0.06414 0.23794
v -0.07196 -0.06591 0.23794
v -0.07059 -0.06757 0.23794
v -0.06913 -0.06913 0.23794
v -0.06757 -0.07059 0.23794
v -0.06591 -0.07196 0.23794
v -0.06414 -0.07323 0.23794
v -0.06226 -0.07441 0.23794
v -0.06026 -0.07550 0.23794
v -0.05813 -0.07651 0.23794
v -0.05586 -0.07743 0.23794
v -0.05345 -0.07827 0.23794
v -0.05086 -0.07902 0.23794
v -0.04808 -0.07969 0.23794
v -0.04508 -0.08029 0.23794
v -0.04182 -0.08080 0.23794
v -0.03825 -0.08123 0.23794
v -0.03426 -0.08159 0.23794
v -0.02970 -0.08186 0.23794
v -0.02427 -0.08206 0.23794
v -0.01717 -0.08217 0.23794
v 0.00000 -0.08221 0.23794
v 0.01717 -0.08217 0.23794
v 0.02427 -0.08206 0.23794
v 0.02970 -0.08186 0.23794
v 0.03426 -0.08159 0.23794
v 0.03825 -0.08123 0.23794
v 0.04182 -0.08080 0.23794
v 0.04508 -0.08029 0.23794
v 0.04808 -0.07969 0.23794
v 0.05086 -0.07902 0.23794
v 0.05345 -0.07827 0.23794
v 0.05586 -0.07743 0.23794
v 0.05813 -0.07651 0.23794
v 0.06026 -0.07550 0.23794
v 0.06226 -0.07441 0.23794
v 0.06414 -0.07323 0.23794
v 0.06591 -0.07196 0.23794
v 0.06757 -0.07059 0.23794
v 0.06913 -0.06913 0.23794
v 0.07059 -0.06757 0.23794
v 0.07196 -0.06591 0.23794
v 0.07323 -0.06414 0.23794
v 0.07441 -0.06226 0.23794
v 0.07550 -0.06026 0.23794
v 0.07651 -0.05813 0.23794
v 0.07743 -0.05586 0.23794
v 0.07827 -0.05345 0.23794
v 0.07902 -0.05086 0.23794
v 0.07969 -0.04808 0.23794
v 0.08029 -0.04508 0.23794
v 0.08080 -0.04182 0.23794
v 0.08123 -0.03825 0.23794
v 0.08159 -0.03426 0.23794
v 0.08186 -0.02970 0.23794
v 0.08206 -0.02427 0.23794
v 0.08217 -0.01717 0.23794
v 0.08221 0.00000 0.23794
v 0.08217 0.01717 0.23794
v 0.08206 0.02427 0.23794
v 0.08186 0.02970 0.23794
v 0.08159 0.03426 0.23794
v 0.08123 0.03825 0.23794
v 0.08080 0.04182 0.23794
v 0.08029 0.04508 0.23794
v 0.07969 0.04808 0.23794
v 0.07902 0.05086 0.23794
v 0.07827 0.05345 0.23794
v 0.07743 0.05586 0.23794
v 0.07651 0.05813 0.23794
v 0.07550 0.06026 0.23794
v 0.07441 0.06226 0.23794
v 0.07323 0.06414 0.23794
v 0.07196 0.06591 0.23794
v 0.07059 0.06757 0.23794
v 0.06913 0.06913 0.23794
v 0.06757 0.07059 0.23794
v 0.06591 0.07196 0.23794
v 0.06414 0.07323 0.23794
v 0.06226 0.07441 0.23794
v 0.06026 0.07550 0.23794
v 0.05813 0.07651 0.23794
v 0.05586 0.07743 0.23794
v 0.05345 0.07827 0.23794
v 0.05086 0.07902 0.23794
v 0.04808 0.07969 0.23794
v 0.04508 0.08029 0.23794
v 0.04182 0.08080 0.23794
v 0.03825 0.08123 0.23794
v 0.03426 0.08159 0.23794
v 0.02970 0.08186 0.23794
v 0.02427 0.08206 0.23794
v 0.01717 0.08217 0.23794
v 0.00000 0.08221 0.23794
v -0.01717 0.08217 0.23794
v -0.02427 0.08206 0.23794
v -0.02970 0.08186 0.23794
v -0.03426 0.08159 0.23794
v -0.03825 0.08123 0.23794
v -0.04182 0.08080 0.23794
v -0.04508 0.08029 0.23794
v -0.04808 0.07969 0.23794
v -0.05086 0.07902 0.23794
v -0.05345 0.07827 0.23794
v -0.05586 0.07743 0.23794
v -0.05813 0.07651 0.23794
v -0.06026 0.07550 0.23794
v -0.06226 0.07441 0.23794
v -0.06414 0.07323 0.23794
v -0.06591 0.07196 0.23794
v -0.06757 0.07059 0.23794
v -0.06913 0.06913 0.23794
v -0.07059 0.06757 0.23794
v -0.07196 0.06591 0.23794
v -0.07323 0.06414 0.23794
v -0.07441 0.06226 0.23794
v -0.07550 0.06026 0.23794
v -0.07651 0.05813 0.23794
v -0.07743 0.05586 0.23794
v -0.07827 0.05345 0.23794
v -0.07902 0.05086 0.23794
v -0.07969 0.04808 0.23794
v -0.08029 0.04508 0.23794
v -0.08080 0.04182 0.23794
v -0.08123 0.03825 0.23794
v -0.08159 0.03426 0.23794
v -0.08186 0.02970 0.23794
v -0.08206 0.02427 0.23794
v -0.08217 0.01717 0.23794
v -0.07984 -0.00000 0.24118
v -0.07980 -0.01667 0.24118
v -0.07969 -0.02357 0.24118
v -0.07950 -0.02884 0.24118
v -0.07923 -0.03327 0.24118
v -0.07889 -0.03714 0.24118
v -0.07847 -0.04062 0.24118
v -0.07797 -0.04378 0.24118
v -0.07739 -0.04669 0.24118
v -0.07674 -0.04939 0.24118
v -0.07601 -0.05190 0.24118
v -0.07519 -0.05425 0.24118
v -0.07430 -0.05645 0.24118
v -0.07332 -0.05852 0.24118
v -0.07226 -0.06047 0.24118
v -0.07111 -0.06229 0.24118
v -0.06988 -0.06401 0.24118
v -0.06855 -0.06562 0.24118
v -0.06714 -0.06714 0.24118
v -0.06562 -0.06855 0.24118
v -0.06401 -0.06988 0.24118
v -0.06229 -0.07111 0.24118
v -0.06047 -0.07226 0.24118
v -0.05852 -0.07332 0.24118
v -0.05645 -0.07430 0.24118
v -0.05425 -0.07519 0.24118
v -0.05190 -0.07601 0.24118
v -0.04939 -0.07674 0.24118
v -0.04669 -0.07739 0.24118
v -0.04378 -0.07797 0.24118
v -0.04062 -0.07847 0.24118
v -0.03714 -0.07889 0.24118
v -0.03327 -0.07923 0.24118
v -0.02884 -0.07950 0.24118
v -0.02357 -0.07969 0.24118
v -0.01667 -0.07980 0.24118
v 0.00000 -0.07984 0.24118
v 0.01667 -0.07980 0.24118
v 0.02357 -0.07969 0.24118
v 0.02884 -0.07950 0.24118
v 0.03327 -0.07923 0.24118
v 0.03714 -0.07889 0.24118
v 0.04062 -0.07847 0.24118
v 0.04378 -0.07797 0.24118
v 0.04669 -0.07739 0.24118
v 0.04939 -0.07674 0.24118
v 0.05190 -0.07601 0.24118
v 0.05425 -0.07519 0.24118
v 0.05645 -0.07430 0.24118
v 0.05852 -0.07332 0.24118
v 0.06047 -0.07226 0.24118
v 0.06229 -0.07111 0.24118
v 0.06401 -0.06988 0.24118
v 0.06562 -0.06855 0.24118
v 0.06714 -0.06714 0.24118
v 0.06855 -0.06562 0.24118
v 0.06988 -0.06401 0.24118
v 0.07111 -0.06229 0.24118
v 0.07226 -0.06047 0.24118
v 0.07332 -0.05852 0.24118
v 0.07430 -0.05645 0.24118
v 0.07519 -0.05425 0.24118
v 0.07601 -0.05190 0.24118
v 0.07674 -0.04939 0.24118
v 0.07739 -0.04669 0.24118
v 0.07797 -0.04378 0.24118
v 0.07847 -0.04062 0.24118
v 0.07889 -0.03714 0.24118
v 0.07923 -0.03327 0.24118
v 0.07950 -0.02884 0.24118
v 0.07969 -0.02357 0.24118
v 0.07980 -0.01667 0.24118
v 0.07984 0.00000 0.24118
v 0.07980 0.01667 0.24118
v 0.07969 0.02357 0.24118
v 0.07950 0.02884 0.24118
v 0.07923 0.03327 0.24118
v 0.07889 0.03714 0.24118
v 0.07847 0.04062 0.24118
v 0.07797 0.04378 0.24118
v 0.07739 0.04669 0.24118
v 0.07674 0.04939 0.24118
v 0.07601 0.05190 0.24118
v 0.07519 0.05425 0.24118
v 0.07430 0.05645 0.24118
v 0.07332 0.05852 0.24118
v 0.07226 0.06047 0.24118
v 0.07111 0.06229 0.24118
v 0.06988 0.06401 0.24118
v 0.06855 0.06562 0.24118
v 0.06714 0.06714 0.24118
v 0.06562 0.06855 0.24118
v 0.06401 0.06988 0.24118
v 0.06229 0.07111 0.24118
v 0.06047 0.07226 0.24118
v 0.05852 0.07332 0.24118
v 0.05645 0.07430 0.24118
v 0.05425 0.07519 0.24118
v 0.05190 0.07601 0.24118
v 0.04939 0.07674 0.24118
v 0.04669 0.07739 0.24118
v 0.04378 0.07797 0.24118
v 0.04062 0.07847 0.24118
v 0.03714 0.07889 0.24118
v 0.03327 0.07923 0.24118
v 0.02884 0.07950 0.24118
v 0.02357 0.07969 0.24118
v 0.01667 0.07980 0.24118
v 0.00000 0.07984 0.24118
v -0.01667 0.07980 0.24118
v -0.02357 0.07969 0.24118
v -0.02884 0.07950 0.24118
v -0.03327 0.07923 0.24118
v -0.03714 0.07889 0.24118
v -0.04062 0.07847 0.24118
v -0.04378 0.07797 0.24118
v -0.04669 0.07739 0.24118
v -0.04939 0.07674 0.24118
v -0.05190 0.07601 0.24118
v -0.05425 0.07519 0.24118
v -0.05645 0.07430 0.24118
v -0.05852 0.07332 0.24118
v -0.06047 0.07226 0.24118
v -0.06229 0.07111 0.24118
v -0.06401 0.06988 0.24118
v -0.06562 0.06855 0.24118
v -0.06714 0.06714 0.24118
v -0.06855 0.06562 0.24118
v -0.06988 0.06401 0.24118
v -0.07111 0.06229 0.24118
v -0.07226 0.06047 0.24118
v -0.07332 0.05852 0.24118
v -0.07430 0.05645 0.24118
v -0.07519 0.05425 0.24118
v -0.07601 0.05190 0.24118
v -0.07674 0.04939 0.24118
v -0.07739 0.04669 0.24118
v -0.07797 0.04378 0.24118
v -0.07847 0.04062 0.24118
v -0.07889 0.03714 0.24118
v -0.07923 0.03327 0.24118
v -0.07950 0.02884 0.24118
v -0.07969 0.02357 0.24118
v -0.07980 0.01667 0.24118
v -0.07730 -0.00000 0.24417
v -0.07727 -0.01615 0.24417
v -0.07716 -0.02282 0.24417
v -0.07697 -0.02793 0.24417
v -0.07671 -0.03221 0.24417
v -0.07638 -0.03596 0.24417
v -0.07598 -0.03933 0.24417
v -0.07549 -0.04239 0.24417
v -0.07494 -0.04521 0.24417
v -0.07430 -0.04782 0.24417
v -0.07359 -0.05025 0.24417
v -0.07281 -0.05253 0.24417
v -0.07194 -0.05466 0.24417
v -0.07099 -0.05666 0.24417
v -0.06997 -0.05855 0.24417
v -0.06885 -0.06031 0.24417
v -0.06766 -0.06198 0.24417
v -0.06638 -0.06354 0.24417
v -0.06500 -0.06500 0.24417
v -0.06354 -0.06638 0.24417
v -0.06198 -0.06766 0.24417
v -0.06031 -0.06885 0.24417
v -0.05855 -0.06997 0.24417
v -0.05666 -0.07099 0.24417
v -0.05466 -0.07194 0.24417
v -0.05253 -0.07281 0.24417
v -0.05025 -0.07359 0.24417
v -0.04782 -0.07430 0.24417
v -0.04521 -0.07494 0.24417
v -0.04239 -0.07549 0.24417
v -0.03933 -0.07598 0.24417
v -0.03596 -0.07638 0.24417
v -0.03221 -0.07671 0.24417
v -0.02793 -0.07697 0.24417
v -0.02282 -0.07716 0.24417
v -0.01615 -0.07727 0.24417
v 0.00000 -0.07730 0.24417
v 0.01615 -0.07727 0.24417
v 0.02282 -0.07716 0.24417
v 0.02793 -0.07697 0.24417
v 0.03221 -0.07671 0.24417
v 0.03596 -0.07638 0.24417
v 0.03933 -0.07598 0.24417
v 0.04239 -0.07549 0.24417
v 0.04521 -0.07494 0.24417
v 0.04782 -0.07430 0.24417
v 0.05025 -0.07359 0.24417
v 0.05253 -0.07281 0.24417
v 0.05466 -0.07194 0.24417
v 0.05666 -0.07099 0.24417
v 0.05855 -0.06997 0.24417
v 0.06031 -0.06885 0.24417
v 0.06198 -0.06766 0.24417
v 0.06354 -0.06638 0.24417
v 0.06500 -0.06500 0.24417
v 0.06638 -0.06354 0.24417
v 0.06766 -0.06198 0.24417
v 0.06885 -0.06031 0.24417
v 0.06997 -0.05855 0.24417
v 0.07099 -0.05666 0.24417
v 0.07194 -0.05466 0.24417
v 0.07281 -0.05253 0.24417
v 0.07359 -0.05025 0.24417
v 0.07430 -0.04782 0.24417
v 0.07494 -0.04521 0.24417
v 0.07549 -0.04239 0.24417
v 0.07598 -0.03933 0.24417
v 0.07638 -0.03596 0.24417
v 0.07671 -0.03221 0.24417
v 0.07697 -0.02793 0.24417
v 0.07716 -0.02282 0.24417
v 0.07727 -0.01615 0.24417
v 0.07730 0.00000 0.24417
v 0.07727 0.01615 0.24417
v 0.07716 0.02282 0.24417
v 0.07697 0.02793 0.24417
v 0.07671 0.03221 0.24417
v 0.07638 0.03596 0.24417
v 0.07598 0.03933 0.24417
v 0.07549 0.04239 0.24417
v 0.07494 0.04521 0.24417
v 0.07430 0.04782 0.24417
v 0.07359 0.05025 0.24417
v 0.07281 0.05253 0.24417
v 0.07194 0.05466 0.24417
v 0.07099 0.05666 0.24417
v 0.06997 0.05855 0.24417
v 0.06885 0.06031 0.24417
v 0.06766 0.06198 0.24417
v 0.06638 0.06354 0.24417
v 0.06500 0.06500 0.24417
v 0.06354 0.06638 0.24417
v 0.06198 0.06766 0.24417
v 0.06031 0.06885 0.24417
v 0.05855 0.06997 0.24417
v 0.05666 0.07099 0.24417
v 0.05466 0.07194 0.24417
v 0.05253 0.07281 0.24417
v 0.05025 0.07359 0.24417
v 0.04782 0.07430 0.24417
v 0.04521 0.07494 0.24417
v 0.04239 0.07549 0.24417
v 0.03933 0.07598 0.24417
v 0.03596 0.07638 0.24417
v 0.03221 0.07671 0.24417
v 0.02793 0.07697 0.24417
v 0.02282 0.07716 0.24417
v 0.01615 0.07727 0.24417
v 0.00000 0.07730 0.24417
v -0.01615 0.07727 0.24417
v -0.02282 0.07716 0.24417
v -0.02793 0.07697 0.24417
v -0.03221 0.07671 0.24417
v -0.03596 0.07638 0.24417
v -0.03933 0.07598 0.24417
v -0.04239 0.07549 0.24417
v -0.04521 0.07494 0.24417
v -0.04782 0.07430 0.24417
v -0.05025 0.07359 0.24417
v -0.05253 0.07281 0.24417
v -0.05466 0.07194 0.24417
v -0.05666 0.07099 0.24417
v -0.05855 0.06997 0.24417
v -0.06031 0.06885 0.24417
v -0.06198 0.06766 0.24417
v -0.06354 0.06638 0.24417
v -0.06500 0.06500 0.24417
v -0.06638 0.06354 0.24417
v -0.06766 0.06198 0.24417
v -0.06885 0.06031 0.24417
v -0.06997 0.05855 0.24417
v -0.07099 0.05666 0.24417
v -0.07194 0.05466 0.24417
v -0.07281 0.05253 0.24417
v -0.07359 0.05025 0.24417
v -0.07430 0.04782 0.24417
v -0.07494 0.04521 0.24417
v -0.07549 0.04239 0.24417
v -0.07598 0.03933 0.24417
v -0.07638 0.03596 0.24417
v -0.07671 0.03221 0.24417
v -0.07697 0.02793 0.24417
v -0.07716 0.02282 0.24417
v -0.07727 0.01615 0.24417
v -0.07459 -0.00000 0.24690
v -0.07456 -0.01558 0.24690
v -0.07445 -0.02202 0.24690
v -0.07427 -0.02695 0.24690
v -0.07402 -0.03108 0.24690
v -0.07370 -0.03470 0.24690
v -0.07331 -0.03795 0.24690
v -0.07284 -0.04090 0.24690
v -0.07231 -0.04362 0.24690
v -0.07170 -0.04614 0.24690
v -0.07101 -0.04849 0.24690
v -0.07025 -0.05069 0.24690
v -0.06942 -0.05274 0.24690
v -0.06850 -0.05468 0.24690
v -0.06751 -0.05649 0.24690
v -0.06644 -0.05820 0.24690
v -0.06529 -0.05980 0.24690
v -0.06405 -0.06131 0.24690
v -0.06272 -0.06272 0.24690
v -0.06131 -0.06405 0.24690
v -0.05980 -0.06529 0.24690
v -0.05820 -0.06644 0.24690
v -0.05649 -0.06751 0.24690
v -0.05468 -0.06850 0.24690
v -0.05274 -0.06942 0.24690
v -0.05069 -0.07025 0.24690
v -0.04849 -0.07101 0.24690
v -0.04614 -0.07170 0.24690
v -0.04362 -0.07231 0.24690
v -0.04090 -0.07284 0.24690
v -0.03795 -0.07331 0.24690
v -0.03470 -0.07370 0.24690
v -0.03108 -0.07402 0.24690
v -0.02695 -0.07427 0.24690
v -0.02202 -0.07445 0.24690
v -0.01558 -0.07456 0.24690
v 0.00000 -0.07459 0.24690
v 0.01558 -0.07456 0.24690
v 0.02202 -0.07445 0.24690
v 0.02695 -0.07427 0.24690
v 0.03108 -0.07402 0.24690
v 0.03470 -0.07370 0.24690
v 0.03795 -0.07331 0.24690
v 0.04090 -0.07284 0.24690
v 0.04362 -0.07231 0.24690
v 0.04614 -0.07170 0.24690
v 0.04849 -0.07101 0.24690
v 0.05069 -0.07025 0.24690
v 0.05274 -0.06942 0.24690
v 0.05468 -0.06850 0.24690
v 0.05649 -0.06751 0.24690
v 0.05820 -0.06644 0.24690
v 0.05980 -0.06529 0.24690
v 0.06131 -0.06405 0.24690
v 0.06272 -0.06272 0.24690
v 0.06405 -0.06131 0.24690
v 0.06529 -0.05980 0.24690
v 0.06644 -0.05820 0.24690
v 0.06751 -0.05649 0.24690
v 0.06850 -0.05468 0.24690
v 0.06942 -0.05274 0.24690
v 0.07025 -0.05069 0.24690
v 0.07101 -0.04849 0.24690
v 0.07170 -0.04614 0.24690
v 0.07231 -0.04362 0.24690
v 0.07284 -0.04090 0.24690
v 0.07331 -0.03795 0.24690
v 0.07370 -0.03470 0.24690
v 0.07402 -0.03108 0.24690
v 0.07427 -0.02695 0.24690
v 0.07445 -0.02202 0.24690
v 0.07456 -0.01558 0.24690
v 0.07459 0.00000 0.24690
v 0.07456 0.01558 0.24690
v 0.07445 0.02202 0.24690
v 0.07427 0.02695 0.24690
v 0.07402 0.03108 0.24690
v 0.07370 0.03470 0.24690
v 0.07331 0.03795 0.24690
v 0.07284 0.04090 0.24690
v 0.07231 0.04362 0.24690
v 0.07170 0.04614 0.24690
v 0.07101 0.04849 0.24690
v 0.07025 0.05069 0.24690
v 0.06942 0.05274 0.24690
v 0.06850 0.05468 0.24690
v 0.06751 0.05649 0.24690
v 0.06644 0.05820 0.24690
v 0.06529 0.05980 0.24690
v 0.06405 0.06131 0.24690
v 0.06272 0.06272 0.24690
v 0.06131 0.06405 0.24690
v 0.05980 0.06529 0.24690
v 0.05820 0.06644 0.24690
v 0.05649 0.06751 0.24690
v 0.05468 0.06850 0.24690
v 0.05274 0.06942 0.24690
v 0.05069 0.07025 0.24690
v 0.04849 0.07101 0.24690
v 0.04614 0.07170 0.24690
v 0.04362 0.07231 0.24690
v 0.04090 0.07284 0.24690
v 0.03795 0.07331 0.24690
v 0.03470 0.07370 0.24690
v 0.03108 0.07402 0.24690
v 0.02695 0.07427 0.24690
v 0.02202 0.07445 0.24690
v 0.01558 0.07456 0.24690
v 0.00000 0.07459 0.24690
v -0.01558 0.07456 0.24690
v -0.02202 0.07445 0.24690
v -0.02695 0.07427 0.24690
v -0.03108 0.07402 0.24690
v -0.03470 0.07370 0.24690
v -0.03795 0.07331 0.24690
v -0.04090 0.07284 0.24690
v -0.04362 0.07231 0.24690
v -0.04614 0.07170 0.24690
v -0.04849 0.07101 0.24690
v -0.05069 0.07025 0.24690
v -0.05274 0.06942 0.24690
v -0.05468 0.06850 0.24690
v -0.05649 0.06751 0.24690
v -0.05820 0.06644 0.24690
v -0.05980 0.06529 0.24690
v -0.06131 0.06405 0.24690
v -0.06272 0.06272 0.24690
v -0.06405 0.06131 0.24690
v -0.06529 0.05980 0.24690
v -0.06644 0.05820 0.24690
v -0.06751 0.05649 0.24690
v -0.06850 0.05468 0.24690
v -0.06942 0.05274 0.24690
v -0.07025 0.05069 0.24690
v -0.07101 0.04849 0.24690
v -0.07170 0.04614 0.24690
v -0.07231 0.04362 0.24690
v -0.07284 0.04090 0.24690
v -0.07331 0.03795 0.24690
v -0.07370 0.03470 0.24690
v -0.07402 0.03108 0.24690
v -0.07427 0.02695 0.24690
v -0.07445 0.02202 0.24690
v -0.07456 0.01558 0.24690
v -0.07168 -0.00000 0.24937
v -0.07165 -0.01497 0.24937
v -0.07155 -0.02116 0.24937
v -0.07138 -0.02590 0.24937
v -0.07114 -0.02987 0.24937
v -0.07083 -0.03335 0.24937
v -0.07045 -0.03647 0.24937
v -0.07001 -0.03931 0.24937
v -0.06949 -0.04192 0.24937
v -0.06890 -0.04434 0.24937
v -0.06824 -0.04660 0.24937
v -0.06751 -0.04871 0.24937
v -0.06671 -0.05069 0.24937
v -0.06583 -0.05254 0.24937
v -0.06488 -0.05429 0.24937
v -0.06385 -0.05593 0.24937
v -0.06274 -0.05747 0.24937
v -0.06155 -0.05892 0.24937
v -0.06028 -0.06028 0.24937
v -0.05892 -0.06155 0.24937
v -0.05747 -0.06274 0.24937
v -0.05593 -0.06385 0.24937
v -0.05429 -0.06488 0.24937
v -0.05254 -0.06583 0.24937
v -0.05069 -0.06671 0.24937
v -0.04871 -0.06751 0.24937
v -0.04660 -0.06824 0.24937
v -0.04434 -0.06890 0.24937
v -0.04192 -0.06949 0.24937
v -0.03931 -0.07001 0.24937
v -0.03647 -0.07045 0.24937
v -0.03335 -0.07083 0.24937
v -0.02987 -0.07114 0.24937
v -0.02590 -0.07138 0.24937
v -0.02116 -0.07155 0.24937
v -0.01497 -0.07165 0.24937
v 0.00000 -0.07168 0.24937
v 0.01497 -0.07165 0.24937
v 0.02116 -0.07155 0.24937
v 0.02590 -0.07138 0.24937
v 0.02987 -0.07114 0.24937
v 0.03335 -0.07083 0.24937
v 0.03647 -0.07045 0.24937
v 0.03931 -0.07001 0.24937
v 0.04192 -0.06949 0.24937
v 0.04434 -0.06890 0.24937
v 0.04660 -0.06824 0.24937
v 0.04871 -0.06751 0.24937
v 0.05069 -0.06671 0.24937
v 0.05254 -0.06583 0.24937
v 0.05429 -0.06488 0.24937
v 0.05593 -0.06385 0.24937
v 0.05747 -0.06274 0.24937
v 0.05892 -0.06155 0.24937
v 0.06028 -0.06028 0.24937
v 0.06155 -0.05892 0.24937
v 0.06274 -0.05747 0.24937
v 0.06385 -0.05593 0.24937
v 0.06488 -0.05429 0.24937
v 0.06583 -0.05254 0.24937
v 0.06671 -0.05069 0.24937
v 0.06751 -0.04871 0.24937
v 0.06824 -0.04660 0.24937
v 0.06890 -0.04434 0.24937
v 0.06949 -0.04192 0.24937
v 0.07001 -0.03931 0.24937
v 0.07045 -0.03647 0.24937
v 0.07083 -0.03335 0.24937
v 0.07114 -0.02987 0.24937
v 0.07138 -0.02590 0.24937
v 0.07155 -0.02116 0.24937
v 0.07165 -0.01497 0.24937
v 0.07168 0.00000 0.24937
v 0.07165 0.01497 0.24937
v 0.07155 0.02116 0.24937
v 0.07138 0.02590 0.24937
v 0.07114 0.02987 0.24937
v 0.07083 0.03335 0.24937
v 0.07045 0.03647 0.24937
v 0.07001 0.03931 0.24937
v 0.06949 0.04192 0.24937
v 0.06890 0.04434 0.24937
v 0.06824 0.04660 0.24937
v 0.06751 0.04871 0.24937
v 0.06671 0.05069 0.24937
v 0.06583 0.05254 0.24937
v 0.06488 0.05429 0.24937
v 0.06385 0.05593 0.24937
v 0.06274 0.05747 0.24937
v 0.06155 0.05892 0.24937
v 0.06028 0.06028 0.24937
v 0.05892 0.06155 0.24937
v 0.05747 0.06274 0.24937
v 0.05593 0.06385 0.24937
v 0.05429 0.06488 0.24937
v 0.05254 0.06583 0.24937
v 0.05069 0.06671 0.24937
v 0.04871 0.06751 0.24937
v 0.04660 0.06824 0.24937
v 0.04434 0.06890 0.24937
v 0.04192 0.06949 0.24937
v 0.03931 0.07001 0.24937
v 0.03647 0.07045 0.24937
v 0.03335 0.07083 0.24937
v 0.02987 0.07114 0.24937
v 0.02590 0.07138 0.24937
v 0.02116 0.07155 0.24937
v 0.01497 0.07165 0.24937
v 0.00000 0.07168 0.24937
v -0.01497 0.07165 0.24937
v -0.02116 0.07155 0.24937
v -0.02590 0.07138 0.24937
v -0.02987 0.07114 0.24937
v -0.03335 0.07083 0.24937
v -0.03647 0.07045 0.24937
v -0.03931 0.07001 0.24937
v -0.04192 0.06949 0.24937
v -0.04434 0.06890 0.24937
v -0.04660 0.06824 0.24937
v -0.04871 0.06751 0.24937
v -0.05069 0.06671 0.24937
v -0.05254 0.06583 0.24937
v -0.05429 0.06488 0.24937
v -0.05593 0.06385 0.24937
v -0.05747 0.06274 0.24937
v -0.05892 0.06155 0.24937
v -0.06028 0.06028 0.24937
v -0.06155 0.05892 0.24937
v -0.06274 0.05747 0.24937
v -0.06385 0.05593 0.24937
v -0.06488 0.05429 0.24937
v -0.06583 0.05254 0.24937
v -0.06671 0.05069 0.24937
v -0.06751 0.04871 0.24937
v -0.06824 0.04660 0.24937
v -0.06890 0.04434 0.24937
v -0.06949 0.04192 0.24937
v -0.07001 0.03931 0.24937
v -0.07045 0.03647 0.24937
v -0.07083 0.03335 0.24937
v -0.07114 0.02987 0.24937
v -0.07138 0.02590 0.24937
v -0.07155 0.02116 0.24937
v -0.07165 0.01497 0.24937
v -0.06856 -0.00000 0.25160
v -0.06853 -0.01432 0.25160
v -0.06843 -0.02024 0.25160
v -0.06826 -0.02477 0.25160
v -0.06803 -0.02857 0.25160
v -0.06774 -0.03190 0.25160
v -0.06738 -0.03488 0.25160
v -0.06695 -0.03759 0.25160
v -0.06646 -0.04009 0.25160
v -0.06590 -0.04241 0.25160
v -0.06527 -0.04457 0.25160
v -0.06457 -0.04659 0.25160
v -0.06380 -0.04848 0.25160
v -0.06296 -0.05025 0.25160
v -0.06205 -0.05192 0.25160
v -0.06106 -0.05349 0.25160
v -0.06000 -0.05497 0.25160
v -0.05887 -0.05635 0.25160
v -0.05765 -0.05765 0.25160
v -0.05635 -0.05887 0.25160
v -0.05497 -0.06000 0.25160
v -0.05349 -0.06106 0.25160
v -0.05192 -0.06205 0.25160
v -0.05025 -0.06296 0.25160
v -0.04848 -0.06380 0.25160
v -0.04659 -0.06457 0.25160
v -0.04457 -0.06527 0.25160
v -0.04241 -0.06590 0.25160
v -0.04009 -0.06646 0.25160
v -0.03759 -0.06695 0.25160
v -0.03488 -0.06738 0.25160
v -0.03190 -0.06774 0.25160
v -0.02857 -0.06803 0.25160
v -0.02477 -0.06826 0.25160
v -0.02024 -0.06843 0.25160
v -0.01432 -0.06853 0.25160
v 0.00000 -0.06856 0.25160
v 0.01432 -0.06853 0.25160
v 0.02024 -0.06843 0.25160
v 0.02477 -0.06826 0.25160
v 0.02857 -0.06803 0.25160
v 0.03190 -0.06774 0.25160
v 0.03488 -0.06738 0.25160
v 0.03759 -0.06695 0.25160
v 0.04009 -0.06646 0.25160
v 0.04241 -0.06590 0.25160
v 0.04457 -0.06527 0.25160
v 0.04659 -0.06457 0.25160
v 0.04848 -0.06380 0.25160
v 0.05025 -0.06296 0.25160
v 0.05192 -0.06205 0.25160
v 0.05349 -0.06106 0.25160
v 0.05497 -0.06000 0.25160
v 0.05635 -0.05887 0.25160
v 0.05765 -0.05765 0.25160
v 0.05887 -0.05635 0.25160
v 0.06000 -0.05497 0.25160
v 0.06106 -0.05349 0.25160
v 0.06205 -0.05192 0.25160
v 0.06296 -0.05025 0.25160
v 0.06380 -0.04848 0.25160
v 0.06457 -0.04659 0.25160
v 0.06527 -0.04457 0.25160
v 0.06590 -0.04241 0.25160
v 0.06646 -0.04009 0.25160
v 0.06695 -0.03759 0.25160
v 0.06738 -0.03488 0.25160
v 0.06774 -0.03190 0.25160
v 0.06803 -0.02857 0.25160
v 0.06826 -0.02477 0.25160
v 0.06843 -0.02024 0.25160
v 0.06853 -0.01432 0.25160
v 0.06856 0.00000 0.25160
v 0.06853 0.01432 0.25160
v 0.06843 0.02024 0.25160
v 0.06826 0.02477 0.25160
v 0.06803 0.02857 0.25160
v 0.06774 0.03190 0.25160
v 0.06738 0.03488 0.25160
v 0.06695 0.03759 0.25160
v 0.06646 0.04009 0.25160
v 0.06590 0.04241 0.25160
v 0.06527 0.04457 0.25160
v 0.06457 0.04659 0.25160
v 0.06380 0.04848 0.25160
v 0.06296 0.05025 0.25160
v 0.06205 0.05192 0.25160
v 0.06106 0.05349 0.25160
v 0.06000 0.05497 0.25160
v 0.05887 0.05635 0.25160
v 0.05765 0.05765 0.25160
v 0.05635 0.05887 0.25160
v 0.05497 0.06000 0.25160
v 0.05349 0.06106 0.25160
v 0.05192 0.06205 0.25160
v 0.05025 0.06296 0.25160
v 0.04848 0.06380 0.25160
v 0.04659 0.06457 0.25160
v 0.04457 0.06527 0.25160
v 0.04241 0.06590 0.25160
v 0.04009 0.06646 0.25160
v 0.03759 0.06695 0.25160
v 0.03488 0.06738 0.25160
v 0.03190 0.06774 0.25160
v 0.02857 0.06803 0.25160
v 0.02477 0.06826 0.25160
v 0.02024 0.06843 0.25160
v 0.01432 0.06853 0.25160
v 0.00000 0.06856 0.25160
v -0.01432 0.06853 0.25160
v -0.02024 0.06843 0.25160
v -0.02477 0.06826 0.25160
v -0.02857 0.06803 0.25160
v -0.03190 0.06774 0.25160
v -0.03488 0.06738 0.25160
v -0.03759 0.06695 0.25160
v -0.04009 0.06646 0.25160
v -0.04241 0.06590 0.25160
v -0.04457 0.06527 0.25160
v -0.04659 0.06457 0.25160
v -0.04848 0.06380 0.25160
v -0.05025 0.06296 0.25160
v -0.05192 0.06205 0.25160
v -0.05349 0.06106 0.25160
v -0.05497 0.06000 0.25160
v -0.05635 0.05887 0.25160
v -0.05765 0.05765 0.25160
v -0.05887 0.05635 0.25160
v -0.06000 0.05497 0.25160
v -0.06106 0.05349 0.25160
v -0.06205 0.05192 0.25160
v -0.06296 0.05025 0.25160
v -0.06380 0.04848 0.25160
v -0.06457 0.04659 0.25160
v -0.06527 0.04457 0.25160
v -0.06590 0.04241 0.25160
v -0.06646 0.04009 0.25160
v -0.06695 0.03759 0.25160
v -0.06738 0.03488 0.25160
v -0.06774 0.03190 0.25160
v -0.06803 0.02857 0.25160
v -0.06826 0.02477 0.25160
v -0.06843 0.02024 0.25160
v -0.06853 0.01432 0.25160
v -0.06518 -0.00000 0.25359
v -0.06515 -0.01361 0.25359
v -0.06506 -0.01924 0.25359
v -0.06490 -0.02355 0.25359
v -0.06469 -0.02716 0.25359
v -0.06441 -0.03032 0.25359
v -0.06406 -0.03316 0.25359
v -0.06366 -0.03574 0.25359
v -0.06319 -0.03812 0.25359
v -0.06265 -0.04032 0.25359
v -0.06205 -0.04237 0.25359
v -0.06139 -0.04429 0.25359
v -0.06066 -0.04609 0.25359
v -0.05986 -0.04778 0.25359
v -0.05899 -0.04937 0.25359
v -0.05806 -0.05086 0.25359
v -0.05705 -0.05226 0.25359
v -0.05597 -0.05358 0.25359
v -0.05481 -0.05481 0.25359
v -0.05358 -0.05597 0.25359
v -0.05226 -0.05705 0.25359
v -0.05086 -0.05806 0.25359
v -0.04937 -0.05899 0.25359
v -0.04778 -0.05986 0.25359
v -0.04609 -0.06066 0.25359
v -0.04429 -0.06139 0.25359
v -0.04237 -0.06205 0.25359
v -0.04032 -0.06265 0.25359
v -0.03812 -0.06319 0.25359
v -0.03574 -0.06366 0.25359
v -0.03316 -0.06406 0.25359
v -0.03032 -0.06441 0.25359
v -0.02716 -0.06469 0.25359
v -0.02355 -0.06490 0.25359
v -0.01924 -0.06506 0.25359
v -0.01361 -0.06515 0.25359
v 0.00000 -0.06518 0.25359
v 0.01361 -0.06515 0.25359
v 0.01924 -0.06506 0.25359
v 0.02355 -0.06490 0.25359
v 0.02716 -0.06469 0.25359
v 0.03032 -0.06441 0.25359
v 0.03316 -0.06406 0.25359
v 0.03574 -0.06366 0.25359
v 0.03812 -0.06319 0.25359
v 0.04032 -0.06265 0.25359
v 0.04237 -0.06205 0.25359
v 0.04429 -0.06139 0.25359
v 0.04609 -0.06066 0.25359
v 0.04778 -0.05986 0.25359
v 0.04937 -0.05899 0.25359
v 0.05086 -0.05806 0.25359
v 0.05226 -0.05705 0.25359
v 0.05358 -0.05597 0.25359
v 0.05481 -0.05481 0.25359
v 0.05597 -0.05358 0.25359
v 0.05705 -0.05226 0.25359
v 0.05806 -0.05086 0.25359
v 0.05899 -0.04937 0.25359
v 0.05986 -0.04778 0.25359
v 0.06066 -0.04609 0.25359
v 0.06139 -0.04429 0.25359
v 0.06205 -0.04237 0.25359
v 0.06265 -0.04032 0.25359
v 0.06319 -0.03812 0.25359
v 0.06366 -0.03574 0.25359
v 0.06406 -0.03316 0.25359
v 0.06441 -0.03032 0.25359
v 0.06469 -0.02716 0.25359
v 0.06490 -0.02355 0.25359
v 0.06506 -0.01924 0.25359
v 0.06515 -0.01361 0.25359
v 0.06518 0.00000 0.25359
v 0.06515 0.01361 0.25359
v 0.06506 0.01924 0.25359
v 0.06490 0.02355 0.25359
v 0.06469 0.02716 0.25359
v 0.06441 0.03032 0.25359
v 0.06406 0.03316 0.25359
v 0.06366 0.03574 0.25359
v 0.06319 0.03812 0.25359
v 0.06265 0.04032 0.25359
v 0.06205 0.04237 0.25359
v 0.06139 0.04429 0.25359
v 0.06066 0.04609 0.25359
v 0.05986 0.04778 0.25359
v 0.05899 0.04937 0.25359
v 0.05806 0.05086 0.25359
v 0.05705 0.05226 0.25359
v 0.05597 0.05358 0.25359
v 0.05481 0.05481 0.25359
v 0.05358 0.05597 0.25359
v 0.05226 0.05705 0.25359
v 0.05086 0.05806 0.25359
v 0.04937 0.05899 0.25359
v 0.04778 0.05986 0.25359
v 0.04609 0.06066 0.25359
v 0.04429 0.06139 0.25359
v 0.04237 0.06205 0.25359
v 0.04032 0.06265 0.25359
v 0.03812 0.06319 0.25359
v 0.03574 0.06366 0.25359
v 0.03316 0.06406 0.25359
v 0.03032 0.06441 0.25359
v 0.02716 0.06469 0.25359
v 0.02355 0.06490 0.25359
v 0.01924 0.06506 0.25359
v 0.01361 0.06515 0.25359
v 0.00000 0.06518 0.25359
v -0.01361 0.06515 0.25359
v -0.01924 0.06506 0.25359
v -0.02355 0.06490 0.25359
v -0.02716 0.06469 0.25359
v -0.03032 0.06441 0.25359
v -0.03316 0.06406 0.25359
v -0.03574 0.06366 0.25359
v -0.03812 0.06319 0.25359
v -0.04032 0.06265 0.25359
v -0.04237 0.06205 0.25359
v -0.04429 0.06139 0.25359
v -0.04609 0.06066 0.25359
v -0.04778 0.05986 0.25359
v -0.04937 0.05899 0.25359
v -0.05086 0.05806 0.25359
v -0.05226 0.05705 0.25359
v -0.05358 0.05597 0.25359
v -0.05481 0.05481 0.25359
v -0.05597 0.05358 0.25359
v -0.05705 0.05226 0.25359
v -0.05806 0.05086 0.25359
v -0.05899 0.04937 0.25359
v -0.05986 0.04778 0.25359
v -0.06066 0.04609 0.25359
v -0.06139 0.04429 0.25359
v -0.06205 0.04237 0.25359
v -0.06265 0.04032 0.25359
v -0.06319 0.03812 0.25359
v -0.06366 0.03574 0.25359
v -0.06406 0.03316 0.25359
v -0.06441 0.03032 0.25359
v -0.06469 0.02716 0.25359
v -0.06490 0.02355 0.25359
v -0.06506 0.01924 0.25359
v -0.06515 0.01361 0.25359
v -0.06152 -0.00000 0.25534
v -0.06149 -0.01285 0.25534
v -0.06140 -0.01816 0.25534
v -0.06125 -0.02223 0.25534
v -0.06105 -0.02564 0.25534
v -0.06078 -0.02862 0.25534
v -0.06046 -0.03130 0.25534
v -0.06008 -0.03373 0.25534
v -0.05963 -0.03598 0.25534
v -0.05913 -0.03806 0.25534
v -0.05856 -0.03999 0.25534
v -0.05794 -0.04180 0.25534
v -0.05725 -0.04350 0.25534
v -0.05650 -0.04509 0.25534
v -0.05568 -0.04659 0.25534
v -0.05479 -0.04800 0.25534
v -0.05384 -0.04932 0.25534
v -0.05282 -0.05056 0.25534
v -0.05173 -0.05173 0.25534
v -0.05056 -0.05282 0.25534
v -0.04932 -0.05384 0.25534
v -0.04800 -0.05479 0.25534
v -0.04659 -0.05568 0.25534
v -0.04509 -0.05650 0.25534
v -0.04350 -0.05725 0.25534
v -0.04180 -0.05794 0.25534
v -0.03999 -0.05856 0.25534
v -0.03806 -0.05913 0.25534
v -0.03598 -0.05963 0.25534
v -0.03373 -0.06008 0.25534
v -0.03130 -0.06046 0.25534
v -0.02862 -0.06078 0.25534
v -0.02564 -0.06105 0.25534
v -0.02223 -0.06125 0.25534
v -0.01816 -0.06140 0.25534
v -0.01285 -0.06149 0.25534
v 0.00000 -0.06152 0.25534
v 0.01285 -0.06149 0.25534
v 0.01816 -0.06140 0.25534
v 0.02223 -0.06125 0.25534
v 0.02564 -0.06105 0.25534
v 0.02862 -0.06078 0.25534
v 0.03130 -0.06046 0.25534
v 0.03373 -0.06008 0.25534
v 0.03598 -0.05963 0.25534
v 0.03806 -0.05913 0.25534
v 0.03999 -0.05856 0.25534
v 0.04180 -0.05794 0.25534
v 0.04350 -0.05725 0.25534
v 0.04509 -0.05650 0.25534
v 0.04659 -0.05568 0.25534
v 0.04800 -0.05479 0.25534
v 0.04932 -0.05384 0.25534
v 0.05056 -0.05282 0.25534
v 0.05173 -0.05173 0.25534
v 0.05282 -0.05056 0.25534
v 0.05384 -0.04932 0.25534
v 0.05479 -0.04800 0.25534
v 0.05568 -0.04659 0.25534
v 0.05650 -0.04509 0.25534
v 0.05725 -0.04350 0.25534
v 0.05794 -0.04180 0.25534
v 0.05856 -0.03999 0.25534
v 0.05913 -0.03806 0.25534
v 0.05963 -0.03598 0.25534
v 0.06008 -0.03373 0.25534
v 0.06046 -0.03130 0.25534
v 0.06078 -0.02862 0.25534
v 0.06105 -0.02564 0.25534
v 0.06125 -0.02223 0.25534
v 0.06140 -0.01816 0.25534
v 0.06149 -0.01285 0.25534
v 0.06152 0.00000 0.25534
v 0.06149 0.01285 0.25534
v 0.06140 0.01816 0.25534
v 0.06125 0.02223 0.25534
v 0.06105 0.02564 0.25534
v 0.06078 0.02862 0.25534
v 0.06046 0.03130 0.25534
v 0.06008 0.03373 0.25534
v 0.05963 0.03598 0.25534
v 0.05913 0.03806 0.25534
v 0.05856 0.03999 0.25534
v 0.05794 0.04180 0.25534
v 0.05725 0.04350 0.25534
v 0.05650 0.04509 0.25534
v 0.05568 0.04659 0.25534
v 0.05479 0.04800 0.25534
v 0.05384 0.04932 0.25534
v 0.05282 0.05056 0.25534
v 0.05173 0.05173 0.25534
v 0.05056 0.05282 0.25534
v 0.04932 0.05384 0.25534
v 0.04800 0.05479 0.25534
v 0.04659 0.05568 0.25534
v 0.04509 0.05650 0.25534
v 0.04350 0.05725 0.25534
v 0.04180 0.05794 0.25534
v 0.03999 0.05856 0.25534
v 0.03806 0.05913 0.25534
v 0.03598 0.05963 0.25534
v 0.03373 0.06008 0.25534
v 0.03130 0.06046 0.25534
v 0.02862 0.06078 0.25534
v 0.02564 0.06105 0.25534
v 0.02223 0.06125 0.25534
v 0.01816 0.06140 0.25534
v 0.01285 0.06149 0.25534
v 0.00000 0.06152 0.25534
v -0.01285 0.06149 0.25534
v -0.01816 0.06140 0.25534
v -0.02223 0.06125 0.25534
v -0.02564 0.06105 0.25534
v -0.02862 0.06078 0.25534
v -0.03130 0.06046 0.25534
v -0.03373 0.06008 0.25534
v -0.03598 0.05963 0.25534
v -0.03806 0.05913 0.25534
v -0.03999 0.05856 0.25534
v -0.04180 0.05794 0.25534
v -0.04350 0.05725 0.25534
v -0.04509 0.05650 0.25534
v -0.04659 0.05568 0.25534
v -0.04800 0.05479 0.25534
v -0.04932 0.05384 0.25534
v -0.05056 0.05282 0.25534
v -0.05173 0.05173 0.25534
v -0.05282 0.05056 0.25534
v -0.05384 0.04932 0.25534
v -0.05479 0.04800 0.25534
v -0.05568 0.04659 0.25534
v -0.05650 0.04509 0.25534
v -0.05725 0.04350 0.25534
v -0.05794 0.04180 0.25534
v -0.05856 0.03999 0.25534
v -0.05913 0.03806 0.25534
v -0.05963 0.03598 0.25534
v -0.06008 0.03373 0.25534
v -0.06046 0.03130 0.25534
v -0.06078 0.02862 0.25534
v -0.06105 0.02564 0.25534
v -0.06125 0.02223 0.25534
v -0.06140 0.01816 0.25534
v -0.06149 0.01285 0.25534
v -0.05751 -0.00000 0.25684
v -0.05748 -0.01201 0.25684
v -0.05740 -0.01698 0.25684
v -0.05726 -0.02078 0.25684
v -0.05707 -0.02396 0.25684
v -0.05682 -0.02675 0.25684
v -0.05652 -0.02926 0.25684
v -0.05616 -0.03153 0.25684
v -0.05574 -0.03363 0.25684
v -0.05527 -0.03557 0.25684
v -0.05475 -0.03738 0.25684
v -0.05416 -0.03908 0.25684
v -0.05351 -0.04066 0.25684
v -0.05281 -0.04215 0.25684
v -0.05205 -0.04355 0.25684
v -0.05122 -0.04487 0.25684
v -0.05033 -0.04610 0.25684
v -0.04938 -0.04727 0.25684
v -0.04836 -0.04836 0.25684
v -0.04727 -0.04938 0.25684
v -0.04610 -0.05033 0.25684
v -0.04487 -0.05122 0.25684
v -0.04355 -0.05205 0.25684
v -0.04215 -0.05281 0.25684
v -0.04066 -0.05351 0.25684
v -0.03908 -0.05416 0.25684
v -0.03738 -0.05475 0.25684
v -0.03557 -0.05527 0.25684
v -0.03363 -0.05574 0.25684
v -0.03153 -0.05616 0.25684
v -0.02926 -0.05652 0.25684
v -0.02675 -0.05682 0.25684
v -0.02396 -0.05707 0.25684
v -0.02078 -0.05726 0.25684
v -0.01698 -0.05740 0.25684
v -0.01201 -0.05748 0.25684
v 0.00000 -0.05751 0.25684
v 0.01201 -0.05748 0.25684
v 0.01698 -0.05740 0.25684
v 0.02078 -0.05726 0.25684
v 0.02396 -0.05707 0.25684
v 0.02675 -0.05682 0.25684
v 0.02926 -0.05652 0.25684
v 0.03153 -0.05616 0.25684
v 0.03363 -0.05574 0.25684
v 0.03557 -0.05527 0.25684
v 0.03738 -0.05475 0.25684
v 0.03908 -0.05416 0.25684
v 0.04066 -0.05351 0.25684
v 0.04215 -0.05281 0.25684
v 0.04355 -0.05205 0.25684
v 0.04487 -0.05122 0.25684
v 0.04610 -0.05033 0.25684
v 0.04727 -0.04938 0.25684
v 0.04836 -0.04836 0.25684
v 0.04938 -0.04727 0.25684
v 0.05033 -0.04610 0.25684
v 0.05122 -0.04487 0.25684
v 0.05205 -0.04355 0.25684
v 0.05281 -0.04215 0.25684
v 0.05351 -0.04066 0.25684
v 0.05416 -0.03908 0.25684
v 0.05475 -0.03738 0.25684
v 0.05527 -0.03557 0.25684
v 0.05574 -0.03363 0.25684
v 0.05616 -0.03153 0.25684
v 0.05652 -0.02926 0.25684
v 0.05682 -0.02675 0.25684
v 0.05707 -0.02396 0.25684
v 0.05726 -0.02078 0.25684
v 0.05740 -0.01698 0.25684
v 0.05748 -0.01201 0.25684
v 0.05751 0.00000 0.25684
v 0.05748 0.01201 0.25684
v 0.05740 0.01698 0.25684
v 0.05726 0.02078 0.25684
v 0.05707 0.02396 0.25684
v 0.05682 0.02675 0.25684
v 0.05652 0.02926 0.25684
v 0.05616 0.03153 0.25684
v 0.05574 0.03363 0.25684
v 0.05527 0.03557 0.25684
v 0.05475 0.03738 0.25684
v 0.05416 0.03908 0.25684
v 0.05351 0.04066 0.25684
v 0.05281 0.04215 0.25684
v 0.05205 0.04355 0.25684
v 0.05122 0.04487 0.25684
v 0.05033 0.04610 0.25684
v 0.04938 0.04727 0.25684
v 0.04836 0.04836 0.25684
v 0.04727 0.04938 0.25684
v 0.04610 0.05033 0.25684
v 0.04487 0.05122 0.25684
v 0.04355 0.05205 0.25684
v 0.04215 0.05281 0.25684
v 0.04066 0.05351 0.25684
v 0.03908 0.05416 0.25684
v 0.03738 0.05475 0.25684
v 0.03557 0.05527 0.25684
v 0.03363 0.05574 0.25684
v 0.03153 0.05616 0.25684
v 0.02926 0.05652 0.25684
v 0.02675 0.05682 0.25684
v 0.02396 0.05707 0.25684
v 0.02078 0.05726 0.25684
v 0.01698 0.05740 0.25684
v 0.01201 0.05748 0.25684
v 0.00000 0.05751 0.25684
v -0.01201 0.05748 0.25684
v -0.01698 0.05740 0.25684
v -0.02078 0.05726 0.25684
v -0.02396 0.05707 0.25684
v -0.02675 0.05682 0.25684
v -0.02926 0.05652 0.25684
v -0.03153 0.05616 0.25684
v -0.03363 0.05574 0.25684
v -0.03557 0.05527 0.25684
v -0.03738 0.05475 0.25684
v -0.03908 0.05416 0.25684
v -0.04066 0.05351 0.25684
v -0.04215 0.05281 0.25684
v -0.04355 0.05205 0.25684
v -0.04487 0.05122 0.25684
v -0.04610 0.05033 0.25684
v -0.04727 0.04938 0.25684
v -0.04836 0.04836 0.25684
v -0.04938 0.04727 0.25684
v -0.05033 0.04610 0.25684
v -0.05122 0.04487 0.25684
v -0.05205 0.04355 0.25684
v -0.05281 0.04215 0.25684
v -0.05351 0.04066 0.25684
v -0.05416 0.03908 0.25684
v -0.05475 0.03738 0.25684
v -0.05527 0.03557 0.25684
v -0.05574 0.03363 0.25684
v -0.05616 0.03153 0.25684
v -0.05652 0.02926 0.25684
v -0.05682 0.02675 0.25684
v -0.05707 0.02396 0.25684
v -0.05726 0.02078 0.25684
v -0.05740 0.01698 0.25684
v -0.05748 0.01201 0.25684
v -0.05306 -0.00000 0.25812
v -0.05304 -0.01108 0.25812
v -0.05296 -0.01566 0.25812
v -0.05283 -0.01917 0.25812
v -0.05266 -0.02211 0.25812
v -0.05243 -0.02469 0.25812
v -0.05215 -0.02699 0.25812
v -0.05182 -0.02910 0.25812
v -0.05144 -0.03103 0.25812
v -0.05100 -0.03282 0.25812
v -0.05051 -0.03449 0.25812
v -0.04997 -0.03606 0.25812
v -0.04938 -0.03752 0.25812
v -0.04873 -0.03889 0.25812
v -0.04802 -0.04019 0.25812
v -0.04726 -0.04140 0.25812
v -0.04644 -0.04254 0.25812
v -0.04556 -0.04361 0.25812
v -0.04462 -0.04462 0.25812
v -0.04361 -0.04556 0.25812
v -0.04254 -0.04644 0.25812
v -0.04140 -0.04726 0.25812
v -0.04019 -0.04802 0.25812
v -0.03889 -0.04873 0.25812
v -0.03752 -0.04938 0.25812
v -0.03606 -0.04997 0.25812
v -0.03449 -0.05051 0.25812
v -0.03282 -0.05100 0.25812
v -0.03103 -0.05144 0.25812
v -0.02910 -0.05182 0.25812
v -0.02699 -0.05215 0.25812
v -0.02469 -0.05243 0.25812
v -0.02211 -0.05266 0.25812
v -0.01917 -0.05283 0.25812
v -0.01566 -0.05296 0.25812
v -0.01108 -0.05304 0.25812
v 0.00000 -0.05306 0.25812
v 0.01108 -0.05304 0.25812
v 0.01566 -0.05296 0.25812
v 0.01917 -0.05283 0.25812
v 0.02211 -0.05266 0.25812
v 0.02469 -0.05243 0.25812
v 0.02699 -0.05215 0.25812
v 0.02910 -0.05182 0.25812
v 0.03103 -0.05144 0.25812
v 0.03282 -0.05100 0.25812
v 0.03449 -0.05051 0.25812
v 0.03606 -0.04997 0.25812
v 0.03752 -0.04938 0.25812
v 0.03889 -0.04873 0.25812
v 0.04019 -0.04802 0.25812
v 0.04140 -0.04726 0.25812
v 0.04254 -0.04644 0.25812
v 0.04361 -0.04556 0.25812
v 0.04462 -0.04462 0.25812
v 0.04556 -0.04361 0.25812
v 0.04644 -0.04254 0.25812
v 0.04726 -0.04140 0.25812
v 0.04802 -0.04019 0.25812
v 0.04873 -0.03889 0.25812
v 0.04938 -0.03752 0.25812
v 0.04997 -0.03606 0.25812
v 0.05051 -0.03449 0.25812
v 0.05100 -0.03282 0.25812
v 0.05144 -0.03103 0.25812
v 0.05182 -0.02910 0.25812
v 0.05215 -0.02699 0.25812
v 0.05243 -0.02469 0.25812
v 0.05266 -0.02211 0.25812
v 0.05283 -0.01917 0.25812
v 0.05296 -0.01566 0.25812
v 0.05304 -0.01108 0.25812
v 0.05306 0.00000 0.25812
v 0.05304 0.01108 0.25812
v 0.05296 0.01566 0.25812
v 0.05283 0.01917 0.25812
v 0.05266 0.02211 0.25812
v 0.05243 0.02469 0.25812
v 0.05215 0.02699 0.25812
v 0.05182 0.02910 0.25812
v 0.05144 0.03103 0.25812
v 0.05100 0.03282 0.25812
v 0.05051 0.03449 0.25812
v 0.04997 0.03606 0.25812
v 0.04938 0.03752 0.25812
v 0.04873 0.03889 0.25812
v 0.04802 0.04019 0.25812
v 0.04726 0.04140 0.25812
v 0.04644 0.04254 0.25812
v 0.04556 0.04361 0.25812
v 0.04462 0.04462 0.25812
v 0.04361 0.04556 0.25812
v 0.04254 0.04644 0.25812
v 0.04140 0.04726 0.25812
v 0.04019 0.04802 0.25812
v 0.03889 0.04873 0.25812
v 0.03752 0.04938 0.25812
v 0.03606 0.04997 0.25812
v 0.03449 0.05051 0.25812
v 0.03282 0.05100 0.25812
v 0.03103 0.05144 0.25812
v 0.02910 0.05182 0.25812
v 0.02699 0.05215 0.25812
v 0.02469 0.05243 0.25812
v 0.02211 0.05266 0.25812
v 0.01917 0.05283 0.25812
v 0.01566 0.05296 0.25812
v 0.01108 0.05304 0.25812
v 0.00000 0.05306 0.25812
v -0.01108 0.05304 0.25812
v -0.01566 0.05296 0.25812
v -0.01917 0.05283 0.25812
v -0.02211 0.05266 0.25812
v -0.02469 0.05243 0.25812
v -0.02699 0.05215 0.25812
v -0.02910 0.05182 0.25812
v -0.03103 0.05144 0.25812
v -0.03282 0.05100 0.25812
v -0.03449 0.05051 0.25812
v -0.03606 0.04997 0.25812
v -0.03752 0.04938 0.25812
v -0.03889 0.04873 0.25812
v -0.04019 0.04802 0.25812
v -0.04140 0.04726 0.25812
v -0.04254 0.04644 0.25812
v -0.04361 0.04556 0.25812
v -0.04462 0.04462 0.25812
v -0.04556 0.04361 0.25812
v -0.04644 0.04254 0.25812
v -0.04726 0.04140 0.25812
v -0.04802 0.04019 0.25812
v -0.04873 0.03889 0.25812
v -0.04938 0.03752 0.25812
v -0.04997 0.03606 0.25812
v -0.05051 0.03449 0.25812
v -0.05100 0.03282 0.25812
v -0.05144 0.03103 0.25812
v -0.05182 0.02910 0.25812
v -0.05215 0.02699 0.25812
v -0.05243 0.02469 0.25812
v -0.05266 0.02211 0.25812
v -0.05283 0.01917 0.25812
v -0.05296 0.01566 0.25812
v -0.05304 0.01108 0.25812
v -0.04806 -0.00000 0.25916
v -0.04803 -0.01004 0.25916
v -0.04796 -0.01419 0.25916
v -0.04785 -0.01736 0.25916
v -0.04769 -0.02003 0.25916
v -0.04748 -0.02236 0.25916
v -0.04723 -0.02445 0.25916
v -0.04693 -0.02635 0.25916
v -0.04658 -0.02810 0.25916
v -0.04619 -0.02973 0.25916
v -0.04575 -0.03124 0.25916
v -0.04526 -0.03265 0.25916
v -0.04472 -0.03398 0.25916
v -0.04413 -0.03523 0.25916
v -0.04349 -0.03639 0.25916
v -0.04280 -0.03749 0.25916
v -0.04206 -0.03853 0.25916
v -0.04126 -0.03950 0.25916
v -0.04041 -0.04041 0.25916
v -0.03950 -0.04126 0.25916
v -0.03853 -0.04206 0.25916
v -0.03749 -0.04280 0.25916
v -0.03639 -0.04349 0.25916
v -0.03523 -0.04413 0.25916
v -0.03398 -0.04472 0.25916
v -0.03265 -0.04526 0.25916
v -0.03124 -0.04575 0.25916
v -0.02973 -0.04619 0.25916
v -0.02810 -0.04658 0.25916
v -0.02635 -0.04693 0.25916
v -0.02445 -0.04723 0.25916
v -0.02236 -0.04748 0.25916
v -0.02003 -0.04769 0.25916
v -0.01736 -0.04785 0.25916
v -0.01419 -0.04796 0.25916
v -0.01004 -0.04803 0.25916
v 0.00000 -0.04806 0.25916
v 0.01004 -0.04803 0.25916
v 0.01419 -0.04796 0.25916
v 0.01736 -0.04785 0.25916
v 0.02003 -0.04769 0.25916
v 0.02236 -0.04748 0.25916
v 0.02445 -0.04723 0.25916
v 0.02635 -0.04693 0.25916
v 0.02810 -0.04658 0.25916
v 0.02973 -0.04619 0.25916
v 0.03124 -0.04575 0.25916
v 0.03265 -0.04526 0.25916
v 0.03398 -0.04472 0.25916
v 0.03523 -0.04413 0.25916
v 0.03639 -0.04349 0.25916
v 0.03749 -0.04280 0.25916
v 0.03853 -0.04206 0.25916
v 0.03950 -0.04126 0.25916
v 0.04041 -0.04041 0.25916
v 0.04126 -0.03950 0.25916
v 0.04206 -0.03853 0.25916
v 0.04280 -0.03749 0.25916
v 0.04349 -0.03639 0.25916
v 0.04413 -0.03523 0.25916
v 0.04472 -0.03398 0.25916
v 0.04526 -0.03265 0.25916
v 0.04575 -0.03124 0.25916
v 0.04619 -0.02973 0.25916
v 0.04658 -0.02810 0.25916
v 0.04693 -0.02635 0.25916
v 0.04723 -0.02445 0.25916
v 0.04748 -0.02236 0.25916
v 0.04769 -0.02003 0.25916
v 0.04785 -0.01736 0.25916
v 0.04796 -0.01419 0.25916
v 0.04803 -0.01004 0.25916
v 0.04806 0.00000 0.25916
v 0.04803 0.01004 0.25916
v 0.04796 0.01419 0.25916
v 0.04785 0.01736 0.25916
v 0.04769 0.02003 0.25916
v 0.04748 0.02236 0.25916
v 0.04723 0.02445 0.25916
v 0.04693 0.02635 0.25916
v 0.04658 0.02810 0.25916
v 0.04619 0.02973 0.25916
v 0.04575 0.03124 0.25916
v 0.04526 0.03265 0.25916
v 0.04472 0.03398 0.25916
v 0.04413 0.03523 0.25916
v 0.04349 0.03639 0.25916
v 0.04280 0.03749 0.25916
v 0.04206 0.03853 0.25916
v 0.04126 0.03950 0.25916
v 0.04041 0.04041 0.25916
v 0.03950 0.04126 0.25916
v 0.03853 0.04206 0.25916
v 0.03749 0.04280 0.25916
v 0.03639 0.04349 0.25916
v 0.03523 0.04413 0.25916
v 0.03398 0.04472 0.25916
v 0.03265 0.04526 0.25916
v 0.03124 0.04575 0.25916
v 0.02973 0.04619 0.25916
v 0.02810 0.04658 0.25916
v 0.02635 0.04693 0.25916
v 0.02445 0.04723 0.25916
v 0.02236 0.04748 0.25916
v 0.02003 0.04769 0.25916
v 0.01736 0.04785 0.25916
v 0.01419 0.04796 0.25916
v 0.01004 0.04803 0.25916
v 0.00000 0.04806 0.25916
v -0.01004 0.04803 0.25916
v -0.01419 0.04796 0.25916
v -0.01736 0.04785 0.25916
v -0.02003 0.04769 0.25916
v -0.02236 0.04748 0.25916
v -0.02445 0.04723 0.25916
v -0.02635 0.04693 0.25916
v -0.02810 0.04658 0.25916
v -0.02973 0.04619 0.25916
v -0.03124 0.04575 0.25916
v -0.03265 0.04526 0.25916
v -0.03398 0.04472 0.25916
v -0.03523 0.04413 0.25916
v -0.03639 0.04349 0.25916
v -0.03749 0.04280 0.25916
v -0.03853 0.04206 0.25916
v -0.03950 0.04126 0.25916
v -0.04041 0.04041 0.25916
v -0.04126 0.03950 0.25916
v -0.04206 0.03853 0.25916
v -0.04280 0.03749 0.25916
v -0.04349 0.03639 0.25916
v -0.04413 0.03523 0.25916
v -0.04472 0.03398 0.25916
v -0.04526 0.03265 0.25916
v -0.04575 0.03124 0.25916
v -0.04619 0.02973 0.25916
v -0.04658 0.02810 0.25916
v -0.04693 0.02635 0.25916
v -0.04723 0.02445 0.25916
v -0.04748 0.02236 0.25916
v -0.04769 0.02003 0.25916
v -0.04785 0.01736 0.25916
v -0.04796 0.01419 0.25916
v -0.04803 0.01004 0.25916
v -0.04226 -0.00000 0.25996
v -0.04224 -0.00883 0.25996
v -0.04218 -0.01248 0.25996
v -0.04208 -0.01527 0.25996
v -0.04194 -0.01761 0.25996
v -0.04176 -0.01966 0.25996
v -0.04154 -0.02150 0.25996
v -0.04127 -0.02318 0.25996
v -0.04097 -0.02472 0.25996
v -0.04062 -0.02615 0.25996
v -0.04024 -0.02748 0.25996
v -0.03980 -0.02872 0.25996
v -0.03933 -0.02989 0.25996
v -0.03881 -0.03098 0.25996
v -0.03825 -0.03201 0.25996
v -0.03764 -0.03298 0.25996
v -0.03699 -0.03388 0.25996
v -0.03629 -0.03474 0.25996
v -0.03554 -0.03554 0.25996
v -0.03474 -0.03629 0.25996
v -0.03388 -0.03699 0.25996
v -0.03298 -0.03764 0.25996
v -0.03201 -0.03825 0.25996
v -0.03098 -0.03881 0.25996
v -0.02989 -0.03933 0.25996
v -0.02872 -0.03980 0.25996
v -0.02748 -0.04024 0.25996
v -0.02615 -0.04062 0.25996
v -0.02472 -0.04097 0.25996
v -0.02318 -0.04127 0.25996
v -0.02150 -0.04154 0.25996
v -0.01966 -0.04176 0.25996
v -0.01761 -0.04194 0.25996
v -0.01527 -0.04208 0.25996
v -0.01248 -0.04218 0.25996
v -0.00883 -0.04224 0.25996
v 0.00000 -0.04226 0.25996
v 0.00883 -0.04224 0.25996
v 0.01248 -0.04218 0.25996
v 0.01527 -0.04208 0.25996
v 0.01761 -0.04194 0.25996
v 0.01966 -0.04176 0.25996
v 0.02150 -0.04154 0.25996
v 0.02318 -0.04127 0.25996
v 0.02472 -0.04097 0.25996
v 0.02615 -0.04062 0.25996
v 0.02748 -0.04024 0.25996
v 0.02872 -0.03980 0.25996
v 0.02989 -0.03933 0.25996
v 0.03098 -0.03881 0.25996
v 0.03201 -0.03825 0.25996
v 0.03298 -0.03764 0.25996
v 0.03388 -0.03699 0.25996
v 0.03474 -0.03629 0.25996
v 0.03554 -0.03554 0.25996
v 0.03629 -0.03474 0.25996
v 0.03699 -0.03388 0.25996
v 0.03764 -0.03298 0.25996
v 0.03825 -0.03201 0.25996
v 0.03881 -0.03098 0.25996
v 0.03933 -0.02989 0.25996
v 0.03980 -0.02872 0.25996
v 0.04024 -0.02748 0.25996
v 0.04062 -0.02615 0.25996
v 0.04097 -0.02472 0.25996
v 0.04127 -0.02318 0.25996
v 0.04154 -0.02150 0.25996
v 0.04176 -0.01966 0.25996
v 0.04194 -0.01761 0.25996
v 0.04208 -0.01527 0.25996
v 0.04218 -0.01248 0.25996
v 0.04224 -0.00883 0.25996
v 0.04226 0.00000 0.25996
v 0.04224 0.00883 0.25996
v 0.04218 0.01248 0.25996
v 0.04208 0.01527 0.25996
v 0.04194 0.01761 0.25996
v 0.04176 0.01966 0.25996
v 0.04154 0.02150 0.25996
v 0.04127 0.02318 0.25996
v 0.04097 0.02472 0.25996
v 0.04062 0.02615 0.25996
v 0.04024 0.02748 0.25996
v 0.03980 0.02872 0.25996
v 0.03933 0.02989 0.25996
v 0.03881 0.03098 0.25996
v 0.03825 0.03201 0.25996
v 0.03764 0.03298 0.25996
v 0.03699 0.03388 0.25996
v 0.03629 0.03474 0.25996
v 0.03554 0.03554 0.25996
v 0.03474 0.03629 0.25996
v 0.03388 0.03699 0.25996
v 0.03298 0.03764 0.25996
v 0.03201 0.03825 0.25996
v 0.03098 0.03881 0.25996
v 0.02989 0.03933 0.25996
v 0.02872 0.03980 0.25996
v 0.02748 0.04024 0.25996
v 0.02615 0.04062 0.25996
v 0.02472 0.04097 0.25996
v 0.02318 0.04127 0.25996
v 0.02150 0.04154 0.25996
v 0.01966 0.04176 0.25996
v 0.01761 0.04194 0.25996
v 0.01527 0.04208 0.25996
v 0.01248 0.04218 0.25996
v 0.00883 0.04224 0.25996
v 0.00000 0.04226 0.25996
v -0.00883 0.04224 0.25996
v -0.01248 0.04218 0.25996
v -0.01527 0.04208 0.25996
v -0.01761 0.04194 0.25996
v -0.01966 0.04176 0.25996
v -0.02150 0.04154 0.25996
v -0.02318 0.04127 0.25996
v -0.02472 0.04097 0.25996
v -0.02615 0.04062 0.25996
v -0.02748 0.04024 0.25996
v -0.02872 0.03980 0.25996
v -0.02989 0.03933 0.25996
v -0.03098 0.03881 0.25996
v -0.03201 0.03825 0.25996
v -0.03298 0.03764 0.25996
v -0.03388 0.03699 0.25996
v -0.03474 0.03629 0.25996
v -0.03554 0.03554 0.25996
v -0.03629 0.03474 0.25996
v -0.03699 0.03388 0.25996
v -0.03764 0.03298 0.25996
v -0.03825 0.03201 0.25996
v -0.03881 0.03098 0.25996
v -0.03933 0.02989 0.25996
v -0.03980 0.02872 0.25996
v -0.04024 0.02748 0.25996
v -0.04062 0.02615 0.25996
v -0.04097 0.02472 0.25996
v -0.04127 0.02318 0.25996
v -0.04154 0.02150 0.25996
v -0.04176 0.01966 0.25996
v -0.04194 0.01761 0.25996
v -0.04208 0.01527 0.25996
v -0.04218 0.01248 0.25996
v -0.04224 0.00883 0.25996
v -0.03524 -0.00000 0.26054
v -0.03522 -0.00736 0.26054
v -0.03517 -0.01040 0.26054
v -0.03509 -0.01273 0.26054
v -0.03497 -0.01469 0.26054
v -0.03482 -0.01640 0.26054
v -0.03464 -0.01793 0.26054
v -0.03442 -0.01933 0.26054
v -0.03416 -0.02061 0.26054
v -0.03387 -0.02180 0.26054
v -0.03355 -0.02291 0.26054
v -0.03319 -0.02395 0.26054
v -0.03280 -0.02492 0.26054
v -0.03236 -0.02583 0.26054
v -0.03190 -0.02669 0.26054
v -0.03139 -0.02750 0.26054
v -0.03084 -0.02825 0.26054
v -0.03026 -0.02897 0.26054
v -0.02963 -0.02963 0.26054
v -0.02897 -0.03026 0.26054
v -0.02825 -0.03084 0.26054
v -0.02750 -0.03139 0.26054
v -0.02669 -0.03190 0.26054
v -0.02583 -0.03236 0.26054
v -0.02492 -0.03280 0.26054
v -0.02395 -0.03319 0.26054
v -0.02291 -0.03355 0.26054
v -0.02180 -0.03387 0.26054
v -0.02061 -0.03416 0.26054
v -0.01933 -0.03442 0.26054
v -0.01793 -0.03464 0.26054
v -0.01640 -0.03482 0.26054
v -0.01469 -0.03497 0.26054
v -0.01273 -0.03509 0.26054
v -0.01040 -0.03517 0.26054
v -0.00736 -0.03522 0.26054
v 0.00000 -0.03524 0.26054
v 0.00736 -0.03522 0.26054
v 0.01040 -0.03517 0.26054
v 0.01273 -0.03509 0.26054
v 0.01469 -0.03497 0.26054
v 0.01640 -0.03482 0.26054
v 0.01793 -0.03464 0.26054
v 0.01933 -0.03442 0.26054
v 0.02061 -0.03416 0.26054
v 0.02180 -0.03387 0.26054
v 0.02291 -0.03355 0.26054
v 0.02395 -0.03319 0.26054
v 0.02492 -0.03280 0.26054
v 0.02583 -0.03236 0.26054
v 0.02669 -0.03190 0.26054
v 0.02750 -0.03139 0.26054
v 0.02825 -0.03084 0.26054
v 0.02897 -0.03026 0.26054
v 0.02963 -0.02963 0.26054
v 0.03026 -0.02897 0.26054
v 0.03084 -0.02825 0.26054
v 0.03139 -0.02750 0.26054
v 0.03190 -0.02669 0.26054
v 0.03236 -0.02583 0.26054
v 0.03280 -0.02492 0.26054
v 0.03319 -0.02395 0.26054
v 0.03355 -0.02291 0.26054
v 0.03387 -0.02180 0.26054
v 0.03416 -0.02061 0.26054
v 0.03442 -0.01933 0.26054
v 0.03464 -0.01793 0.26054
v 0.03482 -0.01640 0.26054
v 0.03497 -0.01469 0.26054
v 0.03509 -0.01273 0.26054
v 0.03517 -0.01040 0.26054
v 0.03522 -0.00736 0.26054
v 0.03524 0.00000 0.26054
v 0.03522 0.00736 0.26054
v 0.03517 0.01040 0.26054
v 0.03509 0.01273 0.26054
v 0.03497 0.01469 0.26054
v 0.03482 0.01640 0.26054
v 0.03464 0.01793 0.26054
v 0.03442 0.01933 0.26054
v 0.03416 0.02061 0.26054
v 0.03387 0.02180 0.26054
v 0.03355 0.02291 0.26054
v 0.03319 0.02395 0.26054
v 0.03280 0.02492 0.26054
v 0.03236 0.02583 0.26054
v 0.03190 0.02669 0.26054
v 0.03139 0.02750 0.26054
v 0.03084 0.02825 0.26054
v 0.03026 0.02897 0.26054
v 0.02963 0.02963 0.26054
v 0.02897 0.03026 0.26054
v 0.02825 0.03084 0.26054
v 0.02750 0.03139 0.26054
v 0.02669 0.03190 0.26054
v 0.02583 0.03236 0.26054
v 0.02492 0.03280 0.26054
v 0.02395 0.03319 0.26054
v 0.02291 0.03355 0.26054
v 0.02180 0.03387 0.26054
v 0.02061 0.03416 0.26054
v 0.01933 0.03442 0.26054
v 0.01793 0.03464 0.26054
v 0.01640 0.03482 0.26054
v 0.01469 0.03497 0.26054
v 0.01273 0.03509 0.26054
v 0.01040 0.03517 0.26054
v 0.00736 0.03522 0.26054
v 0.00000 0.03524 0.26054
v -0.00736 0.03522 0.26054
v -0.01040 0.03517 0.26054
v -0.01273 0.03509 0.26054
v -0.01469 0.03497 0.26054
v -0.01640 0.03482 0.26054
v -0.01793 0.03464 0.26054
v -0.01933 0.03442 0.26054
v -0.02061 0.03416 0.26054
v -0.02180 0.03387 0.26054
v -0.02291 0.03355 0.26054
v -0.02395 0.03319 0.26054
v -0.02492 0.03280 0.26054
v -0.02583 0.03236 0.26054
v -0.02669 0.03190 0.26054
v -0.02750 0.03139 0.26054
v -0.02825 0.03084 0.26054
v -0.02897 0.03026 0.26054
v -0.02963 0.02963 0.26054
v -0.03026 0.02897 0.26054
v -0.03084 0.02825 0.26054
v -0.03139 0.02750 0.26054
v -0.03190 0.02669 0.26054
v -0.03236 0.02583 0.26054
v -0.03280 0.02492 0.26054
v -0.03319 0.02395 0.26054
v -0.03355 0.02291 0.26054
v -0.03387 0.02180 0.26054
v -0.03416 0.02061 0.26054
v -0.03442 0.01933 0.26054
v -0.03464 0.01793 0.26054
v -0.03482 0.01640 0.26054
v -0.03497 0.01469 0.26054
v -0.03509 0.01273 0.26054
v -0.03517 0.01040 0.26054
v -0.03522 0.00736 0.26054
v -0.02581 -0.00000 0.26089
v -0.02580 -0.00539 0.26089
v -0.02576 -0.00762 0.26089
v -0.02570 -0.00932 0.26089
v -0.02561 -0.01076 0.26089
v -0.02550 -0.01201 0.26089
v -0.02537 -0.01313 0.26089
v -0.02520 -0.01415 0.26089
v -0.02502 -0.01509 0.26089
v -0.02481 -0.01597 0.26089
v -0.02457 -0.01678 0.26089
v -0.02431 -0.01754 0.26089
v -0.02402 -0.01825 0.26089
v -0.02370 -0.01892 0.26089
v -0.02336 -0.01955 0.26089
v -0.02299 -0.02014 0.26089
v -0.02259 -0.02069 0.26089
v -0.02216 -0.02121 0.26089
v -0.02170 -0.02170 0.26089
v -0.02121 -0.02216 0.26089
v -0.02069 -0.02259 0.26089
v -0.02014 -0.02299 0.26089
v -0.01955 -0.02336 0.26089
v -0.01892 -0.02370 0.26089
v -0.01825 -0.02402 0.26089
v -0.01754 -0.02431 0.26089
v -0.01678 -0.02457 0.26089
v -0.01597 -0.02481 0.26089
v -0.01509 -0.02502 0.26089
v -0.01415 -0.02520 0.26089
v -0.01313 -0.02537 0.26089
v -0.01201 -0.02550 0.26089
v -0.01076 -0.02561 0.26089
v -0.00932 -0.02570 0.26089
v -0.00762 -0.02576 0.26089
v -0.00539 -0.02580 0.26089
v 0.00000 -0.02581 0.26089
v 0.00539 -0.02580 0.26089
v 0.00762 -0.02576 0.26089
v 0.00932 -0.02570 0.26089
v 0.01076 -0.02561 0.26089
v 0.01201 -0.02550 0.26089
v 0.01313 -0.02537 0.26089
v 0.01415 -0.02520 0.26089
v 0.01509 -0.02502 0.26089
v 0.01597 -0.02481 0.26089
v 0.01678 -0.02457 0.26089
v 0.01754 -0.02431 0.26089
v 0.01825 -0.02402 0.26089
v 0.01892 -0.02370 0.26089
v 0.01955 -0.02336 0.26089
v 0.02014 -0.02299 0.26089
v 0.02069 -0.02259 0.26089
v 0.02121 -0.02216 0.26089
v 0.02170 -0.02170 0.26089
v 0.02216 -0.02121 0.26089
v 0.02259 -0.02069 0.26089
v 0.02299 -0.02014 0.26089
v 0.02336 -0.01955 0.26089
v 0.02370 -0.01892 0.26089
v 0.02402 -0.01825 0.26089
v 0.02431 -0.01754 0.26089
v 0.02457 -0.01678 0.26089
v 0.02481 -0.01597 0.26089
v 0.02502 -0.01509 0.26089
v 0.02520 -0.01415 0.26089
v 0.02537 -0.01313 0.26089
v 0.02550 -0.01201 0.26089
v 0.02561 -0.01076 0.26089
v 0.02570 -0.00932 0.26089
v 0.02576 -0.00762 0.26089
v 0.02580 -0.00539 0.26089
v 0.02581 0.00000 0.26089
v 0.02580 0.00539 0.26089
v 0.02576 0.00762 0.26089
v 0.02570 0.00932 0.26089
v 0.02561 0.01076 0.26089
v 0.02550 0.01201 0.26089
v 0.02537 0.01313 0.26089
v 0.02520 0.01415 0.26089
v 0.02502 0.01509 0.26089
v 0.02481 0.01597 0.26089
v 0.02457 0.01678 0.26089
v 0.02431 0.01754 0.26089
v 0.02402 0.01825 0.26089
v 0.02370 0.01892 0.26089
v 0.02336 0.01955 0.26089
v 0.02299 0.02014 0.26089
v 0.02259 0.02069 0.26089
v 0.02216 0.02121 0.26089
v 0.02170 0.02170 0.26089
v 0.02121 0.02216 0.26089
v 0.02069 0.02259 0.26089
v 0.02014 0.02299 0.26089
v 0.01955 0.02336 0.26089
v 0.01892 0.02370 0.26089
v 0.01825 0.02402 0.26089
v 0.01754 0.02431 0.26089
v 0.01678 0.02457 0.26089
v 0.01597 0.02481 0.26089
v 0.01509 0.02502 0.26089
v 0.01415 0.02520 0.26089
v 0.01313 0.02537 0.26089
v 0.01201 0.02550 0.26089
v 0.01076 0.02561 0.26089
v 0.00932 0.02570 0.26089
v 0.00762 0.02576 0.26089
v 0.00539 0.02580 0.26089
v 0.00000 0.02581 0.26089
v -0.00539 0.02580 0.26089
v -0.00762 0.02576 0.26089
v -0.00932 0.02570 0.26089
v -0.01076 0.02561 0.26089
v -0.01201 0.02550 0.26089
v -0.01313 0.02537 0.26089
v -0.01415 0.02520 0.26089
v -0.01509 0.02502 0.26089
v -0.01597 0.02481 0.26089
v -0.01678 0.02457 0.26089
v -0.01754 0.02431 0.26089
v -0.01825 0.02402 0.26089
v -0.01892 0.02370 0.26089
v -0.01955 0.02336 0.26089
v -0.02014 0.02299 0.26089
v -0.02069 0.02259 0.26089
v -0.02121 0.02216 0.26089
v -0.02170 0.02170 0.26089
v -0.02216 0.02121 0.26089
v -0.02259 0.02069 0.26089
v -0.02299 0.02014 0.26089
v -0.02336 0.01955 0.26089
v -0.02370 0.01892 0.26089
v -0.02402 0.01825 0.26089
v -0.02431 0.01754 0.26089
v -0.02457 0.01678 0.26089
v -0.02481 0.01597 0.26089
v -0.02502 0.01509 0.26089
v -0.02520 0.01415 0.26089
v -0.02537 0.01313 0.26089
v -0.02550 0.01201 0.26089
v -0.02561 0.01076 0.26089
v -0.02570 0.00932 0.26089
v -0.02576 0.00762 0.26089
v -0.02580 0.00539 0.26089
v -0.00000 -0.00000 0.26100
v -0.00000 -0.00000 0.26100
v -0.00000 -0.00000 0.26100
v -0.00000 -0.00000 0.26100
v -0.00000 -0.00000 0.26100
v -0.00000 -0.00000 0.26100
v -0.00000 -0.00000 0.26100
v -0.00000 -0.00000 0.26100
v -0.00000 -0.00000 0.26100
v -0.00000 -0.00000 0.26100
v -0.00000 -0.00000 0.26100
v -0.00000 -0.00000 0.26100
v -0.00000 -0.00000 0.26100
v -0.00000 -0.00000 0.26100
v -0.00000 -0.00000 0.26100
v -0.00000 -0.00000 0.26100
v -0.00000 -0.00000 0.26100
v -0.00000 -0.00000 0.26100
v -0.00000 -0.00000 0.26100
v -0.00000 -0.00000 0.26100
v -0.00000 -0.00000 0.26100
v -0.00000 -0.00000 0.26100
v -0.00000 -0.00000 0.26100
v -0.00000 -0.00000 0.26100
v -0.00000 -0.00000 0.26100
v -0.00000 -0.00000 0.26100
v -0.00000 -0.00000 0.26100
v -0.00000 -0.00000 0.26100
v -0.00000 -0.00000 0.26100
v -0.00000 -0.00000 0.26100
v -0.00000 -0.00000 0.26100
v -0.00000 -0.00000 0.26100
v -0.00000 -0.00000 0.26100
v -0.00000 -0.00000 0.26100
v -0.00000 -0.00000 0.26100
v -0.00000 -0.00000 0.26100
v 0.00000 -0.00000 0.26100
v 0.00000 -0.00000 0.26100
v 0.00000 -0.00000 0.26100
v 0.00000 -0.00000 0.26100
v 0.00000 -0.00000 0.26100
v 0.00000 -0.00000 0.26100
v 0.00000 -0.00000 0.26100
v 0.00000 -0.00000 0.26100
v 0.00000 -0.00000 0.26100
v 0.00000 -0.00000 0.26100
v 0.00000 -0.00000 0.26100
v 0.00000 -0.00000 0.26100
v 0.00000 -0.00000 0.26100
v 0.00000 -0.00000 0.26100
v 0.00000 -0.00000 0.26100
v 0.00000 -0.00000 0.26100
v 0.00000 -0.00000 0.26100
v 0.00000 -0.00000 0.26100
v 0.00000 -0.00000 0.26100
v 0.00000 -0.00000 0.26100
v 0.00000 -0.00000 0.26100
v 0.00000 -0.00000 0.26100
v 0.00000 -0.00000 0.26100
v 0.00000 -0.00000 0.26100
v 0.00000 -0.00000 0.26100
v 0.00000 -0.00000 0.26100
v 0.00000 -0.00000 0.26100
v 0.00000 -0.00000 0.26100
v 0.00000 -0.00000 0.26100
v 0.00000 -0.00000 0.26100
v 0.00000 -0.00000 0.26100
v 0.00000 -0.00000 0.26100
v 0.00000 -0.00000 0.26100
v 0.00000 -0.00000 0.26100
v 0.00000 -0.00000 0.26100
v 0.00000 -0.00000 0.26100
v 0.00000 0.00000 0.26100
v 0.00000 0.00000 0.26100
v 0.00000 0.00000 0.26100
v 0.00000 0.00000 0.26100
v 0.00000 0.00000 0.26100
v 0.00000 0.00000 0.26100
v 0.00000 0.00000 0.26100
v 0.00000 0.00000 0.26100
v 0.00000 0.00000 0.26100
v 0.00000 0.00000 0.26100
v 0.00000 0.00000 0.26100
v 0.00000 0.00000 0.26100
v 0.00000 0.00000 0.26100
v 0.00000 0.00000 0.26100
v 0.00000 0.00000 0.26100
v 0.00000 0.00000 0.26100
v 0.00000 0.00000 0.26100
v 0.00000 0.00000 0.26100
v 0.00000 0.00000 0.26100
v 0.00000 0.00000 0.26100
v 0.00000 0.00000 0.26100
v 0.00000 0.00000 0.26100
v 0.00000 0.00000 0.26100
v 0.00000 0.00000 0.26100
v 0.00000 0.00000 0.26100
v 0.00000 0.00000 0.26100
v 0.00000 0.00000 0.26100
v 0.00000 0.00000 0.26100
v 0.00000 0.00000 0.26100
v 0.00000 0.00000 0.26100
v 0.00000 0.00000 0.26100
v 0.00000 0.00000 0.26100
v 0.00000 0.00000 0.26100
v 0.00000 0.00000 0.26100
v 0.00000 0.00000 0.26100
v 0.00000 0.00000 0.26100
v 0.00000 0.00000 0.26100
v -0.00000 0.00000 0.26100
v -0.00000 0.00000 0.26100
v -0.00000 0.00000 0.26100
v -0.00000 0.00000 0.26100
v -0.00000 0.00000 0.26100
v -0.00000 0.00000 0.26100
v -0.00000 0.00000 0.26100
v -0.00000 0.00000 0.26100
v -0.00000 0.00000 0.26100
v -0.00000 0.00000 0.26100
v -0.00000 0.00000 0.26100
v -0.00000 0.00000 0.26100
v -0.00000 0.00000 0.26100
v -0.00000 0.00000 0.26100
v -0.00000 0.00000 0.26100
v -0.00000 0.00000 0.26100
v -0.00000 0.00000 0.26100
v -0.00000 0.00000 0.26100
v -0.00000 0.00000 0.26100
v -0.00000 0.00000 0.26100
v -0.00000 0.00000 0.26100
v -0.00000 0.00000 0.26100
v -0.00000 0.00000 0.26100
v -0.00000 0.00000 0.26100
v -0.00000 0.00000 0.26100
v -0.00000 0.00000 0.26100
v -0.00000 0.00000 0.26100
v -0.00000 0.00000 0.26100
v -0.00000 0.00000 0.26100
v -0.00000 0.00000 0.26100
v -0.00000 0.00000 0.26100
v -0.00000 0.00000 0.26100
v -0.00000 0.00000 0.26100
v -0.00000 0.00000 0.26100
v -0.00000 0.00000 0.26100
f 2737 2881 2882
f 2737 2882 2738
f 2738 2882 2883
f 2738 2883 2739
f 2739 2883 2884
f 2739 2884 2740
f 2740 2884 2885
f 2740 2885 2741
f 2741 2885 2886
f 2741 2886 2742
f 2742 2886 2887
f 2742 2887 2743
f 2743 2887 2888
f 2743 2888 2744
f 2744 2888 2889
f 2744 2889 2745
f 2745 2889 2890
f 2745 2890 2746
f 2746 2890 2891
f 2746 2891 2747
f 2747 2891 2892
f 2747 2892 2748
f 2748 2892 2893
f 2748 2893 2749
f 2749 2893 2894
f 2749 2894 2750
f 2750 2894 2895
f 2750 2895 2751
f 2751 2895 2896
f 2751 2896 2752
f 2752 2896 2897
f 2752 2897 2753
f 2753 2897 2898
f 2753 2898 2754
f 2754 2898 2899
f 2754 2899 2755
f 2755 2899 2900
f 2755 2900 2756
f 2756 2900 2901
f 2756 2901 2757
f 2757 2901 2902
f 2757 2902 2758
f 2758 2902 2903
f 2758 2903 2759
f 2759 2903 2904
f 2759 2904 2760
f 2760 2904 2905
f 2760 2905 2761
f 2761 2905 2906
f 2761 2906 2762
f 2762 2906 2907
f 2762 2907 2763
f 2763 2907 2908
f 2763 2908 2764
f 2764 2908 2909
f 2764 2909 2765
f 2765 2909 2910
f 2765 2910 2766
f 2766 2910 2911
f 2766 2911 2767
f 2767 2911 2912
f 2767 2912 2768
f 2768 2912 2913
f 2768 2913 2769
f 2769 2913 2914
f 2769 2914 2770
f 2770 2914 2915
f 2770 2915 2771
f 2771 2915 2916
f 2771 2916 2772
f 2772 2916 2917
f 2772 2917 2773
f 2773 2917 2918
f 2773 2918 2774
f 2774 2918 2919
f 2774 2919 2775
f 2775 2919 2920
f 2775 2920 2776
f 2776 2920 2921
f 2776 2921 2777
f 2777 2921 2922
f 2777 2922 2778
f 2778 2922 2923
f 2778 2923 2779
f 2779 2923 2924
f 2779 2924 2780
f 2780 2924 2925
f 2780 2925 2781
f 2781 2925 2926
f 2781 2926 2782
f 2782 2926 2927
f 2782 2927 2783
f 2783 2927 2928
f 2783 2928 2784
f 2784 2928 2929
f 2784 2929 2785
f 2785 2929 2930
f 2785 2930 2786
f 2786 2930 2931
f 2786 2931 2787
f 2787 2931 2932
f 2787 2932 2788
f 2788 2932 2933
f 2788 2933 2789
f 2789 2933 2934
f 2789 2934 2790
f 2790 2934 2935
f 2790 2935 2791
f 2791 2935 2936
f 2791 2936 2792
f 2792 2936 2937
f 2792 2937 2793
f 2793 2937 2938
f 2793 2938 2794
f 2794 2938 2939
f 2794 2939 2795
f 2795 2939 2940
f 2795 2940 2796
f 2796 2940 2941
f 2796 2941 2797
f 2797 2941 2942
f 2797 2942 2798
f 2798 2942 2943
f 2798 2943 2799
f 2799 2943 2944
f 2799 2944 2800
f 2800 2944 2945
f 2800 2945 2801
f 2801 2945 2946
f 2801 2946 2802
f 2802 2946 2947
f 2802 2947 2803
f 2803 2947 2948
f 2803 2948 2804
f 2804 2948 2949
f 2804 2949 2805
f 2805 2949 2950
f 2805 2950 2806
f 2806 2950 2951
f 2806 2951 2807
f 2807 2951 2952
f 2807 2952 2808
f 2808 2952 2953
f 2808 2953 2809
f 2809 2953 2954
f 2809 2954 2810
f 2810 2954 2955
f 2810 2955 2811
f 2811 2955 2956
f 2811 2956 2812
f 2812 2956 2957
f 2812 2957 2813
f 2813 2957 2958
f 2813 2958 2814
f 2814 2958 2959
f 2814 2959 2815
f 2815 2959 2960
f 2815 2960 2816
f 2816 2960 2961
f 2816 2961 2817
f 2817 2961 2962
f 2817 2962 2818
f 2818 2962 2963
f 2818 2963 2819
f 2819 2963 2964
f 2819 2964 2820
f 2820 2964 2965
f 2820 2965 2821
f 2821 2965 2966
f 2821 2966 2822
f 2822 2966 2967
f 2822 2967 2823
f 2823 2967 2968
f 2823 2968 2824
f 2824 2968 2969
f 2824 2969 2825
f 2825 2969 2970
f 2825 2970 2826
f 2826 2970 2971
f 2826 2971 2827
f 2827 2971 2972
f 2827 2972 2828
f 2828 2972 2973
f 2828 2973 2829
f 2829 2973 2974
f 2829 2974 2830
f 2830 2974 2975
f 2830 2975 2831
f 2831 2975 2976
f 2831 2976 2832
f 2832 2976 2977
f 2832 2977 2833
f 2833 2977 2978
f 2833 2978 2834
f 2834 2978 2979
f 2834 2979 2835
f 2835 2979 2980
f 2835 2980 2836
f 2836 2980 2981
f 2836 2981 2837
f 2837 2981 2982
f 2837 2982 2838
f 2838 2982 2983
f 2838 2983 2839
f 2839 2983 2984
f 2839 2984 2840
f 2840 2984 2985
f 2840 2985 2841
f 2841 2985 2986
f 2841 2986 2842
f 2842 2986 2987
f 2842 2987 2843
f 2843 2987 2988
f 2843 2988 2844
f 2844 2988 2989
f 2844 2989 2845
f 2845 2989 2990
f 2845 2990 2846
f 2846 2990 2991
f 2846 2991 2847
f 2847 2991 2992
f 2847 2992 2848
f 2848 2992 2993
f 2848 2993 2849
f 2849 2993 2994
f 2849 2994 2850
f 2850 2994 2995
f 2850 2995 2851
f 2851 2995 2996
f 2851 2996 2852
f 2852 2996 2997
f 2852 2997 2853
f 2853 2997 2998
f 2853 2998 2854
f 2854 2998 2999
f 2854 2999 2855
f 2855 2999 3000
f 2855 3000 2856
f 2856 3000 3001
f 2856 3001 2857
f 2857 3001 3002
f 2857 3002 2858
f 2858 3002 3003
f 2858 3003 2859
f 2859 3003 3004
f 2859 3004 2860
f 2860 3004 3005
f 2860 3005 2861
f 2861 3005 3006
f 2861 3006 2862
f 2862 3006 3007
f 2862 3007 2863
f 2863 3007 3008
f 2863 3008 2864
f 2864 3008 3009
f 2864 3009 2865
f 2865 3009 3010
f 2865 3010 2866
f 2866 3010 3011
f 2866 3011 2867
f 2867 3011 3012
f 2867 3012 2868
f 2868 3012 3013
f 2868 3013 2869
f 2869 3013 3014
f 2869 3014 2870
f 2870 3014 3015
f 2870 3015 2871
f 2871 3015 3016
f 2871 3016 2872
f 2872 3016 3017
f 2872 3017 2873
f 2873 3017 3018
f 2873 3018 2874
f 2874 3018 3019
f 2874 3019 2875
f 2875 3019 3020
f 2875 3020 2876
f 2876 3020 3021
f 2876 3021 2877
f 2877 3021 3022
f 2877 3022 2878
f 2878 3022 3023
f 2878 3023 2879
f 2879 3023 3024
f 2879 3024 2880
f 2880 3024 2881
f 2880 2881 2737
f 2881 3025 3026
f 2881 3026 2882
f 2882 3026 3027
f 2882 3027 2883
f 2883 3027 3028
f 2883 3028 2884
f 2884 3028 3029
f 2884 3029 2885
f 2885 3029 3030
f 2885 3030 2886
f 2886 3030 3031
f 2886 3031 2887
f 2887 3031 3032
f 2887 3032 2888
f 2888 3032 3033
f 2888 3033 2889
f 2889 3033 3034
f 2889 3034 2890
f 2890 3034 3035
f 2890 3035 2891
f 2891 3035 3036
f 2891 3036 2892
f 2892 3036 3037
f 2892 3037 2893
f 2893 3037 3038
f 2893 3038 2894
f 2894 3038 3039
f 2894 3039 2895
f 2895 3039 3040
f 2895 3040 2896
f 2896 3040 3041
f 2896 3041 2897
f 2897 3041 3042
f 2897 3042 2898
f 2898 3042 3043
f 2898 3043 2899
f 2899 3043 3044
f 2899 3044 2900
f 2900 3044 3045
f 2900 3045 2901
f 2901 3045 3046
f 2901 3046 2902
f 2902 3046 3047
f 2902 3047 2903
f 2903 3047 3048
f 2903 3048 2904
f 2904 3048 3049
f 2904 3049 2905
f 2905 3049 3050
f 2905 3050 2906
f 2906 3050 3051
f 2906 3051 2907
f 2907 3051 3052
f 2907 3052 2908
f 2908 3052 3053
f 2908 3053 2909
f 2909 3053 3054
f 2909 3054 2910
f 2910 3054 3055
f 2910 3055 2911
f 2911 3055 3056
f 2911 3056 2912
f 2912 3056 3057
f 2912 3057 2913
f 2913 3057 3058
f 2913 3058 2914
f 2914 3058 3059
f 2914 3059 2915
f 2915 3059 3060
f 2915 3060 2916
f 2916 3060 3061
f 2916 3061 2917
f 2917 3061 3062
f 2917 3062 2918
f 2918 3062 3063
f 2918 3063 2919
f 2919 3063 3064
f 2919 3064 2920
f 2920 3064 3065
f 2920 3065 2921
f 2921 3065 3066
f 2921 3066 2922
f 2922 3066 3067
f 2922 3067 2923
f 2923 3067 3068
f 2923 3068 2924
f 2924 3068 3069
f 2924 3069 2925
f 2925 3069 3070
f 2925 3070 2926
f 2926 3070 3071
f 2926 3071 2927
f 2927 3071 3072
f 2927 3072 2928
f 2928 3072 3073
f 2928 3073 2929
f 2929 3073 3074
f 2929 3074 2930
f 2930 3074 3075
f 2930 3075 2931
f 2931 3075 3076
f 2931 3076 2932
f 2932 3076 3077
f 2932 3077 2933
f 2933 3077 3078
f 2933 3078 2934
f 2934 3078 3079
f 2934 3079 2935
f 2935 3079 3080
f 2935 3080 2936
f 2936 3080 3081
f 2936 3081 2937
f 2937 3081 3082
f 2937 3082 2938
f 2938 3082 3083
f 2938 3083 2939
f 2939 3083 3084
f 2939 3084 2940
f 2940 3084 3085
f 2940 3085 2941
f 2941 3085 3086
f 2941 3086 2942
f 2942 3086 3087
f 2942 3087 2943
f 2943 3087 3088
f 2943 3088 2944
f 2944 3088 3089
f 2944 3089 2945
f 2945 3089 3090
f 2945 3090 2946
f 2946 3090 3091
f 2946 3091 2947
f 2947 3091 3092
f 2947 3092 2948
f 2948 3092 3093
f 2948 3093 2949
f 2949 3093 3094
f 2949 3094 2950
f 2950 3094 3095
f 2950 3095 2951
f 2951 3095 3096
f 2951 3096 2952
f 2952 3096 3097
f 2952 3097 2953
f 2953 3097 3098
f 2953 3098 2954
f 2954 3098 3099
f 2954 3099 2955
f 2955 3099 3100
f 2955 3100 2956
f 2956 3100 3101
f 2956 3101 2957
f 2957 3101 3102
f 2957 3102 2958
f 2958 3102 3103
f 2958 3103 2959
f 2959 3103 3104
f 2959 3104 2960
f 2960 3104 3105
f 2960 3105 2961
f 2961 3105 3106
f 2961 3106 2962
f 2962 3106 3107
f 2962 3107 2963
f 2963 3107 3108
f 2963 3108 2964
f 2964 3108 3109
f 2964 3109 2965
f 2965 3109 3110
f 2965 3110 2966
f 2966 3110 3111
f 2966 3111 2967
f 2967 3111 3112
f 2967 3112 2968
f 2968 3112 3113
f 2968 3113 2969
f 2969 3113 3114
f 2969 3114 2970
f 2970 3114 3115
f 2970 3115 2971
f 2971 3115 3116
f 2971 3116 2972
f 2972 3116 3117
f 2972 3117 2973
f 2973 3117 3118
f 2973 3118 2974
f 2974 3118 3119
f 2974 3119 2975
f 2975 3119 3120
f 2975 3120 2976
f 2976 3120 3121
f 2976 3121 2977
f 2977 3121 3122
f 2977 3122 2978
f 2978 3122 3123
f 2978 3123 2979
f 2979 3123 3124
f 2979 3124 2980
f 2980 3124 3125
f 2980 3125 2981
f 2981 3125 3126
f 2981 3126 2982
f 2982 3126 3127
f 2982 3127 2983
f 2983 3127 3128
f 2983 3128 2984
f 2984 3128 3129
f 2984 3129 2985
f 2985 3129 3130
f 2985 3130 2986
f 2986 3130 3131
f 2986 3131 2987
f 2987 3131 3132
f 2987 3132 2988
f 2988 3132 3133
f 2988 3133 2989
f 2989 3133 3134
f 2989 3134 2990
f 2990 3134 3135
f 2990 3135 2991
f 2991 3135 3136
f 2991 3136 2992
f 2992 3136 3137
f 2992 3137 2993
f 2993 3137 3138
f 2993 3138 2994
f 2994 3138 3139
f 2994 3139 2995
f 2995 3139 3140
f 2995 3140 2996
f 2996 3140 3141
f 2996 3141 2997
f 2997 3141 3142
f 2997 3142 2998
f 2998 3142 3143
f 2998 3143 2999
f 2999 3143 3144
f 2999 3144 3000
f 3000 3144 3145
f 3000 3145 3001
f 3001 3145 3146
f 3001 3146 3002
f 3002 3146 3147
f 3002 3147 3003
f 3003 3147 3148
f 3003 3148 3004
f 3004 3148 3149
f 3004 3149 3005
f 3005 3149 3150
f 3005 3150 3006
f 3006 3150 3151
f 3006 3151 3007
f 3007 3151 3152
f 3007 3152 3008
f 3008 3152 3153
f 3008 3153 3009
f 3009 3153 3154
f 3009 3154 3010
f 3010 3154 3155
f 3010 3155 3011
f 3011 3155 3156
f 3011 3156 3012
f 3012 3156 3157
f 3012 3157 3013
f 3013 3157 3158
f 3013 3158 3014
f 3014 3158 3159
f 3014 3159 3015
f 3015 3159 3160
f 3015 3160 3016
f 3016 3160 3161
f 3016 3161 3017
f 3017 3161 3162
f 3017 3162 3018
f 3018 3162 3163
f 3018 3163 3019
f 3019 3163 3164
f 3019 3164 3020
f 3020 3164 3165
f 3020 3165 3021
f 3021 3165 3166
f 3021 3166 3022
f 3022 3166 3167
f 3022 3167 3023
f 3023 3167 3168
f 3023 3168 3024
f 3024 3168 3025
f 3024 3025 2881
f 3025 3169 3170
f 3025 3170 3026
f 3026 3170 3171
f 3026 3171 3027
f 3027 3171 3172
f 3027 3172 3028
f 3028 3172 3173
f 3028 3173 3029
f 3029 3173 3174
f 3029 3174 3030
f 3030 3174 3175
f 3030 3175 3031
f 3031 3175 3176
f 3031 3176 3032
f 3032 3176 3177
f 3032 3177 3033
f 3033 3177 3178
f 3033 3178 3034
f 3034 3178 3179
f 3034 3179 3035
f 3035 3179 3180
f 3035 3180 3036
f 3036 3180 3181
f 3036 3181 3037
f 3037 3181 3182
f 3037 3182 3038
f 3038 3182 3183
f 3038 3183 3039
f 3039 3183 3184
f 3039 3184 3040
f 3040 3184 3185
f 3040 3185 3041
f 3041 3185 3186
f 3041 3186 3042
f 3042 3186 3187
f 3042 3187 3043
f 3043 3187 3188
f 3043 3188 3044
f 3044 3188 3189
f 3044 3189 3045
f 3045 3189 3190
f 3045 3190 3046
f 3046 3190 3191
f 3046 3191 3047
f 3047 3191 3192
f 3047 3192 3048
f 3048 3192 3193
f 3048 3193 3049
f 3049 3193 3194
f 3049 3194 3050
f 3050 3194 3195
f 3050 3195 3051
f 3051 3195 3196
f 3051 3196 3052
f 3052 3196 3197
f 3052 3197 3053
f 3053 3197 3198
f 3053 3198 3054
f 3054 3198 3199
f 3054 3199 3055
f 3055 3199 3200
f 3055 3200 3056
f 3056 3200 3201
f 3056 3201 3057
f 3057 3201 3202
f 3057 3202 3058
f 3058 3202 3203
f 3058 3203 3059
f 3059 3203 3204
f 3059 3204 3060
f 3060 3204 3205
f 3060 3205 3061
f 3061 3205 3206
f 3061 3206 3062
f 3062 3206 3207
f 3062 3207 3063
f 3063 3207 3208
f 3063 3208 3064
f 3064 3208 3209
f 3064 3209 3065
f 3065 3209 3210
f 3065 3210 3066
f 3066 3210 3211
f 3066 3211 3067
f 3067 3211 3212
f 3067 3212 3068
f 3068 3212 3213
f 3068 3213 3069
f 3069 3213 3214
f 3069 3214 3070
f 3070 3214 3215
f 3070 3215 3071
f 3071 3215 3216
f 3071 3216 3072
f 3072 3216 3217
f 3072 3217 3073
f 3073 3217 3218
f 3073 3218 3074
f 3074 3218 3219
f 3074 3219 3075
f 3075 3219 3220
f 3075 3220 3076
f 3076 3220 3221
f 3076 3221 3077
f 3077 3221 3222
f 3077 3222 3078
f 3078 3222 3223
f 3078 3223 3079
f 3079 3223 3224
f 3079 3224 3080
f 3080 3224 3225
f 3080 3225 3081
f 3081 3225 3226
f 3081 3226 3082
f 3082 3226 3227
f 3082 3227 3083
f 3083 3227 3228
f 3083 3228 3084
f 3084 3228 3229
f 3084 3229 3085
f 3085 3229 3230
f 3085 3230 3086
f 3086 3230 3231
f 3086 3231 3087
f 3087 3231 3232
f 3087 3232 3088
f 3088 3232 3233
f 3088 3233 3089
f 3089 3233 3234
f 3089 3234 3090
f 3090 3234 3235
f 3090 3235 3091
f 3091 3235 3236
f 3091 3236 3092
f 3092 3236 3237
f 3092 3237 3093
f 3093 3237 3238
f 3093 3238 3094
f 3094 3238 3239
f 3094 3239 3095
f 3095 3239 3240
f 3095 3240 3096
f 3096 3240 3241
f 3096 3241 3097
f 3097 3241 3242
f 3097 3242 3098
f 3098 3242 3243
f 3098 3243 3099
f 3099 3243 3244
f 3099 3244 3100
f 3100 3244 3245
f 3100 3245 3101
f 3101 3245 3246
f 3101 3246 3102
f 3102 3246 3247
f 3102 3247 3103
f 3103 3247 3248
f 3103 3248 3104
f 3104 3248 3249
f 3104 3249 3105
f 3105 3249 3250
f 3105 3250 3106
f 3106 3250 3251
f 3106 3251 3107
f 3107 3251 3252
f 3107 3252 3108
f 3108 3252 3253
f 3108 3253 3109
f 3109 3253 3254
f 3109 3254 3110
f 3110 3254 3255
f 3110 3255 3111
f 3111 3255 3256
f 3111 3256 3112
f 3112 3256 3257
f 3112 3257 3113
f 3113 3257 3258
f 3113 3258 3114
f 3114 3258 3259
f 3114 3259 3115
f 3115 3259 3260
f 3115 3260 3116
f 3116 3260 3261
f 3116 3261 3117
f 3117 3261 3262
f 3117 3262 3118
f 3118 3262 3263
f 3118 3263 3119
f 3119 3263 3264
f 3119 3264 3120
f 3120 3264 3265
f 3120 3265 3121
f 3121 3265 3266
f 3121 3266 3122
f 3122 3266 3267
f 3122 3267 3123
f 3123 3267 3268
f 3123 3268 3124
f 3124 3268 3269
f 3124 3269 3125
f 3125 3269 3270
f 3125 3270 3126
f 3126 3270 3271
f 3126 3271 3127
f 3127 3271 3272
f 3127 3272 3128
f 3128 3272 3273
f 3128 3273 3129
f 3129 3273 3274
f 3129 3274 3130
f 3130 3274 3275
f 3130 3275 3131
f 3131 3275 3276
f 3131 3276 3132
f 3132 3276 3277
f 3132 3277 3133
f 3133 3277 3278
f 3133 3278 3134
f 3134 3278 3279
f 3134 3279 3135
f 3135 3279 3280
f 3135 3280 3136
f 3136 3280 3281
f 3136 3281 3137
f 3137 3281 3282
f 3137 3282 3138
f 3138 3282 3283
f 3138 3283 3139
f 3139 3283 3284
f 3139 3284 3140
f 3140 3284 3285
f 3140 3285 3141
f 3141 3285 3286
f 3141 3286 3142
f 3142 3286 3287
f 3142 3287 3143
f 3143 3287 3288
f 3143 3288 3144
f 3144 3288 3289
f 3144 3289 3145
f 3145 3289 3290
f 3145 3290 3146
f 3146 3290 3291
f 3146 3291 3147
f 3147 3291 3292
f 3147 3292 3148
f 3148 3292 3293
f 3148 3293 3149
f 3149 3293 3294
f 3149 3294 3150
f 3150 3294 3295
f 3150 3295 3151
f 3151 3295 3296
f 3151 3296 3152
f 3152 3296 3297
f 3152 3297 3153
f 3153 3297 3298
f 3153 3298 3154
f 3154 3298 3299
f 3154 3299 3155
f 3155 3299 3300
f 3155 3300 3156
f 3156 3300 3301
f 3156 3301 3157
f 3157 3301 3302
f 3157 3302 3158
f 3158 3302 3303
f 3158 3303 3159
f 3159 3303 3304
f 3159 3304 3160
f 3160 3304 3305
f 3160 3305 3161
f 3161 3305 3306
f 3161 3306 3162
f 3162 3306 3307
f 3162 3307 3163
f 3163 3307 3308
f 3163 3308 3164
f 3164 3308 3309
f 3164 3309 3165
f 3165 3309 3310
f 3165 3310 3166
f 3166 3310 3311
f 3166 3311 3167
f 3167 3311 3312
f 3167 3312 3168
f 3168 3312 3169
f 3168 3169 3025
f 3169 3313 3314
f 3169 3314 3170
f 3170 3314 3315
f 3170 3315 3171
f 3171 3315 3316
f 3171 3316 3172
f 3172 3316 3317
f 3172 3317 3173
f 3173 3317 3318
f 3173 3318 3174
f 3174 3318 3319
f 3174 3319 3175
f 3175 3319 3320
f 3175 3320 3176
f 3176 3320 3321
f 3176 3321 3177
f 3177 3321 3322
f 3177 3322 3178
f 3178 3322 3323
f 3178 3323 3179
f 3179 3323 3324
f 3179 3324 3180
f 3180 3324 3325
f 3180 3325 3181
f 3181 3325 3326
f 3181 3326 3182
f 3182 3326 3327
f 3182 3327 3183
f 3183 3327 3328
f 3183 3328 3184
f 3184 3328 3329
f 3184 3329 3185
f 3185 3329 3330
f 3185 3330 3186
f 3186 3330 3331
f 3186 3331 3187
f 3187 3331 3332
f 3187 3332 3188
f 3188 3332 3333
f 3188 3333 3189
f 3189 3333 3334
f 3189 3334 3190
f 3190 3334 3335
f 3190 3335 3191
f 3191 3335 3336
f 3191 3336 3192
f 3192 3336 3337
f 3192 3337 3193
f 3193 3337 3338
f 3193 3338 3194
f 3194 3338 3339
f 3194 3339 3195
f 3195 3339 3340
f 3195 3340 3196
f 3196 3340 3341
f 3196 3341 3197
f 3197 3341 3342
f 3197 3342 3198
f 3198 3342 3343
f 3198 3343 3199
f 3199 3343 3344
f 3199 3344 3200
f 3200 3344 3345
f 3200 3345 3201
f 3201 3345 3346
f 3201 3346 3202
f 3202 3346 3347
f 3202 3347 3203
f 3203 3347 3348
f 3203 3348 3204
f 3204 3348 3349
f 3204 3349 3205
f 3205 3349 3350
f 3205 3350 3206
f 3206 3350 3351
f 3206 3351 3207
f 3207 3351 3352
f 3207 3352 3208
f 3208 3352 3353
f 3208 3353 3209
f 3209 3353 3354
f 3209 3354 3210
f 3210 3354 3355
f 3210 3355 3211
f 3211 3355 3356
f 3211 3356 3212
f 3212 3356 3357
f 3212 3357 3213
f 3213 3357 3358
f 3213 3358 3214
f 3214 3358 3359
f 3214 3359 3215
f 3215 3359 3360
f 3215 3360 3216
f 3216 3360 3361
f 3216 3361 3217
f 3217 3361 3362
f 3217 3362 3218
f 3218 3362 3363
f 3218 3363 3219
f 3219 3363 3364
f 3219 3364 3220
f 3220 3364 3365
f 3220 3365 3221
f 3221 3365 3366
f 3221 3366 3222
f 3222 3366 3367
f 3222 3367 3223
f 3223 3367 3368
f 3223 3368 3224
f 3224 3368 3369
f 3224 3369 3225
f 3225 3369 3370
f 3225 3370 3226
f 3226 3370 3371
f 3226 3371 3227
f 3227 3371 3372
f 3227 3372 3228
f 3228 3372 3373
f 3228 3373 3229
f 3229 3373 3374
f 3229 3374 3230
f 3230 3374 3375
f 3230 3375 3231
f 3231 3375 3376
f 3231 3376 3232
f 3232 3376 3377
f 3232 3377 3233
f 3233 3377 3378
f 3233 3378 3234
f 3234 3378 3379
f 3234 3379 3235
f 3235 3379 3380
f 3235 3380 3236
f 3236 3380 3381
f 3236 3381 3237
f 3237 3381 3382
f 3237 3382 3238
f 3238 3382 3383
f 3238 3383 3239
f 3239 3383 3384
f 3239 3384 3240
f 3240 3384 3385
f 3240 3385 3241
f 3241 3385 3386
f 3241 3386 3242
f 3242 3386 3387
f 3242 3387 3243
f 3243 3387 3388
f 3243 3388 3244
f 3244 3388 3389
f 3244 3389 3245
f 3245 3389 3390
f 3245 3390 3246
f 3246 3390 3391
f 3246 3391 3247
f 3247 3391 3392
f 3247 3392 3248
f 3248 3392 3393
f 3248 3393 3249
f 3249 3393 3394
f 3249 3394 3250
f 3250 3394 3395
f 3250 3395 3251
f 3251 3395 3396
f 3251 3396 3252
f 3252 3396 3397
f 3252 3397 3253
f 3253 3397 3398
f 3253 3398 3254
f 3254 3398 3399
f 3254 3399 3255
f 3255 3399 3400
f 3255 3400 3256
f 3256 3400 3401
f 3256 3401 3257
f 3257 3401 3402
f 3257 3402 3258
f 3258 3402 3403
f 3258 3403 3259
f 3259 3403 3404
f 3259 3404 3260
f 3260 3404 3405
f 3260 3405 3261
f 3261 3405 3406
f 3261 3406 3262
f 3262 3406 3407
f 3262 3407 3263
f 3263 3407 3408
f 3263 3408 3264
f 3264 3408 3409
f 3264 3409 3265
f 3265 3409 3410
f 3265 3410 3266
f 3266 3410 3411
f 3266 3411 3267
f 3267 3411 3412
f 3267 3412 3268
f 3268 3412 3413
f 3268 3413 3269
f 3269 3413 3414
f 3269 3414 3270
f 3270 3414 3415
f 3270 3415 3271
f 3271 3415 3416
f 3271 3416 3272
f 3272 3416 3417
f 3272 3417 3273
f 3273 3417 3418
f 3273 3418 3274
f 3274 3418 3419
f 3274 3419 3275
f 3275 3419 3420
f 3275 3420 3276
f 3276 3420 3421
f 3276 3421 3277
f 3277 3421 3422
f 3277 3422 3278
f 3278 3422 3423
f 3278 3423 3279
f 3279 3423 3424
f 3279 3424 3280
f 3280 3424 3425
f 3280 3425 3281
f 3281 3425 3426
f 3281 3426 3282
f 3282 3426 3427
f 3282 3427 3283
f 3283 3427 3428
f 3283 3428 3284
f 3284 3428 3429
f 3284 3429 3285
f 3285 3429 3430
f 3285 3430 3286
f 3286 3430 3431
f 3286 3431 3287
f 3287 3431 3432
f 3287 3432 3288
f 3288 3432 3433
f 3288 3433 3289
f 3289 3433 3434
f 3289 3434 3290
f 3290 3434 3435
f 3290 3435 3291
f 3291 3435 3436
f 3291 3436 3292
f 3292 3436 3437
f 3292 3437 3293
f 3293 3437 3438
f 3293 3438 3294
f 3294 3438 3439
f 3294 3439 3295
f 3295 3439 3440
f 3295 3440 3296
f 3296 3440 3441
f 3296 3441 3297
f 3297 3441 3442
f 3297 3442 3298
f 3298 3442 3443
f 3298 3443 3299
f 3299 3443 3444
f 3299 3444 3300
f 3300 3444 3445
f 3300 3445 3301
f 3301 3445 3446
f 3301 3446 3302
f 3302 3446 3447
f 3302 3447 3303
f 3303 3447 3448
f 3303 3448 3304
f 3304 3448 3449
f 3304 3449 3305
f 3305 3449 3450
f 3305 3450 3306
f 3306 3450 3451
f 3306 3451 3307
f 3307 3451 3452
f 3307 3452 3308
f 3308 3452 3453
f 3308 3453 3309
f 3309 3453 3454
f 3309 3454 3310
f 3310 3454 3455
f 3310 3455 3311
f 3311 3455 3456
f 3311 3456 3312
f 3312 3456 3313
f 3312 3313 3169
f 3313 3457 3458
f 3313 3458 3314
f 3314 3458 3459
f 3314 3459 3315
f 3315 3459 3460
f 3315 3460 3316
f 3316 3460 3461
f 3316 3461 3317
f 3317 3461 3462
f 3317 3462 3318
f 3318 3462 3463
f 3318 3463 3319
f 3319 3463 3464
f 3319 3464 3320
f 3320 3464 3465
f 3320 3465 3321
f 3321 3465 3466
f 3321 3466 3322
f 3322 3466 3467
f 3322 3467 3323
f 3323 3467 3468
f 3323 3468 3324
f 3324 3468 3469
f 3324 3469 3325
f 3325 3469 3470
f 3325 3470 3326
f 3326 3470 3471
f 3326 3471 3327
f 3327 3471 3472
f 3327 3472 3328
f 3328 3472 3473
f 3328 3473 3329
f 3329 3473 3474
f 3329 3474 3330
f 3330 3474 3475
f 3330 3475 3331
f 3331 3475 3476
f 3331 3476 3332
f 3332 3476 3477
f 3332 3477 3333
f 3333 3477 3478
f 3333 3478 3334
f 3334 3478 3479
f 3334 3479 3335
f 3335 3479 3480
f 3335 3480 3336
f 3336 3480 3481
f 3336 3481 3337
f 3337 3481 3482
f 3337 3482 3338
f 3338 3482 3483
f 3338 3483 3339
f 3339 3483 3484
f 3339 3484 3340
f 3340 3484 3485
f 3340 3485 3341
f 3341 3485 3486
f 3341 3486 3342
f 3342 3486 3487
f 3342 3487 3343
f 3343 3487 3488
f 3343 3488 3344
f 3344 3488 3489
f 3344 3489 3345
f 3345 3489 3490
f 3345 3490 3346
f 3346 3490 3491
f 3346 3491 3347
f 3347 3491 3492
f 3347 3492 3348
f 3348 3492 3493
f 3348 3493 3349
f 3349 3493 3494
f 3349 3494 3350
f 3350 3494 3495
f 3350 3495 3351
f 3351 3495 3496
f 3351 3496 3352
f 3352 3496 3497
f 3352 3497 3353
f 3353 3497 3498
f 3353 3498 3354
f 3354 3498 3499
f 3354 3499 3355
f 3355 3499 3500
f 3355 3500 3356
f 3356 3500 3501
f 3356 3501 3357
f 3357 3501 3502
f 3357 3502 3358
f 3358 3502 3503
f 3358 3503 3359
f 3359 3503 3504
f 3359 3504 3360
f 3360 3504 3505
f 3360 3505 3361
f 3361 3505 3506
f 3361 3506 3362
f 3362 3506 3507
f 3362 3507 3363
f 3363 3507 3508
f 3363 3508 3364
f 3364 3508 3509
f 3364 3509 3365
f 3365 3509 3510
f 3365 3510 3366
f 3366 3510 3511
f 3366 3511 3367
f 3367 3511 3512
f 3367 3512 3368
f 3368 3512 3513
f 3368 3513 3369
f 3369 3513 3514
f 3369 3514 3370
f 3370 3514 3515
f 3370 3515 3371
f 3371 3515 3516
f 3371 3516 3372
f 3372 3516 3517
f 3372 3517 3373
f 3373 3517 3518
f 3373 3518 3374
f 3374 3518 3519
f 3374 3519 3375
f 3375 3519 3520
f 3375 3520 3376
f 3376 3520 3521
f 3376 3521 3377
f 3377 3521 3522
f 3377 3522 3378
f 3378 3522 3523
f 3378 3523 3379
f 3379 3523 3524
f 3379 3524 3380
f 3380 3524 3525
f 3380 3525 3381
f 3381 3525 3526
f 3381 3526 3382
f 3382 3526 3527
f 3382 3527 3383
f 3383 3527 3528
f 3383 3528 3384
f 3384 3528 3529
f 3384 3529 3385
f 3385 3529 3530
f 3385 3530 3386
f 3386 3530 3531
f 3386 3531 3387
f 3387 3531 3532
f 3387 3532 3388
f 3388 3532 3533
f 3388 3533 3389
f 3389 3533 3534
f 3389 3534 3390
f 3390 3534 3535
f 3390 3535 3391
f 3391 3535 3536
f 3391 3536 3392
f 3392 3536 3537
f 3392 3537 3393
f 3393 3537 3538
f 3393 3538 3394
f 3394 3538 3539
f 3394 3539 3395
f 3395 3539 3540
f 3395 3540 3396
f 3396 3540 3541
f 3396 3541 3397
f 3397 3541 3542
f 3397 3542 3398
f 3398 3542 3543
f 3398 3543 3399
f 3399 3543 3544
f 3399 3544 3400
f 3400 3544 3545
f 3400 3545 3401
f 3401 3545 3546
f 3401 3546 3402
f 3402 3546 3547
f 3402 3547 3403
f 3403 3547 3548
f 3403 3548 3404
f 3404 3548 3549
f 3404 3549 3405
f 3405 3549 3550
f 3405 3550 3406
f 3406 3550 3551
f 3406 3551 3407
f 3407 3551 3552
f 3407 3552 3408
f 3408 3552 3553
f 3408 3553 3409
f 3409 3553 3554
f 3409 3554 3410
f 3410 3554 3555
f 3410 3555 3411
f 3411 3555 3556
f 3411 3556 3412
f 3412 3556 3557
f 3412 3557 3413
f 3413 3557 3558
f 3413 3558 3414
f 3414 3558 3559
f 3414 3559 3415
f 3415 3559 3560
f 3415 3560 3416
f 3416 3560 3561
f 3416 3561 3417
f 3417 3561 3562
f 3417 3562 3418
f 3418 3562 3563
f 3418 3563 3419
f 3419 3563 3564
f 3419 3564 3420
f 3420 3564 3565
f 3420 3565 3421
f 3421 3565 3566
f 3421 3566 3422
f 3422 3566 3567
f 3422 3567 3423
f 3423 3567 3568
f 3423 3568 3424
f 3424 3568 3569
f 3424 3569 3425
f 3425 3569 3570
f 3425 3570 3426
f 3426 3570 3571
f 3426 3571 3427
f 3427 3571 3572
f 3427 3572 3428
f 3428 3572 3573
f 3428 3573 3429
f 3429 3573 3574
f 3429 3574 3430
f 3430 3574 3575
f 3430 3575 3431
f 3431 3575 3576
f 3431 3576 3432
f 3432 3576 3577
f 3432 3577 3433
f 3433 3577 3578
f 3433 3578 3434
f 3434 3578 3579
f 3434 3579 3435
f 3435 3579 3580
f 3435 3580 3436
f 3436 3580 3581
f 3436 3581 3437
f 3437 3581 3582
f 3437 3582 3438
f 3438 3582 3583
f 3438 3583 3439
f 3439 3583 3584
f 3439 3584 3440
f 3440 3584 3585
f 3440 3585 3441
f 3441 3585 3586
f 3441 3586 3442
f 3442 3586 3587
f 3442 3587 3443
f 3443 3587 3588
f 3443 3588 3444
f 3444 3588 3589
f 3444 3589 3445
f 3445 3589 3590
f 3445 3590 3446
f 3446 3590 3591
f 3446 3591 3447
f 3447 3591 3592
f 3447 3592 3448
f 3448 3592 3593
f 3448 3593 3449
f 3449 3593 3594
f 3449 3594 3450
f 3450 3594 3595
f 3450 3595 3451
f 3451 3595 3596
f 3451 3596 3452
f 3452 3596 3597
f 3452 3597 3453
f 3453 3597 3598
f 3453 3598 3454
f 3454 3598 3599
f 3454 3599 3455
f 3455 3599 3600
f 3455 3600 3456
f 3456 3600 3457
f 3456 3457 3313
f 3457 3601 3602
f 3457 3602 3458
f 3458 3602 3603
f 3458 3603 3459
f 3459 3603 3604
f 3459 3604 3460
f 3460 3604 3605
f 3460 3605 3461
f 3461 3605 3606
f 3461 3606 3462
f 3462 3606 3607
f 3462 3607 3463
f 3463 3607 3608
f 3463 3608 3464
f 3464 3608 3609
f 3464 3609 3465
f 3465 3609 3610
f 3465 3610 3466
f 3466 3610 3611
f 3466 3611 3467
f 3467 3611 3612
f 3467 3612 3468
f 3468 3612 3613
f 3468 3613 3469
f 3469 3613 3614
f 3469 3614 3470
f 3470 3614 3615
f 3470 3615 3471
f 3471 3615 3616
f 3471 3616 3472
f 3472 3616 3617
f 3472 3617 3473
f 3473 3617 3618
f 3473 3618 3474
f 3474 3618 3619
f 3474 3619 3475
f 3475 3619 3620
f 3475 3620 3476
f 3476 3620 3621
f 3476 3621 3477
f 3477 3621 3622
f 3477 3622 3478
f 3478 3622 3623
f 3478 3623 3479
f 3479 3623 3624
f 3479 3624 3480
f 3480 3624 3625
f 3480 3625 3481
f 3481 3625 3626
f 3481 3626 3482
f 3482 3626 3627
f 3482 3627 3483
f 3483 3627 3628
f 3483 3628 3484
f 3484 3628 3629
f 3484 3629 3485
f 3485 3629 3630
f 3485 3630 3486
f 3486 3630 3631
f 3486 3631 3487
f 3487 3631 3632
f 3487 3632 3488
f 3488 3632 3633
f 3488 3633 3489
f 3489 3633 3634
f 3489 3634 3490
f 3490 3634 3635
f 3490 3635 3491
f 3491 3635 3636
f 3491 3636 3492
f 3492 3636 3637
f 3492 3637 3493
f 3493 3637 3638
f 3493 3638 3494
f 3494 3638 3639
f 3494 3639 3495
f 3495 3639 3640
f 3495 3640 3496
f 3496 3640 3641
f 3496 3641 3497
f 3497 3641 3642
f 3497 3642 3498
f 3498 3642 3643
f 3498 3643 3499
f 3499 3643 3644
f 3499 3644 3500
f 3500 3644 3645
f 3500 3645 3501
f 3501 3645 3646
f 3501 3646 3502
f 3502 3646 3647
f 3502 3647 3503
f 3503 3647 3648
f 3503 3648 3504
f 3504 3648 3649
f 3504 3649 3505
f 3505 3649 3650
f 3505 3650 3506
f 3506 3650 3651
f 3506 3651 3507
f 3507 3651 3652
f 3507 3652 3508
f 3508 3652 3653
f 3508 3653 3509
f 3509 3653 3654
f 3509 3654 3510
f 3510 3654 3655
f 3510 3655 3511
f 3511 3655 3656
f 3511 3656 3512
f 3512 3656 3657
f 3512 3657 3513
f 3513 3657 3658
f 3513 3658 3514
f 3514 3658 3659
f 3514 3659 3515
f 3515 3659 3660
f 3515 3660 3516
f 3516 3660 3661
f 3516 3661 3517
f 3517 3661 3662
f 3517 3662 3518
f 3518 3662 3663
f 3518 3663 3519
f 3519 3663 3664
f 3519 3664 3520
f 3520 3664 3665
f 3520 3665 3521
f 3521 3665 3666
f 3521 3666 3522
f 3522 3666 3667
f 3522 3667 3523
f 3523 3667 3668
f 3523 3668 3524
f 3524 3668 3669
f 3524 3669 3525
f 3525 3669 3670
f 3525 3670 3526
f 3526 3670 3671
f 3526 3671 3527
f 3527 3671 3672
f 3527 3672 3528
f 3528 3672 3673
f 3528 3673 3529
f 3529 3673 3674
f 3529 3674 3530
f 3530 3674 3675
f 3530 3675 3531
f 3531 3675 3676
f 3531 3676 3532
f 3532 3676 3677
f 3532 3677 3533
f 3533 3677 3678
f 3533 3678 3534
f 3534 3678 3679
f 3534 3679 3535
f 3535 3679 3680
f 3535 3680 3536
f 3536 3680 3681
f 3536 3681 3537
f 3537 3681 3682
f 3537 3682 3538
f 3538 3682 3683
f 3538 3683 3539
f 3539 3683 3684
f 3539 3684 3540
f 3540 3684 3685
f 3540 3685 3541
f 3541 3685 3686
f 3541 3686 3542
f 3542 3686 3687
f 3542 3687 3543
f 3543 3687 3688
f 3543 3688 3544
f 3544 3688 3689
f 3544 3689 3545
f 3545 3689 3690
f 3545 3690 3546
f 3546 3690 3691
f 3546 3691 3547
f 3547 3691 3692
f 3547 3692 3548
f 3548 3692 3693
f 3548 3693 3549
f 3549 3693 3694
f 3549 3694 3550
f 3550 3694 3695
f 3550 3695 3551
f 3551 3695 3696
f 3551 3696 3552
f 3552 3696 3697
f 3552 3697 3553
f 3553 3697 3698
f 3553 3698 3554
f 3554 3698 3699
f 3554 3699 3555
f 3555 3699 3700
f 3555 3700 3556
f 3556 3700 3701
f 3556 3701 3557
f 3557 3701 3702
f 3557 3702 3558
f 3558 3702 3703
f 3558 3703 3559
f 3559 3703 3704
f 3559 3704 3560
f 3560 3704 3705
f 3560 3705 3561
f 3561 3705 3706
f 3561 3706 3562
f 3562 3706 3707
f 3562 3707 3563
f 3563 3707 3708
f 3563 3708 3564
f 3564 3708 3709
f 3564 3709 3565
f 3565 3709 3710
f 3565 3710 3566
f 3566 3710 3711
f 3566 3711 3567
f 3567 3711 3712
f 3567 3712 3568
f 3568 3712 3713
f 3568 3713 3569
f 3569 3713 3714
f 3569 3714 3570
f 3570 3714 3715
f 3570 3715 3571
f 3571 3715 3716
f 3571 3716 3572
f 3572 3716 3717
f 3572 3717 3573
f 3573 3717 3718
f 3573 3718 3574
f 3574 3718 3719
f 3574 3719 3575
f 3575 3719 3720
f 3575 3720 3576
f 3576 3720 3721
f 3576 3721 3577
f 3577 3721 3722
f 3577 3722 3578
f 3578 3722 3723
f 3578 3723 3579
f 3579 3723 3724
f 3579 3724 3580
f 3580 3724 3725
f 3580 3725 3581
f 3581 3725 3726
f 3581 3726 3582
f 3582 3726 3727
f 3582 3727 3583
f 3583 3727 3728
f 3583 3728 3584
f 3584 3728 3729
f 3584 3729 3585
f 3585 3729 3730
f 3585 3730 3586
f 3586 3730 3731
f 3586 3731 3587
f 3587 3731 3732
f 3587 3732 3588
f 3588 3732 3733
f 3588 3733 3589
f 3589 3733 3734
f 3589 3734 3590
f 3590 3734 3735
f 3590 3735 3591
f 3591 3735 3736
f 3591 3736 3592
f 3592 3736 3737
f 3592 3737 3593
f 3593 3737 3738
f 3593 3738 3594
f 3594 3738 3739
f 3594 3739 3595
f 3595 3739 3740
f 3595 3740 3596
f 3596 3740 3741
f 3596 3741 3597
f 3597 3741 3742
f 3597 3742 3598
f 3598 3742 3743
f 3598 3743 3599
f 3599 3743 3744
f 3599 3744 3600
f 3600 3744 3601
f 3600 3601 3457
f 3601 3745 3746
f 3601 3746 3602
f 3602 3746 3747
f 3602 3747 3603
f 3603 3747 3748
f 3603 3748 3604
f 3604 3748 3749
f 3604 3749 3605
f 3605 3749 3750
f 3605 3750 3606
f 3606 3750 3751
f 3606 3751 3607
f 3607 3751 3752
f 3607 3752 3608
f 3608 3752 3753
f 3608 3753 3609
f 3609 3753 3754
f 3609 3754 3610
f 3610 3754 3755
f 3610 3755 3611
f 3611 3755 3756
f 3611 3756 3612
f 3612 3756 3757
f 3612 3757 3613
f 3613 3757 3758
f 3613 3758 3614
f 3614 3758 3759
f 3614 3759 3615
f 3615 3759 3760
f 3615 3760 3616
f 3616 3760 3761
f 3616 3761 3617
f 3617 3761 3762
f 3617 3762 3618
f 3618 3762 3763
f 3618 3763 3619
f 3619 3763 3764
f 3619 3764 3620
f 3620 3764 3765
f 3620 3765 3621
f 3621 3765 3766
f 3621 3766 3622
f 3622 3766 3767
f 3622 3767 3623
f 3623 3767 3768
f 3623 3768 3624
f 3624 3768 3769
f 3624 3769 3625
f 3625 3769 3770
f 3625 3770 3626
f 3626 3770 3771
f 3626 3771 3627
f 3627 3771 3772
f 3627 3772 3628
f 3628 3772 3773
f 3628 3773 3629
f 3629 3773 3774
f 3629 3774 3630
f 3630 3774 3775
f 3630 3775 3631
f 3631 3775 3776
f 3631 3776 3632
f 3632 3776 3777
f 3632 3777 3633
f 3633 3777 3778
f 3633 3778 3634
f 3634 3778 3779
f 3634 3779 3635
f 3635 3779 3780
f 3635 3780 3636
f 3636 3780 3781
f 3636 3781 3637
f 3637 3781 3782
f 3637 3782 3638
f 3638 3782 3783
f 3638 3783 3639
f 3639 3783 3784
f 3639 3784 3640
f 3640 3784 3785
f 3640 3785 3641
f 3641 3785 3786
f 3641 3786 3642
f 3642 3786 3787
f 3642 3787 3643
f 3643 3787 3788
f 3643 3788 3644
f 3644 3788 3789
f 3644 3789 3645
f 3645 3789 3790
f 3645 3790 3646
f 3646 3790 3791
f 3646 3791 3647
f 3647 3791 3792
f 3647 3792 3648
f 3648 3792 3793
f 3648 3793 3649
f 3649 3793 3794
f 3649 3794 3650
f 3650 3794 3795
f 3650 3795 3651
f 3651 3795 3796
f 3651 3796 3652
f 3652 3796 3797
f 3652 3797 3653
f 3653 3797 3798
f 3653 3798 3654
f 3654 3798 3799
f 3654 3799 3655
f 3655 3799 3800
f 3655 3800 3656
f 3656 3800 3801
f 3656 3801 3657
f 3657 3801 3802
f 3657 3802 3658
f 3658 3802 3803
f 3658 3803 3659
f 3659 3803 3804
f 3659 3804 3660
f 3660 3804 3805
f 3660 3805 3661
f 3661 3805 3806
f 3661 3806 3662
f 3662 3806 3807
f 3662 3807 3663
f 3663 3807 3808
f 3663 3808 3664
f 3664 3808 3809
f 3664 3809 3665
f 3665 3809 3810
f 3665 3810 3666
f 3666 3810 3811
f 3666 3811 3667
f 3667 3811 3812
f 3667 3812 3668
f 3668 3812 3813
f 3668 3813 3669
f 3669 3813 3814
f 3669 3814 3670
f 3670 3814 3815
f 3670 3815 3671
f 3671 3815 3816
f 3671 3816 3672
f 3672 3816 3817
f 3672 3817 3673
f 3673 3817 3818
f 3673 3818 3674
f 3674 3818 3819
f 3674 3819 3675
f 3675 3819 3820
f 3675 3820 3676
f 3676 3820 3821
f 3676 3821 3677
f 3677 3821 3822
f 3677 3822 3678
f 3678 3822 3823
f 3678 3823 3679
f 3679 3823 3824
f 3679 3824 3680
f 3680 3824 3825
f 3680 3825 3681
f 3681 3825 3826
f 3681 3826 3682
f 3682 3826 3827
f 3682 3827 3683
f 3683 3827 3828
f 3683 3828 3684
f 3684 3828 3829
f 3684 3829 3685
f 3685 3829 3830
f 3685 3830 3686
f 3686 3830 3831
f 3686 3831 3687
f 3687 3831 3832
f 3687 3832 3688
f 3688 3832 3833
f 3688 3833 3689
f 3689 3833 3834
f 3689 3834 3690
f 3690 3834 3835
f 3690 3835 3691
f 3691 3835 3836
f 3691 3836 3692
f 3692 3836 3837
f 3692 3837 3693
f 3693 3837 3838
f 3693 3838 3694
f 3694 3838 3839
f 3694 3839 3695
f 3695 3839 3840
f 3695 3840 3696
f 3696 3840 3841
f 3696 3841 3697
f 3697 3841 3842
f 3697 3842 3698
f 3698 3842 3843
f 3698 3843 3699
f 3699 3843 3844
f 3699 3844 3700
f 3700 3844 3845
f 3700 3845 3701
f 3701 3845 3846
f 3701 3846 3702
f 3702 3846 3847
f 3702 3847 3703
f 3703 3847 3848
f 3703 3848 3704
f 3704 3848 3849
f 3704 3849 3705
f 3705 3849 3850
f 3705 3850 3706
f 3706 3850 3851
f 3706 3851 3707
f 3707 3851 3852
f 3707 3852 3708
f 3708 3852 3853
f 3708 3853 3709
f 3709 3853 3854
f 3709 3854 3710
f 3710 3854 3855
f 3710 3855 3711
f 3711 3855 3856
f 3711 3856 3712
f 3712 3856 3857
f 3712 3857 3713
f 3713 3857 3858
f 3713 3858 3714
f 3714 3858 3859
f 3714 3859 3715
f 3715 3859 3860
f 3715 3860 3716
f 3716 3860 3861
f 3716 3861 3717
f 3717 3861 3862
f 3717 3862 3718
f 3718 3862 3863
f 3718 3863 3719
f 3719 3863 3864
f 3719 3864 3720
f 3720 3864 3865
f 3720 3865 3721
f 3721 3865 3866
f 3721 3866 3722
f 3722 3866 3867
f 3722 3867 3723
f 3723 3867 3868
f 3723 3868 3724
f 3724 3868 3869
f 3724 3869 3725
f 3725 3869 3870
f 3725 3870 3726
f 3726 3870 3871
f 3726 3871 3727
f 3727 3871 3872
f 3727 3872 3728
f 3728 3872 3873
f 3728 3873 3729
f 3729 3873 3874
f 3729 3874 3730
f 3730 3874 3875
f 3730 3875 3731
f 3731 3875 3876
f 3731 3876 3732
f 3732 3876 3877
f 3732 3877 3733
f 3733 3877 3878
f 3733 3878 3734
f 3734 3878 3879
f 3734 3879 3735
f 3735 3879 3880
f 3735 3880 3736
f 3736 3880 3881
f 3736 3881 3737
f 3737 3881 3882
f 3737 3882 3738
f 3738 3882 3883
f 3738 3883 3739
f 3739 3883 3884
f 3739 3884 3740
f 3740 3884 3885
f 3740 3885 3741
f 3741 3885 3886
f 3741 3886 3742
f 3742 3886 3887
f 3742 3887 3743
f 3743 3887 3888
f 3743 3888 3744
f 3744 3888 3745
f 3744 3745 3601
f 3745 3889 3890
f 3745 3890 3746
f 3746 3890 3891
f 3746 3891 3747
f 3747 3891 3892
f 3747 3892 3748
f 3748 3892 3893
f 3748 3893 3749
f 3749 3893 3894
f 3749 3894 3750
f 3750 3894 3895
f 3750 3895 3751
f 3751 3895 3896
f 3751 3896 3752
f 3752 3896 3897
f 3752 3897 3753
f 3753 3897 3898
f 3753 3898 3754
f 3754 3898 3899
f 3754 3899 3755
f 3755 3899 3900
f 3755 3900 3756
f 3756 3900 3901
f 3756 3901 3757
f 3757 3901 3902
f 3757 3902 3758
f 3758 3902 3903
f 3758 3903 3759
f 3759 3903 3904
f 3759 3904 3760
f 3760 3904 3905
f 3760 3905 3761
f 3761 3905 3906
f 3761 3906 3762
f 3762 3906 3907
f 3762 3907 3763
f 3763 3907 3908
f 3763 3908 3764
f 3764 3908 3909
f 3764 3909 3765
f 3765 3909 3910
f 3765 3910 3766
f 3766 3910 3911
f 3766 3911 3767
f 3767 3911 3912
f 3767 3912 3768
f 3768 3912 3913
f 3768 3913 3769
f 3769 3913 3914
f 3769 3914 3770
f 3770 3914 3915
f 3770 3915 3771
f 3771 3915 3916
f 3771 3916 3772
f 3772 3916 3917
f 3772 3917 3773
f 3773 3917 3918
f 3773 3918 3774
f 3774 3918 3919
f 3774 3919 3775
f 3775 3919 3920
f 3775 3920 3776
f 3776 3920 3921
f 3776 3921 3777
f 3777 3921 3922
f 3777 3922 3778
f 3778 3922 3923
f 3778 3923 3779
f 3779 3923 3924
f 3779 3924 3780
f 3780 3924 3925
f 3780 3925 3781
f 3781 3925 3926
f 3781 3926 3782
f 3782 3926 3927
f 3782 3927 3783
f 3783 3927 3928
f 3783 3928 3784
f 3784 3928 3929
f 3784 3929 3785
f 3785 3929 3930
f 3785 3930 3786
f 3786 3930 3931
f 3786 3931 3787
f 3787 3931 3932
f 3787 3932 3788
f 3788 3932 3933
f 3788 3933 3789
f 3789 3933 3934
f 3789 3934 3790
f 3790 3934 3935
f 3790 3935 3791
f 3791 3935 3936
f 3791 3936 3792
f 3792 3936 3937
f 3792 3937 3793
f 3793 3937 3938
f 3793 3938 3794
f 3794 3938 3939
f 3794 3939 3795
f 3795 3939 3940
f 3795 3940 3796
f 3796 3940 3941
f 3796 3941 3797
f 3797 3941 3942
f 3797 3942 3798
f 3798 3942 3943
f 3798 3943 3799
f 3799 3943 3944
f 3799 3944 3800
f 3800 3944 3945
f 3800 3945 3801
f 3801 3945 3946
f 3801 3946 3802
f 3802 3946 3947
f 3802 3947 3803
f 3803 3947 3948
f 3803 3948 3804
f 3804 3948 3949
f 3804 3949 3805
f 3805 3949 3950
f 3805 3950 3806
f 3806 3950 3951
f 3806 3951 3807
f 3807 3951 3952
f 3807 3952 3808
f 3808 3952 3953
f 3808 3953 3809
f 3809 3953 3954
f 3809 3954 3810
f 3810 3954 3955
f 3810 3955 3811
f 3811 3955 3956
f 3811 3956 3812
f 3812 3956 3957
f 3812 3957 3813
f 3813 3957 3958
f 3813 3958 3814
f 3814 3958 3959
f 3814 3959 3815
f 3815 3959 3960
f 3815 3960 3816
f 3816 3960 3961
f 3816 3961 3817
f 3817 3961 3962
f 3817 3962 3818
f 3818 3962 3963
f 3818 3963 3819
f 3819 3963 3964
f 3819 3964 3820
f 3820 3964 3965
f 3820 3965 3821
f 3821 3965 3966
f 3821 3966 3822
f 3822 3966 3967
f 3822 3967 3823
f 3823 3967 3968
f 3823 3968 3824
f 3824 3968 3969
f 3824 3969 3825
f 3825 3969 3970
f 3825 3970 3826
f 3826 3970 3971
f 3826 3971 3827
f 3827 3971 3972
f 3827 3972 3828
f 3828 3972 3973
f 3828 3973 3829
f 3829 3973 3974
f 3829 3974 3830
f 3830 3974 3975
f 3830 3975 3831
f 3831 3975 3976
f 3831 3976 3832
f 3832 3976 3977
f 3832 3977 3833
f 3833 3977 3978
f 3833 3978 3834
f 3834 3978 3979
f 3834 3979 3835
f 3835 3979 3980
f 3835 3980 3836
f 3836 3980 3981
f 3836 3981 3837
f 3837 3981 3982
f 3837 3982 3838
f 3838 3982 3983
f 3838 3983 3839
f 3839 3983 3984
f 3839 3984 3840
f 3840 3984 3985
f 3840 3985 3841
f 3841 3985 3986
f 3841 3986 3842
f 3842 3986 3987
f 3842 3987 3843
f 3843 3987 3988
f 3843 3988 3844
f 3844 3988 3989
f 3844 3989 3845
f 3845 3989 3990
f 3845 3990 3846
f 3846 3990 3991
f 3846 3991 3847
f 3847 3991 3992
f 3847 3992 3848
f 3848 3992 3993
f 3848 3993 3849
f 3849 3993 3994
f 3849 3994 3850
f 3850 3994 3995
f 3850 3995 3851
f 3851 3995 3996
f 3851 3996 3852
f 3852 3996 3997
f 3852 3997 3853
f 3853 3997 3998
f 3853 3998 3854
f 3854 3998 3999
f 3854 3999 3855
f 3855 3999 4000
f 3855 4000 3856
f 3856 4000 4001
f 3856 4001 3857
f 3857 4001 4002
f 3857 4002 3858
f 3858 4002 4003
f 3858 4003 3859
f 3859 4003 4004
f 3859 4004 3860
f 3860 4004 4005
f 3860 4005 3861
f 3861 4005 4006
f 3861 4006 3862
f 3862 4006 4007
f 3862 4007 3863
f 3863 4007 4008
f 3863 4008 3864
f 3864 4008 4009
f 3864 4009 3865
f 3865 4009 4010
f 3865 4010 3866
f 3866 4010 4011
f 3866 4011 3867
f 3867 4011 4012
f 3867 4012 3868
f 3868 4012 4013
f 3868 4013 3869
f 3869 4013 4014
f 3869 4014 3870
f 3870 4014 4015
f 3870 4015 3871
f 3871 4015 4016
f 3871 4016 3872
f 3872 4016 4017
f 3872 4017 3873
f 3873 4017 4018
f 3873 4018 3874
f 3874 4018 4019
f 3874 4019 3875
f 3875 4019 4020
f 3875 4020 3876
f 3876 4020 4021
f 3876 4021 3877
f 3877 4021 4022
f 3877 4022 3878
f 3878 4022 4023
f 3878 4023 3879
f 3879 4023 4024
f 3879 4024 3880
f 3880 4024 4025
f 3880 4025 3881
f 3881 4025 4026
f 3881 4026 3882
f 3882 4026 4027
f 3882 4027 3883
f 3883 4027 4028
f 3883 4028 3884
f 3884 4028 4029
f 3884 4029 3885
f 3885 4029 4030
f 3885 4030 3886
f 3886 4030 4031
f 3886 4031 3887
f 3887 4031 4032
f 3887 4032 3888
f 3888 4032 3889
f 3888 3889 3745
f 3889 4033 4034
f 3889 4034 3890
f 3890 4034 4035
f 3890 4035 3891
f 3891 4035 4036
f 3891 4036 3892
f 3892 4036 4037
f 3892 4037 3893
f 3893 4037 4038
f 3893 4038 3894
f 3894 4038 4039
f 3894 4039 3895
f 3895 4039 4040
f 3895 4040 3896
f 3896 4040 4041
f 3896 4041 3897
f 3897 4041 4042
f 3897 4042 3898
f 3898 4042 4043
f 3898 4043 3899
f 3899 4043 4044
f 3899 4044 3900
f 3900 4044 4045
f 3900 4045 3901
f 3901 4045 4046
f 3901 4046 3902
f 3902 4046 4047
f 3902 4047 3903
f 3903 4047 4048
f 3903 4048 3904
f 3904 4048 4049
f 3904 4049 3905
f 3905 4049 4050
f 3905 4050 3906
f 3906 4050 4051
f 3906 4051 3907
f 3907 4051 4052
f 3907 4052 3908
f 3908 4052 4053
f 3908 4053 3909
f 3909 4053 4054
f 3909 4054 3910
f 3910 4054 4055
f 3910 4055 3911
f 3911 4055 4056
f 3911 4056 3912
f 3912 4056 4057
f 3912 4057 3913
f 3913 4057 4058
f 3913 4058 3914
f 3914 4058 4059
f 3914 4059 3915
f 3915 4059 4060
f 3915 4060 3916
f 3916 4060 4061
f 3916 4061 3917
f 3917 4061 4062
f 3917 4062 3918
f 3918 4062 4063
f 3918 4063 3919
f 3919 4063 4064
f 3919 4064 3920
f 3920 4064 4065
f 3920 4065 3921
f 3921 4065 4066
f 3921 4066 3922
f 3922 4066 4067
f 3922 4067 3923
f 3923 4067 4068
f 3923 4068 3924
f 3924 4068 4069
f 3924 4069 3925
f 3925 4069 4070
f 3925 4070 3926
f 3926 4070 4071
f 3926 4071 3927
f 3927 4071 4072
f 3927 4072 3928
f 3928 4072 4073
f 3928 4073 3929
f 3929 4073 4074
f 3929 4074 3930
f 3930 4074 4075
f 3930 4075 3931
f 3931 4075 4076
f 3931 4076 3932
f 3932 4076 4077
f 3932 4077 3933
f 3933 4077 4078
f 3933 4078 3934
f 3934 4078 4079
f 3934 4079 3935
f 3935 4079 4080
f 3935 4080 3936
f 3936 4080 4081
f 3936 4081 3937
f 3937 4081 4082
f 3937 4082 3938
f 3938 4082 4083
f 3938 4083 3939
f 3939 4083 4084
f 3939 4084 3940
f 3940 4084 4085
f 3940 4085 3941
f 3941 4085 4086
f 3941 4086 3942
f 3942 4086 4087
f 3942 4087 3943
f 3943 4087 4088
f 3943 4088 3944
f 3944 4088 4089
f 3944 4089 3945
f 3945 4089 4090
f 3945 4090 3946
f 3946 4090 4091
f 3946 4091 3947
f 3947 4091 4092
f 3947 4092 3948
f 3948 4092 4093
f 3948 4093 3949
f 3949 4093 4094
f 3949 4094 3950
f 3950 4094 4095
f 3950 4095 3951
f 3951 4095 4096
f 3951 4096 3952
f 3952 4096 4097
f 3952 4097 3953
f 3953 4097 4098
f 3953 4098 3954
f 3954 4098 4099
f 3954 4099 3955
f 3955 4099 4100
f 3955 4100 3956
f 3956 4100 4101
f 3956 4101 3957
f 3957 4101 4102
f 3957 4102 3958
f 3958 4102 4103
f 3958 4103 3959
f 3959 4103 4104
f 3959 4104 3960
f 3960 4104 4105
f 3960 4105 3961
f 3961 4105 4106
f 3961 4106 3962
f 3962 4106 4107
f 3962 4107 3963
f 3963 4107 4108
f 3963 4108 3964
f 3964 4108 4109
f 3964 4109 3965
f 3965 4109 4110
f 3965 4110 3966
f 3966 4110 4111
f 3966 4111 3967
f 3967 4111 4112
f 3967 4112 3968
f 3968 4112 4113
f 3968 4113 3969
f 3969 4113 4114
f 3969 4114 3970
f 3970 4114 4115
f 3970 4115 3971
f 3971 4115 4116
f 3971 4116 3972
f 3972 4116 4117
f 3972 4117 3973
f 3973 4117 4118
f 3973 4118 3974
f 3974 4118 4119
f 3974 4119 3975
f 3975 4119 4120
f 3975 4120 3976
f 3976 4120 4121
f 3976 4121 3977
f 3977 4121 4122
f 3977 4122 3978
f 3978 4122 4123
f 3978 4123 3979
f 3979 4123 4124
f 3979 4124 3980
f 3980 4124 4125
f 3980 4125 3981
f 3981 4125 4126
f 3981 4126 3982
f 3982 4126 4127
f 3982 4127 3983
f 3983 4127 4128
f 3983 4128 3984
f 3984 4128 4129
f 3984 4129 3985
f 3985 4129 4130
f 3985 4130 3986
f 3986 4130 4131
f 3986 4131 3987
f 3987 4131 4132
f 3987 4132 3988
f 3988 4132 4133
f 3988 4133 3989
f 3989 4133 4134
f 3989 4134 3990
f 3990 4134 4135
f 3990 4135 3991
f 3991 4135 4136
f 3991 4136 3992
f 3992 4136 4137
f 3992 4137 3993
f 3993 4137 4138
f 3993 4138 3994
f 3994 4138 4139
f 3994 4139 3995
f 3995 4139 4140
f 3995 4140 3996
f 3996 4140 4141
f 3996 4141 3997
f 3997 4141 4142
f 3997 4142 3998
f 3998 4142 4143
f 3998 4143 3999
f 3999 4143 4144
f 3999 4144 4000
f 4000 4144 4145
f 4000 4145 4001
f 4001 4145 4146
f 4001 4146 4002
f 4002 4146 4147
f 4002 4147 4003
f 4003 4147 4148
f 4003 4148 4004
f 4004 4148 4149
f 4004 4149 4005
f 4005 4149 4150
f 4005 4150 4006
f 4006 4150 4151
f 4006 4151 4007
f 4007 4151 4152
f 4007 4152 4008
f 4008 4152 4153
f 4008 4153 4009
f 4009 4153 4154
f 4009 4154 4010
f 4010 4154 4155
f 4010 4155 4011
f 4011 4155 4156
f 4011 4156 4012
f 4012 4156 4157
f 4012 4157 4013
f 4013 4157 4158
f 4013 4158 4014
f 4014 4158 4159
f 4014 4159 4015
f 4015 4159 4160
f 4015 4160 4016
f 4016 4160 4161
f 4016 4161 4017
f 4017 4161 4162
f 4017 4162 4018
f 4018 4162 4163
f 4018 4163 4019
f 4019 4163 4164
f 4019 4164 4020
f 4020 4164 4165
f 4020 4165 4021
f 4021 4165 4166
f 4021 4166 4022
f 4022 4166 4167
f 4022 4167 4023
f 4023 4167 4168
f 4023 4168 4024
f 4024 4168 4169
f 4024 4169 4025
f 4025 4169 4170
f 4025 4170 4026
f 4026 4170 4171
f 4026 4171 4027
f 4027 4171 4172
f 4027 4172 4028
f 4028 4172 4173
f 4028 4173 4029
f 4029 4173 4174
f 4029 4174 4030
f 4030 4174 4175
f 4030 4175 4031
f 4031 4175 4176
f 4031 4176 4032
f 4032 4176 4033
f 4032 4033 3889
f 4033 4177 4178
f 4033 4178 4034
f 4034 4178 4179
f 4034 4179 4035
f 4035 4179 4180
f 4035 4180 4036
f 4036 4180 4181
f 4036 4181 4037
f 4037 4181 4182
f 4037 4182 4038
f 4038 4182 4183
f 4038 4183 4039
f 4039 4183 4184
f 4039 4184 4040
f 4040 4184 4185
f 4040 4185 4041
f 4041 4185 4186
f 4041 4186 4042
f 4042 4186 4187
f 4042 4187 4043
f 4043 4187 4188
f 4043 4188 4044
f 4044 4188 4189
f 4044 4189 4045
f 4045 4189 4190
f 4045 4190 4046
f 4046 4190 4191
f 4046 4191 4047
f 4047 4191 4192
f 4047 4192 4048
f 4048 4192 4193
f 4048 4193 4049
f 4049 4193 4194
f 4049 4194 4050
f 4050 4194 4195
f 4050 4195 4051
f 4051 4195 4196
f 4051 4196 4052
f 4052 4196 4197
f 4052 4197 4053
f 4053 4197 4198
f 4053 4198 4054
f 4054 4198 4199
f 4054 4199 4055
f 4055 4199 4200
f 4055 4200 4056
f 4056 4200 4201
f 4056 4201 4057
f 4057 4201 4202
f 4057 4202 4058
f 4058 4202 4203
f 4058 4203 4059
f 4059 4203 4204
f 4059 4204 4060
f 4060 4204 4205
f 4060 4205 4061
f 4061 4205 4206
f 4061 4206 4062
f 4062 4206 4207
f 4062 4207 4063
f 4063 4207 4208
f 4063 4208 4064
f 4064 4208 4209
f 4064 4209 4065
f 4065 4209 4210
f 4065 4210 4066
f 4066 4210 4211
f 4066 4211 4067
f 4067 4211 4212
f 4067 4212 4068
f 4068 4212 4213
f 4068 4213 4069
f 4069 4213 4214
f 4069 4214 4070
f 4070 4214 4215
f 4070 4215 4071
f 4071 4215 4216
f 4071 4216 4072
f 4072 4216 4217
f 4072 4217 4073
f 4073 4217 4218
f 4073 4218 4074
f 4074 4218 4219
f 4074 4219 4075
f 4075 4219 4220
f 4075 4220 4076
f 4076 4220 4221
f 4076 4221 4077
f 4077 4221 4222
f 4077 4222 4078
f 4078 4222 4223
f 4078 4223 4079
f 4079 4223 4224
f 4079 4224 4080
f 4080 4224 4225
f 4080 4225 4081
f 4081 4225 4226
f 4081 4226 4082
f 4082 4226 4227
f 4082 4227 4083
f 4083 4227 4228
f 4083 4228 4084
f 4084 4228 4229
f 4084 4229 4085
f 4085 4229 4230
f 4085 4230 4086
f 4086 4230 4231
f 4086 4231 4087
f 4087 4231 4232
f 4087 4232 4088
f 4088 4232 4233
f 4088 4233 4089
f 4089 4233 4234
f 4089 4234 4090
f 4090 4234 4235
f 4090 4235 4091
f 4091 4235 4236
f 4091 4236 4092
f 4092 4236 4237
f 4092 4237 4093
f 4093 4237 4238
f 4093 4238 4094
f 4094 4238 4239
f 4094 4239 4095
f 4095 4239 4240
f 4095 4240 4096
f 4096 4240 4241
f 4096 4241 4097
f 4097 4241 4242
f 4097 4242 4098
f 4098 4242 4243
f 4098 4243 4099
f 4099 4243 4244
f 4099 4244 4100
f 4100 4244 4245
f 4100 4245 4101
f 4101 4245 4246
f 4101 4246 4102
f 4102 4246 4247
f 4102 4247 4103
f 4103 4247 4248
f 4103 4248 4104
f 4104 4248 4249
f 4104 4249 4105
f 4105 4249 4250
f 4105 4250 4106
f 4106 4250 4251
f 4106 4251 4107
f 4107 4251 4252
f 4107 4252 4108
f 4108 4252 4253
f 4108 4253 4109
f 4109 4253 4254
f 4109 4254 4110
f 4110 4254 4255
f 4110 4255 4111
f 4111 4255 4256
f 4111 4256 4112
f 4112 4256 4257
f 4112 4257 4113
f 4113 4257 4258
f 4113 4258 4114
f 4114 4258 4259
f 4114 4259 4115
f 4115 4259 4260
f 4115 4260 4116
f 4116 4260 4261
f 4116 4261 4117
f 4117 4261 4262
f 4117 4262 4118
f 4118 4262 4263
f 4118 4263 4119
f 4119 4263 4264
f 4119 4264 4120
f 4120 4264 4265
f 4120 4265 4121
f 4121 4265 4266
f 4121 4266 4122
f 4122 4266 4267
f 4122 4267 4123
f 4123 4267 4268
f 4123 4268 4124
f 4124 4268 4269
f 4124 4269 4125
f 4125 4269 4270
f 4125 4270 4126
f 4126 4270 4271
f 4126 4271 4127
f 4127 4271 4272
f 4127 4272 4128
f 4128 4272 4273
f 4128 4273 4129
f 4129 4273 4274
f 4129 4274 4130
f 4130 4274 4275
f 4130 4275 4131
f 4131 4275 4276
f 4131 4276 4132
f 4132 4276 4277
f 4132 4277 4133
f 4133 4277 4278
f 4133 4278 4134
f 4134 4278 4279
f 4134 4279 4135
f 4135 4279 4280
f 4135 4280 4136
f 4136 4280 4281
f 4136 4281 4137
f 4137 4281 4282
f 4137 4282 4138
f 4138 4282 4283
f 4138 4283 4139
f 4139 4283 4284
f 4139 4284 4140
f 4140 4284 4285
f 4140 4285 4141
f 4141 4285 4286
f 4141 4286 4142
f 4142 4286 4287
f 4142 4287 4143
f 4143 4287 4288
f 4143 4288 4144
f 4144 4288 4289
f 4144 4289 4145
f 4145 4289 4290
f 4145 4290 4146
f 4146 4290 4291
f 4146 4291 4147
f 4147 4291 4292
f 4147 4292 4148
f 4148 4292 4293
f 4148 4293 4149
f 4149 4293 4294
f 4149 4294 4150
f 4150 4294 4295
f 4150 4295 4151
f 4151 4295 4296
f 4151 4296 4152
f 4152 4296 4297
f 4152 4297 4153
f 4153 4297 4298
f 4153 4298 4154
f 4154 4298 4299
f 4154 4299 4155
f 4155 4299 4300
f 4155 4300 4156
f 4156 4300 4301
f 4156 4301 4157
f 4157 4301 4302
f 4157 4302 4158
f 4158 4302 4303
f 4158 4303 4159
f 4159 4303 4304
f 4159 4304 4160
f 4160 4304 4305
f 4160 4305 4161
f 4161 4305 4306
f 4161 4306 4162
f 4162 4306 4307
f 4162 4307 4163
f 4163 4307 4308
f 4163 4308 4164
f 4164 4308 4309
f 4164 4309 4165
f 4165 4309 4310
f 4165 4310 4166
f 4166 4310 4311
f 4166 4311 4167
f 4167 4311 4312
f 4167 4312 4168
f 4168 4312 4313
f 4168 4313 4169
f 4169 4313 4314
f 4169 4314 4170
f 4170 4314 4315
f 4170 4315 4171
f 4171 4315 4316
f 4171 4316 4172
f 4172 4316 4317
f 4172 4317 4173
f 4173 4317 4318
f 4173 4318 4174
f 4174 4318 4319
f 4174 4319 4175
f 4175 4319 4320
f 4175 4320 4176
f 4176 4320 4177
f 4176 4177 4033
f 4177 4321 4322
f 4177 4322 4178
f 4178 4322 4323
f 4178 4323 4179
f 4179 4323 4324
f 4179 4324 4180
f 4180 4324 4325
f 4180 4325 4181
f 4181 4325 4326
f 4181 4326 4182
f 4182 4326 4327
f 4182 4327 4183
f 4183 4327 4328
f 4183 4328 4184
f 4184 4328 4329
f 4184 4329 4185
f 4185 4329 4330
f 4185 4330 4186
f 4186 4330 4331
f 4186 4331 4187
f 4187 4331 4332
f 4187 4332 4188
f 4188 4332 4333
f 4188 4333 4189
f 4189 4333 4334
f 4189 4334 4190
f 4190 4334 4335
f 4190 4335 4191
f 4191 4335 4336
f 4191 4336 4192
f 4192 4336 4337
f 4192 4337 4193
f 4193 4337 4338
f 4193 4338 4194
f 4194 4338 4339
f 4194 4339 4195
f 4195 4339 4340
f 4195 4340 4196
f 4196 4340 4341
f 4196 4341 4197
f 4197 4341 4342
f 4197 4342 4198
f 4198 4342 4343
f 4198 4343 4199
f 4199 4343 4344
f 4199 4344 4200
f 4200 4344 4345
f 4200 4345 4201
f 4201 4345 4346
f 4201 4346 4202
f 4202 4346 4347
f 4202 4347 4203
f 4203 4347 4348
f 4203 4348 4204
f 4204 4348 4349
f 4204 4349 4205
f 4205 4349 4350
f 4205 4350 4206
f 4206 4350 4351
f 4206 4351 4207
f 4207 4351 4352
f 4207 4352 4208
f 4208 4352 4353
f 4208 4353 4209
f 4209 4353 4354
f 4209 4354 4210
f 4210 4354 4355
f 4210 4355 4211
f 4211 4355 4356
f 4211 4356 4212
f 4212 4356 4357
f 4212 4357 4213
f 4213 4357 4358
f 4213 4358 4214
f 4214 4358 4359
f 4214 4359 4215
f 4215 4359 4360
f 4215 4360 4216
f 4216 4360 4361
f 4216 4361 4217
f 4217 4361 4362
f 4217 4362 4218
f 4218 4362 4363
f 4218 4363 4219
f 4219 4363 4364
f 4219 4364 4220
f 4220 4364 4365
f 4220 4365 4221
f 4221 4365 4366
f 4221 4366 4222
f 4222 4366 4367
f 4222 4367 4223
f 4223 4367 4368
f 4223 4368 4224
f 4224 4368 4369
f 4224 4369 4225
f 4225 4369 4370
f 4225 4370 4226
f 4226 4370 4371
f 4226 4371 4227
f 4227 4371 4372
f 4227 4372 4228
f 4228 4372 4373
f 4228 4373 4229
f 4229 4373 4374
f 4229 4374 4230
f 4230 4374 4375
f 4230 4375 4231
f 4231 4375 4376
f 4231 4376 4232
f 4232 4376 4377
f 4232 4377 4233
f 4233 4377 4378
f 4233 4378 4234
f 4234 4378 4379
f 4234 4379 4235
f 4235 4379 4380
f 4235 4380 4236
f 4236 4380 4381
f 4236 4381 4237
f 4237 4381 4382
f 4237 4382 4238
f 4238 4382 4383
f 4238 4383 4239
f 4239 4383 4384
f 4239 4384 4240
f 4240 4384 4385
f 4240 4385 4241
f 4241 4385 4386
f 4241 4386 4242
f 4242 4386 4387
f 4242 4387 4243
f 4243 4387 4388
f 4243 4388 4244
f 4244 4388 4389
f 4244 4389 4245
f 4245 4389 4390
f 4245 4390 4246
f 4246 4390 4391
f 4246 4391 4247
f 4247 4391 4392
f 4247 4392 4248
f 4248 4392 4393
f 4248 4393 4249
f 4249 4393 4394
f 4249 4394 4250
f 4250 4394 4395
f 4250 4395 4251
f 4251 4395 4396
f 4251 4396 4252
f 4252 4396 4397
f 4252 4397 4253
f 4253 4397 4398
f 4253 4398 4254
f 4254 4398 4399
f 4254 4399 4255
f 4255 4399 4400
f 4255 4400 4256
f 4256 4400 4401
f 4256 4401 4257
f 4257 4401 4402
f 4257 4402 4258
f 4258 4402 4403
f 4258 4403 4259
f 4259 4403 4404
f 4259 4404 4260
f 4260 4404 4405
f 4260 4405 4261
f 4261 4405 4406
f 4261 4406 4262
f 4262 4406 4407
f 4262 4407 4263
f 4263 4407 4408
f 4263 4408 4264
f 4264 4408 4409
f 4264 4409 4265
f 4265 4409 4410
f 4265 4410 4266
f 4266 4410 4411
f 4266 4411 4267
f 4267 4411 4412
f 4267 4412 4268
f 4268 4412 4413
f 4268 4413 4269
f 4269 4413 4414
f 4269 4414 4270
f 4270 4414 4415
f 4270 4415 4271
f 4271 4415 4416
f 4271 4416 4272
f 4272 4416 4417
f 4272 4417 4273
f 4273 4417 4418
f 4273 4418 4274
f 4274 4418 4419
f 4274 4419 4275
f 4275 4419 4420
f 4275 4420 4276
f 4276 4420 4421
f 4276 4421 4277
f 4277 4421 4422
f 4277 4422 4278
f 4278 4422 4423
f 4278 4423 4279
f 4279 4423 4424
f 4279 4424 4280
f 4280 4424 4425
f 4280 4425 4281
f 4281 4425 4426
f 4281 4426 4282
f 4282 4426 4427
f 4282 4427 4283
f 4283 4427 4428
f 4283 4428 4284
f 4284 4428 4429
f 4284 4429 4285
f 4285 4429 4430
f 4285 4430 4286
f 4286 4430 4431
f 4286 4431 4287
f 4287 4431 4432
f 4287 4432 4288
f 4288 4432 4433
f 4288 4433 4289
f 4289 4433 4434
f 4289 4434 4290
f 4290 4434 4435
f 4290 4435 4291
f 4291 4435 4436
f 4291 4436 4292
f 4292 4436 4437
f 4292 4437 4293
f 4293 4437 4438
f 4293 4438 4294
f 4294 4438 4439
f 4294 4439 4295
f 4295 4439 4440
f 4295 4440 4296
f 4296 4440 4441
f 4296 4441 4297
f 4297 4441 4442
f 4297 4442 4298
f 4298 4442 4443
f 4298 4443 4299
f 4299 4443 4444
f 4299 4444 4300
f 4300 4444 4445
f 4300 4445 4301
f 4301 4445 4446
f 4301 4446 4302
f 4302 4446 4447
f 4302 4447 4303
f 4303 4447 4448
f 4303 4448 4304
f 4304 4448 4449
f 4304 4449 4305
f 4305 4449 4450
f 4305 4450 4306
f 4306 4450 4451
f 4306 4451 4307
f 4307 4451 4452
f 4307 4452 4308
f 4308 4452 4453
f 4308 4453 4309
f 4309 4453 4454
f 4309 4454 4310
f 4310 4454 4455
f 4310 4455 4311
f 4311 4455 4456
f 4311 4456 4312
f 4312 4456 4457
f 4312 4457 4313
f 4313 4457 4458
f 4313 4458 4314
f 4314 4458 4459
f 4314 4459 4315
f 4315 4459 4460
f 4315 4460 4316
f 4316 4460 4461
f 4316 4461 4317
f 4317 4461 4462
f 4317 4462 4318
f 4318 4462 4463
f 4318 4463 4319
f 4319 4463 4464
f 4319 4464 4320
f 4320 4464 4321
f 4320 4321 4177
f 4321 4465 4466
f 4321 4466 4322
f 4322 4466 4467
f 4322 4467 4323
f 4323 4467 4468
f 4323 4468 4324
f 4324 4468 4469
f 4324 4469 4325
f 4325 4469 4470
f 4325 4470 4326
f 4326 4470 4471
f 4326 4471 4327
f 4327 4471 4472
f 4327 4472 4328
f 4328 4472 4473
f 4328 4473 4329
f 4329 4473 4474
f 4329 4474 4330
f 4330 4474 4475
f 4330 4475 4331
f 4331 4475 4476
f 4331 4476 4332
f 4332 4476 4477
f 4332 4477 4333
f 4333 4477 4478
f 4333 4478 4334
f 4334 4478 4479
f 4334 4479 4335
f 4335 4479 4480
f 4335 4480 4336
f 4336 4480 4481
f 4336 4481 4337
f 4337 4481 4482
f 4337 4482 4338
f 4338 4482 4483
f 4338 4483 4339
f 4339 4483 4484
f 4339 4484 4340
f 4340 4484 4485
f 4340 4485 4341
f 4341 4485 4486
f 4341 4486 4342
f 4342 4486 4487
f 4342 4487 4343
f 4343 4487 4488
f 4343 4488 4344
f 4344 4488 4489
f 4344 4489 4345
f 4345 4489 4490
f 4345 4490 4346
f 4346 4490 4491
f 4346 4491 4347
f 4347 4491 4492
f 4347 4492 4348
f 4348 4492 4493
f 4348 4493 4349
f 4349 4493 4494
f 4349 4494 4350
f 4350 4494 4495
f 4350 4495 4351
f 4351 4495 4496
f 4351 4496 4352
f 4352 4496 4497
f 4352 4497 4353
f 4353 4497 4498
f 4353 4498 4354
f 4354 4498 4499
f 4354 4499 4355
f 4355 4499 4500
f 4355 4500 4356
f 4356 4500 4501
f 4356 4501 4357
f 4357 4501 4502
f 4357 4502 4358
f 4358 4502 4503
f 4358 4503 4359
f 4359 4503 4504
f 4359 4504 4360
f 4360 4504 4505
f 4360 4505 4361
f 4361 4505 4506
f 4361 4506 4362
f 4362 4506 4507
f 4362 4507 4363
f 4363 4507 4508
f 4363 4508 4364
f 4364 4508 4509
f 4364 4509 4365
f 4365 4509 4510
f 4365 4510 4366
f 4366 4510 4511
f 4366 4511 4367
f 4367 4511 4512
f 4367 4512 4368
f 4368 4512 4513
f 4368 4513 4369
f 4369 4513 4514
f 4369 4514 4370
f 4370 4514 4515
f 4370 4515 4371
f 4371 4515 4516
f 4371 4516 4372
f 4372 4516 4517
f 4372 4517 4373
f 4373 4517 4518
f 4373 4518 4374
f 4374 4518 4519
f 4374 4519 4375
f 4375 4519 4520
f 4375 4520 4376
f 4376 4520 4521
f 4376 4521 4377
f 4377 4521 4522
f 4377 4522 4378
f 4378 4522 4523
f 4378 4523 4379
f 4379 4523 4524
f 4379 4524 4380
f 4380 4524 4525
f 4380 4525 4381
f 4381 4525 4526
f 4381 4526 4382
f 4382 4526 4527
f 4382 4527 4383
f 4383 4527 4528
f 4383 4528 4384
f 4384 4528 4529
f 4384 4529 4385
f 4385 4529 4530
f 4385 4530 4386
f 4386 4530 4531
f 4386 4531 4387
f 4387 4531 4532
f 4387 4532 4388
f 4388 4532 4533
f 4388 4533 4389
f 4389 4533 4534
f 4389 4534 4390
f 4390 4534 4535
f 4390 4535 4391
f 4391 4535 4536
f 4391 4536 4392
f 4392 4536 4537
f 4392 4537 4393
f 4393 4537 4538
f 4393 4538 4394
f 4394 4538 4539
f 4394 4539 4395
f 4395 4539 4540
f 4395 4540 4396
f 4396 4540 4541
f 4396 4541 4397
f 4397 4541 4542
f 4397 4542 4398
f 4398 4542 4543
f 4398 4543 4399
f 4399 4543 4544
f 4399 4544 4400
f 4400 4544 4545
f 4400 4545 4401
f 4401 4545 4546
f 4401 4546 4402
f 4402 4546 4547
f 4402 4547 4403
f 4403 4547 4548
f 4403 4548 4404
f 4404 4548 4549
f 4404 4549 4405
f 4405 4549 4550
f 4405 4550 4406
f 4406 4550 4551
f 4406 4551 4407
f 4407 4551 4552
f 4407 4552 4408
f 4408 4552 4553
f 4408 4553 4409
f 4409 4553 4554
f 4409 4554 4410
f 4410 4554 4555
f 4410 4555 4411
f 4411 4555 4556
f 4411 4556 4412
f 4412 4556 4557
f 4412 4557 4413
f 4413 4557 4558
f 4413 4558 4414
f 4414 4558 4559
f 4414 4559 4415
f 4415 4559 4560
f 4415 4560 4416
f 4416 4560 4561
f 4416 4561 4417
f 4417 4561 4562
f 4417 4562 4418
f 4418 4562 4563
f 4418 4563 4419
f 4419 4563 4564
f 4419 4564 4420
f 4420 4564 4565
f 4420 4565 4421
f 4421 4565 4566
f 4421 4566 4422
f 4422 4566 4567
f 4422 4567 4423
f 4423 4567 4568
f 4423 4568 4424
f 4424 4568 4569
f 4424 4569 4425
f 4425 4569 4570
f 4425 4570 4426
f 4426 4570 4571
f 4426 4571 4427
f 4427 4571 4572
f 4427 4572 4428
f 4428 4572 4573
f 4428 4573 4429
f 4429 4573 4574
f 4429 4574 4430
f 4430 4574 4575
f 4430 4575 4431
f 4431 4575 4576
f 4431 4576 4432
f 4432 4576 4577
f 4432 4577 4433
f 4433 4577 4578
f 4433 4578 4434
f 4434 4578 4579
f 4434 4579 4435
f 4435 4579 4580
f 4435 4580 4436
f 4436 4580 4581
f 4436 4581 4437
f 4437 4581 4582
f 4437 4582 4438
f 4438 4582 4583
f 4438 4583 4439
f 4439 4583 4584
f 4439 4584 4440
f 4440 4584 4585
f 4440 4585 4441
f 4441 4585 4586
f 4441 4586 4442
f 4442 4586 4587
f 4442 4587 4443
f 4443 4587 4588
f 4443 4588 4444
f 4444 4588 4589
f 4444 4589 4445
f 4445 4589 4590
f 4445 4590 4446
f 4446 4590 4591
f 4446 4591 4447
f 4447 4591 4592
f 4447 4592 4448
f 4448 4592 4593
f 4448 4593 4449
f 4449 4593 4594
f 4449 4594 4450
f 4450 4594 4595
f 4450 4595 4451
f 4451 4595 4596
f 4451 4596 4452
f 4452 4596 4597
f 4452 4597 4453
f 4453 4597 4598
f 4453 4598 4454
f 4454 4598 4599
f 4454 4599 4455
f 4455 4599 4600
f 4455 4600 4456
f 4456 4600 4601
f 4456 4601 4457
f 4457 4601 4602
f 4457 4602 4458
f 4458 4602 4603
f 4458 4603 4459
f 4459 4603 4604
f 4459 4604 4460
f 4460 4604 4605
f 4460 4605 4461
f 4461 4605 4606
f 4461 4606 4462
f 4462 4606 4607
f 4462 4607 4463
f 4463 4607 4608
f 4463 4608 4464
f 4464 4608 4465
f 4464 4465 4321
f 4465 4609 4610
f 4465 4610 4466
f 4466 4610 4611
f 4466 4611 4467
f 4467 4611 4612
f 4467 4612 4468
f 4468 4612 4613
f 4468 4613 4469
f 4469 4613 4614
f 4469 4614 4470
f 4470 4614 4615
f 4470 4615 4471
f 4471 4615 4616
f 4471 4616 4472
f 4472 4616 4617
f 4472 4617 4473
f 4473 4617 4618
f 4473 4618 4474
f 4474 4618 4619
f 4474 4619 4475
f 4475 4619 4620
f 4475 4620 4476
f 4476 4620 4621
f 4476 4621 4477
f 4477 4621 4622
f 4477 4622 4478
f 4478 4622 4623
f 4478 4623 4479
f 4479 4623 4624
f 4479 4624 4480
f 4480 4624 4625
f 4480 4625 4481
f 4481 4625 4626
f 4481 4626 4482
f 4482 4626 4627
f 4482 4627 4483
f 4483 4627 4628
f 4483 4628 4484
f 4484 4628 4629
f 4484 4629 4485
f 4485 4629 4630
f 4485 4630 4486
f 4486 4630 4631
f 4486 4631 4487
f 4487 4631 4632
f 4487 4632 4488
f 4488 4632 4633
f 4488 4633 4489
f 4489 4633 4634
f 4489 4634 4490
f 4490 4634 4635
f 4490 4635 4491
f 4491 4635 4636
f 4491 4636 4492
f 4492 4636 4637
f 4492 4637 4493
f 4493 4637 4638
f 4493 4638 4494
f 4494 4638 4639
f 4494 4639 4495
f 4495 4639 4640
f 4495 4640 4496
f 4496 4640 4641
f 4496 4641 4497
f 4497 4641 4642
f 4497 4642 4498
f 4498 4642 4643
f 4498 4643 4499
f 4499 4643 4644
f 4499 4644 4500
f 4500 4644 4645
f 4500 4645 4501
f 4501 4645 4646
f 4501 4646 4502
f 4502 4646 4647
f 4502 4647 4503
f 4503 4647 4648
f 4503 4648 4504
f 4504 4648 4649
f 4504 4649 4505
f 4505 4649 4650
f 4505 4650 4506
f 4506 4650 4651
f 4506 4651 4507
f 4507 4651 4652
f 4507 4652 4508
f 4508 4652 4653
f 4508 4653 4509
f 4509 4653 4654
f 4509 4654 4510
f 4510 4654 4655
f 4510 4655 4511
f 4511 4655 4656
f 4511 4656 4512
f 4512 4656 4657
f 4512 4657 4513
f 4513 4657 4658
f 4513 4658 4514
f 4514 4658 4659
f 4514 4659 4515
f 4515 4659 4660
f 4515 4660 4516
f 4516 4660 4661
f 4516 4661 4517
f 4517 4661 4662
f 4517 4662 4518
f 4518 4662 4663
f 4518 4663 4519
f 4519 4663 4664
f 4519 4664 4520
f 4520 4664 4665
f 4520 4665 4521
f 4521 4665 4666
f 4521 4666 4522
f 4522 4666 4667
f 4522 4667 4523
f 4523 4667 4668
f 4523 4668 4524
f 4524 4668 4669
f 4524 4669 4525
f 4525 4669 4670
f 4525 4670 4526
f 4526 4670 4671
f 4526 4671 4527
f 4527 4671 4672
f 4527 4672 4528
f 4528 4672 4673
f 4528 4673 4529
f 4529 4673 4674
f 4529 4674 4530
f 4530 4674 4675
f 4530 4675 4531
f 4531 4675 4676
f 4531 4676 4532
f 4532 4676 4677
f 4532 4677 4533
f 4533 4677 4678
f 4533 4678 4534
f 4534 4678 4679
f 4534 4679 4535
f 4535 4679 4680
f 4535 4680 4536
f 4536 4680 4681
f 4536 4681 4537
f 4537 4681 4682
f 4537 4682 4538
f 4538 4682 4683
f 4538 4683 4539
f 4539 4683 4684
f 4539 4684 4540
f 4540 4684 4685
f 4540 4685 4541
f 4541 4685 4686
f 4541 4686 4542
f 4542 4686 4687
f 4542 4687 4543
f 4543 4687 4688
f 4543 4688 4544
f 4544 4688 4689
f 4544 4689 4545
f 4545 4689 4690
f 4545 4690 4546
f 4546 4690 4691
f 4546 4691 4547
f 4547 4691 4692
f 4547 4692 4548
f 4548 4692 4693
f 4548 4693 4549
f 4549 4693 4694
f 4549 4694 4550
f 4550 4694 4695
f 4550 4695 4551
f 4551 4695 4696
f 4551 4696 4552
f 4552 4696 4697
f 4552 4697 4553
f 4553 4697 4698
f 4553 4698 4554
f 4554 4698 4699
f 4554 4699 4555
f 4555 4699 4700
f 4555 4700 4556
f 4556 4700 4701
f 4556 4701 4557
f 4557 4701 4702
f 4557 4702 4558
f 4558 4702 4703
f 4558 4703 4559
f 4559 4703 4704
f 4559 4704 4560
f 4560 4704 4705
f 4560 4705 4561
f 4561 4705 4706
f 4561 4706 4562
f 4562 4706 4707
f 4562 4707 4563
f 4563 4707 4708
f 4563 4708 4564
f 4564 4708 4709
f 4564 4709 4565
f 4565 4709 4710
f 4565 4710 4566
f 4566 4710 4711
f 4566 4711 4567
f 4567 4711 4712
f 4567 4712 4568
f 4568 4712 4713
f 4568 4713 4569
f 4569 4713 4714
f 4569 4714 4570
f 4570 4714 4715
f 4570 4715 4571
f 4571 4715 4716
f 4571 4716 4572
f 4572 4716 4717
f 4572 4717 4573
f 4573 4717 4718
f 4573 4718 4574
f 4574 4718 4719
f 4574 4719 4575
f 4575 4719 4720
f 4575 4720 4576
f 4576 4720 4721
f 4576 4721 4577
f 4577 4721 4722
f 4577 4722 4578
f 4578 4722 4723
f 4578 4723 4579
f 4579 4723 4724
f 4579 4724 4580
f 4580 4724 4725
f 4580 4725 4581
f 4581 4725 4726
f 4581 4726 4582
f 4582 4726 4727
f 4582 4727 4583
f 4583 4727 4728
f 4583 4728 4584
f 4584 4728 4729
f 4584 4729 4585
f 4585 4729 4730
f 4585 4730 4586
f 4586 4730 4731
f 4586 4731 4587
f 4587 4731 4732
f 4587 4732 4588
f 4588 4732 4733
f 4588 4733 4589
f 4589 4733 4734
f 4589 4734 4590
f 4590 4734 4735
f 4590 4735 4591
f 4591 4735 4736
f 4591 4736 4592
f 4592 4736 4737
f 4592 4737 4593
f 4593 4737 4738
f 4593 4738 4594
f 4594 4738 4739
f 4594 4739 4595
f 4595 4739 4740
f 4595 4740 4596
f 4596 4740 4741
f 4596 4741 4597
f 4597 4741 4742
f 4597 4742 4598
f 4598 4742 4743
f 4598 4743 4599
f 4599 4743 4744
f 4599 4744 4600
f 4600 4744 4745
f 4600 4745 4601
f 4601 4745 4746
f 4601 4746 4602
f 4602 4746 4747
f 4602 4747 4603
f 4603 4747 4748
f 4603 4748 4604
f 4604 4748 4749
f 4604 4749 4605
f 4605 4749 4750
f 4605 4750 4606
f 4606 4750 4751
f 4606 4751 4607
f 4607 4751 4752
f 4607 4752 4608
f 4608 4752 4609
f 4608 4609 4465
f 4609 4753 4754
f 4609 4754 4610
f 4610 4754 4755
f 4610 4755 4611
f 4611 4755 4756
f 4611 4756 4612
f 4612 4756 4757
f 4612 4757 4613
f 4613 4757 4758
f 4613 4758 4614
f 4614 4758 4759
f 4614 4759 4615
f 4615 4759 4760
f 4615 4760 4616
f 4616 4760 4761
f 4616 4761 4617
f 4617 4761 4762
f 4617 4762 4618
f 4618 4762 4763
f 4618 4763 4619
f 4619 4763 4764
f 4619 4764 4620
f 4620 4764 4765
f 4620 4765 4621
f 4621 4765 4766
f 4621 4766 4622
f 4622 4766 4767
f 4622 4767 4623
f 4623 4767 4768
f 4623 4768 4624
f 4624 4768 4769
f 4624 4769 4625
f 4625 4769 4770
f 4625 4770 4626
f 4626 4770 4771
f 4626 4771 4627
f 4627 4771 4772
f 4627 4772 4628
f 4628 4772 4773
f 4628 4773 4629
f 4629 4773 4774
f 4629 4774 4630
f 4630 4774 4775
f 4630 4775 4631
f 4631 4775 4776
f 4631 4776 4632
f 4632 4776 4777
f 4632 4777 4633
f 4633 4777 4778
f 4633 4778 4634
f 4634 4778 4779
f 4634 4779 4635
f 4635 4779 4780
f 4635 4780 4636
f 4636 4780 4781
f 4636 4781 4637
f 4637 4781 4782
f 4637 4782 4638
f 4638 4782 4783
f 4638 4783 4639
f 4639 4783 4784
f 4639 4784 4640
f 4640 4784 4785
f 4640 4785 4641
f 4641 4785 4786
f 4641 4786 4642
f 4642 4786 4787
f 4642 4787 4643
f 4643 4787 4788
f 4643 4788 4644
f 4644 4788 4789
f 4644 4789 4645
f 4645 4789 4790
f 4645 4790 4646
f 4646 4790 4791
f 4646 4791 4647
f 4647 4791 4792
f 4647 4792 4648
f 4648 4792 4793
f 4648 4793 4649
f 4649 4793 4794
f 4649 4794 4650
f 4650 4794 4795
f 4650 4795 4651
f 4651 4795 4796
f 4651 4796 4652
f 4652 4796 4797
f 4652 4797 4653
f 4653 4797 4798
f 4653 4798 4654
f 4654 4798 4799
f 4654 4799 4655
f 4655 4799 4800
f 4655 4800 4656
f 4656 4800 4801
f 4656 4801 4657
f 4657 4801 4802
f 4657 4802 4658
f 4658 4802 4803
f 4658 4803 4659
f 4659 4803 4804
f 4659 4804 4660
f 4660 4804 4805
f 4660 4805 4661
f 4661 4805 4806
f 4661 4806 4662
f 4662 4806 4807
f 4662 4807 4663
f 4663 4807 4808
f 4663 4808 4664
f 4664 4808 4809
f 4664 4809 4665
f 4665 4809 4810
f 4665 4810 4666
f 4666 4810 4811
f 4666 4811 4667
f 4667 4811 4812
f 4667 4812 4668
f 4668 4812 4813
f 4668 4813 4669
f 4669 4813 4814
f 4669 4814 4670
f 4670 4814 4815
f 4670 4815 4671
f 4671 4815 4816
f 4671 4816 4672
f 4672 4816 4817
f 4672 4817 4673
f 4673 4817 4818
f 4673 4818 4674
f 4674 4818 4819
f 4674 4819 4675
f 4675 4819 4820
f 4675 4820 4676
f 4676 4820 4821
f 4676 4821 4677
f 4677 4821 4822
f 4677 4822 4678
f 4678 4822 4823
f 4678 4823 4679
f 4679 4823 4824
f 4679 4824 4680
f 4680 4824 4825
f 4680 4825 4681
f 4681 4825 4826
f 4681 4826 4682
f 4682 4826 4827
f 4682 4827 4683
f 4683 4827 4828
f 4683 4828 4684
f 4684 4828 4829
f 4684 4829 4685
f 4685 4829 4830
f 4685 4830 4686
f 4686 4830 4831
f 4686 4831 4687
f 4687 4831 4832
f 4687 4832 4688
f 4688 4832 4833
f 4688 4833 4689
f 4689 4833 4834
f 4689 4834 4690
f 4690 4834 4835
f 4690 4835 4691
f 4691 4835 4836
f 4691 4836 4692
f 4692 4836 4837
f 4692 4837 4693
f 4693 4837 4838
f 4693 4838 4694
f 4694 4838 4839
f 4694 4839 4695
f 4695 4839 4840
f 4695 4840 4696
f 4696 4840 4841
f 4696 4841 4697
f 4697 4841 4842
f 4697 4842 4698
f 4698 4842 4843
f 4698 4843 4699
f 4699 4843 4844
f 4699 4844 4700
f 4700 4844 4845
f 4700 4845 4701
f 4701 4845 4846
f 4701 4846 4702
f 4702 4846 4847
f 4702 4847 4703
f 4703 4847 4848
f 4703 4848 4704
f 4704 4848 4849
f 4704 4849 4705
f 4705 4849 4850
f 4705 4850 4706
f 4706 4850 4851
f 4706 4851 4707
f 4707 4851 4852
f 4707 4852 4708
f 4708 4852 4853
f 4708 4853 4709
f 4709 4853 4854
f 4709 4854 4710
f 4710 4854 4855
f 4710 4855 4711
f 4711 4855 4856
f 4711 4856 4712
f 4712 4856 4857
f 4712 4857 4713
f 4713 4857 4858
f 4713 4858 4714
f 4714 4858 4859
f 4714 4859 4715
f 4715 4859 4860
f 4715 4860 4716
f 4716 4860 4861
f 4716 4861 4717
f 4717 4861 4862
f 4717 4862 4718
f 4718 4862 4863
f 4718 4863 4719
f 4719 4863 4864
f 4719 4864 4720
f 4720 4864 4865
f 4720 4865 4721
f 4721 4865 4866
f 4721 4866 4722
f 4722 4866 4867
f 4722 4867 4723
f 4723 4867 4868
f 4723 4868 4724
f 4724 4868 4869
f 4724 4869 4725
f 4725 4869 4870
f 4725 4870 4726
f 4726 4870 4871
f 4726 4871 4727
f 4727 4871 4872
f 4727 4872 4728
f 4728 4872 4873
f 4728 4873 4729
f 4729 4873 4874
f 4729 4874 4730
f 4730 4874 4875
f 4730 4875 4731
f 4731 4875 4876
f 4731 4876 4732
f 4732 4876 4877
f 4732 4877 4733
f 4733 4877 4878
f 4733 4878 4734
f 4734 4878 4879
f 4734 4879 4735
f 4735 4879 4880
f 4735 4880 4736
f 4736 4880 4881
f 4736 4881 4737
f 4737 4881 4882
f 4737 4882 4738
f 4738 4882 4883
f 4738 4883 4739
f 4739 4883 4884
f 4739 4884 4740
f 4740 4884 4885
f 4740 4885 4741
f 4741 4885 4886
f 4741 4886 4742
f 4742 4886 4887
f 4742 4887 4743
f 4743 4887 4888
f 4743 4888 4744
f 4744 4888 4889
f 4744 4889 4745
f 4745 4889 4890
f 4745 4890 4746
f 4746 4890 4891
f 4746 4891 4747
f 4747 4891 4892
f 4747 4892 4748
f 4748 4892 4893
f 4748 4893 4749
f 4749 4893 4894
f 4749 4894 4750
f 4750 4894 4895
f 4750 4895 4751
f 4751 4895 4896
f 4751 4896 4752
f 4752 4896 4753
f 4752 4753 4609
f 4753 4897 4898
f 4753 4898 4754
f 4754 4898 4899
f 4754 4899 4755
f 4755 4899 4900
f 4755 4900 4756
f 4756 4900 4901
f 4756 4901 4757
f 4757 4901 4902
f 4757 4902 4758
f 4758 4902 4903
f 4758 4903 4759
f 4759 4903 4904
f 4759 4904 4760
f 4760 4904 4905
f 4760 4905 4761
f 4761 4905 4906
f 4761 4906 4762
f 4762 4906 4907
f 4762 4907 4763
f 4763 4907 4908
f 4763 4908 4764
f 4764 4908 4909
f 4764 4909 4765
f 4765 4909 4910
f 4765 4910 4766
f 4766 4910 4911
f 4766 4911 4767
f 4767 4911 4912
f 4767 4912 4768
f 4768 4912 4913
f 4768 4913 4769
f 4769 4913 4914
f 4769 4914 4770
f 4770 4914 4915
f 4770 4915 4771
f 4771 4915 4916
f 4771 4916 4772
f 4772 4916 4917
f 4772 4917 4773
f 4773 4917 4918
f 4773 4918 4774
f 4774 4918 4919
f 4774 4919 4775
f 4775 4919 4920
f 4775 4920 4776
f 4776 4920 4921
f 4776 4921 4777
f 4777 4921 4922
f 4777 4922 4778
f 4778 4922 4923
f 4778 4923 4779
f 4779 4923 4924
f 4779 4924 4780
f 4780 4924 4925
f 4780 4925 4781
f 4781 4925 4926
f 4781 4926 4782
f 4782 4926 4927
f 4782 4927 4783
f 4783 4927 4928
f 4783 4928 4784
f 4784 4928 4929
f 4784 4929 4785
f 4785 4929 4930
f 4785 4930 4786
f 4786 4930 4931
f 4786 4931 4787
f 4787 4931 4932
f 4787 4932 4788
f 4788 4932 4933
f 4788 4933 4789
f 4789 4933 4934
f 4789 4934 4790
f 4790 4934 4935
f 4790 4935 4791
f 4791 4935 4936
f 4791 4936 4792
f 4792 4936 4937
f 4792 4937 4793
f 4793 4937 4938
f 4793 4938 4794
f 4794 4938 4939
f 4794 4939 4795
f 4795 4939 4940
f 4795 4940 4796
f 4796 4940 4941
f 4796 4941 4797
f 4797 4941 4942
f 4797 4942 4798
f 4798 4942 4943
f 4798 4943 4799
f 4799 4943 4944
f 4799 4944 4800
f 4800 4944 4945
f 4800 4945 4801
f 4801 4945 4946
f 4801 4946 4802
f 4802 4946 4947
f 4802 4947 4803
f 4803 4947 4948
f 4803 4948 4804
f 4804 4948 4949
f 4804 4949 4805
f 4805 4949 4950
f 4805 4950 4806
f 4806 4950 4951
f 4806 4951 4807
f 4807 4951 4952
f 4807 4952 4808
f 4808 4952 4953
f 4808 4953 4809
f 4809 4953 4954
f 4809 4954 4810
f 4810 4954 4955
f 4810 4955 4811
f 4811 4955 4956
f 4811 4956 4812
f 4812 4956 4957
f 4812 4957 4813
f 4813 4957 4958
f 4813 4958 4814
f 4814 4958 4959
f 4814 4959 4815
f 4815 4959 4960
f 4815 4960 4816
f 4816 4960 4961
f 4816 4961 4817
f 4817 4961 4962
f 4817 4962 4818
f 4818 4962 4963
f 4818 4963 4819
f 4819 4963 4964
f 4819 4964 4820
f 4820 4964 4965
f 4820 4965 4821
f 4821 4965 4966
f 4821 4966 4822
f 4822 4966 4967
f 4822 4967 4823
f 4823 4967 4968
f 4823 4968 4824
f 4824 4968 4969
f 4824 4969 4825
f 4825 4969 4970
f 4825 4970 4826
f 4826 4970 4971
f 4826 4971 4827
f 4827 4971 4972
f 4827 4972 4828
f 4828 4972 4973
f 4828 4973 4829
f 4829 4973 4974
f 4829 4974 4830
f 4830 4974 4975
f 4830 4975 4831
f 4831 4975 4976
f 4831 4976 4832
f 4832 4976 4977
f 4832 4977 4833
f 4833 4977 4978
f 4833 4978 4834
f 4834 4978 4979
f 4834 4979 4835
f 4835 4979 4980
f 4835 4980 4836
f 4836 4980 4981
f 4836 4981 4837
f 4837 4981 4982
f 4837 4982 4838
f 4838 4982 4983
f 4838 4983 4839
f 4839 4983 4984
f 4839 4984 4840
f 4840 4984 4985
f 4840 4985 4841
f 4841 4985 4986
f 4841 4986 4842
f 4842 4986 4987
f 4842 4987 4843
f 4843 4987 4988
f 4843 4988 4844
f 4844 4988 4989
f 4844 4989 4845
f 4845 4989 4990
f 4845 4990 4846
f 4846 4990 4991
f 4846 4991 4847
f 4847 4991 4992
f 4847 4992 4848
f 4848 4992 4993
f 4848 4993 4849
f 4849 4993 4994
f 4849 4994 4850
f 4850 4994 4995
f 4850 4995 4851
f 4851 4995 4996
f 4851 4996 4852
f 4852 4996 4997
f 4852 4997 4853
f 4853 4997 4998
f 4853 4998 4854
f 4854 4998 4999
f 4854 4999 4855
f 4855 4999 5000
f 4855 5000 4856
f 4856 5000 5001
f 4856 5001 4857
f 4857 5001 5002
f 4857 5002 4858
f 4858 5002 5003
f 4858 5003 4859
f 4859 5003 5004
f 4859 5004 4860
f 4860 5004 5005
f 4860 5005 4861
f 4861 5005 5006
f 4861 5006 4862
f 4862 5006 5007
f 4862 5007 4863
f 4863 5007 5008
f 4863 5008 4864
f 4864 5008 5009
f 4864 5009 4865
f 4865 5009 5010
f 4865 5010 4866
f 4866 5010 5011
f 4866 5011 4867
f 4867 5011 5012
f 4867 5012 4868
f 4868 5012 5013
f 4868 5013 4869
f 4869 5013 5014
f 4869 5014 4870
f 4870 5014 5015
f 4870 5015 4871
f 4871 5015 5016
f 4871 5016 4872
f 4872 5016 5017
f 4872 5017 4873
f 4873 5017 5018
f 4873 5018 4874
f 4874 5018 5019
f 4874 5019 4875
f 4875 5019 5020
f 4875 5020 4876
f 4876 5020 5021
f 4876 5021 4877
f 4877 5021 5022
f 4877 5022 4878
f 4878 5022 5023
f 4878 5023 4879
f 4879 5023 5024
f 4879 5024 4880
f 4880 5024 5025
f 4880 5025 4881
f 4881 5025 5026
f 4881 5026 4882
f 4882 5026 5027
f 4882 5027 4883
f 4883 5027 5028
f 4883 5028 4884
f 4884 5028 5029
f 4884 5029 4885
f 4885 5029 5030
f 4885 5030 4886
f 4886 5030 5031
f 4886 5031 4887
f 4887 5031 5032
f 4887 5032 4888
f 4888 5032 5033
f 4888 5033 4889
f 4889 5033 5034
f 4889 5034 4890
f 4890 5034 5035
f 4890 5035 4891
f 4891 5035 5036
f 4891 5036 4892
f 4892 5036 5037
f 4892 5037 4893
f 4893 5037 5038
f 4893 5038 4894
f 4894 5038 5039
f 4894 5039 4895
f 4895 5039 5040
f 4895 5040 4896
f 4896 5040 4897
f 4896 4897 4753
f 4897 5041 5042
f 4897 5042 4898
f 4898 5042 5043
f 4898 5043 4899
f 4899 5043 5044
f 4899 5044 4900
f 4900 5044 5045
f 4900 5045 4901
f 4901 5045 5046
f 4901 5046 4902
f 4902 5046 5047
f 4902 5047 4903
f 4903 5047 5048
f 4903 5048 4904
f 4904 5048 5049
f 4904 5049 4905
f 4905 5049 5050
f 4905 5050 4906
f 4906 5050 5051
f 4906 5051 4907
f 4907 5051 5052
f 4907 5052 4908
f 4908 5052 5053
f 4908 5053 4909
f 4909 5053 5054
f 4909 5054 4910
f 4910 5054 5055
f 4910 5055 4911
f 4911 5055 5056
f 4911 5056 4912
f 4912 5056 5057
f 4912 5057 4913
f 4913 5057 5058
f 4913 5058 4914
f 4914 5058 5059
f 4914 5059 4915
f 4915 5059 5060
f 4915 5060 4916
f 4916 5060 5061
f 4916 5061 4917
f 4917 5061 5062
f 4917 5062 4918
f 4918 5062 5063
f 4918 5063 4919
f 4919 5063 5064
f 4919 5064 4920
f 4920 5064 5065
f 4920 5065 4921
f 4921 5065 5066
f 4921 5066 4922
f 4922 5066 5067
f 4922 5067 4923
f 4923 5067 5068
f 4923 5068 4924
f 4924 5068 5069
f 4924 5069 4925
f 4925 5069 5070
f 4925 5070 4926
f 4926 5070 5071
f 4926 5071 4927
f 4927 5071 5072
f 4927 5072 4928
f 4928 5072 5073
f 4928 5073 4929
f 4929 5073 5074
f 4929 5074 4930
f 4930 5074 5075
f 4930 5075 4931
f 4931 5075 5076
f 4931 5076 4932
f 4932 5076 5077
f 4932 5077 4933
f 4933 5077 5078
f 4933 5078 4934
f 4934 5078 5079
f 4934 5079 4935
f 4935 5079 5080
f 4935 5080 4936
f 4936 5080 5081
f 4936 5081 4937
f 4937 5081 5082
f 4937 5082 4938
f 4938 5082 5083
f 4938 5083 4939
f 4939 5083 5084
f 4939 5084 4940
f 4940 5084 5085
f 4940 5085 4941
f 4941 5085 5086
f 4941 5086 4942
f 4942 5086 5087
f 4942 5087 4943
f 4943 5087 5088
f 4943 5088 4944
f 4944 5088 5089
f 4944 5089 4945
f 4945 5089 5090
f 4945 5090 4946
f 4946 5090 5091
f 4946 5091 4947
f 4947 5091 5092
f 4947 5092 4948
f 4948 5092 5093
f 4948 5093 4949
f 4949 5093 5094
f 4949 5094 4950
f 4950 5094 5095
f 4950 5095 4951
f 4951 5095 5096
f 4951 5096 4952
f 4952 5096 5097
f 4952 5097 4953
f 4953 5097 5098
f 4953 5098 4954
f 4954 5098 5099
f 4954 5099 4955
f 4955 5099 5100
f 4955 5100 4956
f 4956 5100 5101
f 4956 5101 4957
f 4957 5101 5102
f 4957 5102 4958
f 4958 5102 5103
f 4958 5103 4959
f 4959 5103 5104
f 4959 5104 4960
f 4960 5104 5105
f 4960 5105 4961
f 4961 5105 5106
f 4961 5106 4962
f 4962 5106 5107
f 4962 5107 4963
f 4963 5107 5108
f 4963 5108 4964
f 4964 5108 5109
f 4964 5109 4965
f 4965 5109 5110
f 4965 5110 4966
f 4966 5110 5111
f 4966 5111 4967
f 4967 5111 5112
f 4967 5112 4968
f 4968 5112 5113
f 4968 5113 4969
f 4969 5113 5114
f 4969 5114 4970
f 4970 5114 5115
f 4970 5115 4971
f 4971 5115 5116
f 4971 5116 4972
f 4972 5116 5117
f 4972 5117 4973
f 4973 5117 5118
f 4973 5118 4974
f 4974 5118 5119
f 4974 5119 4975
f 4975 5119 5120
f 4975 5120 4976
f 4976 5120 5121
f 4976 5121 4977
f 4977 5121 5122
f 4977 5122 4978
f 4978 5122 5123
f 4978 5123 4979
f 4979 5123 5124
f 4979 5124 4980
f 4980 5124 5125
f 4980 5125 4981
f 4981 5125 5126
f 4981 5126 4982
f 4982 5126 5127
f 4982 5127 4983
f 4983 5127 5128
f 4983 5128 4984
f 4984 5128 5129
f 4984 5129 4985
f 4985 5129 5130
f 4985 5130 4986
f 4986 5130 5131
f 4986 5131 4987
f 4987 5131 5132
f 4987 5132 4988
f 4988 5132 5133
f 4988 5133 4989
f 4989 5133 5134
f 4989 5134 4990
f 4990 5134 5135
f 4990 5135 4991
f 4991 5135 5136
f 4991 5136 4992
f 4992 5136 5137
f 4992 5137 4993
f 4993 5137 5138
f 4993 5138 4994
f 4994 5138 5139
f 4994 5139 4995
f 4995 5139 5140
f 4995 5140 4996
f 4996 5140 5141
f 4996 5141 4997
f 4997 5141 5142
f 4997 5142 4998
f 4998 5142 5143
f 4998 5143 4999
f 4999 5143 5144
f 4999 5144 5000
f 5000 5144 5145
f 5000 5145 5001
f 5001 5145 5146
f 5001 5146 5002
f 5002 5146 5147
f 5002 5147 5003
f 5003 5147 5148
f 5003 5148 5004
f 5004 5148 5149
f 5004 5149 5005
f 5005 5149 5150
f 5005 5150 5006
f 5006 5150 5151
f 5006 5151 5007
f 5007 5151 5152
f 5007 5152 5008
f 5008 5152 5153
f 5008 5153 5009
f 5009 5153 5154
f 5009 5154 5010
f 5010 5154 5155
f 5010 5155 5011
f 5011 5155 5156
f 5011 5156 5012
f 5012 5156 5157
f 5012 5157 5013
f 5013 5157 5158
f 5013 5158 5014
f 5014 5158 5159
f 5014 5159 5015
f 5015 5159 5160
f 5015 5160 5016
f 5016 5160 5161
f 5016 5161 5017
f 5017 5161 5162
f 5017 5162 5018
f 5018 5162 5163
f 5018 5163 5019
f 5019 5163 5164
f 5019 5164 5020
f 5020 5164 5165
f 5020 5165 5021
f 5021 5165 5166
f 5021 5166 5022
f 5022 5166 5167
f 5022 5167 5023
f 5023 5167 5168
f 5023 5168 5024
f 5024 5168 5169
f 5024 5169 5025
f 5025 5169 5170
f 5025 5170 5026
f 5026 5170 5171
f 5026 5171 5027
f 5027 5171 5172
f 5027 5172 5028
f 5028 5172 5173
f 5028 5173 5029
f 5029 5173 5174
f 5029 5174 5030
f 5030 5174 5175
f 5030 5175 5031
f 5031 5175 5176
f 5031 5176 5032
f 5032 5176 5177
f 5032 5177 5033
f 5033 5177 5178
f 5033 5178 5034
f 5034 5178 5179
f 5034 5179 5035
f 5035 5179 5180
f 5035 5180 5036
f 5036 5180 5181
f 5036 5181 5037
f 5037 5181 5182
f 5037 5182 5038
f 5038 5182 5183
f 5038 5183 5039
f 5039 5183 5184
f 5039 5184 5040
f 5040 5184 5041
f 5040 5041 4897
f 5041 5185 5186
f 5041 5186 5042
f 5042 5186 5187
f 5042 5187 5043
f 5043 5187 5188
f 5043 5188 5044
f 5044 5188 5189
f 5044 5189 5045
f 5045 5189 5190
f 5045 5190 5046
f 5046 5190 5191
f 5046 5191 5047
f 5047 5191 5192
f 5047 5192 5048
f 5048 5192 5193
f 5048 5193 5049
f 5049 5193 5194
f 5049 5194 5050
f 5050 5194 5195
f 5050 5195 5051
f 5051 5195 5196
f 5051 5196 5052
f 5052 5196 5197
f 5052 5197 5053
f 5053 5197 5198
f 5053 5198 5054
f 5054 5198 5199
f 5054 5199 5055
f 5055 5199 5200
f 5055 5200 5056
f 5056 5200 5201
f 5056 5201 5057
f 5057 5201 5202
f 5057 5202 5058
f 5058 5202 5203
f 5058 5203 5059
f 5059 5203 5204
f 5059 5204 5060
f 5060 5204 5205
f 5060 5205 5061
f 5061 5205 5206
f 5061 5206 5062
f 5062 5206 5207
f 5062 5207 5063
f 5063 5207 5208
f 5063 5208 5064
f 5064 5208 5209
f 5064 5209 5065
f 5065 5209 5210
f 5065 5210 5066
f 5066 5210 5211
f 5066 5211 5067
f 5067 5211 5212
f 5067 5212 5068
f 5068 5212 5213
f 5068 5213 5069
f 5069 5213 5214
f 5069 5214 5070
f 5070 5214 5215
f 5070 5215 5071
f 5071 5215 5216
f 5071 5216 5072
f 5072 5216 5217
f 5072 5217 5073
f 5073 5217 5218
f 5073 5218 5074
f 5074 5218 5219
f 5074 5219 5075
f 5075 5219 5220
f 5075 5220 5076
f 5076 5220 5221
f 5076 5221 5077
f 5077 5221 5222
f 5077 5222 5078
f 5078 5222 5223
f 5078 5223 5079
f 5079 5223 5224
f 5079 5224 5080
f 5080 5224 5225
f 5080 5225 5081
f 5081 5225 5226
f 5081 5226 5082
f 5082 5226 5227
f 5082 5227 5083
f 5083 5227 5228
f 5083 5228 5084
f 5084 5228 5229
f 5084 5229 5085
f 5085 5229 5230
f 5085 5230 5086
f 5086 5230 5231
f 5086 5231 5087
f 5087 5231 5232
f 5087 5232 5088
f 5088 5232 5233
f 5088 5233 5089
f 5089 5233 5234
f 5089 5234 5090
f 5090 5234 5235
f 5090 5235 5091
f 5091 5235 5236
f 5091 5236 5092
f 5092 5236 5237
f 5092 5237 5093
f 5093 5237 5238
f 5093 5238 5094
f 5094 5238 5239
f 5094 5239 5095
f 5095 5239 5240
f 5095 5240 5096
f 5096 5240 5241
f 5096 5241 5097
f 5097 5241 5242
f 5097 5242 5098
f 5098 5242 5243
f 5098 5243 5099
f 5099 5243 5244
f 5099 5244 5100
f 5100 5244 5245
f 5100 5245 5101
f 5101 5245 5246
f 5101 5246 5102
f 5102 5246 5247
f 5102 5247 5103
f 5103 5247 5248
f 5103 5248 5104
f 5104 5248 5249
f 5104 5249 5105
f 5105 5249 5250
f 5105 5250 5106
f 5106 5250 5251
f 5106 5251 5107
f 5107 5251 5252
f 5107 5252 5108
f 5108 5252 5253
f 5108 5253 5109
f 5109 5253 5254
f 5109 5254 5110
f 5110 5254 5255
f 5110 5255 5111
f 5111 5255 5256
f 5111 5256 5112
f 5112 5256 5257
f 5112 5257 5113
f 5113 5257 5258
f 5113 5258 5114
f 5114 5258 5259
f 5114 5259 5115
f 5115 5259 5260
f 5115 5260 5116
f 5116 5260 5261
f 5116 5261 5117
f 5117 5261 5262
f 5117 5262 5118
f 5118 5262 5263
f 5118 5263 5119
f 5119 5263 5264
f 5119 5264 5120
f 5120 5264 5265
f 5120 5265 5121
f 5121 5265 5266
f 5121 5266 5122
f 5122 5266 5267
f 5122 5267 5123
f 5123 5267 5268
f 5123 5268 5124
f 5124 5268 5269
f 5124 5269 5125
f 5125 5269 5270
f 5125 5270 5126
f 5126 5270 5271
f 5126 5271 5127
f 5127 5271 5272
f 5127 5272 5128
f 5128 5272 5273
f 5128 5273 5129
f 5129 5273 5274
f 5129 5274 5130
f 5130 5274 5275
f 5130 5275 5131
f 5131 5275 5276
f 5131 5276 5132
f 5132 5276 5277
f 5132 5277 5133
f 5133 5277 5278
f 5133 5278 5134
f 5134 5278 5279
f 5134 5279 5135
f 5135 5279 5280
f 5135 5280 5136
f 5136 5280 5281
f 5136 5281 5137
f 5137 5281 5282
f 5137 5282 5138
f 5138 5282 5283
f 5138 5283 5139
f 5139 5283 5284
f 5139 5284 5140
f 5140 5284 5285
f 5140 5285 5141
f 5141 5285 5286
f 5141 5286 5142
f 5142 5286 5287
f 5142 5287 5143
f 5143 5287 5288
f 5143 5288 5144
f 5144 5288 5289
f 5144 5289 5145
f 5145 5289 5290
f 5145 5290 5146
f 5146 5290 5291
f 5146 5291 5147
f 5147 5291 5292
f 5147 5292 5148
f 5148 5292 5293
f 5148 5293 5149
f 5149 5293 5294
f 5149 5294 5150
f 5150 5294 5295
f 5150 5295 5151
f 5151 5295 5296
f 5151 5296 5152
f 5152 5296 5297
f 5152 5297 5153
f 5153 5297 5298
f 5153 5298 5154
f 5154 5298 5299
f 5154 5299 5155
f 5155 5299 5300
f 5155 5300 5156
f 5156 5300 5301
f 5156 5301 5157
f 5157 5301 5302
f 5157 5302 5158
f 5158 5302 5303
f 5158 5303 5159
f 5159 5303 5304
f 5159 5304 5160
f 5160 5304 5305
f 5160 5305 5161
f 5161 5305 5306
f 5161 5306 5162
f 5162 5306 5307
f 5162 5307 5163
f 5163 5307 5308
f 5163 5308 5164
f 5164 5308 5309
f 5164 5309 5165
f 5165 5309 5310
f 5165 5310 5166
f 5166 5310 5311
f 5166 5311 5167
f 5167 5311 5312
f 5167 5312 5168
f 5168 5312 5313
f 5168 5313 5169
f 5169 5313 5314
f 5169 5314 5170
f 5170 5314 5315
f 5170 5315 5171
f 5171 5315 5316
f 5171 5316 5172
f 5172 5316 5317
f 5172 5317 5173
f 5173 5317 5318
f 5173 5318 5174
f 5174 5318 5319
f 5174 5319 5175
f 5175 5319 5320
f 5175 5320 5176
f 5176 5320 5321
f 5176 5321 5177
f 5177 5321 5322
f 5177 5322 5178
f 5178 5322 5323
f 5178 5323 5179
f 5179 5323 5324
f 5179 5324 5180
f 5180 5324 5325
f 5180 5325 5181
f 5181 5325 5326
f 5181 5326 5182
f 5182 5326 5327
f 5182 5327 5183
f 5183 5327 5328
f 5183 5328 5184
f 5184 5328 5185
f 5184 5185 5041
f 5185 5329 5330
f 5185 5330 5186
f 5186 5330 5331
f 5186 5331 5187
f 5187 5331 5332
f 5187 5332 5188
f 5188 5332 5333
f 5188 5333 5189
f 5189 5333 5334
f 5189 5334 5190
f 5190 5334 5335
f 5190 5335 5191
f 5191 5335 5336
f 5191 5336 5192
f 5192 5336 5337
f 5192 5337 5193
f 5193 5337 5338
f 5193 5338 5194
f 5194 5338 5339
f 5194 5339 5195
f 5195 5339 5340
f 5195 5340 5196
f 5196 5340 5341
f 5196 5341 5197
f 5197 5341 5342
f 5197 5342 5198
f 5198 5342 5343
f 5198 5343 5199
f 5199 5343 5344
f 5199 5344 5200
f 5200 5344 5345
f 5200 5345 5201
f 5201 5345 5346
f 5201 5346 5202
f 5202 5346 5347
f 5202 5347 5203
f 5203 5347 5348
f 5203 5348 5204
f 5204 5348 5349
f 5204 5349 5205
f 5205 5349 5350
f 5205 5350 5206
f 5206 5350 5351
f 5206 5351 5207
f 5207 5351 5352
f 5207 5352 5208
f 5208 5352 5353
f 5208 5353 5209
f 5209 5353 5354
f 5209 5354 5210
f 5210 5354 5355
f 5210 5355 5211
f 5211 5355 5356
f 5211 5356 5212
f 5212 5356 5357
f 5212 5357 5213
f 5213 5357 5358
f 5213 5358 5214
f 5214 5358 5359
f 5214 5359 5215
f 5215 5359 5360
f 5215 5360 5216
f 5216 5360 5361
f 5216 5361 5217
f 5217 5361 5362
f 5217 5362 5218
f 5218 5362 5363
f 5218 5363 5219
f 5219 5363 5364
f 5219 5364 5220
f 5220 5364 5365
f 5220 5365 5221
f 5221 5365 5366
f 5221 5366 5222
f 5222 5366 5367
f 5222 5367 5223
f 5223 5367 5368
f 5223 5368 5224
f 5224 5368 5369
f 5224 5369 5225
f 5225 5369 5370
f 5225 5370 5226
f 5226 5370 5371
f 5226 5371 5227
f 5227 5371 5372
f 5227 5372 5228
f 5228 5372 5373
f 5228 5373 5229
f 5229 5373 5374
f 5229 5374 5230
f 5230 5374 5375
f 5230 5375 5231
f 5231 5375 5376
f 5231 5376 5232
f 5232 5376 5377
f 5232 5377 5233
f 5233 5377 5378
f 5233 5378 5234
f 5234 5378 5379
f 5234 5379 5235
f 5235 5379 5380
f 5235 5380 5236
f 5236 5380 5381
f 5236 5381 5237
f 5237 5381 5382
f 5237 5382 5238
f 5238 5382 5383
f 5238 5383 5239
f 5239 5383 5384
f 5239 5384 5240
f 5240 5384 5385
f 5240 5385 5241
f 5241 5385 5386
f 5241 5386 5242
f 5242 5386 5387
f 5242 5387 5243
f 5243 5387 5388
f 5243 5388 5244
f 5244 5388 5389
f 5244 5389 5245
f 5245 5389 5390
f 5245 5390 5246
f 5246 5390 5391
f 5246 5391 5247
f 5247 5391 5392
f 5247 5392 5248
f 5248 5392 5393
f 5248 5393 5249
f 5249 5393 5394
f 5249 5394 5250
f 5250 5394 5395
f 5250 5395 5251
f 5251 5395 5396
f 5251 5396 5252
f 5252 5396 5397
f 5252 5397 5253
f 5253 5397 5398
f 5253 5398 5254
f 5254 5398 5399
f 5254 5399 5255
f 5255 5399 5400
f 5255 5400 5256
f 5256 5400 5401
f 5256 5401 5257
f 5257 5401 5402
f 5257 5402 5258
f 5258 5402 5403
f 5258 5403 5259
f 5259 5403 5404
f 5259 5404 5260
f 5260 5404 5405
f 5260 5405 5261
f 5261 5405 5406
f 5261 5406 5262
f 5262 5406 5407
f 5262 5407 5263
f 5263 5407 5408
f 5263 5408 5264
f 5264 5408 5409
f 5264 5409 5265
f 5265 5409 5410
f 5265 5410 5266
f 5266 5410 5411
f 5266 5411 5267
f 5267 5411 5412
f 5267 5412 5268
f 5268 5412 5413
f 5268 5413 5269
f 5269 5413 5414
f 5269 5414 5270
f 5270 5414 5415
f 5270 5415 5271
f 5271 5415 5416
f 5271 5416 5272
f 5272 5416 5417
f 5272 5417 5273
f 5273 5417 5418
f 5273 5418 5274
f 5274 5418 5419
f 5274 5419 5275
f 5275 5419 5420
f 5275 5420 5276
f 5276 5420 5421
f 5276 5421 5277
f 5277 5421 5422
f 5277 5422 5278
f 5278 5422 5423
f 5278 5423 5279
f 5279 5423 5424
f 5279 5424 5280
f 5280 5424 5425
f 5280 5425 5281
f 5281 5425 5426
f 5281 5426 5282
f 5282 5426 5427
f 5282 5427 5283
f 5283 5427 5428
f 5283 5428 5284
f 5284 5428 5429
f 5284 5429 5285
f 5285 5429 5430
f 5285 5430 5286
f 5286 5430 5431
f 5286 5431 5287
f 5287 5431 5432
f 5287 5432 5288
f 5288 5432 5433
f 5288 5433 5289
f 5289 5433 5434
f 5289 5434 5290
f 5290 5434 5435
f 5290 5435 5291
f 5291 5435 5436
f 5291 5436 5292
f 5292 5436 5437
f 5292 5437 5293
f 5293 5437 5438
f 5293 5438 5294
f 5294 5438 5439
f 5294 5439 5295
f 5295 5439 5440
f 5295 5440 5296
f 5296 5440 5441
f 5296 5441 5297
f 5297 5441 5442
f 5297 5442 5298
f 5298 5442 5443
f 5298 5443 5299
f 5299 5443 5444
f 5299 5444 5300
f 5300 5444 5445
f 5300 5445 5301
f 5301 5445 5446
f 5301 5446 5302
f 5302 5446 5447
f 5302 5447 5303
f 5303 5447 5448
f 5303 5448 5304
f 5304 5448 5449
f 5304 5449 5305
f 5305 5449 5450
f 5305 5450 5306
f 5306 5450 5451
f 5306 5451 5307
f 5307 5451 5452
f 5307 5452 5308
f 5308 5452 5453
f 5308 5453 5309
f 5309 5453 5454
f 5309 5454 5310
f 5310 5454 5455
f 5310 5455 5311
f 5311 5455 5456
f 5311 5456 5312
f 5312 5456 5457
f 5312 5457 5313
f 5313 5457 5458
f 5313 5458 5314
f 5314 5458 5459
f 5314 5459 5315
f 5315 5459 5460
f 5315 5460 5316
f 5316 5460 5461
f 5316 5461 5317
f 5317 5461 5462
f 5317 5462 5318
f 5318 5462 5463
f 5318 5463 5319
f 5319 5463 5464
f 5319 5464 5320
f 5320 5464 5465
f 5320 5465 5321
f 5321 5465 5466
f 5321 5466 5322
f 5322 5466 5467
f 5322 5467 5323
f 5323 5467 5468
f 5323 5468 5324
f 5324 5468 5469
f 5324 5469 5325
f 5325 5469 5470
f 5325 5470 5326
f 5326 5470 5471
f 5326 5471 5327
f 5327 5471 5472
f 5327 5472 5328
f 5328 5472 5329
f 5328 5329 5185
f 5329 5473 5474
f 5329 5474 5330
f 5330 5474 5475
f 5330 5475 5331
f 5331 5475 5476
f 5331 5476 5332
f 5332 5476 5477
f 5332 5477 5333
f 5333 5477 5478
f 5333 5478 5334
f 5334 5478 5479
f 5334 5479 5335
f 5335 5479 5480
f 5335 5480 5336
f 5336 5480 5481
f 5336 5481 5337
f 5337 5481 5482
f 5337 5482 5338
f 5338 5482 5483
f 5338 5483 5339
f 5339 5483 5484
f 5339 5484 5340
f 5340 5484 5485
f 5340 5485 5341
f 5341 5485 5486
f 5341 5486 5342
f 5342 5486 5487
f 5342 5487 5343
f 5343 5487 5488
f 5343 5488 5344
f 5344 5488 5489
f 5344 5489 5345
f 5345 5489 5490
f 5345 5490 5346
f 5346 5490 5491
f 5346 5491 5347
f 5347 5491 5492
f 5347 5492 5348
f 5348 5492 5493
f 5348 5493 5349
f 5349 5493 5494
f 5349 5494 5350
f 5350 5494 5495
f 5350 5495 5351
f 5351 5495 5496
f 5351 5496 5352
f 5352 5496 5497
f 5352 5497 5353
f 5353 5497 5498
f 5353 5498 5354
f 5354 5498 5499
f 5354 5499 5355
f 5355 5499 5500
f 5355 5500 5356
f 5356 5500 5501
f 5356 5501 5357
f 5357 5501 5502
f 5357 5502 5358
f 5358 5502 5503
f 5358 5503 5359
f 5359 5503 5504
f 5359 5504 5360
f 5360 5504 5505
f 5360 5505 5361
f 5361 5505 5506
f 5361 5506 5362
f 5362 5506 5507
f 5362 5507 5363
f 5363 5507 5508
f 5363 5508 5364
f 5364 5509 5365
f 5365 5510 5366
f 5366 5510 5511
f 5366 5511 5367
f 5367 5511 5512
f 5367 5512 5368
f 5368 5512 5513
f 5368 5513 5369
f 5369 5513 5514
f 5369 5514 5370
f 5370 5514 5515
f 5370 5515 5371
f 5371 5515 5516
f 5371 5516 5372
f 5372 5516 5517
f 5372 5517 5373
f 5373 5517 5518
f 5373 5518 5374
f 5374 5518 5519
f 5374 5519 5375
f 5375 5519 5520
f 5375 5520 5376
f 5376 5520 5521
f 5376 5521 5377
f 5377 5521 5522
f 5377 5522 5378
f 5378 5522 5523
f 5378 5523 5379
f 5379 5523 5524
f 5379 5524 5380
f 5380 5524 5525
f 5380 5525 5381
f 5381 5525 5526
f 5381 5526 5382
f 5382 5526 5527
f 5382 5527 5383
f 5383 5527 5528
f 5383 5528 5384
f 5384 5528 5529
f 5384 5529 5385
f 5385 5529 5530
f 5385 5530 5386
f 5386 5530 5531
f 5386 5531 5387
f 5387 5531 5532
f 5387 5532 5388
f 5388 5532 5533
f 5388 5533 5389
f 5389 5533 5534
f 5389 5534 5390
f 5390 5534 5535
f 5390 5535 5391
f 5391 5535 5536
f 5391 5536 5392
f 5392 5536 5537
f 5392 5537 5393
f 5393 5537 5538
f 5393 5538 5394
f 5394 5538 5539
f 5394 5539 5395
f 5395 5539 5540
f 5395 5540 5396
f 5396 5540 5541
f 5396 5541 5397
f 5397 5541 5542
f 5397 5542 5398
f 5398 5542 5543
f 5398 5543 5399
f 5399 5543 5544
f 5399 5544 5400
f 5400 5544 5545
f 5400 5545 5401
f 5401 5545 5546
f 5401 5546 5402
f 5402 5546 5547
f 5402 5547 5403
f 5403 5547 5548
f 5403 5548 5404
f 5404 5548 5549
f 5404 5549 5405
f 5405 5549 5550
f 5405 5550 5406
f 5406 5550 5551
f 5406 5551 5407
f 5407 5551 5552
f 5407 5552 5408
f 5408 5552 5553
f 5408 5553 5409
f 5409 5553 5554
f 5409 5554 5410
f 5410 5554 5555
f 5410 5555 5411
f 5411 5555 5556
f 5411 5556 5412
f 5412 5556 5557
f 5412 5557 5413
f 5413 5557 5558
f 5413 5558 5414
f 5414 5558 5559
f 5414 5559 5415
f 5415 5559 5560
f 5415 5560 5416
f 5416 5560 5561
f 5416 5561 5417
f 5417 5561 5562
f 5417 5562 5418
f 5418 5562 5563
f 5418 5563 5419
f 5419 5563 5564
f 5419 5564 5420
f 5420 5564 5565
f 5420 5565 5421
f 5421 5565 5566
f 5421 5566 5422
f 5422 5566 5567
f 5422 5567 5423
f 5423 5567 5568
f 5423 5568 5424
f 5424 5568 5569
f 5424 5569 5425
f 5425 5569 5570
f 5425 5570 5426
f 5426 5570 5571
f 5426 5571 5427
f 5427 5571 5572
f 5427 5572 5428
f 5428 5572 5573
f 5428 5573 5429
f 5429 5573 5574
f 5429 5574 5430
f 5430 5574 5575
f 5430 5575 5431
f 5431 5575 5576
f 5431 5576 5432
f 5432 5576 5577
f 5432 5577 5433
f 5433 5577 5578
f 5433 5578 5434
f 5434 5578 5579
f 5434 5579 5435
f 5435 5579 5580
f 5435 5580 5436
f 5436 5581 5437
f 5437 5582 5438
f 5438 5582 5583
f 5438 5583 5439
f 5439 5583 5584
f 5439 5584 5440
f 5440 5584 5585
f 5440 5585 5441
f 5441 5585 5586
f 5441 5586 5442
f 5442 5586 5587
f 5442 5587 5443
f 5443 5587 5588
f 5443 5588 5444
f 5444 5588 5589
f 5444 5589 5445
f 5445 5589 5590
f 5445 5590 5446
f 5446 5590 5591
f 5446 5591 5447
f 5447 5591 5592
f 5447 5592 5448
f 5448 5592 5593
f 5448 5593 5449
f 5449 5593 5594
f 5449 5594 5450
f 5450 5594 5595
f 5450 5595 5451
f 5451 5595 5596
f 5451 5596 5452
f 5452 5596 5597
f 5452 5597 5453
f 5453 5597 5598
f 5453 5598 5454
f 5454 5598 5599
f 5454 5599 5455
f 5455 5599 5600
f 5455 5600 5456
f 5456 5600 5601
f 5456 5601 5457
f 5457 5601 5602
f 5457 5602 5458
f 5458 5602 5603
f 5458 5603 5459
f 5459 5603 5604
f 5459 5604 5460
f 5460 5604 5605
f 5460 5605 5461
f 5461 5605 5606
f 5461 5606 5462
f 5462 5606 5607
f 5462 5607 5463
f 5463 5607 5608
f 5463 5608 5464
f 5464 5608 5609
f 5464 5609 5465
f 5465 5609 5610
f 5465 5610 5466
f 5466 5610 5611
f 5466 5611 5467
f 5467 5611 5612
f 5467 5612 5468
f 5468 5612 5613
f 5468 5613 5469
f 5469 5613 5614
f 5469 5614 5470
f 5470 5614 5615
f 5470 5615 5471
f 5471 5615 5616
f 5471 5616 5472
f 5472 5616 5473
f 5472 5473 5329
f 5473 5617 5618
f 5473 5618 5474
f 5474 5618 5619
f 5474 5619 5475
f 5475 5619 5620
f 5475 5620 5476
f 5476 5620 5621
f 5476 5621 5477
f 5477 5621 5622
f 5477 5622 5478
f 5478 5622 5623
f 5478 5623 5479
f 5479 5623 5624
f 5479 5624 5480
f 5480 5624 5625
f 5480 5625 5481
f 5481 5625 5626
f 5481 5626 5482
f 5482 5626 5627
f 5482 5627 5483
f 5483 5627 5628
f 5483 5628 5484
f 5484 5628 5629
f 5484 5629 5485
f 5485 5629 5630
f 5485 5630 5486
f 5486 5630 5631
f 5486 5631 5487
f 5487 5631 5632
f 5487 5632 5488
f 5488 5632 5633
f 5488 5633 5489
f 5489 5633 5634
f 5489 5634 5490
f 5490 5634 5635
f 5490 5635 5491
f 5491 5635 5636
f 5491 5636 5492
f 5492 5636 5637
f 5492 5637 5493
f 5493 5637 5638
f 5493 5638 5494
f 5494 5638 5639
f 5494 5639 5495
f 5495 5639 5640
f 5495 5640 5496
f 5496 5640 5641
f 5496 5641 5497
f 5497 5641 5642
f 5497 5642 5498
f 5498 5642 5643
f 5498 5643 5499
f 5499 5643 5644
f 5499 5644 5500
f 5500 5644 5645
f 5500 5645 5501
f 5501 5645 5646
f 5501 5646 5502
f 5502 5646 5647
f 5502 5647 5503
f 5503 5648 5504
f 5514 5659 5515
f 5515 5660 5516
f 5516 5660 5661
f 5516 5661 5517
f 5517 5661 5662
f 5517 5662 5518
f 5518 5662 5663
f 5518 5663 5519
f 5519 5663 5664
f 5519 5664 5520
f 5520 5664 5665
f 5520 5665 5521
f 5521 5665 5666
f 5521 5666 5522
f 5522 5666 5667
f 5522 5667 5523
f 5523 5667 5668
f 5523 5668 5524
f 5524 5668 5669
f 5524 5669 5525
f 5525 5669 5670
f 5525 5670 5526
f 5526 5670 5671
f 5526 5671 5527
f 5527 5671 5672
f 5527 5672 5528
f 5528 5672 5673
f 5528 5673 5529
f 5529 5673 5674
f 5529 5674 5530
f 5530 5674 5675
f 5530 5675 5531
f 5531 5675 5676
f 5531 5676 5532
f 5532 5676 5677
f 5532 5677 5533
f 5533 5677 5678
f 5533 5678 5534
f 5534 5678 5679
f 5534 5679 5535
f 5535 5679 5680
f 5535 5680 5536
f 5536 5680 5681
f 5536 5681 5537
f 5537 5681 5682
f 5537 5682 5538
f 5538 5682 5683
f 5538 5683 5539
f 5539 5683 5684
f 5539 5684 5540
f 5540 5684 5685
f 5540 5685 5541
f 5541 5685 5686
f 5541 5686 5542
f 5542 5686 5687
f 5542 5687 5543
f 5543 5687 5688
f 5543 5688 5544
f 5544 5688 5689
f 5544 5689 5545
f 5545 5689 5690
f 5545 5690 5546
f 5546 5690 5691
f 5546 5691 5547
f 5547 5691 5692
f 5547 5692 5548
f 5548 5692 5693
f 5548 5693 5549
f 5549 5693 5694
f 5549 5694 5550
f 5550 5694 5695
f 5550 5695 5551
f 5551 5695 5696
f 5551 5696 5552
f 5552 5696 5697
f 5552 5697 5553
f 5553 5697 5698
f 5553 5698 5554
f 5554 5698 5699
f 5554 5699 5555
f 5555 5699 5700
f 5555 5700 5556
f 5556 5700 5701
f 5556 5701 5557
f 5557 5701 5702
f 5557 5702 5558
f 5558 5702 5703
f 5558 5703 5559
f 5559 5703 5704
f 5559 5704 5560
f 5560 5704 5705
f 5560 5705 5561
f 5561 5705 5706
f 5561 5706 5562
f 5562 5706 5707
f 5562 5707 5563
f 5563 5707 5708
f 5563 5708 5564
f 5564 5708 5709
f 5564 5709 5565
f 5565 5709 5710
f 5565 5710 5566
f 5566 5710 5711
f 5566 5711 5567
f 5567 5711 5712
f 5567 5712 5568
f 5568 5712 5713
f 5568 5713 5569
f 5569 5713 5714
f 5569 5714 5570
f 5570 5714 5715
f 5570 5715 5571
f 5571 5715 5716
f 5571 5716 5572
f 5572 5716 5717
f 5572 5717 5573
f 5573 5717 5718
f 5573 5718 5574
f 5574 5718 5719
f 5574 5719 5575
f 5575 5720 5576
f 5586 5731 5587
f 5587 5732 5588
f 5588 5732 5733
f 5588 5733 5589
f 5589 5733 5734
f 5589 5734 5590
f 5590 5734 5735
f 5590 5735 5591
f 5591 5735 5736
f 5591 5736 5592
f 5592 5736 5737
f 5592 5737 5593
f 5593 5737 5738
f 5593 5738 5594
f 5594 5738 5739
f 5594 5739 5595
f 5595 5739 5740
f 5595 5740 5596
f 5596 5740 5741
f 5596 5741 5597
f 5597 5741 5742
f 5597 5742 5598
f 5598 5742 5743
f 5598 5743 5599
f 5599 5743 5744
f 5599 5744 5600
f 5600 5744 5745
f 5600 5745 5601
f 5601 5745 5746
f 5601 5746 5602
f 5602 5746 5747
f 5602 5747 5603
f 5603 5747 5748
f 5603 5748 5604
f 5604 5748 5749
f 5604 5749 5605
f 5605 5749 5750
f 5605 5750 5606
f 5606 5750 5751
f 5606 5751 5607
f 5607 5751 5752
f 5607 5752 5608
f 5608 5752 5753
f 5608 5753 5609
f 5609 5753 5754
f 5609 5754 5610
f 5610 5754 5755
f 5610 5755 5611
f 5611 5755 5756
f 5611 5756 5612
f 5612 5756 5757
f 5612 5757 5613
f 5613 5757 5758
f 5613 5758 5614
f 5614 5758 5759
f 5614 5759 5615
f 5615 5759 5760
f 5615 5760 5616
f 5616 5760 5617
f 5616 5617 5473
f 5617 5761 5762
f 5617 5762 5618
f 5618 5762 5763
f 5618 5763 5619
f 5619 5763 5764
f 5619 5764 5620
f 5620 5764 5765
f 5620 5765 5621
f 5621 5765 5766
f 5621 5766 5622
f 5622 5766 5767
f 5622 5767 5623
f 5623 5767 5768
f 5623 5768 5624
f 5624 5768 5769
f 5624 5769 5625
f 5625 5769 5770
f 5625 5770 5626
f 5626 5770 5771
f 5626 5771 5627
f 5627 5771 5772
f 5627 5772 5628
f 5628 5772 5773
f 5628 5773 5629
f 5629 5773 5774
f 5629 5774 5630
f 5630 5774 5775
f 5630 5775 5631
f 5631 5775 5776
f 5631 5776 5632
f 5632 5776 5777
f 5632 5777 5633
f 5633 5777 5778
f 5633 5778 5634
f 5634 5778 5779
f 5634 5779 5635
f 5635 5779 5780
f 5635 5780 5636
f 5636 5780 5781
f 5636 5781 5637
f 5637 5781 5782
f 5637 5782 5638
f 5638 5782 5783
f 5638 5783 5639
f 5639 5783 5784
f 5639 5784 5640
f 5640 5784 5785
f 5640 5785 5641
f 5641 5785 5786
f 5641 5786 5642
f 5642 5786 5787
f 5642 5787 5643
f 5643 5788 5644
f 5662 5807 5663
f 5663 5807 5808
f 5663 5808 5664
f 5664 5808 5809
f 5664 5809 5665
f 5665 5809 5810
f 5665 5810 5666
f 5666 5810 5811
f 5666 5811 5667
f 5667 5811 5812
f 5667 5812 5668
f 5668 5812 5813
f 5668 5813 5669
f 5669 5813 5814
f 5669 5814 5670
f 5670 5814 5815
f 5670 5815 5671
f 5671 5815 5816
f 5671 5816 5672
f 5672 5816 5817
f 5672 5817 5673
f 5673 5817 5818
f 5673 5818 5674
f 5674 5818 5819
f 5674 5819 5675
f 5675 5819 5820
f 5675 5820 5676
f 5676 5820 5821
f 5676 5821 5677
f 5677 5821 5822
f 5677 5822 5678
f 5678 5822 5823
f 5678 5823 5679
f 5679 5823 5824
f 5679 5824 5680
f 5680 5824 5825
f 5680 5825 5681
f 5681 5825 5826
f 5681 5826 5682
f 5682 5826 5827
f 5682 5827 5683
f 5683 5827 5828
f 5683 5828 5684
f 5684 5828 5829
f 5684 5829 5685
f 5685 5829 5830
f 5685 5830 5686
f 5686 5830 5831
f 5686 5831 5687
f 5687 5831 5832
f 5687 5832 5688
f 5688 5832 5833
f 5688 5833 5689
f 5689 5833 5834
f 5689 5834 5690
f 5690 5834 5835
f 5690 5835 5691
f 5691 5835 5836
f 5691 5836 5692
f 5692 5836 5837
f 5692 5837 5693
f 5693 5837 5838
f 5693 5838 5694
f 5694 5838 5839
f 5694 5839 5695
f 5695 5839 5840
f 5695 5840 5696
f 5696 5840 5841
f 5696 5841 5697
f 5697 5841 5842
f 5697 5842 5698
f 5698 5842 5843
f 5698 5843 5699
f 5699 5843 5844
f 5699 5844 5700
f 5700 5844 5845
f 5700 5845 5701
f 5701 5845 5846
f 5701 5846 5702
f 5702 5846 5847
f 5702 5847 5703
f 5703 5847 5848
f 5703 5848 5704
f 5704 5848 5849
f 5704 5849 5705
f 5705 5849 5850
f 5705 5850 5706
f 5706 5850 5851
f 5706 5851 5707
f 5707 5851 5852
f 5707 5852 5708
f 5708 5852 5853
f 5708 5853 5709
f 5709 5853 5854
f 5709 5854 5710
f 5710 5854 5855
f 5710 5855 5711
f 5711 5855 5856
f 5711 5856 5712
f 5712 5856 5857
f 5712 5857 5713
f 5713 5857 5858
f 5713 5858 5714
f 5714 5858 5859
f 5714 5859 5715
f 5715 5860 5716
f 5734 5879 5735
f 5735 5879 5880
f 5735 5880 5736
f 5736 5880 5881
f 5736 5881 5737
f 5737 5881 5882
f 5737 5882 5738
f 5738 5882 5883
f 5738 5883 5739
f 5739 5883 5884
f 5739 5884 5740
f 5740 5884 5885
f 5740 5885 5741
f 5741 5885 5886
f 5741 5886 5742
f 5742 5886 5887
f 5742 5887 5743
f 5743 5887 5888
f 5743 5888 5744
f 5744 5888 5889
f 5744 5889 5745
f 5745 5889 5890
f 5745 5890 5746
f 5746 5890 5891
f 5746 5891 5747
f 5747 5891 5892
f 5747 5892 5748
f 5748 5892 5893
f 5748 5893 5749
f 5749 5893 5894
f 5749 5894 5750
f 5750 5894 5895
f 5750 5895 5751
f 5751 5895 5896
f 5751 5896 5752
f 5752 5896 5897
f 5752 5897 5753
f 5753 5897 5898
f 5753 5898 5754
f 5754 5898 5899
f 5754 5899 5755
f 5755 5899 5900
f 5755 5900 5756
f 5756 5900 5901
f 5756 5901 5757
f 5757 5901 5902
f 5757 5902 5758
f 5758 5902 5903
f 5758 5903 5759
f 5759 5903 5904
f 5759 5904 5760
f 5760 5904 5761
f 5760 5761 5617
f 5761 5905 5906
f 5761 5906 5762
f 5762 5906 5907
f 5762 5907 5763
f 5763 5907 5908
f 5763 5908 5764
f 5764 5908 5909
f 5764 5909 5765
f 5765 5909 5910
f 5765 5910 5766
f 5766 5910 5911
f 5766 5911 5767
f 5767 5911 5912
f 5767 5912 5768
f 5768 5912 5913
f 5768 5913 5769
f 5769 5913 5914
f 5769 5914 5770
f 5770 5914 5915
f 5770 5915 5771
f 5771 5915 5916
f 5771 5916 5772
f 5772 5916 5917
f 5772 5917 5773
f 5773 5917 5918
f 5773 5918 5774
f 5774 5918 5919
f 5774 5919 5775
f 5775 5919 5920
f 5775 5920 5776
f 5776 5920 5921
f 5776 5921 5777
f 5777 5921 5922
f 5777 5922 5778
f 5778 5922 5923
f 5778 5923 5779
f 5779 5923 5924
f 5779 5924 5780
f 5780 5924 5925
f 5780 5925 5781
f 5781 5925 5926
f 5781 5926 5782
f 5782 5926 5927
f 5782 5927 5783
f 5783 5927 5928
f 5783 5928 5784
f 5784 5928 5929
f 5784 5929 5785
f 5809 5954 5810
f 5810 5954 5955
f 5810 5955 5811
f 5811 5955 5956
f 5811 5956 5812
f 5812 5956 5957
f 5812 5957 5813
f 5813 5957 5958
f 5813 5958 5814
f 5814 5958 5959
f 5814 5959 5815
f 5815 5959 5960
f 5815 5960 5816
f 5816 5960 5961
f 5816 5961 5817
f 5817 5961 5962
f 5817 5962 5818
f 5818 5962 5963
f 5818 5963 5819
f 5819 5963 5964
f 5819 5964 5820
f 5820 5964 5965
f 5820 5965 5821
f 5821 5965 5966
f 5821 5966 5822
f 5822 5966 5967
f 5822 5967 5823
f 5823 5967 5968
f 5823 5968 5824
f 5824 5968 5969
f 5824 5969 5825
f 5825 5969 5970
f 5825 5970 5826
f 5826 5970 5971
f 5826 5971 5827
f 5827 5971 5972
f 5827 5972 5828
f 5828 5972 5973
f 5828 5973 5829
f 5829 5973 5974
f 5829 5974 5830
f 5830 5974 5975
f 5830 5975 5831
f 5831 5975 5976
f 5831 5976 5832
f 5832 5976 5977
f 5832 5977 5833
f 5833 5977 5978
f 5833 5978 5834
f 5834 5978 5979
f 5834 5979 5835
f 5835 5979 5980
f 5835 5980 5836
f 5836 5980 5981
f 5836 5981 5837
f 5837 5981 5982
f 5837 5982 5838
f 5838 5982 5983
f 5838 5983 5839
f 5839 5983 5984
f 5839 5984 5840
f 5840 5984 5985
f 5840 5985 5841
f 5841 5985 5986
f 5841 5986 5842
f 5842 5986 5987
f 5842 5987 5843
f 5843 5987 5988
f 5843 5988 5844
f 5844 5988 5989
f 5844 5989 5845
f 5845 5989 5990
f 5845 5990 5846
f 5846 5990 5991
f 5846 5991 5847
f 5847 5991 5992
f 5847 5992 5848
f 5848 5992 5993
f 5848 5993 5849
f 5849 5993 5994
f 5849 5994 5850
f 5850 5994 5995
f 5850 5995 5851
f 5851 5995 5996
f 5851 5996 5852
f 5852 5996 5997
f 5852 5997 5853
f 5853 5997 5998
f 5853 5998 5854
f 5854 5998 5999
f 5854 5999 5855
f 5855 5999 6000
f 5855 6000 5856
f 5856 6000 6001
f 5856 6001 5857
f 5881 6026 5882
f 5882 6026 6027
f 5882 6027 5883
f 5883 6027 6028
f 5883 6028 5884
f 5884 6028 6029
f 5884 6029 5885
f 5885 6029 6030
f 5885 6030 5886
f 5886 6030 6031
f 5886 6031 5887
f 5887 6031 6032
f 5887 6032 5888
f 5888 6032 6033
f 5888 6033 5889
f 5889 6033 6034
f 5889 6034 5890
f 5890 6034 6035
f 5890 6035 5891
f 5891 6035 6036
f 5891 6036 5892
f 5892 6036 6037
f 5892 6037 5893
f 5893 6037 6038
f 5893 6038 5894
f 5894 6038 6039
f 5894 6039 5895
f 5895 6039 6040
f 5895 6040 5896
f 5896 6040 6041
f 5896 6041 5897
f 5897 6041 6042
f 5897 6042 5898
f 5898 6042 6043
f 5898 6043 5899
f 5899 6043 6044
f 5899 6044 5900
f 5900 6044 6045
f 5900 6045 5901
f 5901 6045 6046
f 5901 6046 5902
f 5902 6046 6047
f 5902 6047 5903
f 5903 6047 6048
f 5903 6048 5904
f 5904 6048 5905
f 5904 5905 5761
f 5905 6049 6050
f 5905 6050 5906
f 5906 6050 6051
f 5906 6051 5907
f 5907 6051 6052
f 5907 6052 5908
f 5908 6052 6053
f 5908 6053 5909
f 5909 6053 6054
f 5909 6054 5910
f 5910 6054 6055
f 5910 6055 5911
f 5911 6055 6056
f 5911 6056 5912
f 5912 6056 6057
f 5912 6057 5913
f 5913 6057 6058
f 5913 6058 5914
f 5914 6058 6059
f 5914 6059 5915
f 5915 6059 6060
f 5915 6060 5916
f 5916 6060 6061
f 5916 6061 5917
f 5917 6061 6062
f 5917 6062 5918
f 5918 6062 6063
f 5918 6063 5919
f 5919 6063 6064
f 5919 6064 5920
f 5920 6064 6065
f 5920 6065 5921
f 5921 6065 6066
f 5921 6066 5922
f 5922 6066 6067
f 5922 6067 5923
f 5923 6067 6068
f 5923 6068 5924
f 5924 6068 6069
f 5924 6069 5925
f 5925 6069 6070
f 5925 6070 5926
f 5926 6070 6071
f 5926 6071 5927
f 5955 6099 6100
f 5955 6100 5956
f 5956 6100 6101
f 5956 6101 5957
f 5957 6101 6102
f 5957 6102 5958
f 5958 6102 6103
f 5958 6103 5959
f 5959 6103 6104
f 5959 6104 5960
f 5960 6104 6105
f 5960 6105 5961
f 5961 6105 6106
f 5961 6106 5962
f 5962 6106 6107
f 5962 6107 5963
f 5963 6107 6108
f 5963 6108 5964
f 5964 6108 6109
f 5964 6109 5965
f 5965 6109 6110
f 5965 6110 5966
f 5966 6110 6111
f 5966 6111 5967
f 5967 6111 6112
f 5967 6112 5968
f 5968 6112 6113
f 5968 6113 5969
f 5969 6113 6114
f 5969 6114 5970
f 5970 6114 6115
f 5970 6115 5971
f 5971 6115 6116
f 5971 6116 5972
f 5972 6116 6117
f 5972 6117 5973
f 5973 6117 6118
f 5973 6118 5974
f 5974 6118 6119
f 5974 6119 5975
f 5975 6119 6120
f 5975 6120 5976
f 5976 6120 6121
f 5976 6121 5977
f 5977 6121 6122
f 5977 6122 5978
f 5978 6122 6123
f 5978 6123 5979
f 5979 6123 6124
f 5979 6124 5980
f 5980 6124 6125
f 5980 6125 5981
f 5981 6125 6126
f 5981 6126 5982
f 5982 6126 6127
f 5982 6127 5983
f 5983 6127 6128
f 5983 6128 5984
f 5984 6128 6129
f 5984 6129 5985
f 5985 6129 6130
f 5985 6130 5986
f 5986 6130 6131
f 5986 6131 5987
f 5987 6131 6132
f 5987 6132 5988
f 5988 6132 6133
f 5988 6133 5989
f 5989 6133 6134
f 5989 6134 5990
f 5990 6134 6135
f 5990 6135 5991
f 5991 6135 6136
f 5991 6136 5992
f 5992 6136 6137
f 5992 6137 5993
f 5993 6137 6138
f 5993 6138 5994
f 5994 6138 6139
f 5994 6139 5995
f 5995 6139 6140
f 5995 6140 5996
f 5996 6140 6141
f 5996 6141 5997
f 5997 6141 6142
f 5997 6142 5998
f 5998 6142 6143
f 5998 6143 5999
f 6027 6171 6172
f 6027 6172 6028
f 6028 6172 6173
f 6028 6173 6029
f 6029 6173 6174
f 6029 6174 6030
f 6030 6174 6175
f 6030 6175 6031
f 6031 6175 6176
f 6031 6176 6032
f 6032 6176 6177
f 6032 6177 6033
f 6033 6177 6178
f 6033 6178 6034
f 6034 6178 6179
f 6034 6179 6035
f 6035 6179 6180
f 6035 6180 6036
f 6036 6180 6181
f 6036 6181 6037
f 6037 6181 6182
f 6037 6182 6038
f 6038 6182 6183
f 6038 6183 6039
f 6039 6183 6184
f 6039 6184 6040
f 6040 6184 6185
f 6040 6185 6041
f 6041 6185 6186
f 6041 6186 6042
f 6042 6186 6187
f 6042 6187 6043
f 6043 6187 6188
f 6043 6188 6044
f 6044 6188 6189
f 6044 6189 6045
f 6045 6189 6190
f 6045 6190 6046
f 6046 6190 6191
f 6046 6191 6047
f 6047 6191 6192
f 6047 6192 6048
f 6048 6192 6049
f 6048 6049 5905
f 6049 6193 6194
f 6049 6194 6050
f 6050 6194 6195
f 6050 6195 6051
f 6051 6195 6196
f 6051 6196 6052
f 6052 6196 6197
f 6052 6197 6053
f 6053 6197 6198
f 6053 6198 6054
f 6054 6198 6199
f 6054 6199 6055
f 6055 6199 6200
f 6055 6200 6056
f 6056 6200 6201
f 6056 6201 6057
f 6057 6201 6202
f 6057 6202 6058
f 6058 6202 6203
f 6058 6203 6059
f 6059 6203 6204
f 6059 6204 6060
f 6060 6204 6205
f 6060 6205 6061
f 6061 6205 6206
f 6061 6206 6062
f 6062 6206 6207
f 6062 6207 6063
f 6063 6207 6208
f 6063 6208 6064
f 6064 6208 6209
f 6064 6209 6065
f 6065 6209 6210
f 6065 6210 6066
f 6066 6210 6211
f 6066 6211 6067
f 6067 6211 6212
f 6067 6212 6068
f 6068 6212 6213
f 6068 6213 6069
f 6069 6213 6214
f 6069 6214 6070
f 6100 6244 6245
f 6100 6245 6101
f 6101 6245 6246
f 6101 6246 6102
f 6102 6246 6247
f 6102 6247 6103
f 6103 6247 6248
f 6103 6248 6104
f 6104 6248 6249
f 6104 6249 6105
f 6105 6249 6250
f 6105 6250 6106
f 6106 6250 6251
f 6106 6251 6107
f 6107 6251 6252
f 6107 6252 6108
f 6108 6252 6253
f 6108 6253 6109
f 6109 6253 6254
f 6109 6254 6110
f 6110 6254 6255
f 6110 6255 6111
f 6111 6255 6256
f 6111 6256 6112
f 6112 6256 6257
f 6112 6257 6113
f 6113 6257 6258
f 6113 6258 6114
f 6114 6258 6259
f 6114 6259 6115
f 6115 6259 6260
f 6115 6260 6116
f 6116 6260 6261
f 6116 6261 6117
f 6117 6261 6262
f 6117 6262 6118
f 6118 6262 6263
f 6118 6263 6119
f 6119 6263 6264
f 6119 6264 6120
f 6120 6264 6265
f 6120 6265 6121
f 6121 6265 6266
f 6121 6266 6122
f 6122 6266 6267
f 6122 6267 6123
f 6123 6267 6268
f 6123 6268 6124
f 6124 6268 6269
f 6124 6269 6125
f 6125 6269 6270
f 6125 6270 6126
f 6126 6270 6271
f 6126 6271 6127
f 6127 6271 6272
f 6127 6272 6128
f 6128 6272 6273
f 6128 6273 6129
f 6129 6273 6274
f 6129 6274 6130
f 6130 6274 6275
f 6130 6275 6131
f 6131 6275 6276
f 6131 6276 6132
f 6132 6276 6277
f 6132 6277 6133
f 6133 6277 6278
f 6133 6278 6134
f 6134 6278 6279
f 6134 6279 6135
f 6135 6279 6280
f 6135 6280 6136
f 6136 6280 6281
f 6136 6281 6137
f 6137 6281 6282
f 6137 6282 6138
f 6138 6282 6283
f 6138 6283 6139
f 6139 6283 6284
f 6139 6284 6140
f 6140 6284 6285
f 6140 6285 6141
f 6141 6285 6286
f 6141 6286 6142
f 6172 6316 6317
f 6172 6317 6173
f 6173 6317 6318
f 6173 6318 6174
f 6174 6318 6319
f 6174 6319 6175
f 6175 6319 6320
f 6175 6320 6176
f 6176 6320 6321
f 6176 6321 6177
f 6177 6321 6322
f 6177 6322 6178
f 6178 6322 6323
f 6178 6323 6179
f 6179 6323 6324
f 6179 6324 6180
f 6180 6324 6325
f 6180 6325 6181
f 6181 6325 6326
f 6181 6326 6182
f 6182 6326 6327
f 6182 6327 6183
f 6183 6327 6328
f 6183 6328 6184
f 6184 6328 6329
f 6184 6329 6185
f 6185 6329 6330
f 6185 6330 6186
f 6186 6330 6331
f 6186 6331 6187
f 6187 6331 6332
f 6187 6332 6188
f 6188 6332 6333
f 6188 6333 6189
f 6189 6333 6334
f 6189 6334 6190
f 6190 6334 6335
f 6190 6335 6191
f 6191 6335 6336
f 6191 6336 6192
f 6192 6336 6193
f 6192 6193 6049
f 6193 6337 6338
f 6193 6338 6194
f 6194 6338 6339
f 6194 6339 6195
f 6195 6339 6340
f 6195 6340 6196
f 6196 6340 6341
f 6196 6341 6197
f 6197 6341 6342
f 6197 6342 6198
f 6198 6342 6343
f 6198 6343 6199
f 6199 6343 6344
f 6199 6344 6200
f 6200 6344 6345
f 6200 6345 6201
f 6201 6345 6346
f 6201 6346 6202
f 6202 6346 6347
f 6202 6347 6203
f 6203 6347 6348
f 6203 6348 6204
f 6204 6348 6349
f 6204 6349 6205
f 6205 6349 6350
f 6205 6350 6206
f 6206 6350 6351
f 6206 6351 6207
f 6207 6351 6352
f 6207 6352 6208
f 6208 6352 6353
f 6208 6353 6209
f 6209 6353 6354
f 6209 6354 6210
f 6210 6354 6355
f 6210 6355 6211
f 6211 6355 6356
f 6211 6356 6212
f 6212 6356 6357
f 6212 6357 6213
f 6245 6389 6390
f 6245 6390 6246
f 6246 6390 6391
f 6246 6391 6247
f 6247 6391 6392
f 6247 6392 6248
f 6248 6392 6393
f 6248 6393 6249
f 6249 6393 6394
f 6249 6394 6250
f 6250 6394 6395
f 6250 6395 6251
f 6251 6395 6396
f 6251 6396 6252
f 6252 6396 6397
f 6252 6397 6253
f 6253 6397 6398
f 6253 6398 6254
f 6254 6398 6399
f 6254 6399 6255
f 6255 6399 6400
f 6255 6400 6256
f 6256 6400 6401
f 6256 6401 6257
f 6257 6401 6402
f 6257 6402 6258
f 6258 6402 6403
f 6258 6403 6259
f 6259 6403 6404
f 6259 6404 6260
f 6260 6404 6405
f 6260 6405 6261
f 6261 6405 6406
f 6261 6406 6262
f 6262 6406 6407
f 6262 6407 6263
f 6263 6407 6408
f 6263 6408 6264
f 6264 6408 6409
f 6264 6409 6265
f 6265 6409 6410
f 6265 6410 6266
f 6266 6410 6411
f 6266 6411 6267
f 6267 6411 6412
f 6267 6412 6268
f 6268 6412 6413
f 6268 6413 6269
f 6269 6413 6414
f 6269 6414 6270
f 6270 6414 6415
f 6270 6415 6271
f 6271 6415 6416
f 6271 6416 6272
f 6272 6416 6417
f 6272 6417 6273
f 6273 6417 6418
f 6273 6418 6274
f 6274 6418 6419
f 6274 6419 6275
f 6275 6419 6420
f 6275 6420 6276
f 6276 6420 6421
f 6276 6421 6277
f 6277 6421 6422
f 6277 6422 6278
f 6278 6422 6423
f 6278 6423 6279
f 6279 6423 6424
f 6279 6424 6280
f 6280 6424 6425
f 6280 6425 6281
f 6281 6425 6426
f 6281 6426 6282
f 6282 6426 6427
f 6282 6427 6283
f 6283 6427 6428
f 6283 6428 6284
f 6284 6428 6429
f 6284 6429 6285
f 6317 6461 6462
f 6317 6462 6318
f 6318 6462 6463
f 6318 6463 6319
f 6319 6463 6464
f 6319 6464 6320
f 6320 6464 6465
f 6320 6465 6321
f 6321 6465 6466
f 6321 6466 6322
f 6322 6466 6467
f 6322 6467 6323
f 6323 6467 6468
f 6323 6468 6324
f 6324 6468 6469
f 6324 6469 6325
f 6325 6469 6470
f 6325 6470 6326
f 6326 6470 6471
f 6326 6471 6327
f 6327 6471 6472
f 6327 6472 6328
f 6328 6472 6473
f 6328 6473 6329
f 6329 6473 6474
f 6329 6474 6330
f 6330 6474 6475
f 6330 6475 6331
f 6331 6475 6476
f 6331 6476 6332
f 6332 6476 6477
f 6332 6477 6333
f 6333 6477 6478
f 6333 6478 6334
f 6334 6478 6479
f 6334 6479 6335
f 6335 6479 6480
f 6335 6480 6336
f 6336 6480 6337
f 6336 6337 6193
f 6337 6481 6482
f 6337 6482 6338
f 6338 6482 6483
f 6338 6483 6339
f 6339 6483 6484
f 6339 6484 6340
f 6340 6484 6485
f 6340 6485 6341
f 6341 6485 6486
f 6341 6486 6342
f 6342 6486 6487
f 6342 6487 6343
f 6343 6487 6488
f 6343 6488 6344
f 6344 6488 6489
f 6344 6489 6345
f 6345 6489 6490
f 6345 6490 6346
f 6346 6490 6491
f 6346 6491 6347
f 6347 6491 6492
f 6347 6492 6348
f 6348 6492 6493
f 6348 6493 6349
f 6349 6493 6494
f 6349 6494 6350
f 6350 6494 6495
f 6350 6495 6351
f 6351 6495 6496
f 6351 6496 6352
f 6352 6496 6497
f 6352 6497 6353
f 6353 6497 6498
f 6353 6498 6354
f 6354 6498 6499
f 6354 6499 6355
f 6355 6499 6500
f 6355 6500 6356
f 6356 6500 6501
f 6389 6534 6390
f 6390 6534 6535
f 6390 6535 6391
f 6391 6535 6536
f 6391 6536 6392
f 6392 6536 6537
f 6392 6537 6393
f 6393 6537 6538
f 6393 6538 6394
f 6394 6538 6539
f 6394 6539 6395
f 6395 6539 6540
f 6395 6540 6396
f 6396 6540 6541
f 6396 6541 6397
f 6397 6541 6542
f 6397 6542 6398
f 6398 6542 6543
f 6398 6543 6399
f 6399 6543 6544
f 6399 6544 6400
f 6400 6544 6545
f 6400 6545 6401
f 6401 6545 6546
f 6401 6546 6402
f 6402 6546 6547
f 6402 6547 6403
f 6403 6547 6548
f 6403 6548 6404
f 6404 6548 6549
f 6404 6549 6405
f 6405 6549 6550
f 6405 6550 6406
f 6406 6550 6551
f 6406 6551 6407
f 6407 6551 6552
f 6407 6552 6408
f 6408 6552 6553
f 6408 6553 6409
f 6409 6553 6554
f 6409 6554 6410
f 6410 6554 6555
f 6410 6555 6411
f 6411 6555 6556
f 6411 6556 6412
f 6412 6556 6557
f 6412 6557 6413
f 6413 6557 6558
f 6413 6558 6414
f 6414 6558 6559
f 6414 6559 6415
f 6415 6559 6560
f 6415 6560 6416
f 6416 6560 6561
f 6416 6561 6417
f 6417 6561 6562
f 6417 6562 6418
f 6418 6562 6563
f 6418 6563 6419
f 6419 6563 6564
f 6419 6564 6420
f 6420 6564 6565
f 6420 6565 6421
f 6421 6565 6566
f 6421 6566 6422
f 6422 6566 6567
f 6422 6567 6423
f 6423 6567 6568
f 6423 6568 6424
f 6424 6568 6569
f 6424 6569 6425
f 6425 6569 6570
f 6425 6570 6426
f 6426 6570 6571
f 6426 6571 6427
f 6427 6571 6572
f 6427 6572 6428
f 6428 6572 6573
f 6461 6606 6462
f 6462 6606 6607
f 6462 6607 6463
f 6463 6607 6608
f 6463 6608 6464
f 6464 6608 6609
f 6464 6609 6465
f 6465 6609 6610
f 6465 6610 6466
f 6466 6610 6611
f 6466 6611 6467
f 6467 6611 6612
f 6467 6612 6468
f 6468 6612 6613
f 6468 6613 6469
f 6469 6613 6614
f 6469 6614 6470
f 6470 6614 6615
f 6470 6615 6471
f 6471 6615 6616
f 6471 6616 6472
f 6472 6616 6617
f 6472 6617 6473
f 6473 6617 6618
f 6473 6618 6474
f 6474 6618 6619
f 6474 6619 6475
f 6475 6619 6620
f 6475 6620 6476
f 6476 6620 6621
f 6476 6621 6477
f 6477 6621 6622
f 6477 6622 6478
f 6478 6622 6623
f 6478 6623 6479
f 6479 6623 6624
f 6479 6624 6480
f 6480 6624 6481
f 6480 6481 6337
f 6481 6625 6626
f 6481 6626 6482
f 6482 6626 6627
f 6482 6627 6483
f 6483 6627 6628
f 6483 6628 6484
f 6484 6628 6629
f 6484 6629 6485
f 6485 6629 6630
f 6485 6630 6486
f 6486 6630 6631
f 6486 6631 6487
f 6487 6631 6632
f 6487 6632 6488
f 6488 6632 6633
f 6488 6633 6489
f 6489 6633 6634
f 6489 6634 6490
f 6490 6634 6635
f 6490 6635 6491
f 6491 6635 6636
f 6491 6636 6492
f 6492 6636 6637
f 6492 6637 6493
f 6493 6637 6638
f 6493 6638 6494
f 6494 6638 6639
f 6494 6639 6495
f 6495 6639 6640
f 6495 6640 6496
f 6496 6640 6641
f 6496 6641 6497
f 6497 6641 6642
f 6497 6642 6498
f 6498 6642 6643
f 6498 6643 6499
f 6499 6643 6644
f 6499 6644 6500
f 6500 6644 6645
f 6533 6678 6534
f 6534 6678 6679
f 6534 6679 6535
f 6535 6679 6680
f 6535 6680 6536
f 6536 6680 6681
f 6536 6681 6537
f 6537 6681 6682
f 6537 6682 6538
f 6538 6682 6683
f 6538 6683 6539
f 6539 6683 6684
f 6539 6684 6540
f 6540 6684 6685
f 6540 6685 6541
f 6541 6685 6686
f 6541 6686 6542
f 6542 6686 6687
f 6542 6687 6543
f 6543 6687 6688
f 6543 6688 6544
f 6544 6688 6689
f 6544 6689 6545
f 6545 6689 6690
f 6545 6690 6546
f 6546 6690 6691
f 6546 6691 6547
f 6547 6691 6692
f 6547 6692 6548
f 6548 6692 6693
f 6548 6693 6549
f 6549 6693 6694
f 6549 6694 6550
f 6550 6694 6695
f 6550 6695 6551
f 6551 6695 6696
f 6551 6696 6552
f 6552 6696 6697
f 6552 6697 6553
f 6553 6697 6698
f 6553 6698 6554
f 6554 6698 6699
f 6554 6699 6555
f 6555 6699 6700
f 6555 6700 6556
f 6556 6700 6701
f 6556 6701 6557
f 6557 6701 6702
f 6557 6702 6558
f 6558 6702 6703
f 6558 6703 6559
f 6559 6703 6704
f 6559 6704 6560
f 6560 6704 6705
f 6560 6705 6561
f 6561 6705 6706
f 6561 6706 6562
f 6562 6706 6707
f 6562 6707 6563
f 6563 6707 6708
f 6563 6708 6564
f 6564 6708 6709
f 6564 6709 6565
f 6565 6709 6710
f 6565 6710 6566
f 6566 6710 6711
f 6566 6711 6567
f 6567 6711 6712
f 6567 6712 6568
f 6568 6712 6713
f 6568 6713 6569
f 6569 6713 6714
f 6569 6714 6570
f 6570 6714 6715
f 6570 6715 6571
f 6571 6715 6716
f 6571 6716 6572
f 6572 6716 6717
f 6605 6750 6606
f 6606 6750 6751
f 6606 6751 6607
f 6607 6751 6752
f 6607 6752 6608
f 6608 6752 6753
f 6608 6753 6609
f 6609 6753 6754
f 6609 6754 6610
f 6610 6754 6755
f 6610 6755 6611
f 6611 6755 6756
f 6611 6756 6612
f 6612 6756 6757
f 6612 6757 6613
f 6613 6757 6758
f 6613 6758 6614
f 6614 6758 6759
f 6614 6759 6615
f 6615 6759 6760
f 6615 6760 6616
f 6616 6760 6761
f 6616 6761 6617
f 6617 6761 6762
f 6617 6762 6618
f 6618 6762 6763
f 6618 6763 6619
f 6619 6763 6764
f 6619 6764 6620
f 6620 6764 6765
f 6620 6765 6621
f 6621 6765 6766
f 6621 6766 6622
f 6622 6766 6767
f 6622 6767 6623
f 6623 6767 6768
f 6623 6768 6624
f 6624 6768 6625
f 6624 6625 6481
f 6625 6769 6770
f 6625 6770 6626
f 6626 6770 6771
f 6626 6771 6627
f 6627 6771 6772
f 6627 6772 6628
f 6628 6772 6773
f 6628 6773 6629
f 6629 6773 6774
f 6629 6774 6630
f 6630 6774 6775
f 6630 6775 6631
f 6631 6775 6776
f 6631 6776 6632
f 6632 6776 6777
f 6632 6777 6633
f 6633 6777 6778
f 6633 6778 6634
f 6634 6778 6779
f 6634 6779 6635
f 6635 6779 6780
f 6635 6780 6636
f 6636 6780 6781
f 6636 6781 6637
f 6637 6781 6782
f 6637 6782 6638
f 6638 6782 6783
f 6638 6783 6639
f 6639 6783 6784
f 6639 6784 6640
f 6640 6784 6785
f 6640 6785 6641
f 6641 6785 6786
f 6641 6786 6642
f 6642 6786 6787
f 6642 6787 6643
f 6643 6787 6788
f 6643 6788 6644
f 6644 6788 6789
f 6677 6821 6822
f 6677 6822 6678
f 6678 6822 6823
f 6678 6823 6679
f 6679 6823 6824
f 6679 6824 6680
f 6680 6824 6825
f 6680 6825 6681
f 6681 6825 6826
f 6681 6826 6682
f 6682 6826 6827
f 6682 6827 6683
f 6683 6827 6828
f 6683 6828 6684
f 6684 6828 6829
f 6684 6829 6685
f 6685 6829 6830
f 6685 6830 6686
f 6686 6830 6831
f 6686 6831 6687
f 6687 6831 6832
f 6687 6832 6688
f 6688 6832 6833
f 6688 6833 6689
f 6689 6833 6834
f 6689 6834 6690
f 6690 6834 6835
f 6690 6835 6691
f 6691 6835 6836
f 6691 6836 6692
f 6692 6836 6837
f 6692 6837 6693
f 6693 6837 6838
f 6693 6838 6694
f 6694 6838 6839
f 6694 6839 6695
f 6695 6839 6840
f 6695 6840 6696
f 6696 6840 6841
f 6696 6841 6697
f 6697 6841 6842
f 6697 6842 6698
f 6698 6842 6843
f 6698 6843 6699
f 6699 6843 6844
f 6699 6844 6700
f 6700 6844 6845
f 6700 6845 6701
f 6701 6845 6846
f 6701 6846 6702
f 6702 6846 6847
f 6702 6847 6703
f 6703 6847 6848
f 6703 6848 6704
f 6704 6848 6849
f 6704 6849 6705
f 6705 6849 6850
f 6705 6850 6706
f 6706 6850 6851
f 6706 6851 6707
f 6707 6851 6852
f 6707 6852 6708
f 6708 6852 6853
f 6708 6853 6709
f 6709 6853 6854
f 6709 6854 6710
f 6710 6854 6855
f 6710 6855 6711
f 6711 6855 6856
f 6711 6856 6712
f 6712 6856 6857
f 6712 6857 6713
f 6713 6857 6858
f 6713 6858 6714
f 6714 6858 6859
f 6714 6859 6715
f 6715 6859 6860
f 6715 6860 6716
f 6716 6860 6861
f 6749 6893 6894
f 6749 6894 6750
f 6750 6894 6895
f 6750 6895 6751
f 6751 6895 6896
f 6751 6896 6752
f 6752 6896 6897
f 6752 6897 6753
f 6753 6897 6898
f 6753 6898 6754
f 6754 6898 6899
f 6754 6899 6755
f 6755 6899 6900
f 6755 6900 6756
f 6756 6900 6901
f 6756 6901 6757
f 6757 6901 6902
f 6757 6902 6758
f 6758 6902 6903
f 6758 6903 6759
f 6759 6903 6904
f 6759 6904 6760
f 6760 6904 6905
f 6760 6905 6761
f 6761 6905 6906
f 6761 6906 6762
f 6762 6906 6907
f 6762 6907 6763
f 6763 6907 6908
f 6763 6908 6764
f 6764 6908 6909
f 6764 6909 6765
f 6765 6909 6910
f 6765 6910 6766
f 6766 6910 6911
f 6766 6911 6767
f 6767 6911 6912
f 6767 6912 6768
f 6768 6912 6769
f 6768 6769 6625
f 6769 6913 6914
f 6769 6914 6770
f 6770 6914 6915
f 6770 6915 6771
f 6771 6915 6916
f 6771 6916 6772
f 6772 6916 6917
f 6772 6917 6773
f 6773 6917 6918
f 6773 6918 6774
f 6774 6918 6919
f 6774 6919 6775
f 6775 6919 6920
f 6775 6920 6776
f 6776 6920 6921
f 6776 6921 6777
f 6777 6921 6922
f 6777 6922 6778
f 6778 6922 6923
f 6778 6923 6779
f 6779 6923 6924
f 6779 6924 6780
f 6780 6924 6925
f 6780 6925 6781
f 6781 6925 6926
f 6781 6926 6782
f 6782 6926 6927
f 6782 6927 6783
f 6783 6927 6928
f 6783 6928 6784
f 6784 6928 6929
f 6784 6929 6785
f 6785 6929 6930
f 6785 6930 6786
f 6786 6930 6931
f 6786 6931 6787
f 6787 6931 6932
f 6787 6932 6788
f 6788 6932 6933
f 6788 6933 6789
f 6821 6965 6966
f 6821 6966 6822
f 6822 6966 6967
f 6822 6967 6823
f 6823 6967 6968
f 6823 6968 6824
f 6824 6968 6969
f 6824 6969 6825
f 6825 6969 6970
f 6825 6970 6826
f 6826 6970 6971
f 6826 6971 6827
f 6827 6971 6972
f 6827 6972 6828
f 6828 6972 6973
f 6828 6973 6829
f 6829 6973 6974
f 6829 6974 6830
f 6830 6974 6975
f 6830 6975 6831
f 6831 6975 6976
f 6831 6976 6832
f 6832 6976 6977
f 6832 6977 6833
f 6833 6977 6978
f 6833 6978 6834
f 6834 6978 6979
f 6834 6979 6835
f 6835 6979 6980
f 6835 6980 6836
f 6836 6980 6981
f 6836 6981 6837
f 6837 6981 6982
f 6837 6982 6838
f 6838 6982 6983
f 6838 6983 6839
f 6839 6983 6984
f 6839 6984 6840
f 6840 6984 6985
f 6840 6985 6841
f 6841 6985 6986
f 6841 6986 6842
f 6842 6986 6987
f 6842 6987 6843
f 6843 6987 6988
f 6843 6988 6844
f 6844 6988 6989
f 6844 6989 6845
f 6845 6989 6990
f 6845 6990 6846
f 6846 6990 6991
f 6846 6991 6847
f 6847 6991 6992
f 6847 6992 6848
f 6848 6992 6993
f 6848 6993 6849
f 6849 6993 6994
f 6849 6994 6850
f 6850 6994 6995
f 6850 6995 6851
f 6851 6995 6996
f 6851 6996 6852
f 6852 6996 6997
f 6852 6997 6853
f 6853 6997 6998
f 6853 6998 6854
f 6854 6998 6999
f 6854 6999 6855
f 6855 6999 7000
f 6855 7000 6856
f 6856 7000 7001
f 6856 7001 6857
f 6857 7001 7002
f 6857 7002 6858
f 6858 7002 7003
f 6858 7003 6859
f 6859 7003 7004
f 6859 7004 6860
f 6860 7004 7005
f 6860 7005 6861
f 6893 7037 7038
f 6893 7038 6894
f 6894 7038 7039
f 6894 7039 6895
f 6895 7039 7040
f 6895 7040 6896
f 6896 7040 7041
f 6896 7041 6897
f 6897 7041 7042
f 6897 7042 6898
f 6898 7042 7043
f 6898 7043 6899
f 6899 7043 7044
f 6899 7044 6900
f 6900 7044 7045
f 6900 7045 6901
f 6901 7045 7046
f 6901 7046 6902
f 6902 7046 7047
f 6902 7047 6903
f 6903 7047 7048
f 6903 7048 6904
f 6904 7048 7049
f 6904 7049 6905
f 6905 7049 7050
f 6905 7050 6906
f 6906 7050 7051
f 6906 7051 6907
f 6907 7051 7052
f 6907 7052 6908
f 6908 7052 7053
f 6908 7053 6909
f 6909 7053 7054
f 6909 7054 6910
f 6910 7054 7055
f 6910 7055 6911
f 6911 7055 7056
f 6911 7056 6912
f 6912 7056 6913
f 6912 6913 6769
f 6913 7057 7058
f 6913 7058 6914
f 6914 7058 7059
f 6914 7059 6915
f 6915 7059 7060
f 6915 7060 6916
f 6916 7060 7061
f 6916 7061 6917
f 6917 7061 7062
f 6917 7062 6918
f 6918 7062 7063
f 6918 7063 6919
f 6919 7063 7064
f 6919 7064 6920
f 6920 7064 7065
f 6920 7065 6921
f 6921 7065 7066
f 6921 7066 6922
f 6922 7066 7067
f 6922 7067 6923
f 6923 7067 7068
f 6923 7068 6924
f 6924 7068 7069
f 6924 7069 6925
f 6925 7069 7070
f 6925 7070 6926
f 6926 7070 7071
f 6926 7071 6927
f 6927 7071 7072
f 6927 7072 6928
f 6928 7072 7073
f 6928 7073 6929
f 6929 7073 7074
f 6929 7074 6930
f 6930 7074 7075
f 6930 7075 6931
f 6931 7075 7076
f 6931 7076 6932
f 6932 7076 7077
f 6932 7077 6933
f 6933 7077 7078
f 6964 7108 7109
f 6964 7109 6965
f 6965 7109 7110
f 6965 7110 6966
f 6966 7110 7111
f 6966 7111 6967
f 6967 7111 7112
f 6967 7112 6968
f 6968 7112 7113
f 6968 7113 6969
f 6969 7113 7114
f 6969 7114 6970
f 6970 7114 7115
f 6970 7115 6971
f 6971 7115 7116
f 6971 7116 6972
f 6972 7116 7117
f 6972 7117 6973
f 6973 7117 7118
f 6973 7118 6974
f 6974 7118 7119
f 6974 7119 6975
f 6975 7119 7120
f 6975 7120 6976
f 6976 7120 7121
f 6976 7121 6977
f 6977 7121 7122
f 6977 7122 6978
f 6978 7122 7123
f 6978 7123 6979
f 6979 7123 7124
f 6979 7124 6980
f 6980 7124 7125
f 6980 7125 6981
f 6981 7125 7126
f 6981 7126 6982
f 6982 7126 7127
f 6982 7127 6983
f 6983 7127 7128
f 6983 7128 6984
f 6984 7128 7129
f 6984 7129 6985
f 6985 7129 7130
f 6985 7130 6986
f 6986 7130 7131
f 6986 7131 6987
f 6987 7131 7132
f 6987 7132 6988
f 6988 7132 7133
f 6988 7133 6989
f 6989 7133 7134
f 6989 7134 6990
f 6990 7134 7135
f 6990 7135 6991
f 6991 7135 7136
f 6991 7136 6992
f 6992 7136 7137
f 6992 7137 6993
f 6993 7137 7138
f 6993 7138 6994
f 6994 7138 7139
f 6994 7139 6995
f 6995 7139 7140
f 6995 7140 6996
f 6996 7140 7141
f 6996 7141 6997
f 6997 7141 7142
f 6997 7142 6998
f 6998 7142 7143
f 6998 7143 6999
f 6999 7143 7144
f 6999 7144 7000
f 7000 7144 7145
f 7000 7145 7001
f 7001 7145 7146
f 7001 7146 7002
f 7002 7146 7147
f 7002 7147 7003
f 7003 7147 7148
f 7003 7148 7004
f 7004 7148 7149
f 7004 7149 7005
f 7005 7149 7150
f 7036 7180 7181
f 7036 7181 7037
f 7037 7181 7182
f 7037 7182 7038
f 7038 7182 7183
f 7038 7183 7039
f 7039 7183 7184
f 7039 7184 7040
f 7040 7184 7185
f 7040 7185 7041
f 7041 7185 7186
f 7041 7186 7042
f 7042 7186 7187
f 7042 7187 7043
f 7043 7187 7188
f 7043 7188 7044
f 7044 7188 7189
f 7044 7189 7045
f 7045 7189 7190
f 7045 7190 7046
f 7046 7190 7191
f 7046 7191 7047
f 7047 7191 7192
f 7047 7192 7048
f 7048 7192 7193
f 7048 7193 7049
f 7049 7193 7194
f 7049 7194 7050
f 7050 7194 7195
f 7050 7195 7051
f 7051 7195 7196
f 7051 7196 7052
f 7052 7196 7197
f 7052 7197 7053
f 7053 7197 7198
f 7053 7198 7054
f 7054 7198 7199
f 7054 7199 7055
f 7055 7199 7200
f 7055 7200 7056
f 7056 7200 7057
f 7056 7057 6913
f 7057 7201 7202
f 7057 7202 7058
f 7058 7202 7203
f 7058 7203 7059
f 7059 7203 7204
f 7059 7204 7060
f 7060 7204 7205
f 7060 7205 7061
f 7061 7205 7206
f 7061 7206 7062
f 7062 7206 7207
f 7062 7207 7063
f 7063 7207 7208
f 7063 7208 7064
f 7064 7208 7209
f 7064 7209 7065
f 7065 7209 7210
f 7065 7210 7066
f 7066 7210 7211
f 7066 7211 7067
f 7067 7211 7212
f 7067 7212 7068
f 7068 7212 7213
f 7068 7213 7069
f 7069 7213 7214
f 7069 7214 7070
f 7070 7214 7215
f 7070 7215 7071
f 7071 7215 7216
f 7071 7216 7072
f 7072 7216 7217
f 7072 7217 7073
f 7073 7217 7218
f 7073 7218 7074
f 7074 7218 7219
f 7074 7219 7075
f 7075 7219 7220
f 7075 7220 7076
f 7076 7220 7221
f 7076 7221 7077
f 7077 7221 7222
f 7077 7222 7078
f 7078 7222 7223
f 7108 7252 7253
f 7108 7253 7109
f 7109 7253 7254
f 7109 7254 7110
f 7110 7254 7255
f 7110 7255 7111
f 7111 7255 7256
f 7111 7256 7112
f 7112 7256 7257
f 7112 7257 7113
f 7113 7257 7258
f 7113 7258 7114
f 7114 7258 7259
f 7114 7259 7115
f 7115 7259 7260
f 7115 7260 7116
f 7116 7260 7261
f 7116 7261 7117
f 7117 7261 7262
f 7117 7262 7118
f 7118 7262 7263
f 7118 7263 7119
f 7119 7263 7264
f 7119 7264 7120
f 7120 7264 7265
f 7120 7265 7121
f 7121 7265 7266
f 7121 7266 7122
f 7122 7266 7267
f 7122 7267 7123
f 7123 7267 7268
f 7123 7268 7124
f 7124 7268 7269
f 7124 7269 7125
f 7125 7269 7270
f 7125 7270 7126
f 7126 7270 7271
f 7126 7271 7127
f 7127 7271 7272
f 7127 7272 7128
f 7128 7272 7273
f 7128 7273 7129
f 7129 7273 7274
f 7129 7274 7130
f 7130 7274 7275
f 7130 7275 7131
f 7131 7275 7276
f 7131 7276 7132
f 7132 7276 7277
f 7132 7277 7133
f 7133 7277 7278
f 7133 7278 7134
f 7134 7278 7279
f 7134 7279 7135
f 7135 7279 7280
f 7135 7280 7136
f 7136 7280 7281
f 7136 7281 7137
f 7137 7281 7282
f 7137 7282 7138
f 7138 7282 7283
f 7138 7283 7139
f 7139 7283 7284
f 7139 7284 7140
f 7140 7284 7285
f 7140 7285 7141
f 7141 7285 7286
f 7141 7286 7142
f 7142 7286 7287
f 7142 7287 7143
f 7143 7287 7288
f 7143 7288 7144
f 7144 7288 7289
f 7144 7289 7145
f 7145 7289 7290
f 7145 7290 7146
f 7146 7290 7291
f 7146 7291 7147
f 7147 7291 7292
f 7147 7292 7148
f 7148 7292 7293
f 7148 7293 7149
f 7149 7293 7294
f 7149 7294 7150
f 7150 7294 7295
f 7180 7324 7325
f 7180 7325 7181
f 7181 7325 7326
f 7181 7326 7182
f 7182 7326 7327
f 7182 7327 7183
f 7183 7327 7328
f 7183 7328 7184
f 7184 7328 7329
f 7184 7329 7185
f 7185 7329 7330
f 7185 7330 7186
f 7186 7330 7331
f 7186 7331 7187
f 7187 7331 7332
f 7187 7332 7188
f 7188 7332 7333
f 7188 7333 7189
f 7189 7333 7334
f 7189 7334 7190
f 7190 7334 7335
f 7190 7335 7191
f 7191 7335 7336
f 7191 7336 7192
f 7192 7336 7337
f 7192 7337 7193
f 7193 7337 7338
f 7193 7338 7194
f 7194 7338 7339
f 7194 7339 7195
f 7195 7339 7340
f 7195 7340 7196
f 7196 7340 7341
f 7196 7341 7197
f 7197 7341 7342
f 7197 7342 7198
f 7198 7342 7343
f 7198 7343 7199
f 7199 7343 7344
f 7199 7344 7200
f 7200 7344 7201
f 7200 7201 7057
f 7201 7345 7346
f 7201 7346 7202
f 7202 7346 7347
f 7202 7347 7203
f 7203 7347 7348
f 7203 7348 7204
f 7204 7348 7349
f 7204 7349 7205
f 7205 7349 7350
f 7205 7350 7206
f 7206 7350 7351
f 7206 7351 7207
f 7207 7351 7352
f 7207 7352 7208
f 7208 7352 7353
f 7208 7353 7209
f 7209 7353 7354
f 7209 7354 7210
f 7210 7354 7355
f 7210 7355 7211
f 7211 7355 7356
f 7211 7356 7212
f 7212 7356 7357
f 7212 7357 7213
f 7213 7357 7358
f 7213 7358 7214
f 7214 7358 7359
f 7214 7359 7215
f 7215 7359 7360
f 7215 7360 7216
f 7216 7360 7361
f 7216 7361 7217
f 7217 7361 7362
f 7217 7362 7218
f 7218 7362 7363
f 7218 7363 7219
f 7219 7363 7364
f 7219 7364 7220
f 7220 7364 7365
f 7220 7365 7221
f 7221 7365 7366
f 7221 7366 7222
f 7222 7366 7367
f 7222 7367 7223
f 7251 7395 7396
f 7251 7396 7252
f 7252 7396 7397
f 7252 7397 7253
f 7253 7397 7398
f 7253 7398 7254
f 7254 7398 7399
f 7254 7399 7255
f 7255 7399 7400
f 7255 7400 7256
f 7256 7400 7401
f 7256 7401 7257
f 7257 7401 7402
f 7257 7402 7258
f 7258 7402 7403
f 7258 7403 7259
f 7259 7403 7404
f 7259 7404 7260
f 7260 7404 7405
f 7260 7405 7261
f 7261 7405 7406
f 7261 7406 7262
f 7262 7406 7407
f 7262 7407 7263
f 7263 7407 7408
f 7263 7408 7264
f 7264 7408 7409
f 7264 7409 7265
f 7265 7409 7410
f 7265 7410 7266
f 7266 7410 7411
f 7266 7411 7267
f 7267 7411 7412
f 7267 7412 7268
f 7268 7412 7413
f 7268 7413 7269
f 7269 7413 7414
f 7269 7414 7270
f 7270 7414 7415
f 7270 7415 7271
f 7271 7415 7416
f 7271 7416 7272
f 7272 7416 7417
f 7272 7417 7273
f 7273 7417 7418
f 7273 7418 7274
f 7274 7418 7419
f 7274 7419 7275
f 7275 7419 7420
f 7275 7420 7276
f 7276 7420 7421
f 7276 7421 7277
f 7277 7421 7422
f 7277 7422 7278
f 7278 7422 7423
f 7278 7423 7279
f 7279 7423 7424
f 7279 7424 7280
f 7280 7424 7425
f 7280 7425 7281
f 7281 7425 7426
f 7281 7426 7282
f 7282 7426 7427
f 7282 7427 7283
f 7283 7427 7428
f 7283 7428 7284
f 7284 7428 7429
f 7284 7429 7285
f 7285 7429 7430
f 7285 7430 7286
f 7286 7430 7431
f 7286 7431 7287
f 7287 7431 7432
f 7287 7432 7288
f 7288 7432 7433
f 7288 7433 7289
f 7289 7433 7434
f 7289 7434 7290
f 7290 7434 7435
f 7290 7435 7291
f 7291 7435 7436
f 7291 7436 7292
f 7292 7436 7437
f 7292 7437 7293
f 7293 7437 7438
f 7293 7438 7294
f 7294 7438 7439
f 7294 7439 7295
f 7323 7467 7468
f 7323 7468 7324
f 7324 7468 7469
f 7324 7469 7325
f 7325 7469 7470
f 7325 7470 7326
f 7326 7470 7471
f 7326 7471 7327
f 7327 7471 7472
f 7327 7472 7328
f 7328 7472 7473
f 7328 7473 7329
f 7329 7473 7474
f 7329 7474 7330
f 7330 7474 7475
f 7330 7475 7331
f 7331 7475 7476
f 7331 7476 7332
f 7332 7476 7477
f 7332 7477 7333
f 7333 7477 7478
f 7333 7478 7334
f 7334 7478 7479
f 7334 7479 7335
f 7335 7479 7480
f 7335 7480 7336
f 7336 7480 7481
f 7336 7481 7337
f 7337 7481 7482
f 7337 7482 7338
f 7338 7482 7483
f 7338 7483 7339
f 7339 7483 7484
f 7339 7484 7340
f 7340 7484 7485
f 7340 7485 7341
f 7341 7485 7486
f 7341 7486 7342
f 7342 7486 7487
f 7342 7487 7343
f 7343 7487 7488
f 7343 7488 7344
f 7344 7488 7345
f 7344 7345 7201
f 7345 7489 7490
f 7345 7490 7346
f 7346 7490 7491
f 7346 7491 7347
f 7347 7491 7492
f 7347 7492 7348
f 7348 7492 7493
f 7348 7493 7349
f 7349 7493 7494
f 7349 7494 7350
f 7350 7494 7495
f 7350 7495 7351
f 7351 7495 7496
f 7351 7496 7352
f 7352 7496 7497
f 7352 7497 7353
f 7353 7497 7498
f 7353 7498 7354
f 7354 7498 7499
f 7354 7499 7355
f 7355 7499 7500
f 7355 7500 7356
f 7356 7500 7501
f 7356 7501 7357
f 7357 7501 7502
f 7357 7502 7358
f 7358 7502 7503
f 7358 7503 7359
f 7359 7503 7504
f 7359 7504 7360
f 7360 7504 7505
f 7360 7505 7361
f 7361 7505 7506
f 7361 7506 7362
f 7362 7506 7507
f 7362 7507 7363
f 7363 7507 7508
f 7363 7508 7364
f 7364 7508 7509
f 7364 7509 7365
f 7365 7509 7510
f 7365 7510 7366
f 7366 7510 7511
f 7366 7511 7367
f 7367 7511 7512
f 7367 7512 7368
f 7394 7538 7539
f 7394 7539 7395
f 7395 7539 7540
f 7395 7540 7396
f 7396 7540 7541
f 7396 7541 7397
f 7397 7541 7542
f 7397 7542 7398
f 7398 7542 7543
f 7398 7543 7399
f 7399 7543 7544
f 7399 7544 7400
f 7400 7544 7545
f 7400 7545 7401
f 7401 7545 7546
f 7401 7546 7402
f 7402 7546 7547
f 7402 7547 7403
f 7403 7547 7548
f 7403 7548 7404
f 7404 7548 7549
f 7404 7549 7405
f 7405 7549 7550
f 7405 7550 7406
f 7406 7550 7551
f 7406 7551 7407
f 7407 7551 7552
f 7407 7552 7408
f 7408 7552 7553
f 7408 7553 7409
f 7409 7553 7554
f 7409 7554 7410
f 7410 7554 7555
f 7410 7555 7411
f 7411 7555 7556
f 7411 7556 7412
f 7412 7556 7557
f 7412 7557 7413
f 7413 7557 7558
f 7413 7558 7414
f 7414 7558 7559
f 7414 7559 7415
f 7415 7559 7560
f 7415 7560 7416
f 7416 7560 7561
f 7416 7561 7417
f 7417 7561 7562
f 7417 7562 7418
f 7418 7562 7563
f 7418 7563 7419
f 7419 7563 7564
f 7419 7564 7420
f 7420 7564 7565
f 7420 7565 7421
f 7421 7565 7566
f 7421 7566 7422
f 7422 7566 7567
f 7422 7567 7423
f 7423 7567 7568
f 7423 7568 7424
f 7424 7568 7569
f 7424 7569 7425
f 7425 7569 7570
f 7425 7570 7426
f 7426 7570 7571
f 7426 7571 7427
f 7427 7571 7572
f 7427 7572 7428
f 7428 7572 7573
f 7428 7573 7429
f 7429 7573 7574
f 7429 7574 7430
f 7430 7574 7575
f 7430 7575 7431
f 7431 7575 7576
f 7431 7576 7432
f 7432 7576 7577
f 7432 7577 7433
f 7433 7577 7578
f 7433 7578 7434
f 7434 7578 7579
f 7434 7579 7435
f 7435 7579 7580
f 7435 7580 7436
f 7436 7580 7581
f 7436 7581 7437
f 7437 7581 7582
f 7437 7582 7438
f 7438 7582 7583
f 7438 7583 7439
f 7439 7583 7584
f 7439 7584 7440
f 7466 7610 7611
f 7466 7611 7467
f 7467 7611 7612
f 7467 7612 7468
f 7468 7612 7613
f 7468 7613 7469
f 7469 7613 7614
f 7469 7614 7470
f 7470 7614 7615
f 7470 7615 7471
f 7471 7615 7616
f 7471 7616 7472
f 7472 7616 7617
f 7472 7617 7473
f 7473 7617 7618
f 7473 7618 7474
f 7474 7618 7619
f 7474 7619 7475
f 7475 7619 7620
f 7475 7620 7476
f 7476 7620 7621
f 7476 7621 7477
f 7477 7621 7622
f 7477 7622 7478
f 7478 7622 7623
f 7478 7623 7479
f 7479 7623 7624
f 7479 7624 7480
f 7480 7624 7625
f 7480 7625 7481
f 7481 7625 7626
f 7481 7626 7482
f 7482 7626 7627
f 7482 7627 7483
f 7483 7627 7628
f 7483 7628 7484
f 7484 7628 7629
f 7484 7629 7485
f 7485 7629 7630
f 7485 7630 7486
f 7486 7630 7631
f 7486 7631 7487
f 7487 7631 7632
f 7487 7632 7488
f 7488 7632 7489
f 7488 7489 7345
f 7489 7633 7634
f 7489 7634 7490
f 7490 7634 7635
f 7490 7635 7491
f 7491 7635 7636
f 7491 7636 7492
f 7492 7636 7637
f 7492 7637 7493
f 7493 7637 7638
f 7493 7638 7494
f 7494 7638 7639
f 7494 7639 7495
f 7495 7639 7640
f 7495 7640 7496
f 7496 7640 7641
f 7496 7641 7497
f 7497 7641 7642
f 7497 7642 7498
f 7498 7642 7643
f 7498 7643 7499
f 7499 7643 7644
f 7499 7644 7500
f 7500 7644 7645
f 7500 7645 7501
f 7501 7645 7646
f 7501 7646 7502
f 7502 7646 7647
f 7502 7647 7503
f 7503 7647 7648
f 7503 7648 7504
f 7504 7648 7649
f 7504 7649 7505
f 7505 7649 7650
f 7505 7650 7506
f 7506 7650 7651
f 7506 7651 7507
f 7507 7651 7652
f 7507 7652 7508
f 7508 7652 7653
f 7508 7653 7509
f 7509 7653 7654
f 7509 7654 7510
f 7510 7654 7655
f 7510 7655 7511
f 7511 7655 7656
f 7511 7656 7512
f 7512 7656 7657
f 7512 7657 7513
f 7537 7681 7682
f 7537 7682 7538
f 7538 7682 7683
f 7538 7683 7539
f 7539 7683 7684
f 7539 7684 7540
f 7540 7684 7685
f 7540 7685 7541
f 7541 7685 7686
f 7541 7686 7542
f 7542 7686 7687
f 7542 7687 7543
f 7543 7687 7688
f 7543 7688 7544
f 7544 7688 7689
f 7544 7689 7545
f 7545 7689 7690
f 7545 7690 7546
f 7546 7690 7691
f 7546 7691 7547
f 7547 7691 7692
f 7547 7692 7548
f 7548 7692 7693
f 7548 7693 7549
f 7549 7693 7694
f 7549 7694 7550
f 7550 7694 7695
f 7550 7695 7551
f 7551 7695 7696
f 7551 7696 7552
f 7552 7696 7697
f 7552 7697 7553
f 7553 7697 7698
f 7553 7698 7554
f 7554 7698 7699
f 7554 7699 7555
f 7555 7699 7700
f 7555 7700 7556
f 7556 7700 7701
f 7556 7701 7557
f 7557 7701 7702
f 7557 7702 7558
f 7558 7702 7703
f 7558 7703 7559
f 7559 7703 7704
f 7559 7704 7560
f 7560 7704 7705
f 7560 7705 7561
f 7561 7705 7706
f 7561 7706 7562
f 7562 7706 7707
f 7562 7707 7563
f 7563 7707 7708
f 7563 7708 7564
f 7564 7708 7709
f 7564 7709 7565
f 7565 7709 7710
f 7565 7710 7566
f 7566 7710 7711
f 7566 7711 7567
f 7567 7711 7712
f 7567 7712 7568
f 7568 7712 7713
f 7568 7713 7569
f 7569 7713 7714
f 7569 7714 7570
f 7570 7714 7715
f 7570 7715 7571
f 7571 7715 7716
f 7571 7716 7572
f 7572 7716 7717
f 7572 7717 7573
f 7573 7717 7718
f 7573 7718 7574
f 7574 7718 7719
f 7574 7719 7575
f 7575 7719 7720
f 7575 7720 7576
f 7576 7720 7721
f 7576 7721 7577
f 7577 7721 7722
f 7577 7722 7578
f 7578 7722 7723
f 7578 7723 7579
f 7579 7723 7724
f 7579 7724 7580
f 7580 7724 7725
f 7580 7725 7581
f 7581 7725 7726
f 7581 7726 7582
f 7582 7726 7727
f 7582 7727 7583
f 7583 7727 7728
f 7583 7728 7584
f 7584 7728 7729
f 7584 7729 7585
f 7609 7753 7754
f 7609 7754 7610
f 7610 7754 7755
f 7610 7755 7611
f 7611 7755 7756
f 7611 7756 7612
f 7612 7756 7757
f 7612 7757 7613
f 7613 7757 7758
f 7613 7758 7614
f 7614 7758 7759
f 7614 7759 7615
f 7615 7759 7760
f 7615 7760 7616
f 7616 7760 7761
f 7616 7761 7617
f 7617 7761 7762
f 7617 7762 7618
f 7618 7762 7763
f 7618 7763 7619
f 7619 7763 7764
f 7619 7764 7620
f 7620 7764 7765
f 7620 7765 7621
f 7621 7765 7766
f 7621 7766 7622
f 7622 7766 7767
f 7622 7767 7623
f 7623 7767 7768
f 7623 7768 7624
f 7624 7768 7769
f 7624 7769 7625
f 7625 7769 7770
f 7625 7770 7626
f 7626 7770 7771
f 7626 7771 7627
f 7627 7771 7772
f 7627 7772 7628
f 7628 7772 7773
f 7628 7773 7629
f 7629 7773 7774
f 7629 7774 7630
f 7630 7774 7775
f 7630 7775 7631
f 7631 7775 7776
f 7631 7776 7632
f 7632 7776 7633
f 7632 7633 7489
f 7633 7777 7778
f 7633 7778 7634
f 7634 7778 7779
f 7634 7779 7635
f 7635 7779 7780
f 7635 7780 7636
f 7636 7780 7781
f 7636 7781 7637
f 7637 7781 7782
f 7637 7782 7638
f 7638 7782 7783
f 7638 7783 7639
f 7639 7783 7784
f 7639 7784 7640
f 7640 7784 7785
f 7640 7785 7641
f 7641 7785 7786
f 7641 7786 7642
f 7642 7786 7787
f 7642 7787 7643
f 7643 7787 7788
f 7643 7788 7644
f 7644 7788 7789
f 7644 7789 7645
f 7645 7789 7790
f 7645 7790 7646
f 7646 7790 7791
f 7646 7791 7647
f 7647 7791 7792
f 7647 7792 7648
f 7648 7792 7793
f 7648 7793 7649
f 7649 7793 7794
f 7649 7794 7650
f 7650 7794 7795
f 7650 7795 7651
f 7651 7795 7796
f 7651 7796 7652
f 7652 7796 7797
f 7652 7797 7653
f 7653 7797 7798
f 7653 7798 7654
f 7654 7798 7799
f 7654 7799 7655
f 7655 7799 7800
f 7655 7800 7656
f 7656 7800 7801
f 7656 7801 7657
f 7657 7801 7802
f 7657 7802 7658
f 7680 7824 7825
f 7680 7825 7681
f 7681 7825 7826
f 7681 7826 7682
f 7682 7826 7827
f 7682 7827 7683
f 7683 7827 7828
f 7683 7828 7684
f 7684 7828 7829
f 7684 7829 7685
f 7685 7829 7830
f 7685 7830 7686
f 7686 7830 7831
f 7686 7831 7687
f 7687 7831 7832
f 7687 7832 7688
f 7688 7832 7833
f 7688 7833 7689
f 7689 7833 7834
f 7689 7834 7690
f 7690 7834 7835
f 7690 7835 7691
f 7691 7835 7836
f 7691 7836 7692
f 7692 7836 7837
f 7692 7837 7693
f 7693 7837 7838
f 7693 7838 7694
f 7694 7838 7839
f 7694 7839 7695
f 7695 7839 7840
f 7695 7840 7696
f 7696 7840 7841
f 7696 7841 7697
f 7697 7841 7842
f 7697 7842 7698
f 7698 7842 7843
f 7698 7843 7699
f 7699 7843 7844
f 7699 7844 7700
f 7700 7844 7845
f 7700 7845 7701
f 7701 7845 7846
f 7701 7846 7702
f 7702 7846 7847
f 7702 7847 7703
f 7703 7847 7848
f 7703 7848 7704
f 7704 7848 7849
f 7704 7849 7705
f 7705 7849 7850
f 7705 7850 7706
f 7706 7850 7851
f 7706 7851 7707
f 7707 7851 7852
f 7707 7852 7708
f 7708 7852 7853
f 7708 7853 7709
f 7709 7853 7854
f 7709 7854 7710
f 7710 7854 7855
f 7710 7855 7711
f 7711 7855 7856
f 7711 7856 7712
f 7712 7856 7857
f 7712 7857 7713
f 7713 7857 7858
f 7713 7858 7714
f 7714 7858 7859
f 7714 7859 7715
f 7715 7859 7860
f 7715 7860 7716
f 7716 7860 7861
f 7716 7861 7717
f 7717 7861 7862
f 7717 7862 7718
f 7718 7862 7863
f 7718 7863 7719
f 7719 7863 7864
f 7719 7864 7720
f 7720 7864 7865
f 7720 7865 7721
f 7721 7865 7866
f 7721 7866 7722
f 7722 7866 7867
f 7722 7867 7723
f 7723 7867 7868
f 7723 7868 7724
f 7724 7868 7869
f 7724 7869 7725
f 7725 7869 7870
f 7725 7870 7726
f 7726 7870 7871
f 7726 7871 7727
f 7727 7871 7872
f 7727 7872 7728
f 7728 7872 7873
f 7728 7873 7729
f 7729 7873 7874
f 7729 7874 7730
f 7752 7896 7897
f 7752 7897 7753
f 7753 7897 7898
f 7753 7898 7754
f 7754 7898 7899
f 7754 7899 7755
f 7755 7899 7900
f 7755 7900 7756
f 7756 7900 7901
f 7756 7901 7757
f 7757 7901 7902
f 7757 7902 7758
f 7758 7902 7903
f 7758 7903 7759
f 7759 7903 7904
f 7759 7904 7760
f 7760 7904 7905
f 7760 7905 7761
f 7761 7905 7906
f 7761 7906 7762
f 7762 7906 7907
f 7762 7907 7763
f 7763 7907 7908
f 7763 7908 7764
f 7764 7908 7909
f 7764 7909 7765
f 7765 7909 7910
f 7765 7910 7766
f 7766 7910 7911
f 7766 7911 7767
f 7767 7911 7912
f 7767 7912 7768
f 7768 7912 7913
f 7768 7913 7769
f 7769 7913 7914
f 7769 7914 7770
f 7770 7914 7915
f 7770 7915 7771
f 7771 7915 7916
f 7771 7916 7772
f 7772 7916 7917
f 7772 7917 7773
f 7773 7917 7918
f 7773 7918 7774
f 7774 7918 7919
f 7774 7919 7775
f 7775 7919 7920
f 7775 7920 7776
f 7776 7920 7777
f 7776 7777 7633
f 7777 7921 7922
f 7777 7922 7778
f 7778 7922 7923
f 7778 7923 7779
f 7779 7923 7924
f 7779 7924 7780
f 7780 7924 7925
f 7780 7925 7781
f 7781 7925 7926
f 7781 7926 7782
f 7782 7926 7927
f 7782 7927 7783
f 7783 7927 7928
f 7783 7928 7784
f 7784 7928 7929
f 7784 7929 7785
f 7785 7929 7930
f 7785 7930 7786
f 7786 7930 7931
f 7786 7931 7787
f 7787 7931 7932
f 7787 7932 7788
f 7788 7932 7933
f 7788 7933 7789
f 7789 7933 7934
f 7789 7934 7790
f 7790 7934 7935
f 7790 7935 7791
f 7791 7935 7936
f 7791 7936 7792
f 7792 7936 7937
f 7792 7937 7793
f 7793 7937 7938
f 7793 7938 7794
f 7794 7938 7939
f 7794 7939 7795
f 7795 7939 7940
f 7795 7940 7796
f 7796 7940 7941
f 7796 7941 7797
f 7797 7941 7942
f 7797 7942 7798
f 7798 7942 7943
f 7798 7943 7799
f 7799 7943 7944
f 7799 7944 7800
f 7800 7944 7945
f 7800 7945 7801
f 7801 7945 7946
f 7801 7946 7802
f 7802 7946 7947
f 7802 7947 7803
f 7803 7947 7948
f 7823 7967 7968
f 7823 7968 7824
f 7824 7968 7969
f 7824 7969 7825
f 7825 7969 7970
f 7825 7970 7826
f 7826 7970 7971
f 7826 7971 7827
f 7827 7971 7972
f 7827 7972 7828
f 7828 7972 7973
f 7828 7973 7829
f 7829 7973 7974
f 7829 7974 7830
f 7830 7974 7975
f 7830 7975 7831
f 7831 7975 7976
f 7831 7976 7832
f 7832 7976 7977
f 7832 7977 7833
f 7833 7977 7978
f 7833 7978 7834
f 7834 7978 7979
f 7834 7979 7835
f 7835 7979 7980
f 7835 7980 7836
f 7836 7980 7981
f 7836 7981 7837
f 7837 7981 7982
f 7837 7982 7838
f 7838 7982 7983
f 7838 7983 7839
f 7839 7983 7984
f 7839 7984 7840
f 7840 7984 7985
f 7840 7985 7841
f 7841 7985 7986
f 7841 7986 7842
f 7842 7986 7987
f 7842 7987 7843
f 7843 7987 7988
f 7843 7988 7844
f 7844 7988 7989
f 7844 7989 7845
f 7845 7989 7990
f 7845 7990 7846
f 7846 7990 7991
f 7846 7991 7847
f 7847 7991 7992
f 7847 7992 7848
f 7848 7992 7993
f 7848 7993 7849
f 7849 7993 7994
f 7849 7994 7850
f 7850 7994 7995
f 7850 7995 7851
f 7851 7995 7996
f 7851 7996 7852
f 7852 7996 7997
f 7852 7997 7853
f 7853 7997 7998
f 7853 7998 7854
f 7854 7998 7999
f 7854 7999 7855
f 7855 7999 8000
f 7855 8000 7856
f 7856 8000 8001
f 7856 8001 7857
f 7857 8001 8002
f 7857 8002 7858
f 7858 8002 8003
f 7858 8003 7859
f 7859 8003 8004
f 7859 8004 7860
f 7860 8004 8005
f 7860 8005 7861
f 7861 8005 8006
f 7861 8006 7862
f 7862 8006 8007
f 7862 8007 7863
f 7863 8007 8008
f 7863 8008 7864
f 7864 8008 8009
f 7864 8009 7865
f 7865 8009 8010
f 7865 8010 7866
f 7866 8010 8011
f 7866 8011 7867
f 7867 8011 8012
f 7867 8012 7868
f 7868 8012 8013
f 7868 8013 7869
f 7869 8013 8014
f 7869 8014 7870
f 7870 8014 8015
f 7870 8015 7871
f 7871 8015 8016
f 7871 8016 7872
f 7872 8016 8017
f 7872 8017 7873
f 7873 8017 8018
f 7873 8018 7874
f 7874 8018 8019
f 7874 8019 7875
f 7875 8019 8020
f 7895 8039 8040
f 7895 8040 7896
f 7896 8040 8041
f 7896 8041 7897
f 7897 8041 8042
f 7897 8042 7898
f 7898 8042 8043
f 7898 8043 7899
f 7899 8043 8044
f 7899 8044 7900
f 7900 8044 8045
f 7900 8045 7901
f 7901 8045 8046
f 7901 8046 7902
f 7902 8046 8047
f 7902 8047 7903
f 7903 8047 8048
f 7903 8048 7904
f 7904 8048 8049
f 7904 8049 7905
f 7905 8049 8050
f 7905 8050 7906
f 7906 8050 8051
f 7906 8051 7907
f 7907 8051 8052
f 7907 8052 7908
f 7908 8052 8053
f 7908 8053 7909
f 7909 8053 8054
f 7909 8054 7910
f 7910 8054 8055
f 7910 8055 7911
f 7911 8055 8056
f 7911 8056 7912
f 7912 8056 8057
f 7912 8057 7913
f 7913 8057 8058
f 7913 8058 7914
f 7914 8058 8059
f 7914 8059 7915
f 7915 8059 8060
f 7915 8060 7916
f 7916 8060 8061
f 7916 8061 7917
f 7917 8061 8062
f 7917 8062 7918
f 7918 8062 8063
f 7918 8063 7919
f 7919 8063 8064
f 7919 8064 7920
f 7920 8064 7921
f 7920 7921 7777
f 7921 8065 8066
f 7921 8066 7922
f 7922 8066 8067
f 7922 8067 7923
f 7923 8067 8068
f 7923 8068 7924
f 7924 8068 8069
f 7924 8069 7925
f 7925 8069 8070
f 7925 8070 7926
f 7926 8070 8071
f 7926 8071 7927
f 7927 8071 8072
f 7927 8072 7928
f 7928 8072 8073
f 7928 8073 7929
f 7929 8073 8074
f 7929 8074 7930
f 7930 8074 8075
f 7930 8075 7931
f 7931 8075 8076
f 7931 8076 7932
f 7932 8076 8077
f 7932 8077 7933
f 7933 8077 8078
f 7933 8078 7934
f 7934 8078 8079
f 7934 8079 7935
f 7935 8079 8080
f 7935 8080 7936
f 7936 8080 8081
f 7936 8081 7937
f 7937 8081 8082
f 7937 8082 7938
f 7938 8082 8083
f 7938 8083 7939
f 7939 8083 8084
f 7939 8084 7940
f 7940 8084 8085
f 7940 8085 7941
f 7941 8085 8086
f 7941 8086 7942
f 7942 8086 8087
f 7942 8087 7943
f 7943 8087 8088
f 7943 8088 7944
f 7944 8088 8089
f 7944 8089 7945
f 7945 8089 8090
f 7945 8090 7946
f 7946 8090 8091
f 7946 8091 7947
f 7947 8091 8092
f 7947 8092 7948
f 7948 8092 8093
f 7966 8110 8111
f 7966 8111 7967
f 7967 8111 8112
f 7967 8112 7968
f 7968 8112 8113
f 7968 8113 7969
f 7969 8113 8114
f 7969 8114 7970
f 7970 8114 8115
f 7970 8115 7971
f 7971 8115 8116
f 7971 8116 7972
f 7972 8116 8117
f 7972 8117 7973
f 7973 8117 8118
f 7973 8118 7974
f 7974 8118 8119
f 7974 8119 7975
f 7975 8119 8120
f 7975 8120 7976
f 7976 8120 8121
f 7976 8121 7977
f 7977 8121 8122
f 7977 8122 7978
f 7978 8122 8123
f 7978 8123 7979
f 7979 8123 8124
f 7979 8124 7980
f 7980 8124 8125
f 7980 8125 7981
f 7981 8125 8126
f 7981 8126 7982
f 7982 8126 8127
f 7982 8127 7983
f 7983 8127 8128
f 7983 8128 7984
f 7984 8128 8129
f 7984 8129 7985
f 7985 8129 8130
f 7985 8130 7986
f 7986 8130 8131
f 7986 8131 7987
f 7987 8131 8132
f 7987 8132 7988
f 7988 8132 8133
f 7988 8133 7989
f 7989 8133 8134
f 7989 8134 7990
f 7990 8134 8135
f 7990 8135 7991
f 7991 8135 8136
f 7991 8136 7992
f 7992 8136 8137
f 7992 8137 7993
f 7993 8137 8138
f 7993 8138 7994
f 7994 8138 8139
f 7994 8139 7995
f 7995 8139 8140
f 7995 8140 7996
f 7996 8140 8141
f 7996 8141 7997
f 7997 8141 8142
f 7997 8142 7998
f 7998 8142 8143
f 7998 8143 7999
f 7999 8143 8144
f 7999 8144 8000
f 8000 8144 8145
f 8000 8145 8001
f 8001 8145 8146
f 8001 8146 8002
f 8002 8146 8147
f 8002 8147 8003
f 8003 8147 8148
f 8003 8148 8004
f 8004 8148 8149
f 8004 8149 8005
f 8005 8149 8150
f 8005 8150 8006
f 8006 8150 8151
f 8006 8151 8007
f 8007 8151 8152
f 8007 8152 8008
f 8008 8152 8153
f 8008 8153 8009
f 8009 8153 8154
f 8009 8154 8010
f 8010 8154 8155
f 8010 8155 8011
f 8011 8155 8156
f 8011 8156 8012
f 8012 8156 8157
f 8012 8157 8013
f 8013 8157 8158
f 8013 8158 8014
f 8014 8158 8159
f 8014 8159 8015
f 8015 8159 8160
f 8015 8160 8016
f 8016 8160 8161
f 8016 8161 8017
f 8017 8161 8162
f 8017 8162 8018
f 8018 8162 8163
f 8018 8163 8019
f 8019 8163 8164
f 8019 8164 8020
f 8020 8164 8165
f 8038 8182 8183
f 8038 8183 8039
f 8039 8183 8184
f 8039 8184 8040
f 8040 8184 8185
f 8040 8185 8041
f 8041 8185 8186
f 8041 8186 8042
f 8042 8186 8187
f 8042 8187 8043
f 8043 8187 8188
f 8043 8188 8044
f 8044 8188 8189
f 8044 8189 8045
f 8045 8189 8190
f 8045 8190 8046
f 8046 8190 8191
f 8046 8191 8047
f 8047 8191 8192
f 8047 8192 8048
f 8048 8192 8193
f 8048 8193 8049
f 8049 8193 8194
f 8049 8194 8050
f 8050 8194 8195
f 8050 8195 8051
f 8051 8195 8196
f 8051 8196 8052
f 8052 8196 8197
f 8052 8197 8053
f 8053 8197 8198
f 8053 8198 8054
f 8054 8198 8199
f 8054 8199 8055
f 8055 8199 8200
f 8055 8200 8056
f 8056 8200 8201
f 8056 8201 8057
f 8057 8201 8202
f 8057 8202 8058
f 8058 8202 8203
f 8058 8203 8059
f 8059 8203 8204
f 8059 8204 8060
f 8060 8204 8205
f 8060 8205 8061
f 8061 8205 8206
f 8061 8206 8062
f 8062 8206 8207
f 8062 8207 8063
f 8063 8207 8208
f 8063 8208 8064
f 8064 8208 8065
f 8064 8065 7921
f 8065 8209 8210
f 8065 8210 8066
f 8066 8210 8211
f 8066 8211 8067
f 8067 8211 8212
f 8067 8212 8068
f 8068 8212 8213
f 8068 8213 8069
f 8069 8213 8214
f 8069 8214 8070
f 8070 8214 8215
f 8070 8215 8071
f 8071 8215 8216
f 8071 8216 8072
f 8072 8216 8217
f 8072 8217 8073
f 8073 8217 8218
f 8073 8218 8074
f 8074 8218 8219
f 8074 8219 8075
f 8075 8219 8220
f 8075 8220 8076
f 8076 8220 8221
f 8076 8221 8077
f 8077 8221 8222
f 8077 8222 8078
f 8078 8222 8223
f 8078 8223 8079
f 8079 8223 8224
f 8079 8224 8080
f 8080 8224 8225
f 8080 8225 8081
f 8081 8225 8226
f 8081 8226 8082
f 8082 8226 8227
f 8082 8227 8083
f 8083 8227 8228
f 8083 8228 8084
f 8084 8228 8229
f 8084 8229 8085
f 8085 8229 8230
f 8085 8230 8086
f 8086 8230 8231
f 8086 8231 8087
f 8087 8231 8232
f 8087 8232 8088
f 8088 8232 8233
f 8088 8233 8089
f 8089 8233 8234
f 8089 8234 8090
f 8090 8234 8235
f 8090 8235 8091
f 8091 8235 8236
f 8091 8236 8092
f 8092 8236 8237
f 8092 8237 8093
f 8093 8237 8238
f 8108 8252 8253
f 8108 8253 8109
f 8109 8253 8254
f 8109 8254 8110
f 8110 8254 8255
f 8110 8255 8111
f 8111 8255 8256
f 8111 8256 8112
f 8112 8256 8257
f 8112 8257 8113
f 8113 8257 8258
f 8113 8258 8114
f 8114 8258 8259
f 8114 8259 8115
f 8115 8259 8260
f 8115 8260 8116
f 8116 8260 8261
f 8116 8261 8117
f 8117 8261 8262
f 8117 8262 8118
f 8118 8262 8263
f 8118 8263 8119
f 8119 8263 8264
f 8119 8264 8120
f 8120 8264 8265
f 8120 8265 8121
f 8121 8265 8266
f 8121 8266 8122
f 8122 8266 8267
f 8122 8267 8123
f 8123 8267 8268
f 8123 8268 8124
f 8124 8268 8269
f 8124 8269 8125
f 8125 8269 8270
f 8125 8270 8126
f 8126 8270 8271
f 8126 8271 8127
f 8127 8271 8272
f 8127 8272 8128
f 8128 8272 8273
f 8128 8273 8129
f 8129 8273 8274
f 8129 8274 8130
f 8130 8274 8275
f 8130 8275 8131
f 8131 8275 8276
f 8131 8276 8132
f 8132 8276 8277
f 8132 8277 8133
f 8133 8277 8278
f 8133 8278 8134
f 8134 8278 8279
f 8134 8279 8135
f 8135 8279 8280
f 8135 8280 8136
f 8136 8280 8281
f 8136 8281 8137
f 8137 8281 8282
f 8137 8282 8138
f 8138 8282 8283
f 8138 8283 8139
f 8139 8283 8284
f 8139 8284 8140
f 8140 8284 8285
f 8140 8285 8141
f 8141 8285 8286
f 8141 8286 8142
f 8142 8286 8287
f 8142 8287 8143
f 8143 8287 8288
f 8143 8288 8144
f 8144 8288 8289
f 8144 8289 8145
f 8145 8289 8290
f 8145 8290 8146
f 8146 8290 8291
f 8146 8291 8147
f 8147 8291 8292
f 8147 8292 8148
f 8148 8292 8293
f 8148 8293 8149
f 8149 8293 8294
f 8149 8294 8150
f 8150 8294 8295
f 8150 8295 8151
f 8151 8295 8296
f 8151 8296 8152
f 8152 8296 8297
f 8152 8297 8153
f 8153 8297 8298
f 8153 8298 8154
f 8154 8298 8299
f 8154 8299 8155
f 8155 8299 8300
f 8155 8300 8156
f 8156 8300 8301
f 8156 8301 8157
f 8157 8301 8302
f 8157 8302 8158
f 8158 8302 8303
f 8158 8303 8159
f 8159 8303 8304
f 8159 8304 8160
f 8160 8304 8305
f 8160 8305 8161
f 8161 8305 8306
f 8161 8306 8162
f 8162 8306 8307
f 8162 8307 8163
f 8163 8307 8308
f 8163 8308 8164
f 8164 8308 8309
f 8164 8309 8165
f 8165 8309 8310
f 8180 8324 8325
f 8180 8325 8181
f 8181 8325 8326
f 8181 8326 8182
f 8182 8326 8327
f 8182 8327 8183
f 8183 8327 8328
f 8183 8328 8184
f 8184 8328 8329
f 8184 8329 8185
f 8185 8329 8330
f 8185 8330 8186
f 8186 8330 8331
f 8186 8331 8187
f 8187 8331 8332
f 8187 8332 8188
f 8188 8332 8333
f 8188 8333 8189
f 8189 8333 8334
f 8189 8334 8190
f 8190 8334 8335
f 8190 8335 8191
f 8191 8335 8336
f 8191 8336 8192
f 8192 8336 8337
f 8192 8337 8193
f 8193 8337 8338
f 8193 8338 8194
f 8194 8338 8339
f 8194 8339 8195
f 8195 8339 8340
f 8195 8340 8196
f 8196 8340 8341
f 8196 8341 8197
f 8197 8341 8342
f 8197 8342 8198
f 8198 8342 8343
f 8198 8343 8199
f 8199 8343 8344
f 8199 8344 8200
f 8200 8344 8345
f 8200 8345 8201
f 8201 8345 8346
f 8201 8346 8202
f 8202 8346 8347
f 8202 8347 8203
f 8203 8347 8348
f 8203 8348 8204
f 8204 8348 8349
f 8204 8349 8205
f 8205 8349 8350
f 8205 8350 8206
f 8206 8350 8351
f 8206 8351 8207
f 8207 8351 8352
f 8207 8352 8208
f 8208 8352 8209
f 8208 8209 8065
f 8209 8353 8354
f 8209 8354 8210
f 8210 8354 8355
f 8210 8355 8211
f 8211 8355 8356
f 8211 8356 8212
f 8212 8356 8357
f 8212 8357 8213
f 8213 8357 8358
f 8213 8358 8214
f 8214 8358 8359
f 8214 8359 8215
f 8215 8359 8360
f 8215 8360 8216
f 8216 8360 8361
f 8216 8361 8217
f 8217 8361 8362
f 8217 8362 8218
f 8218 8362 8363
f 8218 8363 8219
f 8219 8363 8364
f 8219 8364 8220
f 8220 8364 8365
f 8220 8365 8221
f 8221 8365 8366
f 8221 8366 8222
f 8222 8366 8367
f 8222 8367 8223
f 8223 8367 8368
f 8223 8368 8224
f 8224 8368 8369
f 8224 8369 8225
f 8225 8369 8370
f 8225 8370 8226
f 8226 8370 8371
f 8226 8371 8227
f 8227 8371 8372
f 8227 8372 8228
f 8228 8372 8373
f 8228 8373 8229
f 8229 8373 8374
f 8229 8374 8230
f 8230 8374 8375
f 8230 8375 8231
f 8231 8375 8376
f 8231 8376 8232
f 8232 8376 8377
f 8232 8377 8233
f 8233 8377 8378
f 8233 8378 8234
f 8234 8378 8379
f 8234 8379 8235
f 8235 8379 8380
f 8235 8380 8236
f 8236 8380 8381
f 8236 8381 8237
f 8237 8381 8382
f 8237 8382 8238
f 8238 8382 8383
f 8251 8395 8396
f 8251 8396 8252
f 8252 8396 8397
f 8252 8397 8253
f 8253 8397 8398
f 8253 8398 8254
f 8254 8398 8399
f 8254 8399 8255
f 8255 8399 8400
f 8255 8400 8256
f 8256 8400 8401
f 8256 8401 8257
f 8257 8401 8402
f 8257 8402 8258
f 8258 8402 8403
f 8258 8403 8259
f 8259 8403 8404
f 8259 8404 8260
f 8260 8404 8405
f 8260 8405 8261
f 8261 8405 8406
f 8261 8406 8262
f 8262 8406 8407
f 8262 8407 8263
f 8263 8407 8408
f 8263 8408 8264
f 8264 8408 8409
f 8264 8409 8265
f 8265 8409 8410
f 8265 8410 8266
f 8266 8410 8411
f 8266 8411 8267
f 8267 8411 8412
f 8267 8412 8268
f 8268 8412 8413
f 8268 8413 8269
f 8269 8413 8414
f 8269 8414 8270
f 8270 8414 8415
f 8270 8415 8271
f 8271 8415 8416
f 8271 8416 8272
f 8272 8416 8417
f 8272 8417 8273
f 8273 8417 8418
f 8273 8418 8274
f 8274 8418 8419
f 8274 8419 8275
f 8275 8419 8420
f 8275 8420 8276
f 8276 8420 8421
f 8276 8421 8277
f 8277 8421 8422
f 8277 8422 8278
f 8278 8422 8423
f 8278 8423 8279
f 8279 8423 8424
f 8279 8424 8280
f 8280 8424 8425
f 8280 8425 8281
f 8281 8425 8426
f 8281 8426 8282
f 8282 8426 8427
f 8282 8427 8283
f 8283 8427 8428
f 8283 8428 8284
f 8284 8428 8429
f 8284 8429 8285
f 8285 8429 8430
f 8285 8430 8286
f 8286 8430 8431
f 8286 8431 8287
f 8287 8431 8432
f 8287 8432 8288
f 8288 8432 8433
f 8288 8433 8289
f 8289 8433 8434
f 8289 8434 8290
f 8290 8434 8435
f 8290 8435 8291
f 8291 8435 8436
f 8291 8436 8292
f 8292 8436 8437
f 8292 8437 8293
f 8293 8437 8438
f 8293 8438 8294
f 8294 8438 8439
f 8294 8439 8295
f 8295 8439 8440
f 8295 8440 8296
f 8296 8440 8441
f 8296 8441 8297
f 8297 8441 8442
f 8297 8442 8298
f 8298 8442 8443
f 8298 8443 8299
f 8299 8443 8444
f 8299 8444 8300
f 8300 8444 8445
f 8300 8445 8301
f 8301 8445 8446
f 8301 8446 8302
f 8302 8446 8447
f 8302 8447 8303
f 8303 8447 8448
f 8303 8448 8304
f 8304 8448 8449
f 8304 8449 8305
f 8305 8449 8450
f 8305 8450 8306
f 8306 8450 8451
f 8306 8451 8307
f 8307 8451 8452
f 8307 8452 8308
f 8308 8452 8453
f 8308 8453 8309
f 8309 8453 8454
f 8309 8454 8310
f 8310 8454 8455
f 8323 8467 8468
f 8323 8468 8324
f 8324 8468 8469
f 8324 8469 8325
f 8325 8469 8470
f 8325 8470 8326
f 8326 8470 8471
f 8326 8471 8327
f 8327 8471 8472
f 8327 8472 8328
f 8328 8472 8473
f 8328 8473 8329
f 8329 8473 8474
f 8329 8474 8330
f 8330 8474 8475
f 8330 8475 8331
f 8331 8475 8476
f 8331 8476 8332
f 8332 8476 8477
f 8332 8477 8333
f 8333 8477 8478
f 8333 8478 8334
f 8334 8478 8479
f 8334 8479 8335
f 8335 8479 8480
f 8335 8480 8336
f 8336 8480 8481
f 8336 8481 8337
f 8337 8481 8482
f 8337 8482 8338
f 8338 8482 8483
f 8338 8483 8339
f 8339 8483 8484
f 8339 8484 8340
f 8340 8484 8485
f 8340 8485 8341
f 8341 8485 8486
f 8341 8486 8342
f 8342 8486 8487
f 8342 8487 8343
f 8343 8487 8488
f 8343 8488 8344
f 8344 8488 8489
f 8344 8489 8345
f 8345 8489 8490
f 8345 8490 8346
f 8346 8490 8491
f 8346 8491 8347
f 8347 8491 8492
f 8347 8492 8348
f 8348 8492 8493
f 8348 8493 8349
f 8349 8493 8494
f 8349 8494 8350
f 8350 8494 8495
f 8350 8495 8351
f 8351 8495 8496
f 8351 8496 8352
f 8352 8496 8353
f 8352 8353 8209
