ISO-10303-21;
HEADER;
FILE_DESCRIPTION(('Open CASCADE Model'),'2;1');
FILE_NAME('Open CASCADE Shape Model','2026-10-05T18:20:57',('Author'),(
    'Open CASCADE'),'Open CASCADE STEP processor 7.9','Open CASCADE 7.9'
  ,'Unknown');
FILE_SCHEMA(('AUTOMOTIVE_DESIGN { 1 0 10303 214 1 1 1 1 }'));
ENDSEC;
DATA;
#1 = APPLICATION_PROTOCOL_DEFINITION('international standard',
  'automotive_design',2000,#2);
#2 = APPLICATION_CONTEXT(
  'core data for automotive mechanical design processes');
#3 = SHAPE_DEFINITION_REPRESENTATION(#4,#10);
#4 = PRODUCT_DEFINITION_SHAPE('','',#5);
#5 = PRODUCT_DEFINITION('design','',#6,#9);
#6 = PRODUCT_DEFINITION_FORMATION('','',#7);
#7 = PRODUCT('Open CASCADE STEP translator 7.9 148',
  'Open CASCADE STEP translator 7.9 148','',(#8));
#8 = PRODUCT_CONTEXT('',#2,'mechanical');
#9 = PRODUCT_DEFINITION_CONTEXT('part definition',#2,'design');
#10 = SHAPE_REPRESENTATION('',(#11,#15,#19),#23);
#11 = AXIS2_PLACEMENT_3D('',#12,#13,#14);
#12 = CARTESIAN_POINT('',(0.,0.,0.));
#13 = DIRECTION('',(0.,0.,1.));
#14 = DIRECTION('',(1.,0.,-0.));
#15 = AXIS2_PLACEMENT_3D('',#16,#17,#18);
#16 = CARTESIAN_POINT('',(0.,0.,0.));
#17 = DIRECTION('',(0.,0.,1.));
#18 = DIRECTION('',(1.,0.,-0.));
#19 = AXIS2_PLACEMENT_3D('',#20,#21,#22);
#20 = CARTESIAN_POINT('',(0.,0.,0.));
#21 = DIRECTION('',(0.,0.,1.));
#22 = DIRECTION('',(1.,0.,-0.));
#23 = ( GEOMETRIC_REPRESENTATION_CONTEXT(3) 
GLOBAL_UNCERTAINTY_ASSIGNED_CONTEXT((#27)) GLOBAL_UNIT_ASSIGNED_CONTEXT(
(#24,#25,#26)) REPRESENTATION_CONTEXT('Context #1',
  '3D Context with UNIT and UNCERTAINTY') );
#24 = ( LENGTH_UNIT() NAMED_UNIT(*) SI_UNIT(.MILLI.,.METRE.) );
#25 = ( NAMED_UNIT(*) PLANE_ANGLE_UNIT() SI_UNIT($,.RADIAN.) );
#26 = ( NAMED_UNIT(*) SI_UNIT($,.STERADIAN.) SOLID_ANGLE_UNIT() );
#27 = UNCERTAINTY_MEASURE_WITH_UNIT(LENGTH_MEASURE(2.E-07),#24,
  'distance_accuracy_value','confusion accuracy');
#28 = PRODUCT_RELATED_PRODUCT_CATEGORY('part',$,(#7));
#29 = SHAPE_DEFINITION_REPRESENTATION(#30,#36);
#30 = PRODUCT_DEFINITION_SHAPE('','',#31);
#31 = PRODUCT_DEFINITION('design','',#32,#35);
#32 = PRODUCT_DEFINITION_FORMATION('','',#33);
#33 = PRODUCT('Open CASCADE STEP translator 7.9 148.1',
  'Open CASCADE STEP translator 7.9 148.1','',(#34));
#34 = PRODUCT_CONTEXT('',#2,'mechanical');
#35 = PRODUCT_DEFINITION_CONTEXT('part definition',#2,'design');
#36 = ADVANCED_BREP_SHAPE_REPRESENTATION('',(#11,#37),#1699);
#37 = MANIFOLD_SOLID_BREP('',#38);
#38 = CLOSED_SHELL('',(#39,#157,#341,#494,#683,#863,#911,#1069,#1096,
    #1207,#1235,#1263,#1291,#1360,#1385,#1413,#1438,#1445,#1540,#1568,
    #1575,#1642,#1667,#1692));
#39 = ADVANCED_FACE('',(#40),#54,.F.);
#40 = FACE_BOUND('',#41,.F.);
#41 = EDGE_LOOP('',(#42,#77,#105,#131));
#42 = ORIENTED_EDGE('',*,*,#43,.F.);
#43 = EDGE_CURVE('',#44,#46,#48,.T.);
#44 = VERTEX_POINT('',#45);
#45 = CARTESIAN_POINT('',(390.,-185.,62.));
#46 = VERTEX_POINT('',#47);
#47 = CARTESIAN_POINT('',(390.,185.,62.));
#48 = SURFACE_CURVE('',#49,(#53,#65),.PCURVE_S1.);
#49 = LINE('',#50,#51);
#50 = CARTESIAN_POINT('',(390.,-185.,62.));
#51 = VECTOR('',#52,1.);
#52 = DIRECTION('',(0.,1.,0.));
#53 = PCURVE('',#54,#59);
#54 = PLANE('',#55);
#55 = AXIS2_PLACEMENT_3D('',#56,#57,#58);
#56 = CARTESIAN_POINT('',(390.,-185.,62.));
#57 = DIRECTION('',(-1.,0.,0.));
#58 = DIRECTION('',(0.,1.,0.));
#59 = DEFINITIONAL_REPRESENTATION('',(#60),#64);
#60 = LINE('',#61,#62);
#61 = CARTESIAN_POINT('',(0.,0.));
#62 = VECTOR('',#63,1.);
#63 = DIRECTION('',(1.,0.));
#64 = ( GEOMETRIC_REPRESENTATION_CONTEXT(2) 
PARAMETRIC_REPRESENTATION_CONTEXT() REPRESENTATION_CONTEXT('2D SPACE',''
  ) );
#65 = PCURVE('',#66,#71);
#66 = PLANE('',#67);
#67 = AXIS2_PLACEMENT_3D('',#68,#69,#70);
#68 = CARTESIAN_POINT('',(1.776500577423E-14,0.,62.));
#69 = DIRECTION('',(0.,0.,1.));
#70 = DIRECTION('',(1.,0.,-0.));
#71 = DEFINITIONAL_REPRESENTATION('',(#72),#76);
#72 = LINE('',#73,#74);
#73 = CARTESIAN_POINT('',(390.,-185.));
#74 = VECTOR('',#75,1.);
#75 = DIRECTION('',(0.,1.));
#76 = ( GEOMETRIC_REPRESENTATION_CONTEXT(2) 
PARAMETRIC_REPRESENTATION_CONTEXT() REPRESENTATION_CONTEXT('2D SPACE',''
  ) );
#77 = ORIENTED_EDGE('',*,*,#78,.T.);
#78 = EDGE_CURVE('',#44,#79,#81,.T.);
#79 = VERTEX_POINT('',#80);
#80 = CARTESIAN_POINT('',(390.,-185.,164.5));
#81 = SURFACE_CURVE('',#82,(#86,#93),.PCURVE_S1.);
#82 = LINE('',#83,#84);
#83 = CARTESIAN_POINT('',(390.,-185.,62.));
#84 = VECTOR('',#85,1.);
#85 = DIRECTION('',(0.,0.,1.));
#86 = PCURVE('',#54,#87);
#87 = DEFINITIONAL_REPRESENTATION('',(#88),#92);
#88 = LINE('',#89,#90);
#89 = CARTESIAN_POINT('',(0.,0.));
#90 = VECTOR('',#91,1.);
#91 = DIRECTION('',(0.,-1.));
#92 = ( GEOMETRIC_REPRESENTATION_CONTEXT(2) 
PARAMETRIC_REPRESENTATION_CONTEXT() REPRESENTATION_CONTEXT('2D SPACE',''
  ) );
#93 = PCURVE('',#94,#99);
#94 = PLANE('',#95);
#95 = AXIS2_PLACEMENT_3D('',#96,#97,#98);
#96 = CARTESIAN_POINT('',(295.,-280.,62.));
#97 = DIRECTION('',(-0.707106781187,0.707106781187,0.));
#98 = DIRECTION('',(0.707106781187,0.707106781187,0.));
#99 = DEFINITIONAL_REPRESENTATION('',(#100),#104);
#100 = LINE('',#101,#102);
#101 = CARTESIAN_POINT('',(134.35028842544,0.));
#102 = VECTOR('',#103,1.);
#103 = DIRECTION('',(0.,-1.));
#104 = ( GEOMETRIC_REPRESENTATION_CONTEXT(2) 
PARAMETRIC_REPRESENTATION_CONTEXT() REPRESENTATION_CONTEXT('2D SPACE',''
  ) );
#105 = ORIENTED_EDGE('',*,*,#106,.T.);
#106 = EDGE_CURVE('',#79,#107,#109,.T.);
#107 = VERTEX_POINT('',#108);
#108 = CARTESIAN_POINT('',(390.,185.,164.5));
#109 = SURFACE_CURVE('',#110,(#114,#120),.PCURVE_S1.);
#110 = LINE('',#111,#112);
#111 = CARTESIAN_POINT('',(390.,-292.5,164.5));
#112 = VECTOR('',#113,1.);
#113 = DIRECTION('',(0.,1.,-0.));
#114 = PCURVE('',#54,#115);
#115 = DEFINITIONAL_REPRESENTATION('',(#116),#119);
#116 = B_SPLINE_CURVE_WITH_KNOTS('',1,(#117,#118),.UNSPECIFIED.,.F.,.F.,
  (2,2),(107.5,477.5),.PIECEWISE_BEZIER_KNOTS.);
#117 = CARTESIAN_POINT('',(0.,-102.5));
#118 = CARTESIAN_POINT('',(370.,-102.5));
#119 = ( GEOMETRIC_REPRESENTATION_CONTEXT(2) 
PARAMETRIC_REPRESENTATION_CONTEXT() REPRESENTATION_CONTEXT('2D SPACE',''
  ) );
#120 = PCURVE('',#121,#126);
#121 = PLANE('',#122);
#122 = AXIS2_PLACEMENT_3D('',#123,#124,#125);
#123 = CARTESIAN_POINT('',(-500.,-400.,164.5));
#124 = DIRECTION('',(0.,0.,1.));
#125 = DIRECTION('',(1.,0.,-0.));
#126 = DEFINITIONAL_REPRESENTATION('',(#127),#130);
#127 = B_SPLINE_CURVE_WITH_KNOTS('',1,(#128,#129),.UNSPECIFIED.,.F.,.F.,
  (2,2),(107.5,477.5),.PIECEWISE_BEZIER_KNOTS.);
#128 = CARTESIAN_POINT('',(890.,215.));
#129 = CARTESIAN_POINT('',(890.,585.));
#130 = ( GEOMETRIC_REPRESENTATION_CONTEXT(2) 
PARAMETRIC_REPRESENTATION_CONTEXT() REPRESENTATION_CONTEXT('2D SPACE',''
  ) );
#131 = ORIENTED_EDGE('',*,*,#132,.F.);
#132 = EDGE_CURVE('',#46,#107,#133,.T.);
#133 = SURFACE_CURVE('',#134,(#138,#145),.PCURVE_S1.);
#134 = LINE('',#135,#136);
#135 = CARTESIAN_POINT('',(390.,185.,62.));
#136 = VECTOR('',#137,1.);
#137 = DIRECTION('',(0.,0.,1.));
#138 = PCURVE('',#54,#139);
#139 = DEFINITIONAL_REPRESENTATION('',(#140),#144);
#140 = LINE('',#141,#142);
#141 = CARTESIAN_POINT('',(370.,0.));
#142 = VECTOR('',#143,1.);
#143 = DIRECTION('',(0.,-1.));
#144 = ( GEOMETRIC_REPRESENTATION_CONTEXT(2) 
PARAMETRIC_REPRESENTATION_CONTEXT() REPRESENTATION_CONTEXT('2D SPACE',''
  ) );
#145 = PCURVE('',#146,#151);
#146 = PLANE('',#147);
#147 = AXIS2_PLACEMENT_3D('',#148,#149,#150);
#148 = CARTESIAN_POINT('',(390.,185.,62.));
#149 = DIRECTION('',(-0.707106781187,-0.707106781187,0.));
#150 = DIRECTION('',(-0.707106781187,0.707106781187,0.));
#151 = DEFINITIONAL_REPRESENTATION('',(#152),#156);
#152 = LINE('',#153,#154);
#153 = CARTESIAN_POINT('',(0.,0.));
#154 = VECTOR('',#155,1.);
#155 = DIRECTION('',(0.,-1.));
#156 = ( GEOMETRIC_REPRESENTATION_CONTEXT(2) 
PARAMETRIC_REPRESENTATION_CONTEXT() REPRESENTATION_CONTEXT('2D SPACE',''
  ) );
#157 = ADVANCED_FACE('',(#158),#66,.F.);
#158 = FACE_BOUND('',#159,.F.);
#159 = EDGE_LOOP('',(#160,#191,#212,#213,#236,#265,#291,#317));
#160 = ORIENTED_EDGE('',*,*,#161,.F.);
#161 = EDGE_CURVE('',#162,#164,#166,.T.);
#162 = VERTEX_POINT('',#163);
#163 = CARTESIAN_POINT('',(344.89949493661,-230.1005050633,62.));
#164 = VERTEX_POINT('',#165);
#165 = CARTESIAN_POINT('',(350.31923216305,-221.5091949616,62.));
#166 = SURFACE_CURVE('',#167,(#172,#179),.PCURVE_S1.);
#167 = CIRCLE('',#168,86.);
#168 = AXIS2_PLACEMENT_3D('',#169,#170,#171);
#169 = CARTESIAN_POINT('',(275.,-180.,62.));
#170 = DIRECTION('',(0.,0.,1.));
#171 = DIRECTION('',(1.,0.,-0.));
#172 = PCURVE('',#66,#173);
#173 = DEFINITIONAL_REPRESENTATION('',(#174),#178);
#174 = CIRCLE('',#175,86.);
#175 = AXIS2_PLACEMENT_2D('',#176,#177);
#176 = CARTESIAN_POINT('',(275.,-180.));
#177 = DIRECTION('',(1.,0.));
#178 = ( GEOMETRIC_REPRESENTATION_CONTEXT(2) 
PARAMETRIC_REPRESENTATION_CONTEXT() REPRESENTATION_CONTEXT('2D SPACE',''
  ) );
#179 = PCURVE('',#180,#185);
#180 = CYLINDRICAL_SURFACE('',#181,86.);
#181 = AXIS2_PLACEMENT_3D('',#182,#183,#184);
#182 = CARTESIAN_POINT('',(275.,-180.,61.));
#183 = DIRECTION('',(0.,0.,1.));
#184 = DIRECTION('',(1.,0.,-0.));
#185 = DEFINITIONAL_REPRESENTATION('',(#186),#190);
#186 = LINE('',#187,#188);
#187 = CARTESIAN_POINT('',(0.,1.));
#188 = VECTOR('',#189,1.);
#189 = DIRECTION('',(1.,0.));
#190 = ( GEOMETRIC_REPRESENTATION_CONTEXT(2) 
PARAMETRIC_REPRESENTATION_CONTEXT() REPRESENTATION_CONTEXT('2D SPACE',''
  ) );
#191 = ORIENTED_EDGE('',*,*,#192,.T.);
#192 = EDGE_CURVE('',#162,#44,#193,.T.);
#193 = SURFACE_CURVE('',#194,(#198,#205),.PCURVE_S1.);
#194 = LINE('',#195,#196);
#195 = CARTESIAN_POINT('',(295.,-280.,62.));
#196 = VECTOR('',#197,1.);
#197 = DIRECTION('',(0.707106781187,0.707106781187,0.));
#198 = PCURVE('',#66,#199);
#199 = DEFINITIONAL_REPRESENTATION('',(#200),#204);
#200 = LINE('',#201,#202);
#201 = CARTESIAN_POINT('',(295.,-280.));
#202 = VECTOR('',#203,1.);
#203 = DIRECTION('',(0.707106781187,0.707106781187));
#204 = ( GEOMETRIC_REPRESENTATION_CONTEXT(2) 
PARAMETRIC_REPRESENTATION_CONTEXT() REPRESENTATION_CONTEXT('2D SPACE',''
  ) );
#205 = PCURVE('',#94,#206);
#206 = DEFINITIONAL_REPRESENTATION('',(#207),#211);
#207 = LINE('',#208,#209);
#208 = CARTESIAN_POINT('',(0.,0.));
#209 = VECTOR('',#210,1.);
#210 = DIRECTION('',(1.,0.));
#211 = ( GEOMETRIC_REPRESENTATION_CONTEXT(2) 
PARAMETRIC_REPRESENTATION_CONTEXT() REPRESENTATION_CONTEXT('2D SPACE',''
  ) );
#212 = ORIENTED_EDGE('',*,*,#43,.T.);
#213 = ORIENTED_EDGE('',*,*,#214,.T.);
#214 = EDGE_CURVE('',#46,#215,#217,.T.);
#215 = VERTEX_POINT('',#216);
#216 = CARTESIAN_POINT('',(344.89949493661,230.10050506338,62.));
#217 = SURFACE_CURVE('',#218,(#222,#229),.PCURVE_S1.);
#218 = LINE('',#219,#220);
#219 = CARTESIAN_POINT('',(390.,185.,62.));
#220 = VECTOR('',#221,1.);
#221 = DIRECTION('',(-0.707106781187,0.707106781187,0.));
#222 = PCURVE('',#66,#223);
#223 = DEFINITIONAL_REPRESENTATION('',(#224),#228);
#224 = LINE('',#225,#226);
#225 = CARTESIAN_POINT('',(390.,185.));
#226 = VECTOR('',#227,1.);
#227 = DIRECTION('',(-0.707106781187,0.707106781187));
#228 = ( GEOMETRIC_REPRESENTATION_CONTEXT(2) 
PARAMETRIC_REPRESENTATION_CONTEXT() REPRESENTATION_CONTEXT('2D SPACE',''
  ) );
#229 = PCURVE('',#146,#230);
#230 = DEFINITIONAL_REPRESENTATION('',(#231),#235);
#231 = LINE('',#232,#233);
#232 = CARTESIAN_POINT('',(0.,0.));
#233 = VECTOR('',#234,1.);
#234 = DIRECTION('',(1.,0.));
#235 = ( GEOMETRIC_REPRESENTATION_CONTEXT(2) 
PARAMETRIC_REPRESENTATION_CONTEXT() REPRESENTATION_CONTEXT('2D SPACE',''
  ) );
#236 = ORIENTED_EDGE('',*,*,#237,.F.);
#237 = EDGE_CURVE('',#238,#215,#240,.T.);
#238 = VERTEX_POINT('',#239);
#239 = CARTESIAN_POINT('',(350.31923216305,221.50919496168,62.));
#240 = SURFACE_CURVE('',#241,(#246,#253),.PCURVE_S1.);
#241 = CIRCLE('',#242,86.);
#242 = AXIS2_PLACEMENT_3D('',#243,#244,#245);
#243 = CARTESIAN_POINT('',(275.,180.,62.));
#244 = DIRECTION('',(0.,0.,1.));
#245 = DIRECTION('',(1.,0.,-0.));
#246 = PCURVE('',#66,#247);
#247 = DEFINITIONAL_REPRESENTATION('',(#248),#252);
#248 = CIRCLE('',#249,86.);
#249 = AXIS2_PLACEMENT_2D('',#250,#251);
#250 = CARTESIAN_POINT('',(275.,180.));
#251 = DIRECTION('',(1.,0.));
#252 = ( GEOMETRIC_REPRESENTATION_CONTEXT(2) 
PARAMETRIC_REPRESENTATION_CONTEXT() REPRESENTATION_CONTEXT('2D SPACE',''
  ) );
#253 = PCURVE('',#254,#259);
#254 = CYLINDRICAL_SURFACE('',#255,86.);
#255 = AXIS2_PLACEMENT_3D('',#256,#257,#258);
#256 = CARTESIAN_POINT('',(275.,180.,61.));
#257 = DIRECTION('',(0.,0.,1.));
#258 = DIRECTION('',(1.,0.,-0.));
#259 = DEFINITIONAL_REPRESENTATION('',(#260),#264);
#260 = LINE('',#261,#262);
#261 = CARTESIAN_POINT('',(0.,1.));
#262 = VECTOR('',#263,1.);
#263 = DIRECTION('',(1.,0.));
#264 = ( GEOMETRIC_REPRESENTATION_CONTEXT(2) 
PARAMETRIC_REPRESENTATION_CONTEXT() REPRESENTATION_CONTEXT('2D SPACE',''
  ) );
#265 = ORIENTED_EDGE('',*,*,#266,.T.);
#266 = EDGE_CURVE('',#238,#267,#269,.T.);
#267 = VERTEX_POINT('',#268);
#268 = CARTESIAN_POINT('',(388.,183.82842712474,62.));
#269 = SURFACE_CURVE('',#270,(#274,#280),.PCURVE_S1.);
#270 = LINE('',#271,#272);
#271 = CARTESIAN_POINT('',(336.95710678118,234.87132034356,62.));
#272 = VECTOR('',#273,1.);
#273 = DIRECTION('',(0.707106781187,-0.707106781187,0.));
#274 = PCURVE('',#66,#275);
#275 = DEFINITIONAL_REPRESENTATION('',(#276),#279);
#276 = B_SPLINE_CURVE_WITH_KNOTS('',1,(#277,#278),.UNSPECIFIED.,.F.,.F.,
  (2,2),(-60.99316369738,72.185551852808),.PIECEWISE_BEZIER_KNOTS.);
#277 = CARTESIAN_POINT('',(293.82842712474,278.));
#278 = CARTESIAN_POINT('',(388.,183.82842712474));
#279 = ( GEOMETRIC_REPRESENTATION_CONTEXT(2) 
PARAMETRIC_REPRESENTATION_CONTEXT() REPRESENTATION_CONTEXT('2D SPACE',''
  ) );
#280 = PCURVE('',#281,#286);
#281 = PLANE('',#282);
#282 = AXIS2_PLACEMENT_3D('',#283,#284,#285);
#283 = CARTESIAN_POINT('',(388.,183.82842712474,61.));
#284 = DIRECTION('',(-0.707106781187,-0.707106781187,0.));
#285 = DIRECTION('',(-0.707106781187,0.707106781187,0.));
#286 = DEFINITIONAL_REPRESENTATION('',(#287),#290);
#287 = B_SPLINE_CURVE_WITH_KNOTS('',1,(#288,#289),.UNSPECIFIED.,.F.,.F.,
  (2,2),(-60.99316369738,72.185551852808),.PIECEWISE_BEZIER_KNOTS.);
#288 = CARTESIAN_POINT('',(133.17871555019,-1.));
#289 = CARTESIAN_POINT('',(0.,-1.));
#290 = ( GEOMETRIC_REPRESENTATION_CONTEXT(2) 
PARAMETRIC_REPRESENTATION_CONTEXT() REPRESENTATION_CONTEXT('2D SPACE',''
  ) );
#291 = ORIENTED_EDGE('',*,*,#292,.T.);
#292 = EDGE_CURVE('',#267,#293,#295,.T.);
#293 = VERTEX_POINT('',#294);
#294 = CARTESIAN_POINT('',(388.,-183.8284271247,62.));
#295 = SURFACE_CURVE('',#296,(#300,#306),.PCURVE_S1.);
#296 = LINE('',#297,#298);
#297 = CARTESIAN_POINT('',(388.,-91.91421356237,62.));
#298 = VECTOR('',#299,1.);
#299 = DIRECTION('',(0.,-1.,0.));
#300 = PCURVE('',#66,#301);
#301 = DEFINITIONAL_REPRESENTATION('',(#302),#305);
#302 = B_SPLINE_CURVE_WITH_KNOTS('',1,(#303,#304),.UNSPECIFIED.,.F.,.F.,
  (2,2),(-275.7426406871,91.914213562373),.PIECEWISE_BEZIER_KNOTS.);
#303 = CARTESIAN_POINT('',(388.,183.82842712474));
#304 = CARTESIAN_POINT('',(388.,-183.8284271247));
#305 = ( GEOMETRIC_REPRESENTATION_CONTEXT(2) 
PARAMETRIC_REPRESENTATION_CONTEXT() REPRESENTATION_CONTEXT('2D SPACE',''
  ) );
#306 = PCURVE('',#307,#312);
#307 = PLANE('',#308);
#308 = AXIS2_PLACEMENT_3D('',#309,#310,#311);
#309 = CARTESIAN_POINT('',(388.,-183.8284271247,61.));
#310 = DIRECTION('',(-1.,0.,0.));
#311 = DIRECTION('',(0.,1.,0.));
#312 = DEFINITIONAL_REPRESENTATION('',(#313),#316);
#313 = B_SPLINE_CURVE_WITH_KNOTS('',1,(#314,#315),.UNSPECIFIED.,.F.,.F.,
  (2,2),(-275.7426406871,91.914213562373),.PIECEWISE_BEZIER_KNOTS.);
#314 = CARTESIAN_POINT('',(367.65685424949,-1.));
#315 = CARTESIAN_POINT('',(0.,-1.));
#316 = ( GEOMETRIC_REPRESENTATION_CONTEXT(2) 
PARAMETRIC_REPRESENTATION_CONTEXT() REPRESENTATION_CONTEXT('2D SPACE',''
  ) );
#317 = ORIENTED_EDGE('',*,*,#318,.T.);
#318 = EDGE_CURVE('',#293,#164,#319,.T.);
#319 = SURFACE_CURVE('',#320,(#324,#330),.PCURVE_S1.);
#320 = LINE('',#321,#322);
#321 = CARTESIAN_POINT('',(289.87132034356,-281.9571067811,62.));
#322 = VECTOR('',#323,1.);
#323 = DIRECTION('',(-0.707106781187,-0.707106781187,0.));
#324 = PCURVE('',#66,#325);
#325 = DEFINITIONAL_REPRESENTATION('',(#326),#329);
#326 = B_SPLINE_CURVE_WITH_KNOTS('',1,(#327,#328),.UNSPECIFIED.,.F.,.F.,
  (2,2),(-138.7749096279,-5.596194077713),.PIECEWISE_BEZIER_KNOTS.);
#327 = CARTESIAN_POINT('',(388.,-183.8284271247));
#328 = CARTESIAN_POINT('',(293.82842712474,-278.));
#329 = ( GEOMETRIC_REPRESENTATION_CONTEXT(2) 
PARAMETRIC_REPRESENTATION_CONTEXT() REPRESENTATION_CONTEXT('2D SPACE',''
  ) );
#330 = PCURVE('',#331,#336);
#331 = PLANE('',#332);
#332 = AXIS2_PLACEMENT_3D('',#333,#334,#335);
#333 = CARTESIAN_POINT('',(293.82842712474,-278.,61.));
#334 = DIRECTION('',(-0.707106781187,0.707106781187,0.));
#335 = DIRECTION('',(0.707106781187,0.707106781187,0.));
#336 = DEFINITIONAL_REPRESENTATION('',(#337),#340);
#337 = B_SPLINE_CURVE_WITH_KNOTS('',1,(#338,#339),.UNSPECIFIED.,.F.,.F.,
  (2,2),(-138.7749096279,-5.596194077713),.PIECEWISE_BEZIER_KNOTS.);
#338 = CARTESIAN_POINT('',(133.17871555019,-1.));
#339 = CARTESIAN_POINT('',(0.,-1.));
#340 = ( GEOMETRIC_REPRESENTATION_CONTEXT(2) 
PARAMETRIC_REPRESENTATION_CONTEXT() REPRESENTATION_CONTEXT('2D SPACE',''
  ) );
#341 = ADVANCED_FACE('',(#342),#146,.F.);
#342 = FACE_BOUND('',#343,.F.);
#343 = EDGE_LOOP('',(#344,#345,#346,#367,#395,#423,#449,#475));
#344 = ORIENTED_EDGE('',*,*,#214,.F.);
#345 = ORIENTED_EDGE('',*,*,#132,.T.);
#346 = ORIENTED_EDGE('',*,*,#347,.T.);
#347 = EDGE_CURVE('',#107,#348,#350,.T.);
#348 = VERTEX_POINT('',#349);
#349 = CARTESIAN_POINT('',(295.,280.,164.5));
#350 = SURFACE_CURVE('',#351,(#355,#361),.PCURVE_S1.);
#351 = LINE('',#352,#353);
#352 = CARTESIAN_POINT('',(313.75,261.25,164.5));
#353 = VECTOR('',#354,1.);
#354 = DIRECTION('',(-0.707106781187,0.707106781187,0.));
#355 = PCURVE('',#146,#356);
#356 = DEFINITIONAL_REPRESENTATION('',(#357),#360);
#357 = B_SPLINE_CURVE_WITH_KNOTS('',1,(#358,#359),.UNSPECIFIED.,.F.,.F.,
  (2,2),(-107.8337841309,26.516504294496),.PIECEWISE_BEZIER_KNOTS.);
#358 = CARTESIAN_POINT('',(0.,-102.5));
#359 = CARTESIAN_POINT('',(134.35028842544,-102.5));
#360 = ( GEOMETRIC_REPRESENTATION_CONTEXT(2) 
PARAMETRIC_REPRESENTATION_CONTEXT() REPRESENTATION_CONTEXT('2D SPACE',''
  ) );
#361 = PCURVE('',#121,#362);
#362 = DEFINITIONAL_REPRESENTATION('',(#363),#366);
#363 = B_SPLINE_CURVE_WITH_KNOTS('',1,(#364,#365),.UNSPECIFIED.,.F.,.F.,
  (2,2),(-107.8337841309,26.516504294496),.PIECEWISE_BEZIER_KNOTS.);
#364 = CARTESIAN_POINT('',(890.,585.));
#365 = CARTESIAN_POINT('',(795.,680.));
#366 = ( GEOMETRIC_REPRESENTATION_CONTEXT(2) 
PARAMETRIC_REPRESENTATION_CONTEXT() REPRESENTATION_CONTEXT('2D SPACE',''
  ) );
#367 = ORIENTED_EDGE('',*,*,#368,.F.);
#368 = EDGE_CURVE('',#369,#348,#371,.T.);
#369 = VERTEX_POINT('',#370);
#370 = CARTESIAN_POINT('',(295.,280.,62.));
#371 = SURFACE_CURVE('',#372,(#376,#383),.PCURVE_S1.);
#372 = LINE('',#373,#374);
#373 = CARTESIAN_POINT('',(295.,280.,62.));
#374 = VECTOR('',#375,1.);
#375 = DIRECTION('',(0.,0.,1.));
#376 = PCURVE('',#146,#377);
#377 = DEFINITIONAL_REPRESENTATION('',(#378),#382);
#378 = LINE('',#379,#380);
#379 = CARTESIAN_POINT('',(134.35028842544,0.));
#380 = VECTOR('',#381,1.);
#381 = DIRECTION('',(0.,-1.));
#382 = ( GEOMETRIC_REPRESENTATION_CONTEXT(2) 
PARAMETRIC_REPRESENTATION_CONTEXT() REPRESENTATION_CONTEXT('2D SPACE',''
  ) );
#383 = PCURVE('',#384,#389);
#384 = PLANE('',#385);
#385 = AXIS2_PLACEMENT_3D('',#386,#387,#388);
#386 = CARTESIAN_POINT('',(295.,280.,62.));
#387 = DIRECTION('',(0.,-1.,0.));
#388 = DIRECTION('',(-1.,0.,0.));
#389 = DEFINITIONAL_REPRESENTATION('',(#390),#394);
#390 = LINE('',#391,#392);
#391 = CARTESIAN_POINT('',(0.,-0.));
#392 = VECTOR('',#393,1.);
#393 = DIRECTION('',(0.,-1.));
#394 = ( GEOMETRIC_REPRESENTATION_CONTEXT(2) 
PARAMETRIC_REPRESENTATION_CONTEXT() REPRESENTATION_CONTEXT('2D SPACE',''
  ) );
#395 = ORIENTED_EDGE('',*,*,#396,.F.);
#396 = EDGE_CURVE('',#397,#369,#399,.T.);
#397 = VERTEX_POINT('',#398);
#398 = CARTESIAN_POINT('',(325.10050506338,249.89949493661,62.));
#399 = SURFACE_CURVE('',#400,(#404,#411),.PCURVE_S1.);
#400 = LINE('',#401,#402);
#401 = CARTESIAN_POINT('',(390.,185.,62.));
#402 = VECTOR('',#403,1.);
#403 = DIRECTION('',(-0.707106781187,0.707106781187,0.));
#404 = PCURVE('',#146,#405);
#405 = DEFINITIONAL_REPRESENTATION('',(#406),#410);
#406 = LINE('',#407,#408);
#407 = CARTESIAN_POINT('',(0.,0.));
#408 = VECTOR('',#409,1.);
#409 = DIRECTION('',(1.,0.));
#410 = ( GEOMETRIC_REPRESENTATION_CONTEXT(2) 
PARAMETRIC_REPRESENTATION_CONTEXT() REPRESENTATION_CONTEXT('2D SPACE',''
  ) );
#411 = PCURVE('',#412,#417);
#412 = PLANE('',#413);
#413 = AXIS2_PLACEMENT_3D('',#414,#415,#416);
#414 = CARTESIAN_POINT('',(1.776500577423E-14,0.,62.));
#415 = DIRECTION('',(0.,0.,1.));
#416 = DIRECTION('',(1.,0.,-0.));
#417 = DEFINITIONAL_REPRESENTATION('',(#418),#422);
#418 = LINE('',#419,#420);
#419 = CARTESIAN_POINT('',(390.,185.));
#420 = VECTOR('',#421,1.);
#421 = DIRECTION('',(-0.707106781187,0.707106781187));
#422 = ( GEOMETRIC_REPRESENTATION_CONTEXT(2) 
PARAMETRIC_REPRESENTATION_CONTEXT() REPRESENTATION_CONTEXT('2D SPACE',''
  ) );
#423 = ORIENTED_EDGE('',*,*,#424,.T.);
#424 = EDGE_CURVE('',#397,#425,#427,.T.);
#425 = VERTEX_POINT('',#426);
#426 = CARTESIAN_POINT('',(325.10050506338,249.89949493661,70.));
#427 = SURFACE_CURVE('',#428,(#432,#438),.PCURVE_S1.);
#428 = LINE('',#429,#430);
#429 = CARTESIAN_POINT('',(325.10050506338,249.89949493661,61.));
#430 = VECTOR('',#431,1.);
#431 = DIRECTION('',(0.,0.,1.));
#432 = PCURVE('',#146,#433);
#433 = DEFINITIONAL_REPRESENTATION('',(#434),#437);
#434 = B_SPLINE_CURVE_WITH_KNOTS('',1,(#435,#436),.UNSPECIFIED.,.F.,.F.,
  (2,2),(-5.999999999062E-07,9.0000006),.PIECEWISE_BEZIER_KNOTS.);
#435 = CARTESIAN_POINT('',(91.78174593052,1.0000006));
#436 = CARTESIAN_POINT('',(91.78174593052,-8.0000006));
#437 = ( GEOMETRIC_REPRESENTATION_CONTEXT(2) 
PARAMETRIC_REPRESENTATION_CONTEXT() REPRESENTATION_CONTEXT('2D SPACE',''
  ) );
#438 = PCURVE('',#439,#444);
#439 = CYLINDRICAL_SURFACE('',#440,86.);
#440 = AXIS2_PLACEMENT_3D('',#441,#442,#443);
#441 = CARTESIAN_POINT('',(275.,180.,61.));
#442 = DIRECTION('',(0.,0.,1.));
#443 = DIRECTION('',(1.,0.,-0.));
#444 = DEFINITIONAL_REPRESENTATION('',(#445),#448);
#445 = B_SPLINE_CURVE_WITH_KNOTS('',1,(#446,#447),.UNSPECIFIED.,.F.,.F.,
  (2,2),(-5.999999999062E-07,9.0000006),.PIECEWISE_BEZIER_KNOTS.);
#446 = CARTESIAN_POINT('',(0.948916587583,-5.999999999062E-07));
#447 = CARTESIAN_POINT('',(0.948916587583,9.0000006));
#448 = ( GEOMETRIC_REPRESENTATION_CONTEXT(2) 
PARAMETRIC_REPRESENTATION_CONTEXT() REPRESENTATION_CONTEXT('2D SPACE',''
  ) );
#449 = ORIENTED_EDGE('',*,*,#450,.F.);
#450 = EDGE_CURVE('',#451,#425,#453,.T.);
#451 = VERTEX_POINT('',#452);
#452 = CARTESIAN_POINT('',(344.89949493661,230.10050506338,70.));
#453 = SURFACE_CURVE('',#454,(#458,#464),.PCURVE_S1.);
#454 = LINE('',#455,#456);
#455 = CARTESIAN_POINT('',(362.5,212.5,70.));
#456 = VECTOR('',#457,1.);
#457 = DIRECTION('',(-0.707106781187,0.707106781187,0.));
#458 = PCURVE('',#146,#459);
#459 = DEFINITIONAL_REPRESENTATION('',(#460),#463);
#460 = B_SPLINE_CURVE_WITH_KNOTS('',1,(#461,#462),.UNSPECIFIED.,.F.,.F.,
  (2,2),(2.12132034356,75.660425586961),.PIECEWISE_BEZIER_KNOTS.);
#461 = CARTESIAN_POINT('',(41.01219330882,-8.));
#462 = CARTESIAN_POINT('',(114.55129855222,-8.));
#463 = ( GEOMETRIC_REPRESENTATION_CONTEXT(2) 
PARAMETRIC_REPRESENTATION_CONTEXT() REPRESENTATION_CONTEXT('2D SPACE',''
  ) );
#464 = PCURVE('',#465,#470);
#465 = PLANE('',#466);
#466 = AXIS2_PLACEMENT_3D('',#467,#468,#469);
#467 = CARTESIAN_POINT('',(275.,180.,70.));
#468 = DIRECTION('',(0.,0.,1.));
#469 = DIRECTION('',(1.,0.,-0.));
#470 = DEFINITIONAL_REPRESENTATION('',(#471),#474);
#471 = B_SPLINE_CURVE_WITH_KNOTS('',1,(#472,#473),.UNSPECIFIED.,.F.,.F.,
  (2,2),(2.12132034356,75.660425586961),.PIECEWISE_BEZIER_KNOTS.);
#472 = CARTESIAN_POINT('',(86.,34.));
#473 = CARTESIAN_POINT('',(34.,86.));
#474 = ( GEOMETRIC_REPRESENTATION_CONTEXT(2) 
PARAMETRIC_REPRESENTATION_CONTEXT() REPRESENTATION_CONTEXT('2D SPACE',''
  ) );
#475 = ORIENTED_EDGE('',*,*,#476,.F.);
#476 = EDGE_CURVE('',#215,#451,#477,.T.);
#477 = SURFACE_CURVE('',#478,(#482,#488),.PCURVE_S1.);
#478 = LINE('',#479,#480);
#479 = CARTESIAN_POINT('',(344.89949493661,230.10050506338,61.));
#480 = VECTOR('',#481,1.);
#481 = DIRECTION('',(0.,0.,1.));
#482 = PCURVE('',#146,#483);
#483 = DEFINITIONAL_REPRESENTATION('',(#484),#487);
#484 = B_SPLINE_CURVE_WITH_KNOTS('',1,(#485,#486),.UNSPECIFIED.,.F.,.F.,
  (2,2),(-5.999999999062E-07,9.0000006),.PIECEWISE_BEZIER_KNOTS.);
#485 = CARTESIAN_POINT('',(63.78174593052,1.0000006));
#486 = CARTESIAN_POINT('',(63.78174593052,-8.0000006));
#487 = ( GEOMETRIC_REPRESENTATION_CONTEXT(2) 
PARAMETRIC_REPRESENTATION_CONTEXT() REPRESENTATION_CONTEXT('2D SPACE',''
  ) );
#488 = PCURVE('',#254,#489);
#489 = DEFINITIONAL_REPRESENTATION('',(#490),#493);
#490 = B_SPLINE_CURVE_WITH_KNOTS('',1,(#491,#492),.UNSPECIFIED.,.F.,.F.,
  (2,2),(-5.999999999062E-07,9.0000006),.PIECEWISE_BEZIER_KNOTS.);
#491 = CARTESIAN_POINT('',(0.621879739212,-5.999999999062E-07));
#492 = CARTESIAN_POINT('',(0.621879739212,9.0000006));
#493 = ( GEOMETRIC_REPRESENTATION_CONTEXT(2) 
PARAMETRIC_REPRESENTATION_CONTEXT() REPRESENTATION_CONTEXT('2D SPACE',''
  ) );
#494 = ADVANCED_FACE('',(#495),#121,.T.);
#495 = FACE_BOUND('',#496,.T.);
#496 = EDGE_LOOP('',(#497,#528,#547,#548,#549,#570,#596,#622,#643,#664)
  );
#497 = ORIENTED_EDGE('',*,*,#498,.F.);
#498 = EDGE_CURVE('',#499,#501,#503,.T.);
#499 = VERTEX_POINT('',#500);
#500 = CARTESIAN_POINT('',(369.9457476709,-205.054252329,164.5));
#501 = VERTEX_POINT('',#502);
#502 = CARTESIAN_POINT('',(369.77842750677,-202.0499996179,164.5));
#503 = SURFACE_CURVE('',#504,(#509,#516),.PCURVE_S1.);
#504 = CIRCLE('',#505,80.);
#505 = AXIS2_PLACEMENT_3D('',#506,#507,#508);
#506 = CARTESIAN_POINT('',(290.,-208.,164.5));
#507 = DIRECTION('',(0.,0.,1.));
#508 = DIRECTION('',(1.,0.,-0.));
#509 = PCURVE('',#121,#510);
#510 = DEFINITIONAL_REPRESENTATION('',(#511),#515);
#511 = CIRCLE('',#512,80.);
#512 = AXIS2_PLACEMENT_2D('',#513,#514);
#513 = CARTESIAN_POINT('',(790.,192.));
#514 = DIRECTION('',(1.,0.));
#515 = ( GEOMETRIC_REPRESENTATION_CONTEXT(2) 
PARAMETRIC_REPRESENTATION_CONTEXT() REPRESENTATION_CONTEXT('2D SPACE',''
  ) );
#516 = PCURVE('',#517,#522);
#517 = CYLINDRICAL_SURFACE('',#518,80.);
#518 = AXIS2_PLACEMENT_3D('',#519,#520,#521);
#519 = CARTESIAN_POINT('',(290.,-208.,122.));
#520 = DIRECTION('',(0.,0.,1.));
#521 = DIRECTION('',(1.,0.,-0.));
#522 = DEFINITIONAL_REPRESENTATION('',(#523),#527);
#523 = LINE('',#524,#525);
#524 = CARTESIAN_POINT('',(0.,42.5));
#525 = VECTOR('',#526,1.);
#526 = DIRECTION('',(1.,0.));
#527 = ( GEOMETRIC_REPRESENTATION_CONTEXT(2) 
PARAMETRIC_REPRESENTATION_CONTEXT() REPRESENTATION_CONTEXT('2D SPACE',''
  ) );
#528 = ORIENTED_EDGE('',*,*,#529,.T.);
#529 = EDGE_CURVE('',#499,#79,#530,.T.);
#530 = SURFACE_CURVE('',#531,(#535,#541),.PCURVE_S1.);
#531 = LINE('',#532,#533);
#532 = CARTESIAN_POINT('',(66.25,-508.75,164.5));
#533 = VECTOR('',#534,1.);
#534 = DIRECTION('',(0.707106781187,0.707106781187,-0.));
#535 = PCURVE('',#121,#536);
#536 = DEFINITIONAL_REPRESENTATION('',(#537),#540);
#537 = B_SPLINE_CURVE_WITH_KNOTS('',1,(#538,#539),.UNSPECIFIED.,.F.,.F.,
  (2,2),(323.50135239284,457.85164081829),.PIECEWISE_BEZIER_KNOTS.);
#538 = CARTESIAN_POINT('',(795.,120.));
#539 = CARTESIAN_POINT('',(890.,215.));
#540 = ( GEOMETRIC_REPRESENTATION_CONTEXT(2) 
PARAMETRIC_REPRESENTATION_CONTEXT() REPRESENTATION_CONTEXT('2D SPACE',''
  ) );
#541 = PCURVE('',#94,#542);
#542 = DEFINITIONAL_REPRESENTATION('',(#543),#546);
#543 = B_SPLINE_CURVE_WITH_KNOTS('',1,(#544,#545),.UNSPECIFIED.,.F.,.F.,
  (2,2),(323.50135239284,457.85164081829),.PIECEWISE_BEZIER_KNOTS.);
#544 = CARTESIAN_POINT('',(0.,-102.5));
#545 = CARTESIAN_POINT('',(134.35028842544,-102.5));
#546 = ( GEOMETRIC_REPRESENTATION_CONTEXT(2) 
PARAMETRIC_REPRESENTATION_CONTEXT() REPRESENTATION_CONTEXT('2D SPACE',''
  ) );
#547 = ORIENTED_EDGE('',*,*,#106,.T.);
#548 = ORIENTED_EDGE('',*,*,#347,.T.);
#549 = ORIENTED_EDGE('',*,*,#550,.T.);
#550 = EDGE_CURVE('',#348,#551,#553,.T.);
#551 = VERTEX_POINT('',#552);
#552 = CARTESIAN_POINT('',(260.,280.,164.5));
#553 = SURFACE_CURVE('',#554,(#558,#564),.PCURVE_S1.);
#554 = LINE('',#555,#556);
#555 = CARTESIAN_POINT('',(-102.5,280.,164.5));
#556 = VECTOR('',#557,1.);
#557 = DIRECTION('',(-1.,0.,0.));
#558 = PCURVE('',#121,#559);
#559 = DEFINITIONAL_REPRESENTATION('',(#560),#563);
#560 = B_SPLINE_CURVE_WITH_KNOTS('',1,(#561,#562),.UNSPECIFIED.,.F.,.F.,
  (2,2),(-397.5,192.5),.PIECEWISE_BEZIER_KNOTS.);
#561 = CARTESIAN_POINT('',(795.,680.));
#562 = CARTESIAN_POINT('',(205.,680.));
#563 = ( GEOMETRIC_REPRESENTATION_CONTEXT(2) 
PARAMETRIC_REPRESENTATION_CONTEXT() REPRESENTATION_CONTEXT('2D SPACE',''
  ) );
#564 = PCURVE('',#384,#565);
#565 = DEFINITIONAL_REPRESENTATION('',(#566),#569);
#566 = B_SPLINE_CURVE_WITH_KNOTS('',1,(#567,#568),.UNSPECIFIED.,.F.,.F.,
  (2,2),(-397.5,192.5),.PIECEWISE_BEZIER_KNOTS.);
#567 = CARTESIAN_POINT('',(0.,-102.5));
#568 = CARTESIAN_POINT('',(590.,-102.5));
#569 = ( GEOMETRIC_REPRESENTATION_CONTEXT(2) 
PARAMETRIC_REPRESENTATION_CONTEXT() REPRESENTATION_CONTEXT('2D SPACE',''
  ) );
#570 = ORIENTED_EDGE('',*,*,#571,.F.);
#571 = EDGE_CURVE('',#572,#551,#574,.T.);
#572 = VERTEX_POINT('',#573);
#573 = CARTESIAN_POINT('',(260.,278.,164.5));
#574 = SURFACE_CURVE('',#575,(#579,#585),.PCURVE_S1.);
#575 = LINE('',#576,#577);
#576 = CARTESIAN_POINT('',(260.,-400.,164.5));
#577 = VECTOR('',#578,1.);
#578 = DIRECTION('',(-0.,1.,0.));
#579 = PCURVE('',#121,#580);
#580 = DEFINITIONAL_REPRESENTATION('',(#581),#584);
#581 = B_SPLINE_CURVE_WITH_KNOTS('',1,(#582,#583),.UNSPECIFIED.,.F.,.F.,
  (2,2),(194.9457476709,680.),.PIECEWISE_BEZIER_KNOTS.);
#582 = CARTESIAN_POINT('',(760.,194.9457476709));
#583 = CARTESIAN_POINT('',(760.,680.));
#584 = ( GEOMETRIC_REPRESENTATION_CONTEXT(2) 
PARAMETRIC_REPRESENTATION_CONTEXT() REPRESENTATION_CONTEXT('2D SPACE',''
  ) );
#585 = PCURVE('',#586,#591);
#586 = PLANE('',#587);
#587 = AXIS2_PLACEMENT_3D('',#588,#589,#590);
#588 = CARTESIAN_POINT('',(260.,-400.,0.));
#589 = DIRECTION('',(1.,0.,-0.));
#590 = DIRECTION('',(0.,0.,1.));
#591 = DEFINITIONAL_REPRESENTATION('',(#592),#595);
#592 = B_SPLINE_CURVE_WITH_KNOTS('',1,(#593,#594),.UNSPECIFIED.,.F.,.F.,
  (2,2),(194.9457476709,680.),.PIECEWISE_BEZIER_KNOTS.);
#593 = CARTESIAN_POINT('',(164.5,-194.9457476709));
#594 = CARTESIAN_POINT('',(164.5,-680.));
#595 = ( GEOMETRIC_REPRESENTATION_CONTEXT(2) 
PARAMETRIC_REPRESENTATION_CONTEXT() REPRESENTATION_CONTEXT('2D SPACE',''
  ) );
#596 = ORIENTED_EDGE('',*,*,#597,.F.);
#597 = EDGE_CURVE('',#598,#572,#600,.T.);
#598 = VERTEX_POINT('',#599);
#599 = CARTESIAN_POINT('',(293.82842712474,278.,164.5));
#600 = SURFACE_CURVE('',#601,(#605,#611),.PCURVE_S1.);
#601 = LINE('',#602,#603);
#602 = CARTESIAN_POINT('',(-103.0857864376,278.,164.5));
#603 = VECTOR('',#604,1.);
#604 = DIRECTION('',(-1.,0.,0.));
#605 = PCURVE('',#121,#606);
#606 = DEFINITIONAL_REPRESENTATION('',(#607),#610);
#607 = B_SPLINE_CURVE_WITH_KNOTS('',1,(#608,#609),.UNSPECIFIED.,.F.,.F.,
  (2,2),(-396.9142135623,190.74264068711),.PIECEWISE_BEZIER_KNOTS.);
#608 = CARTESIAN_POINT('',(793.82842712474,678.));
#609 = CARTESIAN_POINT('',(206.17157287525,678.));
#610 = ( GEOMETRIC_REPRESENTATION_CONTEXT(2) 
PARAMETRIC_REPRESENTATION_CONTEXT() REPRESENTATION_CONTEXT('2D SPACE',''
  ) );
#611 = PCURVE('',#612,#617);
#612 = PLANE('',#613);
#613 = AXIS2_PLACEMENT_3D('',#614,#615,#616);
#614 = CARTESIAN_POINT('',(293.82842712474,278.,61.));
#615 = DIRECTION('',(0.,-1.,0.));
#616 = DIRECTION('',(-1.,0.,0.));
#617 = DEFINITIONAL_REPRESENTATION('',(#618),#621);
#618 = B_SPLINE_CURVE_WITH_KNOTS('',1,(#619,#620),.UNSPECIFIED.,.F.,.F.,
  (2,2),(-396.9142135623,190.74264068711),.PIECEWISE_BEZIER_KNOTS.);
#619 = CARTESIAN_POINT('',(0.,-103.5));
#620 = CARTESIAN_POINT('',(587.65685424949,-103.5));
#621 = ( GEOMETRIC_REPRESENTATION_CONTEXT(2) 
PARAMETRIC_REPRESENTATION_CONTEXT() REPRESENTATION_CONTEXT('2D SPACE',''
  ) );
#622 = ORIENTED_EDGE('',*,*,#623,.F.);
#623 = EDGE_CURVE('',#624,#598,#626,.T.);
#624 = VERTEX_POINT('',#625);
#625 = CARTESIAN_POINT('',(388.,183.82842712474,164.5));
#626 = SURFACE_CURVE('',#627,(#631,#637),.PCURVE_S1.);
#627 = LINE('',#628,#629);
#628 = CARTESIAN_POINT('',(311.95710678118,259.87132034356,164.5));
#629 = VECTOR('',#630,1.);
#630 = DIRECTION('',(-0.707106781187,0.707106781187,0.));
#631 = PCURVE('',#121,#632);
#632 = DEFINITIONAL_REPRESENTATION('',(#633),#636);
#633 = B_SPLINE_CURVE_WITH_KNOTS('',1,(#634,#635),.UNSPECIFIED.,.F.,.F.,
  (2,2),(-107.5408909121,25.637824638055),.PIECEWISE_BEZIER_KNOTS.);
#634 = CARTESIAN_POINT('',(888.,583.82842712474));
#635 = CARTESIAN_POINT('',(793.82842712474,678.));
#636 = ( GEOMETRIC_REPRESENTATION_CONTEXT(2) 
PARAMETRIC_REPRESENTATION_CONTEXT() REPRESENTATION_CONTEXT('2D SPACE',''
  ) );
#637 = PCURVE('',#281,#638);
#638 = DEFINITIONAL_REPRESENTATION('',(#639),#642);
#639 = B_SPLINE_CURVE_WITH_KNOTS('',1,(#640,#641),.UNSPECIFIED.,.F.,.F.,
  (2,2),(-107.5408909121,25.637824638055),.PIECEWISE_BEZIER_KNOTS.);
#640 = CARTESIAN_POINT('',(0.,-103.5));
#641 = CARTESIAN_POINT('',(133.17871555019,-103.5));
#642 = ( GEOMETRIC_REPRESENTATION_CONTEXT(2) 
PARAMETRIC_REPRESENTATION_CONTEXT() REPRESENTATION_CONTEXT('2D SPACE',''
  ) );
#643 = ORIENTED_EDGE('',*,*,#644,.F.);
#644 = EDGE_CURVE('',#645,#624,#647,.T.);
#645 = VERTEX_POINT('',#646);
#646 = CARTESIAN_POINT('',(388.,-183.8284271247,164.5));
#647 = SURFACE_CURVE('',#648,(#652,#658),.PCURVE_S1.);
#648 = LINE('',#649,#650);
#649 = CARTESIAN_POINT('',(388.,-291.9142135623,164.5));
#650 = VECTOR('',#651,1.);
#651 = DIRECTION('',(0.,1.,-0.));
#652 = PCURVE('',#121,#653);
#653 = DEFINITIONAL_REPRESENTATION('',(#654),#657);
#654 = B_SPLINE_CURVE_WITH_KNOTS('',1,(#655,#656),.UNSPECIFIED.,.F.,.F.,
  (2,2),(108.08578643762,475.74264068711),.PIECEWISE_BEZIER_KNOTS.);
#655 = CARTESIAN_POINT('',(888.,216.17157287525));
#656 = CARTESIAN_POINT('',(888.,583.82842712474));
#657 = ( GEOMETRIC_REPRESENTATION_CONTEXT(2) 
PARAMETRIC_REPRESENTATION_CONTEXT() REPRESENTATION_CONTEXT('2D SPACE',''
  ) );
#658 = PCURVE('',#307,#659);
#659 = DEFINITIONAL_REPRESENTATION('',(#660),#663);
#660 = B_SPLINE_CURVE_WITH_KNOTS('',1,(#661,#662),.UNSPECIFIED.,.F.,.F.,
  (2,2),(108.08578643762,475.74264068711),.PIECEWISE_BEZIER_KNOTS.);
#661 = CARTESIAN_POINT('',(0.,-103.5));
#662 = CARTESIAN_POINT('',(367.65685424949,-103.5));
#663 = ( GEOMETRIC_REPRESENTATION_CONTEXT(2) 
PARAMETRIC_REPRESENTATION_CONTEXT() REPRESENTATION_CONTEXT('2D SPACE',''
  ) );
#664 = ORIENTED_EDGE('',*,*,#665,.F.);
#665 = EDGE_CURVE('',#501,#645,#666,.T.);
#666 = SURFACE_CURVE('',#667,(#671,#677),.PCURVE_S1.);
#667 = LINE('',#668,#669);
#668 = CARTESIAN_POINT('',(64.87132034356,-506.9571067811,164.5));
#669 = VECTOR('',#670,1.);
#670 = DIRECTION('',(0.707106781187,0.707106781187,-0.));
#671 = PCURVE('',#121,#672);
#672 = DEFINITIONAL_REPRESENTATION('',(#673),#676);
#673 = B_SPLINE_CURVE_WITH_KNOTS('',1,(#674,#675),.UNSPECIFIED.,.F.,.F.,
  (2,2),(323.79424561165,456.97296116184),.PIECEWISE_BEZIER_KNOTS.);
#674 = CARTESIAN_POINT('',(793.82842712474,122.));
#675 = CARTESIAN_POINT('',(888.,216.17157287525));
#676 = ( GEOMETRIC_REPRESENTATION_CONTEXT(2) 
PARAMETRIC_REPRESENTATION_CONTEXT() REPRESENTATION_CONTEXT('2D SPACE',''
  ) );
#677 = PCURVE('',#331,#678);
#678 = DEFINITIONAL_REPRESENTATION('',(#679),#682);
#679 = B_SPLINE_CURVE_WITH_KNOTS('',1,(#680,#681),.UNSPECIFIED.,.F.,.F.,
  (2,2),(323.79424561165,456.97296116184),.PIECEWISE_BEZIER_KNOTS.);
#680 = CARTESIAN_POINT('',(0.,-103.5));
#681 = CARTESIAN_POINT('',(133.17871555019,-103.5));
#682 = ( GEOMETRIC_REPRESENTATION_CONTEXT(2) 
PARAMETRIC_REPRESENTATION_CONTEXT() REPRESENTATION_CONTEXT('2D SPACE',''
  ) );
#683 = ADVANCED_FACE('',(#684),#94,.F.);
#684 = FACE_BOUND('',#685,.F.);
#685 = EDGE_LOOP('',(#686,#716,#744,#770,#789,#790,#791,#792,#813,#839)
  );
#686 = ORIENTED_EDGE('',*,*,#687,.F.);
#687 = EDGE_CURVE('',#688,#690,#692,.T.);
#688 = VERTEX_POINT('',#689);
#689 = CARTESIAN_POINT('',(295.,-280.,62.));
#690 = VERTEX_POINT('',#691);
#691 = CARTESIAN_POINT('',(325.10050506338,-249.8994949366,62.));
#692 = SURFACE_CURVE('',#693,(#697,#704),.PCURVE_S1.);
#693 = LINE('',#694,#695);
#694 = CARTESIAN_POINT('',(295.,-280.,62.));
#695 = VECTOR('',#696,1.);
#696 = DIRECTION('',(0.707106781187,0.707106781187,0.));
#697 = PCURVE('',#94,#698);
#698 = DEFINITIONAL_REPRESENTATION('',(#699),#703);
#699 = LINE('',#700,#701);
#700 = CARTESIAN_POINT('',(0.,0.));
#701 = VECTOR('',#702,1.);
#702 = DIRECTION('',(1.,0.));
#703 = ( GEOMETRIC_REPRESENTATION_CONTEXT(2) 
PARAMETRIC_REPRESENTATION_CONTEXT() REPRESENTATION_CONTEXT('2D SPACE',''
  ) );
#704 = PCURVE('',#705,#710);
#705 = PLANE('',#706);
#706 = AXIS2_PLACEMENT_3D('',#707,#708,#709);
#707 = CARTESIAN_POINT('',(1.776500577423E-14,0.,62.));
#708 = DIRECTION('',(0.,0.,1.));
#709 = DIRECTION('',(1.,0.,-0.));
#710 = DEFINITIONAL_REPRESENTATION('',(#711),#715);
#711 = LINE('',#712,#713);
#712 = CARTESIAN_POINT('',(295.,-280.));
#713 = VECTOR('',#714,1.);
#714 = DIRECTION('',(0.707106781187,0.707106781187));
#715 = ( GEOMETRIC_REPRESENTATION_CONTEXT(2) 
PARAMETRIC_REPRESENTATION_CONTEXT() REPRESENTATION_CONTEXT('2D SPACE',''
  ) );
#716 = ORIENTED_EDGE('',*,*,#717,.T.);
#717 = EDGE_CURVE('',#688,#718,#720,.T.);
#718 = VERTEX_POINT('',#719);
#719 = CARTESIAN_POINT('',(295.,-280.,122.));
#720 = SURFACE_CURVE('',#721,(#725,#732),.PCURVE_S1.);
#721 = LINE('',#722,#723);
#722 = CARTESIAN_POINT('',(295.,-280.,62.));
#723 = VECTOR('',#724,1.);
#724 = DIRECTION('',(0.,0.,1.));
#725 = PCURVE('',#94,#726);
#726 = DEFINITIONAL_REPRESENTATION('',(#727),#731);
#727 = LINE('',#728,#729);
#728 = CARTESIAN_POINT('',(0.,0.));
#729 = VECTOR('',#730,1.);
#730 = DIRECTION('',(0.,-1.));
#731 = ( GEOMETRIC_REPRESENTATION_CONTEXT(2) 
PARAMETRIC_REPRESENTATION_CONTEXT() REPRESENTATION_CONTEXT('2D SPACE',''
  ) );
#732 = PCURVE('',#733,#738);
#733 = PLANE('',#734);
#734 = AXIS2_PLACEMENT_3D('',#735,#736,#737);
#735 = CARTESIAN_POINT('',(-295.,-280.,62.));
#736 = DIRECTION('',(0.,1.,0.));
#737 = DIRECTION('',(1.,0.,0.));
#738 = DEFINITIONAL_REPRESENTATION('',(#739),#743);
#739 = LINE('',#740,#741);
#740 = CARTESIAN_POINT('',(590.,0.));
#741 = VECTOR('',#742,1.);
#742 = DIRECTION('',(0.,-1.));
#743 = ( GEOMETRIC_REPRESENTATION_CONTEXT(2) 
PARAMETRIC_REPRESENTATION_CONTEXT() REPRESENTATION_CONTEXT('2D SPACE',''
  ) );
#744 = ORIENTED_EDGE('',*,*,#745,.T.);
#745 = EDGE_CURVE('',#718,#746,#748,.T.);
#746 = VERTEX_POINT('',#747);
#747 = CARTESIAN_POINT('',(369.9457476709,-205.054252329,122.));
#748 = SURFACE_CURVE('',#749,(#753,#759),.PCURVE_S1.);
#749 = LINE('',#750,#751);
#750 = CARTESIAN_POINT('',(311.75,-263.25,122.));
#751 = VECTOR('',#752,1.);
#752 = DIRECTION('',(0.707106781187,0.707106781187,-0.));
#753 = PCURVE('',#94,#754);
#754 = DEFINITIONAL_REPRESENTATION('',(#755),#758);
#755 = B_SPLINE_CURVE_WITH_KNOTS('',1,(#756,#757),.UNSPECIFIED.,.F.,.F.,
  (2,2),(-23.68807716974,82.377940008233),.PIECEWISE_BEZIER_KNOTS.);
#756 = CARTESIAN_POINT('',(0.,-60.));
#757 = CARTESIAN_POINT('',(106.06601717798,-60.));
#758 = ( GEOMETRIC_REPRESENTATION_CONTEXT(2) 
PARAMETRIC_REPRESENTATION_CONTEXT() REPRESENTATION_CONTEXT('2D SPACE',''
  ) );
#759 = PCURVE('',#760,#765);
#760 = PLANE('',#761);
#761 = AXIS2_PLACEMENT_3D('',#762,#763,#764);
#762 = CARTESIAN_POINT('',(290.,-208.,122.));
#763 = DIRECTION('',(0.,0.,1.));
#764 = DIRECTION('',(1.,0.,-0.));
#765 = DEFINITIONAL_REPRESENTATION('',(#766),#769);
#766 = B_SPLINE_CURVE_WITH_KNOTS('',1,(#767,#768),.UNSPECIFIED.,.F.,.F.,
  (2,2),(-23.68807716974,82.377940008233),.PIECEWISE_BEZIER_KNOTS.);
#767 = CARTESIAN_POINT('',(5.,-72.));
#768 = CARTESIAN_POINT('',(80.,3.));
#769 = ( GEOMETRIC_REPRESENTATION_CONTEXT(2) 
PARAMETRIC_REPRESENTATION_CONTEXT() REPRESENTATION_CONTEXT('2D SPACE',''
  ) );
#770 = ORIENTED_EDGE('',*,*,#771,.T.);
#771 = EDGE_CURVE('',#746,#499,#772,.T.);
#772 = SURFACE_CURVE('',#773,(#777,#783),.PCURVE_S1.);
#773 = LINE('',#774,#775);
#774 = CARTESIAN_POINT('',(369.9457476709,-205.054252329,122.));
#775 = VECTOR('',#776,1.);
#776 = DIRECTION('',(0.,0.,1.));
#777 = PCURVE('',#94,#778);
#778 = DEFINITIONAL_REPRESENTATION('',(#779),#782);
#779 = B_SPLINE_CURVE_WITH_KNOTS('',1,(#780,#781),.UNSPECIFIED.,.F.,.F.,
  (2,2),(-6.000000070117E-07,52.75),.PIECEWISE_BEZIER_KNOTS.);
#780 = CARTESIAN_POINT('',(105.98929279838,-59.9999994));
#781 = CARTESIAN_POINT('',(105.98929279838,-112.75));
#782 = ( GEOMETRIC_REPRESENTATION_CONTEXT(2) 
PARAMETRIC_REPRESENTATION_CONTEXT() REPRESENTATION_CONTEXT('2D SPACE',''
  ) );
#783 = PCURVE('',#517,#784);
#784 = DEFINITIONAL_REPRESENTATION('',(#785),#788);
#785 = B_SPLINE_CURVE_WITH_KNOTS('',1,(#786,#787),.UNSPECIFIED.,.F.,.F.,
  (2,2),(-6.000000070117E-07,52.75),.PIECEWISE_BEZIER_KNOTS.);
#786 = CARTESIAN_POINT('',(3.683017177356E-02,-6.000000070117E-07));
#787 = CARTESIAN_POINT('',(3.683017177356E-02,52.75));
#788 = ( GEOMETRIC_REPRESENTATION_CONTEXT(2) 
PARAMETRIC_REPRESENTATION_CONTEXT() REPRESENTATION_CONTEXT('2D SPACE',''
  ) );
#789 = ORIENTED_EDGE('',*,*,#529,.T.);
#790 = ORIENTED_EDGE('',*,*,#78,.F.);
#791 = ORIENTED_EDGE('',*,*,#192,.F.);
#792 = ORIENTED_EDGE('',*,*,#793,.T.);
#793 = EDGE_CURVE('',#162,#794,#796,.T.);
#794 = VERTEX_POINT('',#795);
#795 = CARTESIAN_POINT('',(344.89949493661,-230.1005050633,70.));
#796 = SURFACE_CURVE('',#797,(#801,#807),.PCURVE_S1.);
#797 = LINE('',#798,#799);
#798 = CARTESIAN_POINT('',(344.89949493661,-230.1005050633,61.));
#799 = VECTOR('',#800,1.);
#800 = DIRECTION('',(0.,0.,1.));
#801 = PCURVE('',#94,#802);
#802 = DEFINITIONAL_REPRESENTATION('',(#803),#806);
#803 = B_SPLINE_CURVE_WITH_KNOTS('',1,(#804,#805),.UNSPECIFIED.,.F.,.F.,
  (2,2),(-5.999999999062E-07,9.0000006),.PIECEWISE_BEZIER_KNOTS.);
#804 = CARTESIAN_POINT('',(70.568542494924,1.0000006));
#805 = CARTESIAN_POINT('',(70.568542494924,-8.0000006));
#806 = ( GEOMETRIC_REPRESENTATION_CONTEXT(2) 
PARAMETRIC_REPRESENTATION_CONTEXT() REPRESENTATION_CONTEXT('2D SPACE',''
  ) );
#807 = PCURVE('',#180,#808);
#808 = DEFINITIONAL_REPRESENTATION('',(#809),#812);
#809 = B_SPLINE_CURVE_WITH_KNOTS('',1,(#810,#811),.UNSPECIFIED.,.F.,.F.,
  (2,2),(-5.999999999062E-07,9.0000006),.PIECEWISE_BEZIER_KNOTS.);
#810 = CARTESIAN_POINT('',(5.661305567968,-5.999999999062E-07));
#811 = CARTESIAN_POINT('',(5.661305567968,9.0000006));
#812 = ( GEOMETRIC_REPRESENTATION_CONTEXT(2) 
PARAMETRIC_REPRESENTATION_CONTEXT() REPRESENTATION_CONTEXT('2D SPACE',''
  ) );
#813 = ORIENTED_EDGE('',*,*,#814,.F.);
#814 = EDGE_CURVE('',#815,#794,#817,.T.);
#815 = VERTEX_POINT('',#816);
#816 = CARTESIAN_POINT('',(325.10050506338,-249.8994949366,70.));
#817 = SURFACE_CURVE('',#818,(#822,#828),.PCURVE_S1.);
#818 = LINE('',#819,#820);
#819 = CARTESIAN_POINT('',(315.,-260.,70.));
#820 = VECTOR('',#821,1.);
#821 = DIRECTION('',(0.707106781187,0.707106781187,-0.));
#822 = PCURVE('',#94,#823);
#823 = DEFINITIONAL_REPRESENTATION('',(#824),#827);
#824 = B_SPLINE_CURVE_WITH_KNOTS('',1,(#825,#826),.UNSPECIFIED.,.F.,.F.,
  (2,2),(-8.485281374239,65.053823869162),.PIECEWISE_BEZIER_KNOTS.);
#825 = CARTESIAN_POINT('',(19.798989873223,-8.));
#826 = CARTESIAN_POINT('',(93.338095116624,-8.));
#827 = ( GEOMETRIC_REPRESENTATION_CONTEXT(2) 
PARAMETRIC_REPRESENTATION_CONTEXT() REPRESENTATION_CONTEXT('2D SPACE',''
  ) );
#828 = PCURVE('',#829,#834);
#829 = PLANE('',#830);
#830 = AXIS2_PLACEMENT_3D('',#831,#832,#833);
#831 = CARTESIAN_POINT('',(275.,-180.,70.));
#832 = DIRECTION('',(0.,0.,1.));
#833 = DIRECTION('',(1.,0.,-0.));
#834 = DEFINITIONAL_REPRESENTATION('',(#835),#838);
#835 = B_SPLINE_CURVE_WITH_KNOTS('',1,(#836,#837),.UNSPECIFIED.,.F.,.F.,
  (2,2),(-8.485281374239,65.053823869162),.PIECEWISE_BEZIER_KNOTS.);
#836 = CARTESIAN_POINT('',(34.,-86.));
#837 = CARTESIAN_POINT('',(86.,-34.));
#838 = ( GEOMETRIC_REPRESENTATION_CONTEXT(2) 
PARAMETRIC_REPRESENTATION_CONTEXT() REPRESENTATION_CONTEXT('2D SPACE',''
  ) );
#839 = ORIENTED_EDGE('',*,*,#840,.F.);
#840 = EDGE_CURVE('',#690,#815,#841,.T.);
#841 = SURFACE_CURVE('',#842,(#846,#852),.PCURVE_S1.);
#842 = LINE('',#843,#844);
#843 = CARTESIAN_POINT('',(325.10050506338,-249.8994949366,61.));
#844 = VECTOR('',#845,1.);
#845 = DIRECTION('',(0.,0.,1.));
#846 = PCURVE('',#94,#847);
#847 = DEFINITIONAL_REPRESENTATION('',(#848),#851);
#848 = B_SPLINE_CURVE_WITH_KNOTS('',1,(#849,#850),.UNSPECIFIED.,.F.,.F.,
  (2,2),(-5.999999999062E-07,9.0000006),.PIECEWISE_BEZIER_KNOTS.);
#849 = CARTESIAN_POINT('',(42.568542494924,1.0000006));
#850 = CARTESIAN_POINT('',(42.568542494924,-8.0000006));
#851 = ( GEOMETRIC_REPRESENTATION_CONTEXT(2) 
PARAMETRIC_REPRESENTATION_CONTEXT() REPRESENTATION_CONTEXT('2D SPACE',''
  ) );
#852 = PCURVE('',#853,#858);
#853 = CYLINDRICAL_SURFACE('',#854,86.);
#854 = AXIS2_PLACEMENT_3D('',#855,#856,#857);
#855 = CARTESIAN_POINT('',(275.,-180.,61.));
#856 = DIRECTION('',(0.,0.,1.));
#857 = DIRECTION('',(1.,0.,-0.));
#858 = DEFINITIONAL_REPRESENTATION('',(#859),#862);
#859 = B_SPLINE_CURVE_WITH_KNOTS('',1,(#860,#861),.UNSPECIFIED.,.F.,.F.,
  (2,2),(-5.999999999062E-07,9.0000006),.PIECEWISE_BEZIER_KNOTS.);
#860 = CARTESIAN_POINT('',(5.334268719597,-5.999999999062E-07));
#861 = CARTESIAN_POINT('',(5.334268719597,9.0000006));
#862 = ( GEOMETRIC_REPRESENTATION_CONTEXT(2) 
PARAMETRIC_REPRESENTATION_CONTEXT() REPRESENTATION_CONTEXT('2D SPACE',''
  ) );
#863 = ADVANCED_FACE('',(#864),#180,.F.);
#864 = FACE_BOUND('',#865,.F.);
#865 = EDGE_LOOP('',(#866,#887,#909,#910));
#866 = ORIENTED_EDGE('',*,*,#867,.T.);
#867 = EDGE_CURVE('',#164,#868,#870,.T.);
#868 = VERTEX_POINT('',#869);
#869 = CARTESIAN_POINT('',(350.31923216305,-221.5091949616,70.));
#870 = SURFACE_CURVE('',#871,(#875,#881),.PCURVE_S1.);
#871 = LINE('',#872,#873);
#872 = CARTESIAN_POINT('',(350.31923216305,-221.5091949616,61.));
#873 = VECTOR('',#874,1.);
#874 = DIRECTION('',(0.,0.,1.));
#875 = PCURVE('',#180,#876);
#876 = DEFINITIONAL_REPRESENTATION('',(#877),#880);
#877 = B_SPLINE_CURVE_WITH_KNOTS('',1,(#878,#879),.UNSPECIFIED.,.F.,.F.,
  (2,2),(-5.999999999062E-07,9.0000006),.PIECEWISE_BEZIER_KNOTS.);
#878 = CARTESIAN_POINT('',(5.7794901568,-5.999999999062E-07));
#879 = CARTESIAN_POINT('',(5.7794901568,9.0000006));
#880 = ( GEOMETRIC_REPRESENTATION_CONTEXT(2) 
PARAMETRIC_REPRESENTATION_CONTEXT() REPRESENTATION_CONTEXT('2D SPACE',''
  ) );
#881 = PCURVE('',#331,#882);
#882 = DEFINITIONAL_REPRESENTATION('',(#883),#886);
#883 = B_SPLINE_CURVE_WITH_KNOTS('',1,(#884,#885),.UNSPECIFIED.,.F.,.F.,
  (2,2),(-5.999999999062E-07,9.0000006),.PIECEWISE_BEZIER_KNOTS.);
#884 = CARTESIAN_POINT('',(79.890062634553,5.999999999062E-07));
#885 = CARTESIAN_POINT('',(79.890062634553,-9.0000006));
#886 = ( GEOMETRIC_REPRESENTATION_CONTEXT(2) 
PARAMETRIC_REPRESENTATION_CONTEXT() REPRESENTATION_CONTEXT('2D SPACE',''
  ) );
#887 = ORIENTED_EDGE('',*,*,#888,.F.);
#888 = EDGE_CURVE('',#794,#868,#889,.T.);
#889 = SURFACE_CURVE('',#890,(#895,#902),.PCURVE_S1.);
#890 = CIRCLE('',#891,86.);
#891 = AXIS2_PLACEMENT_3D('',#892,#893,#894);
#892 = CARTESIAN_POINT('',(275.,-180.,70.));
#893 = DIRECTION('',(0.,0.,1.));
#894 = DIRECTION('',(1.,0.,-0.));
#895 = PCURVE('',#180,#896);
#896 = DEFINITIONAL_REPRESENTATION('',(#897),#901);
#897 = LINE('',#898,#899);
#898 = CARTESIAN_POINT('',(0.,9.));
#899 = VECTOR('',#900,1.);
#900 = DIRECTION('',(1.,0.));
#901 = ( GEOMETRIC_REPRESENTATION_CONTEXT(2) 
PARAMETRIC_REPRESENTATION_CONTEXT() REPRESENTATION_CONTEXT('2D SPACE',''
  ) );
#902 = PCURVE('',#829,#903);
#903 = DEFINITIONAL_REPRESENTATION('',(#904),#908);
#904 = CIRCLE('',#905,86.);
#905 = AXIS2_PLACEMENT_2D('',#906,#907);
#906 = CARTESIAN_POINT('',(0.,0.));
#907 = DIRECTION('',(1.,0.));
#908 = ( GEOMETRIC_REPRESENTATION_CONTEXT(2) 
PARAMETRIC_REPRESENTATION_CONTEXT() REPRESENTATION_CONTEXT('2D SPACE',''
  ) );
#909 = ORIENTED_EDGE('',*,*,#793,.F.);
#910 = ORIENTED_EDGE('',*,*,#161,.T.);
#911 = ADVANCED_FACE('',(#912),#331,.T.);
#912 = FACE_BOUND('',#913,.T.);
#913 = EDGE_LOOP('',(#914,#935,#936,#937,#958,#979,#1000,#1028,#1049,
    #1068));
#914 = ORIENTED_EDGE('',*,*,#915,.F.);
#915 = EDGE_CURVE('',#293,#645,#916,.T.);
#916 = SURFACE_CURVE('',#917,(#921,#928),.PCURVE_S1.);
#917 = LINE('',#918,#919);
#918 = CARTESIAN_POINT('',(388.,-183.8284271247,61.));
#919 = VECTOR('',#920,1.);
#920 = DIRECTION('',(0.,0.,1.));
#921 = PCURVE('',#331,#922);
#922 = DEFINITIONAL_REPRESENTATION('',(#923),#927);
#923 = LINE('',#924,#925);
#924 = CARTESIAN_POINT('',(133.17871555019,0.));
#925 = VECTOR('',#926,1.);
#926 = DIRECTION('',(0.,-1.));
#927 = ( GEOMETRIC_REPRESENTATION_CONTEXT(2) 
PARAMETRIC_REPRESENTATION_CONTEXT() REPRESENTATION_CONTEXT('2D SPACE',''
  ) );
#928 = PCURVE('',#307,#929);
#929 = DEFINITIONAL_REPRESENTATION('',(#930),#934);
#930 = LINE('',#931,#932);
#931 = CARTESIAN_POINT('',(0.,0.));
#932 = VECTOR('',#933,1.);
#933 = DIRECTION('',(0.,-1.));
#934 = ( GEOMETRIC_REPRESENTATION_CONTEXT(2) 
PARAMETRIC_REPRESENTATION_CONTEXT() REPRESENTATION_CONTEXT('2D SPACE',''
  ) );
#935 = ORIENTED_EDGE('',*,*,#318,.T.);
#936 = ORIENTED_EDGE('',*,*,#867,.T.);
#937 = ORIENTED_EDGE('',*,*,#938,.F.);
#938 = EDGE_CURVE('',#939,#868,#941,.T.);
#939 = VERTEX_POINT('',#940);
#940 = CARTESIAN_POINT('',(316.50919496168,-255.319232163,70.));
#941 = SURFACE_CURVE('',#942,(#946,#952),.PCURVE_S1.);
#942 = LINE('',#943,#944);
#943 = CARTESIAN_POINT('',(313.62132034356,-258.2071067811,70.));
#944 = VECTOR('',#945,1.);
#945 = DIRECTION('',(0.707106781187,0.707106781187,-0.));
#946 = PCURVE('',#331,#947);
#947 = DEFINITIONAL_REPRESENTATION('',(#948),#951);
#948 = B_SPLINE_CURVE_WITH_KNOTS('',1,(#949,#950),.UNSPECIFIED.,.F.,.F.,
  (2,2),(-11.02081528017,67.003571337468),.PIECEWISE_BEZIER_KNOTS.);
#949 = CARTESIAN_POINT('',(16.970562748477,-9.));
#950 = CARTESIAN_POINT('',(94.994949366117,-9.));
#951 = ( GEOMETRIC_REPRESENTATION_CONTEXT(2) 
PARAMETRIC_REPRESENTATION_CONTEXT() REPRESENTATION_CONTEXT('2D SPACE',''
  ) );
#952 = PCURVE('',#829,#953);
#953 = DEFINITIONAL_REPRESENTATION('',(#954),#957);
#954 = B_SPLINE_CURVE_WITH_KNOTS('',1,(#955,#956),.UNSPECIFIED.,.F.,.F.,
  (2,2),(-11.02081528017,67.003571337468),.PIECEWISE_BEZIER_KNOTS.);
#955 = CARTESIAN_POINT('',(30.828427124746,-86.));
#956 = CARTESIAN_POINT('',(86.,-30.82842712474));
#957 = ( GEOMETRIC_REPRESENTATION_CONTEXT(2) 
PARAMETRIC_REPRESENTATION_CONTEXT() REPRESENTATION_CONTEXT('2D SPACE',''
  ) );
#958 = ORIENTED_EDGE('',*,*,#959,.F.);
#959 = EDGE_CURVE('',#960,#939,#962,.T.);
#960 = VERTEX_POINT('',#961);
#961 = CARTESIAN_POINT('',(316.50919496168,-255.319232163,62.));
#962 = SURFACE_CURVE('',#963,(#967,#973),.PCURVE_S1.);
#963 = LINE('',#964,#965);
#964 = CARTESIAN_POINT('',(316.50919496168,-255.319232163,61.));
#965 = VECTOR('',#966,1.);
#966 = DIRECTION('',(0.,0.,1.));
#967 = PCURVE('',#331,#968);
#968 = DEFINITIONAL_REPRESENTATION('',(#969),#972);
#969 = B_SPLINE_CURVE_WITH_KNOTS('',1,(#970,#971),.UNSPECIFIED.,.F.,.F.,
  (2,2),(-5.999999999062E-07,9.0000006),.PIECEWISE_BEZIER_KNOTS.);
#970 = CARTESIAN_POINT('',(32.07544948004,5.999999999062E-07));
#971 = CARTESIAN_POINT('',(32.07544948004,-9.0000006));
#972 = ( GEOMETRIC_REPRESENTATION_CONTEXT(2) 
PARAMETRIC_REPRESENTATION_CONTEXT() REPRESENTATION_CONTEXT('2D SPACE',''
  ) );
#973 = PCURVE('',#853,#974);
#974 = DEFINITIONAL_REPRESENTATION('',(#975),#978);
#975 = B_SPLINE_CURVE_WITH_KNOTS('',1,(#976,#977),.UNSPECIFIED.,.F.,.F.,
  (2,2),(-5.999999999062E-07,9.0000006),.PIECEWISE_BEZIER_KNOTS.);
#976 = CARTESIAN_POINT('',(5.216084130764,-5.999999999062E-07));
#977 = CARTESIAN_POINT('',(5.216084130764,9.0000006));
#978 = ( GEOMETRIC_REPRESENTATION_CONTEXT(2) 
PARAMETRIC_REPRESENTATION_CONTEXT() REPRESENTATION_CONTEXT('2D SPACE',''
  ) );
#979 = ORIENTED_EDGE('',*,*,#980,.T.);
#980 = EDGE_CURVE('',#960,#981,#983,.T.);
#981 = VERTEX_POINT('',#982);
#982 = CARTESIAN_POINT('',(293.82842712474,-278.,62.));
#983 = SURFACE_CURVE('',#984,(#988,#994),.PCURVE_S1.);
#984 = LINE('',#985,#986);
#985 = CARTESIAN_POINT('',(289.87132034356,-281.9571067811,62.));
#986 = VECTOR('',#987,1.);
#987 = DIRECTION('',(-0.707106781187,-0.707106781187,0.));
#988 = PCURVE('',#331,#989);
#989 = DEFINITIONAL_REPRESENTATION('',(#990),#993);
#990 = B_SPLINE_CURVE_WITH_KNOTS('',1,(#991,#992),.UNSPECIFIED.,.F.,.F.,
  (2,2),(-138.7749096279,-5.596194077713),.PIECEWISE_BEZIER_KNOTS.);
#991 = CARTESIAN_POINT('',(133.17871555019,-1.));
#992 = CARTESIAN_POINT('',(0.,-1.));
#993 = ( GEOMETRIC_REPRESENTATION_CONTEXT(2) 
PARAMETRIC_REPRESENTATION_CONTEXT() REPRESENTATION_CONTEXT('2D SPACE',''
  ) );
#994 = PCURVE('',#705,#995);
#995 = DEFINITIONAL_REPRESENTATION('',(#996),#999);
#996 = B_SPLINE_CURVE_WITH_KNOTS('',1,(#997,#998),.UNSPECIFIED.,.F.,.F.,
  (2,2),(-138.7749096279,-5.596194077713),.PIECEWISE_BEZIER_KNOTS.);
#997 = CARTESIAN_POINT('',(388.,-183.8284271247));
#998 = CARTESIAN_POINT('',(293.82842712474,-278.));
#999 = ( GEOMETRIC_REPRESENTATION_CONTEXT(2) 
PARAMETRIC_REPRESENTATION_CONTEXT() REPRESENTATION_CONTEXT('2D SPACE',''
  ) );
#1000 = ORIENTED_EDGE('',*,*,#1001,.T.);
#1001 = EDGE_CURVE('',#981,#1002,#1004,.T.);
#1002 = VERTEX_POINT('',#1003);
#1003 = CARTESIAN_POINT('',(293.82842712474,-278.,122.));
#1004 = SURFACE_CURVE('',#1005,(#1009,#1016),.PCURVE_S1.);
#1005 = LINE('',#1006,#1007);
#1006 = CARTESIAN_POINT('',(293.82842712474,-278.,61.));
#1007 = VECTOR('',#1008,1.);
#1008 = DIRECTION('',(0.,0.,1.));
#1009 = PCURVE('',#331,#1010);
#1010 = DEFINITIONAL_REPRESENTATION('',(#1011),#1015);
#1011 = LINE('',#1012,#1013);
#1012 = CARTESIAN_POINT('',(0.,0.));
#1013 = VECTOR('',#1014,1.);
#1014 = DIRECTION('',(0.,-1.));
#1015 = ( GEOMETRIC_REPRESENTATION_CONTEXT(2) 
PARAMETRIC_REPRESENTATION_CONTEXT() REPRESENTATION_CONTEXT('2D SPACE',''
  ) );
#1016 = PCURVE('',#1017,#1022);
#1017 = PLANE('',#1018);
#1018 = AXIS2_PLACEMENT_3D('',#1019,#1020,#1021);
#1019 = CARTESIAN_POINT('',(-293.8284271247,-278.,61.));
#1020 = DIRECTION('',(0.,1.,0.));
#1021 = DIRECTION('',(1.,0.,0.));
#1022 = DEFINITIONAL_REPRESENTATION('',(#1023),#1027);
#1023 = LINE('',#1024,#1025);
#1024 = CARTESIAN_POINT('',(587.65685424949,0.));
#1025 = VECTOR('',#1026,1.);
#1026 = DIRECTION('',(0.,-1.));
#1027 = ( GEOMETRIC_REPRESENTATION_CONTEXT(2) 
PARAMETRIC_REPRESENTATION_CONTEXT() REPRESENTATION_CONTEXT('2D SPACE',''
  ) );
#1028 = ORIENTED_EDGE('',*,*,#1029,.T.);
#1029 = EDGE_CURVE('',#1002,#1030,#1032,.T.);
#1030 = VERTEX_POINT('',#1031);
#1031 = CARTESIAN_POINT('',(369.77842750677,-202.0499996179,122.));
#1032 = SURFACE_CURVE('',#1033,(#1037,#1043),.PCURVE_S1.);
#1033 = LINE('',#1034,#1035);
#1034 = CARTESIAN_POINT('',(310.37132034356,-261.4571067811,122.));
#1035 = VECTOR('',#1036,1.);
#1036 = DIRECTION('',(0.707106781187,0.707106781187,-0.));
#1037 = PCURVE('',#331,#1038);
#1038 = DEFINITIONAL_REPRESENTATION('',(#1039),#1042);
#1039 = B_SPLINE_CURVE_WITH_KNOTS('',1,(#1040,#1041),.UNSPECIFIED.,.F.,
  .F.,(2,2),(-23.39518395093,84.327687476539),.PIECEWISE_BEZIER_KNOTS.);
#1040 = CARTESIAN_POINT('',(0.,-61.));
#1041 = CARTESIAN_POINT('',(107.72287142747,-61.));
#1042 = ( GEOMETRIC_REPRESENTATION_CONTEXT(2) 
PARAMETRIC_REPRESENTATION_CONTEXT() REPRESENTATION_CONTEXT('2D SPACE',''
  ) );
#1043 = PCURVE('',#760,#1044);
#1044 = DEFINITIONAL_REPRESENTATION('',(#1045),#1048);
#1045 = B_SPLINE_CURVE_WITH_KNOTS('',1,(#1046,#1047),.UNSPECIFIED.,.F.,
  .F.,(2,2),(-23.39518395093,84.327687476539),.PIECEWISE_BEZIER_KNOTS.);
#1046 = CARTESIAN_POINT('',(3.828427124746,-70.));
#1047 = CARTESIAN_POINT('',(80.,6.171572875254));
#1048 = ( GEOMETRIC_REPRESENTATION_CONTEXT(2) 
PARAMETRIC_REPRESENTATION_CONTEXT() REPRESENTATION_CONTEXT('2D SPACE',''
  ) );
#1049 = ORIENTED_EDGE('',*,*,#1050,.T.);
#1050 = EDGE_CURVE('',#1030,#501,#1051,.T.);
#1051 = SURFACE_CURVE('',#1052,(#1056,#1062),.PCURVE_S1.);
#1052 = LINE('',#1053,#1054);
#1053 = CARTESIAN_POINT('',(369.77842750677,-202.0499996179,122.));
#1054 = VECTOR('',#1055,1.);
#1055 = DIRECTION('',(0.,0.,1.));
#1056 = PCURVE('',#331,#1057);
#1057 = DEFINITIONAL_REPRESENTATION('',(#1058),#1061);
#1058 = B_SPLINE_CURVE_WITH_KNOTS('',1,(#1059,#1060),.UNSPECIFIED.,.F.,
  .F.,(2,2),(-6.000000070117E-07,52.75),.PIECEWISE_BEZIER_KNOTS.);
#1059 = CARTESIAN_POINT('',(107.4095206025,-60.9999994));
#1060 = CARTESIAN_POINT('',(107.4095206025,-113.75));
#1061 = ( GEOMETRIC_REPRESENTATION_CONTEXT(2) 
PARAMETRIC_REPRESENTATION_CONTEXT() REPRESENTATION_CONTEXT('2D SPACE',''
  ) );
#1062 = PCURVE('',#517,#1063);
#1063 = DEFINITIONAL_REPRESENTATION('',(#1064),#1067);
#1064 = B_SPLINE_CURVE_WITH_KNOTS('',1,(#1065,#1066),.UNSPECIFIED.,.F.,
  .F.,(2,2),(-6.000000070117E-07,52.75),.PIECEWISE_BEZIER_KNOTS.);
#1065 = CARTESIAN_POINT('',(7.444374533332E-02,-6.000000070117E-07));
#1066 = CARTESIAN_POINT('',(7.444374533332E-02,52.75));
#1067 = ( GEOMETRIC_REPRESENTATION_CONTEXT(2) 
PARAMETRIC_REPRESENTATION_CONTEXT() REPRESENTATION_CONTEXT('2D SPACE',''
  ) );
#1068 = ORIENTED_EDGE('',*,*,#665,.T.);
#1069 = ADVANCED_FACE('',(#1070),#307,.T.);
#1070 = FACE_BOUND('',#1071,.T.);
#1071 = EDGE_LOOP('',(#1072,#1093,#1094,#1095));
#1072 = ORIENTED_EDGE('',*,*,#1073,.F.);
#1073 = EDGE_CURVE('',#267,#624,#1074,.T.);
#1074 = SURFACE_CURVE('',#1075,(#1079,#1086),.PCURVE_S1.);
#1075 = LINE('',#1076,#1077);
#1076 = CARTESIAN_POINT('',(388.,183.82842712474,61.));
#1077 = VECTOR('',#1078,1.);
#1078 = DIRECTION('',(0.,0.,1.));
#1079 = PCURVE('',#307,#1080);
#1080 = DEFINITIONAL_REPRESENTATION('',(#1081),#1085);
#1081 = LINE('',#1082,#1083);
#1082 = CARTESIAN_POINT('',(367.65685424949,0.));
#1083 = VECTOR('',#1084,1.);
#1084 = DIRECTION('',(0.,-1.));
#1085 = ( GEOMETRIC_REPRESENTATION_CONTEXT(2) 
PARAMETRIC_REPRESENTATION_CONTEXT() REPRESENTATION_CONTEXT('2D SPACE',''
  ) );
#1086 = PCURVE('',#281,#1087);
#1087 = DEFINITIONAL_REPRESENTATION('',(#1088),#1092);
#1088 = LINE('',#1089,#1090);
#1089 = CARTESIAN_POINT('',(0.,0.));
#1090 = VECTOR('',#1091,1.);
#1091 = DIRECTION('',(0.,-1.));
#1092 = ( GEOMETRIC_REPRESENTATION_CONTEXT(2) 
PARAMETRIC_REPRESENTATION_CONTEXT() REPRESENTATION_CONTEXT('2D SPACE',''
  ) );
#1093 = ORIENTED_EDGE('',*,*,#292,.T.);
#1094 = ORIENTED_EDGE('',*,*,#915,.T.);
#1095 = ORIENTED_EDGE('',*,*,#644,.T.);
#1096 = ADVANCED_FACE('',(#1097),#281,.T.);
#1097 = FACE_BOUND('',#1098,.T.);
#1098 = EDGE_LOOP('',(#1099,#1122,#1143,#1164,#1185,#1204,#1205,#1206));
#1099 = ORIENTED_EDGE('',*,*,#1100,.F.);
#1100 = EDGE_CURVE('',#1101,#598,#1103,.T.);
#1101 = VERTEX_POINT('',#1102);
#1102 = CARTESIAN_POINT('',(293.82842712474,278.,62.));
#1103 = SURFACE_CURVE('',#1104,(#1108,#1115),.PCURVE_S1.);
#1104 = LINE('',#1105,#1106);
#1105 = CARTESIAN_POINT('',(293.82842712474,278.,61.));
#1106 = VECTOR('',#1107,1.);
#1107 = DIRECTION('',(0.,0.,1.));
#1108 = PCURVE('',#281,#1109);
#1109 = DEFINITIONAL_REPRESENTATION('',(#1110),#1114);
#1110 = LINE('',#1111,#1112);
#1111 = CARTESIAN_POINT('',(133.17871555019,0.));
#1112 = VECTOR('',#1113,1.);
#1113 = DIRECTION('',(0.,-1.));
#1114 = ( GEOMETRIC_REPRESENTATION_CONTEXT(2) 
PARAMETRIC_REPRESENTATION_CONTEXT() REPRESENTATION_CONTEXT('2D SPACE',''
  ) );
#1115 = PCURVE('',#612,#1116);
#1116 = DEFINITIONAL_REPRESENTATION('',(#1117),#1121);
#1117 = LINE('',#1118,#1119);
#1118 = CARTESIAN_POINT('',(0.,-0.));
#1119 = VECTOR('',#1120,1.);
#1120 = DIRECTION('',(0.,-1.));
#1121 = ( GEOMETRIC_REPRESENTATION_CONTEXT(2) 
PARAMETRIC_REPRESENTATION_CONTEXT() REPRESENTATION_CONTEXT('2D SPACE',''
  ) );
#1122 = ORIENTED_EDGE('',*,*,#1123,.T.);
#1123 = EDGE_CURVE('',#1101,#1124,#1126,.T.);
#1124 = VERTEX_POINT('',#1125);
#1125 = CARTESIAN_POINT('',(316.50919496168,255.31923216305,62.));
#1126 = SURFACE_CURVE('',#1127,(#1131,#1137),.PCURVE_S1.);
#1127 = LINE('',#1128,#1129);
#1128 = CARTESIAN_POINT('',(336.95710678118,234.87132034356,62.));
#1129 = VECTOR('',#1130,1.);
#1130 = DIRECTION('',(0.707106781187,-0.707106781187,0.));
#1131 = PCURVE('',#281,#1132);
#1132 = DEFINITIONAL_REPRESENTATION('',(#1133),#1136);
#1133 = B_SPLINE_CURVE_WITH_KNOTS('',1,(#1134,#1135),.UNSPECIFIED.,.F.,
  .F.,(2,2),(-60.99316369738,72.185551852808),.PIECEWISE_BEZIER_KNOTS.);
#1134 = CARTESIAN_POINT('',(133.17871555019,-1.));
#1135 = CARTESIAN_POINT('',(0.,-1.));
#1136 = ( GEOMETRIC_REPRESENTATION_CONTEXT(2) 
PARAMETRIC_REPRESENTATION_CONTEXT() REPRESENTATION_CONTEXT('2D SPACE',''
  ) );
#1137 = PCURVE('',#412,#1138);
#1138 = DEFINITIONAL_REPRESENTATION('',(#1139),#1142);
#1139 = B_SPLINE_CURVE_WITH_KNOTS('',1,(#1140,#1141),.UNSPECIFIED.,.F.,
  .F.,(2,2),(-60.99316369738,72.185551852808),.PIECEWISE_BEZIER_KNOTS.);
#1140 = CARTESIAN_POINT('',(293.82842712474,278.));
#1141 = CARTESIAN_POINT('',(388.,183.82842712474));
#1142 = ( GEOMETRIC_REPRESENTATION_CONTEXT(2) 
PARAMETRIC_REPRESENTATION_CONTEXT() REPRESENTATION_CONTEXT('2D SPACE',''
  ) );
#1143 = ORIENTED_EDGE('',*,*,#1144,.T.);
#1144 = EDGE_CURVE('',#1124,#1145,#1147,.T.);
#1145 = VERTEX_POINT('',#1146);
#1146 = CARTESIAN_POINT('',(316.50919496168,255.31923216305,70.));
#1147 = SURFACE_CURVE('',#1148,(#1152,#1158),.PCURVE_S1.);
#1148 = LINE('',#1149,#1150);
#1149 = CARTESIAN_POINT('',(316.50919496168,255.31923216305,61.));
#1150 = VECTOR('',#1151,1.);
#1151 = DIRECTION('',(0.,0.,1.));
#1152 = PCURVE('',#281,#1153);
#1153 = DEFINITIONAL_REPRESENTATION('',(#1154),#1157);
#1154 = B_SPLINE_CURVE_WITH_KNOTS('',1,(#1155,#1156),.UNSPECIFIED.,.F.,
  .F.,(2,2),(-5.999999999062E-07,9.0000006),.PIECEWISE_BEZIER_KNOTS.);
#1155 = CARTESIAN_POINT('',(101.10326607015,5.999999999062E-07));
#1156 = CARTESIAN_POINT('',(101.10326607015,-9.0000006));
#1157 = ( GEOMETRIC_REPRESENTATION_CONTEXT(2) 
PARAMETRIC_REPRESENTATION_CONTEXT() REPRESENTATION_CONTEXT('2D SPACE',''
  ) );
#1158 = PCURVE('',#439,#1159);
#1159 = DEFINITIONAL_REPRESENTATION('',(#1160),#1163);
#1160 = B_SPLINE_CURVE_WITH_KNOTS('',1,(#1161,#1162),.UNSPECIFIED.,.F.,
  .F.,(2,2),(-5.999999999062E-07,9.0000006),.PIECEWISE_BEZIER_KNOTS.);
#1161 = CARTESIAN_POINT('',(1.067101176415,-5.999999999062E-07));
#1162 = CARTESIAN_POINT('',(1.067101176415,9.0000006));
#1163 = ( GEOMETRIC_REPRESENTATION_CONTEXT(2) 
PARAMETRIC_REPRESENTATION_CONTEXT() REPRESENTATION_CONTEXT('2D SPACE',''
  ) );
#1164 = ORIENTED_EDGE('',*,*,#1165,.F.);
#1165 = EDGE_CURVE('',#1166,#1145,#1168,.T.);
#1166 = VERTEX_POINT('',#1167);
#1167 = CARTESIAN_POINT('',(350.31923216305,221.50919496168,70.));
#1168 = SURFACE_CURVE('',#1169,(#1173,#1179),.PCURVE_S1.);
#1169 = LINE('',#1170,#1171);
#1170 = CARTESIAN_POINT('',(360.70710678118,211.12132034356,70.));
#1171 = VECTOR('',#1172,1.);
#1172 = DIRECTION('',(-0.707106781187,0.707106781187,0.));
#1173 = PCURVE('',#281,#1174);
#1174 = DEFINITIONAL_REPRESENTATION('',(#1175),#1178);
#1175 = B_SPLINE_CURVE_WITH_KNOTS('',1,(#1176,#1177),.UNSPECIFIED.,.F.,
  .F.,(2,2),(-0.414213562373,77.610173055266),.PIECEWISE_BEZIER_KNOTS.);
#1176 = CARTESIAN_POINT('',(38.183766184074,-9.));
#1177 = CARTESIAN_POINT('',(116.20815280171,-9.));
#1178 = ( GEOMETRIC_REPRESENTATION_CONTEXT(2) 
PARAMETRIC_REPRESENTATION_CONTEXT() REPRESENTATION_CONTEXT('2D SPACE',''
  ) );
#1179 = PCURVE('',#465,#1180);
#1180 = DEFINITIONAL_REPRESENTATION('',(#1181),#1184);
#1181 = B_SPLINE_CURVE_WITH_KNOTS('',1,(#1182,#1183),.UNSPECIFIED.,.F.,
  .F.,(2,2),(-0.414213562373,77.610173055266),.PIECEWISE_BEZIER_KNOTS.);
#1182 = CARTESIAN_POINT('',(86.,30.828427124746));
#1183 = CARTESIAN_POINT('',(30.828427124746,86.));
#1184 = ( GEOMETRIC_REPRESENTATION_CONTEXT(2) 
PARAMETRIC_REPRESENTATION_CONTEXT() REPRESENTATION_CONTEXT('2D SPACE',''
  ) );
#1185 = ORIENTED_EDGE('',*,*,#1186,.F.);
#1186 = EDGE_CURVE('',#238,#1166,#1187,.T.);
#1187 = SURFACE_CURVE('',#1188,(#1192,#1198),.PCURVE_S1.);
#1188 = LINE('',#1189,#1190);
#1189 = CARTESIAN_POINT('',(350.31923216305,221.50919496168,61.));
#1190 = VECTOR('',#1191,1.);
#1191 = DIRECTION('',(0.,0.,1.));
#1192 = PCURVE('',#281,#1193);
#1193 = DEFINITIONAL_REPRESENTATION('',(#1194),#1197);
#1194 = B_SPLINE_CURVE_WITH_KNOTS('',1,(#1195,#1196),.UNSPECIFIED.,.F.,
  .F.,(2,2),(-5.999999999062E-07,9.0000006),.PIECEWISE_BEZIER_KNOTS.);
#1195 = CARTESIAN_POINT('',(53.288652915637,5.999999999062E-07));
#1196 = CARTESIAN_POINT('',(53.288652915637,-9.0000006));
#1197 = ( GEOMETRIC_REPRESENTATION_CONTEXT(2) 
PARAMETRIC_REPRESENTATION_CONTEXT() REPRESENTATION_CONTEXT('2D SPACE',''
  ) );
#1198 = PCURVE('',#254,#1199);
#1199 = DEFINITIONAL_REPRESENTATION('',(#1200),#1203);
#1200 = B_SPLINE_CURVE_WITH_KNOTS('',1,(#1201,#1202),.UNSPECIFIED.,.F.,
  .F.,(2,2),(-5.999999999062E-07,9.0000006),.PIECEWISE_BEZIER_KNOTS.);
#1201 = CARTESIAN_POINT('',(0.503695150379,-5.999999999062E-07));
#1202 = CARTESIAN_POINT('',(0.503695150379,9.0000006));
#1203 = ( GEOMETRIC_REPRESENTATION_CONTEXT(2) 
PARAMETRIC_REPRESENTATION_CONTEXT() REPRESENTATION_CONTEXT('2D SPACE',''
  ) );
#1204 = ORIENTED_EDGE('',*,*,#266,.T.);
#1205 = ORIENTED_EDGE('',*,*,#1073,.T.);
#1206 = ORIENTED_EDGE('',*,*,#623,.T.);
#1207 = ADVANCED_FACE('',(#1208),#254,.F.);
#1208 = FACE_BOUND('',#1209,.F.);
#1209 = EDGE_LOOP('',(#1210,#1232,#1233,#1234));
#1210 = ORIENTED_EDGE('',*,*,#1211,.F.);
#1211 = EDGE_CURVE('',#1166,#451,#1212,.T.);
#1212 = SURFACE_CURVE('',#1213,(#1218,#1225),.PCURVE_S1.);
#1213 = CIRCLE('',#1214,86.);
#1214 = AXIS2_PLACEMENT_3D('',#1215,#1216,#1217);
#1215 = CARTESIAN_POINT('',(275.,180.,70.));
#1216 = DIRECTION('',(0.,0.,1.));
#1217 = DIRECTION('',(1.,0.,-0.));
#1218 = PCURVE('',#254,#1219);
#1219 = DEFINITIONAL_REPRESENTATION('',(#1220),#1224);
#1220 = LINE('',#1221,#1222);
#1221 = CARTESIAN_POINT('',(0.,9.));
#1222 = VECTOR('',#1223,1.);
#1223 = DIRECTION('',(1.,0.));
#1224 = ( GEOMETRIC_REPRESENTATION_CONTEXT(2) 
PARAMETRIC_REPRESENTATION_CONTEXT() REPRESENTATION_CONTEXT('2D SPACE',''
  ) );
#1225 = PCURVE('',#465,#1226);
#1226 = DEFINITIONAL_REPRESENTATION('',(#1227),#1231);
#1227 = CIRCLE('',#1228,86.);
#1228 = AXIS2_PLACEMENT_2D('',#1229,#1230);
#1229 = CARTESIAN_POINT('',(0.,0.));
#1230 = DIRECTION('',(1.,0.));
#1231 = ( GEOMETRIC_REPRESENTATION_CONTEXT(2) 
PARAMETRIC_REPRESENTATION_CONTEXT() REPRESENTATION_CONTEXT('2D SPACE',''
  ) );
#1232 = ORIENTED_EDGE('',*,*,#1186,.F.);
#1233 = ORIENTED_EDGE('',*,*,#237,.T.);
#1234 = ORIENTED_EDGE('',*,*,#476,.T.);
#1235 = ADVANCED_FACE('',(#1236),#465,.F.);
#1236 = FACE_BOUND('',#1237,.F.);
#1237 = EDGE_LOOP('',(#1238,#1239,#1240,#1241));
#1238 = ORIENTED_EDGE('',*,*,#1165,.F.);
#1239 = ORIENTED_EDGE('',*,*,#1211,.T.);
#1240 = ORIENTED_EDGE('',*,*,#450,.T.);
#1241 = ORIENTED_EDGE('',*,*,#1242,.T.);
#1242 = EDGE_CURVE('',#425,#1145,#1243,.T.);
#1243 = SURFACE_CURVE('',#1244,(#1249,#1256),.PCURVE_S1.);
#1244 = CIRCLE('',#1245,86.);
#1245 = AXIS2_PLACEMENT_3D('',#1246,#1247,#1248);
#1246 = CARTESIAN_POINT('',(275.,180.,70.));
#1247 = DIRECTION('',(0.,0.,1.));
#1248 = DIRECTION('',(1.,0.,-0.));
#1249 = PCURVE('',#465,#1250);
#1250 = DEFINITIONAL_REPRESENTATION('',(#1251),#1255);
#1251 = CIRCLE('',#1252,86.);
#1252 = AXIS2_PLACEMENT_2D('',#1253,#1254);
#1253 = CARTESIAN_POINT('',(0.,0.));
#1254 = DIRECTION('',(1.,0.));
#1255 = ( GEOMETRIC_REPRESENTATION_CONTEXT(2) 
PARAMETRIC_REPRESENTATION_CONTEXT() REPRESENTATION_CONTEXT('2D SPACE',''
  ) );
#1256 = PCURVE('',#439,#1257);
#1257 = DEFINITIONAL_REPRESENTATION('',(#1258),#1262);
#1258 = LINE('',#1259,#1260);
#1259 = CARTESIAN_POINT('',(0.,9.));
#1260 = VECTOR('',#1261,1.);
#1261 = DIRECTION('',(1.,0.));
#1262 = ( GEOMETRIC_REPRESENTATION_CONTEXT(2) 
PARAMETRIC_REPRESENTATION_CONTEXT() REPRESENTATION_CONTEXT('2D SPACE',''
  ) );
#1263 = ADVANCED_FACE('',(#1264),#439,.F.);
#1264 = FACE_BOUND('',#1265,.F.);
#1265 = EDGE_LOOP('',(#1266,#1267,#1268,#1269));
#1266 = ORIENTED_EDGE('',*,*,#1144,.T.);
#1267 = ORIENTED_EDGE('',*,*,#1242,.F.);
#1268 = ORIENTED_EDGE('',*,*,#424,.F.);
#1269 = ORIENTED_EDGE('',*,*,#1270,.T.);
#1270 = EDGE_CURVE('',#397,#1124,#1271,.T.);
#1271 = SURFACE_CURVE('',#1272,(#1277,#1284),.PCURVE_S1.);
#1272 = CIRCLE('',#1273,86.);
#1273 = AXIS2_PLACEMENT_3D('',#1274,#1275,#1276);
#1274 = CARTESIAN_POINT('',(275.,180.,62.));
#1275 = DIRECTION('',(0.,0.,1.));
#1276 = DIRECTION('',(1.,0.,-0.));
#1277 = PCURVE('',#439,#1278);
#1278 = DEFINITIONAL_REPRESENTATION('',(#1279),#1283);
#1279 = LINE('',#1280,#1281);
#1280 = CARTESIAN_POINT('',(0.,1.));
#1281 = VECTOR('',#1282,1.);
#1282 = DIRECTION('',(1.,0.));
#1283 = ( GEOMETRIC_REPRESENTATION_CONTEXT(2) 
PARAMETRIC_REPRESENTATION_CONTEXT() REPRESENTATION_CONTEXT('2D SPACE',''
  ) );
#1284 = PCURVE('',#412,#1285);
#1285 = DEFINITIONAL_REPRESENTATION('',(#1286),#1290);
#1286 = CIRCLE('',#1287,86.);
#1287 = AXIS2_PLACEMENT_2D('',#1288,#1289);
#1288 = CARTESIAN_POINT('',(275.,180.));
#1289 = DIRECTION('',(1.,0.));
#1290 = ( GEOMETRIC_REPRESENTATION_CONTEXT(2) 
PARAMETRIC_REPRESENTATION_CONTEXT() REPRESENTATION_CONTEXT('2D SPACE',''
  ) );
#1291 = ADVANCED_FACE('',(#1292),#412,.F.);
#1292 = FACE_BOUND('',#1293,.F.);
#1293 = EDGE_LOOP('',(#1294,#1295,#1296,#1319,#1340,#1359));
#1294 = ORIENTED_EDGE('',*,*,#1270,.F.);
#1295 = ORIENTED_EDGE('',*,*,#396,.T.);
#1296 = ORIENTED_EDGE('',*,*,#1297,.T.);
#1297 = EDGE_CURVE('',#369,#1298,#1300,.T.);
#1298 = VERTEX_POINT('',#1299);
#1299 = CARTESIAN_POINT('',(260.,280.,62.));
#1300 = SURFACE_CURVE('',#1301,(#1305,#1312),.PCURVE_S1.);
#1301 = LINE('',#1302,#1303);
#1302 = CARTESIAN_POINT('',(295.,280.,62.));
#1303 = VECTOR('',#1304,1.);
#1304 = DIRECTION('',(-1.,0.,0.));
#1305 = PCURVE('',#412,#1306);
#1306 = DEFINITIONAL_REPRESENTATION('',(#1307),#1311);
#1307 = LINE('',#1308,#1309);
#1308 = CARTESIAN_POINT('',(295.,280.));
#1309 = VECTOR('',#1310,1.);
#1310 = DIRECTION('',(-1.,0.));
#1311 = ( GEOMETRIC_REPRESENTATION_CONTEXT(2) 
PARAMETRIC_REPRESENTATION_CONTEXT() REPRESENTATION_CONTEXT('2D SPACE',''
  ) );
#1312 = PCURVE('',#384,#1313);
#1313 = DEFINITIONAL_REPRESENTATION('',(#1314),#1318);
#1314 = LINE('',#1315,#1316);
#1315 = CARTESIAN_POINT('',(0.,-0.));
#1316 = VECTOR('',#1317,1.);
#1317 = DIRECTION('',(1.,0.));
#1318 = ( GEOMETRIC_REPRESENTATION_CONTEXT(2) 
PARAMETRIC_REPRESENTATION_CONTEXT() REPRESENTATION_CONTEXT('2D SPACE',''
  ) );
#1319 = ORIENTED_EDGE('',*,*,#1320,.F.);
#1320 = EDGE_CURVE('',#1321,#1298,#1323,.T.);
#1321 = VERTEX_POINT('',#1322);
#1322 = CARTESIAN_POINT('',(260.,278.,62.));
#1323 = SURFACE_CURVE('',#1324,(#1328,#1334),.PCURVE_S1.);
#1324 = LINE('',#1325,#1326);
#1325 = CARTESIAN_POINT('',(260.,-200.,62.));
#1326 = VECTOR('',#1327,1.);
#1327 = DIRECTION('',(-0.,1.,0.));
#1328 = PCURVE('',#412,#1329);
#1329 = DEFINITIONAL_REPRESENTATION('',(#1330),#1333);
#1330 = B_SPLINE_CURVE_WITH_KNOTS('',1,(#1331,#1332),.UNSPECIFIED.,.F.,
  .F.,(2,2),(449.89949493661,480.),.PIECEWISE_BEZIER_KNOTS.);
#1331 = CARTESIAN_POINT('',(260.,249.89949493661));
#1332 = CARTESIAN_POINT('',(260.,280.));
#1333 = ( GEOMETRIC_REPRESENTATION_CONTEXT(2) 
PARAMETRIC_REPRESENTATION_CONTEXT() REPRESENTATION_CONTEXT('2D SPACE',''
  ) );
#1334 = PCURVE('',#586,#1335);
#1335 = DEFINITIONAL_REPRESENTATION('',(#1336),#1339);
#1336 = B_SPLINE_CURVE_WITH_KNOTS('',1,(#1337,#1338),.UNSPECIFIED.,.F.,
  .F.,(2,2),(449.89949493661,480.),.PIECEWISE_BEZIER_KNOTS.);
#1337 = CARTESIAN_POINT('',(62.,-649.8994949366));
#1338 = CARTESIAN_POINT('',(62.,-680.));
#1339 = ( GEOMETRIC_REPRESENTATION_CONTEXT(2) 
PARAMETRIC_REPRESENTATION_CONTEXT() REPRESENTATION_CONTEXT('2D SPACE',''
  ) );
#1340 = ORIENTED_EDGE('',*,*,#1341,.T.);
#1341 = EDGE_CURVE('',#1321,#1101,#1342,.T.);
#1342 = SURFACE_CURVE('',#1343,(#1347,#1353),.PCURVE_S1.);
#1343 = LINE('',#1344,#1345);
#1344 = CARTESIAN_POINT('',(146.91421356237,278.,62.));
#1345 = VECTOR('',#1346,1.);
#1346 = DIRECTION('',(1.,0.,-0.));
#1347 = PCURVE('',#412,#1348);
#1348 = DEFINITIONAL_REPRESENTATION('',(#1349),#1352);
#1349 = B_SPLINE_CURVE_WITH_KNOTS('',1,(#1350,#1351),.UNSPECIFIED.,.F.,
  .F.,(2,2),(-440.7426406871,146.91421356237),.PIECEWISE_BEZIER_KNOTS.);
#1350 = CARTESIAN_POINT('',(-293.8284271247,278.));
#1351 = CARTESIAN_POINT('',(293.82842712474,278.));
#1352 = ( GEOMETRIC_REPRESENTATION_CONTEXT(2) 
PARAMETRIC_REPRESENTATION_CONTEXT() REPRESENTATION_CONTEXT('2D SPACE',''
  ) );
#1353 = PCURVE('',#612,#1354);
#1354 = DEFINITIONAL_REPRESENTATION('',(#1355),#1358);
#1355 = B_SPLINE_CURVE_WITH_KNOTS('',1,(#1356,#1357),.UNSPECIFIED.,.F.,
  .F.,(2,2),(-440.7426406871,146.91421356237),.PIECEWISE_BEZIER_KNOTS.);
#1356 = CARTESIAN_POINT('',(587.65685424949,-1.));
#1357 = CARTESIAN_POINT('',(0.,-1.));
#1358 = ( GEOMETRIC_REPRESENTATION_CONTEXT(2) 
PARAMETRIC_REPRESENTATION_CONTEXT() REPRESENTATION_CONTEXT('2D SPACE',''
  ) );
#1359 = ORIENTED_EDGE('',*,*,#1123,.T.);
#1360 = ADVANCED_FACE('',(#1361),#384,.F.);
#1361 = FACE_BOUND('',#1362,.F.);
#1362 = EDGE_LOOP('',(#1363,#1364,#1365,#1366));
#1363 = ORIENTED_EDGE('',*,*,#1297,.F.);
#1364 = ORIENTED_EDGE('',*,*,#368,.T.);
#1365 = ORIENTED_EDGE('',*,*,#550,.T.);
#1366 = ORIENTED_EDGE('',*,*,#1367,.F.);
#1367 = EDGE_CURVE('',#1298,#551,#1368,.T.);
#1368 = SURFACE_CURVE('',#1369,(#1373,#1379),.PCURVE_S1.);
#1369 = LINE('',#1370,#1371);
#1370 = CARTESIAN_POINT('',(260.,280.,31.));
#1371 = VECTOR('',#1372,1.);
#1372 = DIRECTION('',(0.,0.,1.));
#1373 = PCURVE('',#384,#1374);
#1374 = DEFINITIONAL_REPRESENTATION('',(#1375),#1378);
#1375 = B_SPLINE_CURVE_WITH_KNOTS('',1,(#1376,#1377),.UNSPECIFIED.,.F.,
  .F.,(2,2),(31.,133.5),.PIECEWISE_BEZIER_KNOTS.);
#1376 = CARTESIAN_POINT('',(35.,0.));
#1377 = CARTESIAN_POINT('',(35.,-102.5));
#1378 = ( GEOMETRIC_REPRESENTATION_CONTEXT(2) 
PARAMETRIC_REPRESENTATION_CONTEXT() REPRESENTATION_CONTEXT('2D SPACE',''
  ) );
#1379 = PCURVE('',#586,#1380);
#1380 = DEFINITIONAL_REPRESENTATION('',(#1381),#1384);
#1381 = B_SPLINE_CURVE_WITH_KNOTS('',1,(#1382,#1383),.UNSPECIFIED.,.F.,
  .F.,(2,2),(31.,133.5),.PIECEWISE_BEZIER_KNOTS.);
#1382 = CARTESIAN_POINT('',(62.,-680.));
#1383 = CARTESIAN_POINT('',(164.5,-680.));
#1384 = ( GEOMETRIC_REPRESENTATION_CONTEXT(2) 
PARAMETRIC_REPRESENTATION_CONTEXT() REPRESENTATION_CONTEXT('2D SPACE',''
  ) );
#1385 = ADVANCED_FACE('',(#1386),#517,.F.);
#1386 = FACE_BOUND('',#1387,.F.);
#1387 = EDGE_LOOP('',(#1388,#1389,#1411,#1412));
#1388 = ORIENTED_EDGE('',*,*,#771,.F.);
#1389 = ORIENTED_EDGE('',*,*,#1390,.T.);
#1390 = EDGE_CURVE('',#746,#1030,#1391,.T.);
#1391 = SURFACE_CURVE('',#1392,(#1397,#1404),.PCURVE_S1.);
#1392 = CIRCLE('',#1393,80.);
#1393 = AXIS2_PLACEMENT_3D('',#1394,#1395,#1396);
#1394 = CARTESIAN_POINT('',(290.,-208.,122.));
#1395 = DIRECTION('',(0.,0.,1.));
#1396 = DIRECTION('',(1.,0.,-0.));
#1397 = PCURVE('',#517,#1398);
#1398 = DEFINITIONAL_REPRESENTATION('',(#1399),#1403);
#1399 = LINE('',#1400,#1401);
#1400 = CARTESIAN_POINT('',(0.,0.));
#1401 = VECTOR('',#1402,1.);
#1402 = DIRECTION('',(1.,0.));
#1403 = ( GEOMETRIC_REPRESENTATION_CONTEXT(2) 
PARAMETRIC_REPRESENTATION_CONTEXT() REPRESENTATION_CONTEXT('2D SPACE',''
  ) );
#1404 = PCURVE('',#760,#1405);
#1405 = DEFINITIONAL_REPRESENTATION('',(#1406),#1410);
#1406 = CIRCLE('',#1407,80.);
#1407 = AXIS2_PLACEMENT_2D('',#1408,#1409);
#1408 = CARTESIAN_POINT('',(0.,0.));
#1409 = DIRECTION('',(1.,0.));
#1410 = ( GEOMETRIC_REPRESENTATION_CONTEXT(2) 
PARAMETRIC_REPRESENTATION_CONTEXT() REPRESENTATION_CONTEXT('2D SPACE',''
  ) );
#1411 = ORIENTED_EDGE('',*,*,#1050,.T.);
#1412 = ORIENTED_EDGE('',*,*,#498,.F.);
#1413 = ADVANCED_FACE('',(#1414),#612,.T.);
#1414 = FACE_BOUND('',#1415,.T.);
#1415 = EDGE_LOOP('',(#1416,#1435,#1436,#1437));
#1416 = ORIENTED_EDGE('',*,*,#1417,.F.);
#1417 = EDGE_CURVE('',#1321,#572,#1418,.T.);
#1418 = SURFACE_CURVE('',#1419,(#1423,#1429),.PCURVE_S1.);
#1419 = LINE('',#1420,#1421);
#1420 = CARTESIAN_POINT('',(260.,278.,30.5));
#1421 = VECTOR('',#1422,1.);
#1422 = DIRECTION('',(0.,0.,1.));
#1423 = PCURVE('',#612,#1424);
#1424 = DEFINITIONAL_REPRESENTATION('',(#1425),#1428);
#1425 = B_SPLINE_CURVE_WITH_KNOTS('',1,(#1426,#1427),.UNSPECIFIED.,.F.,
  .F.,(2,2),(31.5,134.),.PIECEWISE_BEZIER_KNOTS.);
#1426 = CARTESIAN_POINT('',(33.828427124746,-1.));
#1427 = CARTESIAN_POINT('',(33.828427124746,-103.5));
#1428 = ( GEOMETRIC_REPRESENTATION_CONTEXT(2) 
PARAMETRIC_REPRESENTATION_CONTEXT() REPRESENTATION_CONTEXT('2D SPACE',''
  ) );
#1429 = PCURVE('',#586,#1430);
#1430 = DEFINITIONAL_REPRESENTATION('',(#1431),#1434);
#1431 = B_SPLINE_CURVE_WITH_KNOTS('',1,(#1432,#1433),.UNSPECIFIED.,.F.,
  .F.,(2,2),(31.5,134.),.PIECEWISE_BEZIER_KNOTS.);
#1432 = CARTESIAN_POINT('',(62.,-678.));
#1433 = CARTESIAN_POINT('',(164.5,-678.));
#1434 = ( GEOMETRIC_REPRESENTATION_CONTEXT(2) 
PARAMETRIC_REPRESENTATION_CONTEXT() REPRESENTATION_CONTEXT('2D SPACE',''
  ) );
#1435 = ORIENTED_EDGE('',*,*,#1341,.T.);
#1436 = ORIENTED_EDGE('',*,*,#1100,.T.);
#1437 = ORIENTED_EDGE('',*,*,#597,.T.);
#1438 = ADVANCED_FACE('',(#1439),#586,.F.);
#1439 = FACE_BOUND('',#1440,.F.);
#1440 = EDGE_LOOP('',(#1441,#1442,#1443,#1444));
#1441 = ORIENTED_EDGE('',*,*,#571,.F.);
#1442 = ORIENTED_EDGE('',*,*,#1417,.F.);
#1443 = ORIENTED_EDGE('',*,*,#1320,.T.);
#1444 = ORIENTED_EDGE('',*,*,#1367,.T.);
#1445 = ADVANCED_FACE('',(#1446),#705,.F.);
#1446 = FACE_BOUND('',#1447,.F.);
#1447 = EDGE_LOOP('',(#1448,#1476,#1497,#1498,#1520,#1521));
#1448 = ORIENTED_EDGE('',*,*,#1449,.F.);
#1449 = EDGE_CURVE('',#1450,#1452,#1454,.T.);
#1450 = VERTEX_POINT('',#1451);
#1451 = CARTESIAN_POINT('',(260.,-280.,62.));
#1452 = VERTEX_POINT('',#1453);
#1453 = CARTESIAN_POINT('',(260.,-278.,62.));
#1454 = SURFACE_CURVE('',#1455,(#1459,#1465),.PCURVE_S1.);
#1455 = LINE('',#1456,#1457);
#1456 = CARTESIAN_POINT('',(260.,-200.,62.));
#1457 = VECTOR('',#1458,1.);
#1458 = DIRECTION('',(-0.,1.,0.));
#1459 = PCURVE('',#705,#1460);
#1460 = DEFINITIONAL_REPRESENTATION('',(#1461),#1464);
#1461 = B_SPLINE_CURVE_WITH_KNOTS('',1,(#1462,#1463),.UNSPECIFIED.,.F.,
  .F.,(2,2),(-80.,-49.89949493661),.PIECEWISE_BEZIER_KNOTS.);
#1462 = CARTESIAN_POINT('',(260.,-280.));
#1463 = CARTESIAN_POINT('',(260.,-249.8994949366));
#1464 = ( GEOMETRIC_REPRESENTATION_CONTEXT(2) 
PARAMETRIC_REPRESENTATION_CONTEXT() REPRESENTATION_CONTEXT('2D SPACE',''
  ) );
#1465 = PCURVE('',#1466,#1471);
#1466 = PLANE('',#1467);
#1467 = AXIS2_PLACEMENT_3D('',#1468,#1469,#1470);
#1468 = CARTESIAN_POINT('',(260.,-400.,0.));
#1469 = DIRECTION('',(1.,0.,-0.));
#1470 = DIRECTION('',(0.,0.,1.));
#1471 = DEFINITIONAL_REPRESENTATION('',(#1472),#1475);
#1472 = B_SPLINE_CURVE_WITH_KNOTS('',1,(#1473,#1474),.UNSPECIFIED.,.F.,
  .F.,(2,2),(-80.,-49.89949493661),.PIECEWISE_BEZIER_KNOTS.);
#1473 = CARTESIAN_POINT('',(62.,-120.));
#1474 = CARTESIAN_POINT('',(62.,-150.1005050633));
#1475 = ( GEOMETRIC_REPRESENTATION_CONTEXT(2) 
PARAMETRIC_REPRESENTATION_CONTEXT() REPRESENTATION_CONTEXT('2D SPACE',''
  ) );
#1476 = ORIENTED_EDGE('',*,*,#1477,.T.);
#1477 = EDGE_CURVE('',#1450,#688,#1478,.T.);
#1478 = SURFACE_CURVE('',#1479,(#1483,#1490),.PCURVE_S1.);
#1479 = LINE('',#1480,#1481);
#1480 = CARTESIAN_POINT('',(-295.,-280.,62.));
#1481 = VECTOR('',#1482,1.);
#1482 = DIRECTION('',(1.,0.,0.));
#1483 = PCURVE('',#705,#1484);
#1484 = DEFINITIONAL_REPRESENTATION('',(#1485),#1489);
#1485 = LINE('',#1486,#1487);
#1486 = CARTESIAN_POINT('',(-295.,-280.));
#1487 = VECTOR('',#1488,1.);
#1488 = DIRECTION('',(1.,0.));
#1489 = ( GEOMETRIC_REPRESENTATION_CONTEXT(2) 
PARAMETRIC_REPRESENTATION_CONTEXT() REPRESENTATION_CONTEXT('2D SPACE',''
  ) );
#1490 = PCURVE('',#733,#1491);
#1491 = DEFINITIONAL_REPRESENTATION('',(#1492),#1496);
#1492 = LINE('',#1493,#1494);
#1493 = CARTESIAN_POINT('',(0.,0.));
#1494 = VECTOR('',#1495,1.);
#1495 = DIRECTION('',(1.,0.));
#1496 = ( GEOMETRIC_REPRESENTATION_CONTEXT(2) 
PARAMETRIC_REPRESENTATION_CONTEXT() REPRESENTATION_CONTEXT('2D SPACE',''
  ) );
#1497 = ORIENTED_EDGE('',*,*,#687,.T.);
#1498 = ORIENTED_EDGE('',*,*,#1499,.F.);
#1499 = EDGE_CURVE('',#960,#690,#1500,.T.);
#1500 = SURFACE_CURVE('',#1501,(#1506,#1513),.PCURVE_S1.);
#1501 = CIRCLE('',#1502,86.);
#1502 = AXIS2_PLACEMENT_3D('',#1503,#1504,#1505);
#1503 = CARTESIAN_POINT('',(275.,-180.,62.));
#1504 = DIRECTION('',(0.,0.,1.));
#1505 = DIRECTION('',(1.,0.,-0.));
#1506 = PCURVE('',#705,#1507);
#1507 = DEFINITIONAL_REPRESENTATION('',(#1508),#1512);
#1508 = CIRCLE('',#1509,86.);
#1509 = AXIS2_PLACEMENT_2D('',#1510,#1511);
#1510 = CARTESIAN_POINT('',(275.,-180.));
#1511 = DIRECTION('',(1.,0.));
#1512 = ( GEOMETRIC_REPRESENTATION_CONTEXT(2) 
PARAMETRIC_REPRESENTATION_CONTEXT() REPRESENTATION_CONTEXT('2D SPACE',''
  ) );
#1513 = PCURVE('',#853,#1514);
#1514 = DEFINITIONAL_REPRESENTATION('',(#1515),#1519);
#1515 = LINE('',#1516,#1517);
#1516 = CARTESIAN_POINT('',(0.,1.));
#1517 = VECTOR('',#1518,1.);
#1518 = DIRECTION('',(1.,0.));
#1519 = ( GEOMETRIC_REPRESENTATION_CONTEXT(2) 
PARAMETRIC_REPRESENTATION_CONTEXT() REPRESENTATION_CONTEXT('2D SPACE',''
  ) );
#1520 = ORIENTED_EDGE('',*,*,#980,.T.);
#1521 = ORIENTED_EDGE('',*,*,#1522,.T.);
#1522 = EDGE_CURVE('',#981,#1452,#1523,.T.);
#1523 = SURFACE_CURVE('',#1524,(#1528,#1534),.PCURVE_S1.);
#1524 = LINE('',#1525,#1526);
#1525 = CARTESIAN_POINT('',(-146.9142135623,-278.,62.));
#1526 = VECTOR('',#1527,1.);
#1527 = DIRECTION('',(-1.,0.,0.));
#1528 = PCURVE('',#705,#1529);
#1529 = DEFINITIONAL_REPRESENTATION('',(#1530),#1533);
#1530 = B_SPLINE_CURVE_WITH_KNOTS('',1,(#1531,#1532),.UNSPECIFIED.,.F.,
  .F.,(2,2),(-440.7426406871,146.91421356237),.PIECEWISE_BEZIER_KNOTS.);
#1531 = CARTESIAN_POINT('',(293.82842712474,-278.));
#1532 = CARTESIAN_POINT('',(-293.8284271247,-278.));
#1533 = ( GEOMETRIC_REPRESENTATION_CONTEXT(2) 
PARAMETRIC_REPRESENTATION_CONTEXT() REPRESENTATION_CONTEXT('2D SPACE',''
  ) );
#1534 = PCURVE('',#1017,#1535);
#1535 = DEFINITIONAL_REPRESENTATION('',(#1536),#1539);
#1536 = B_SPLINE_CURVE_WITH_KNOTS('',1,(#1537,#1538),.UNSPECIFIED.,.F.,
  .F.,(2,2),(-440.7426406871,146.91421356237),.PIECEWISE_BEZIER_KNOTS.);
#1537 = CARTESIAN_POINT('',(587.65685424949,-1.));
#1538 = CARTESIAN_POINT('',(0.,-1.));
#1539 = ( GEOMETRIC_REPRESENTATION_CONTEXT(2) 
PARAMETRIC_REPRESENTATION_CONTEXT() REPRESENTATION_CONTEXT('2D SPACE',''
  ) );
#1540 = ADVANCED_FACE('',(#1541),#853,.F.);
#1541 = FACE_BOUND('',#1542,.F.);
#1542 = EDGE_LOOP('',(#1543,#1565,#1566,#1567));
#1543 = ORIENTED_EDGE('',*,*,#1544,.F.);
#1544 = EDGE_CURVE('',#939,#815,#1545,.T.);
#1545 = SURFACE_CURVE('',#1546,(#1551,#1558),.PCURVE_S1.);
#1546 = CIRCLE('',#1547,86.);
#1547 = AXIS2_PLACEMENT_3D('',#1548,#1549,#1550);
#1548 = CARTESIAN_POINT('',(275.,-180.,70.));
#1549 = DIRECTION('',(0.,0.,1.));
#1550 = DIRECTION('',(1.,0.,-0.));
#1551 = PCURVE('',#853,#1552);
#1552 = DEFINITIONAL_REPRESENTATION('',(#1553),#1557);
#1553 = LINE('',#1554,#1555);
#1554 = CARTESIAN_POINT('',(0.,9.));
#1555 = VECTOR('',#1556,1.);
#1556 = DIRECTION('',(1.,0.));
#1557 = ( GEOMETRIC_REPRESENTATION_CONTEXT(2) 
PARAMETRIC_REPRESENTATION_CONTEXT() REPRESENTATION_CONTEXT('2D SPACE',''
  ) );
#1558 = PCURVE('',#829,#1559);
#1559 = DEFINITIONAL_REPRESENTATION('',(#1560),#1564);
#1560 = CIRCLE('',#1561,86.);
#1561 = AXIS2_PLACEMENT_2D('',#1562,#1563);
#1562 = CARTESIAN_POINT('',(0.,0.));
#1563 = DIRECTION('',(1.,0.));
#1564 = ( GEOMETRIC_REPRESENTATION_CONTEXT(2) 
PARAMETRIC_REPRESENTATION_CONTEXT() REPRESENTATION_CONTEXT('2D SPACE',''
  ) );
#1565 = ORIENTED_EDGE('',*,*,#959,.F.);
#1566 = ORIENTED_EDGE('',*,*,#1499,.T.);
#1567 = ORIENTED_EDGE('',*,*,#840,.T.);
#1568 = ADVANCED_FACE('',(#1569),#829,.F.);
#1569 = FACE_BOUND('',#1570,.F.);
#1570 = EDGE_LOOP('',(#1571,#1572,#1573,#1574));
#1571 = ORIENTED_EDGE('',*,*,#938,.F.);
#1572 = ORIENTED_EDGE('',*,*,#1544,.T.);
#1573 = ORIENTED_EDGE('',*,*,#814,.T.);
#1574 = ORIENTED_EDGE('',*,*,#888,.T.);
#1575 = ADVANCED_FACE('',(#1576),#760,.T.);
#1576 = FACE_BOUND('',#1577,.T.);
#1577 = EDGE_LOOP('',(#1578,#1599,#1600,#1601,#1602,#1623));
#1578 = ORIENTED_EDGE('',*,*,#1579,.T.);
#1579 = EDGE_CURVE('',#1580,#718,#1582,.T.);
#1580 = VERTEX_POINT('',#1581);
#1581 = CARTESIAN_POINT('',(260.,-280.,122.));
#1582 = SURFACE_CURVE('',#1583,(#1587,#1593),.PCURVE_S1.);
#1583 = LINE('',#1584,#1585);
#1584 = CARTESIAN_POINT('',(-2.5,-280.,122.));
#1585 = VECTOR('',#1586,1.);
#1586 = DIRECTION('',(1.,0.,0.));
#1587 = PCURVE('',#760,#1588);
#1588 = DEFINITIONAL_REPRESENTATION('',(#1589),#1592);
#1589 = B_SPLINE_CURVE_WITH_KNOTS('',1,(#1590,#1591),.UNSPECIFIED.,.F.,
  .F.,(2,2),(212.5,297.5),.PIECEWISE_BEZIER_KNOTS.);
#1590 = CARTESIAN_POINT('',(-80.,-72.));
#1591 = CARTESIAN_POINT('',(5.,-72.));
#1592 = ( GEOMETRIC_REPRESENTATION_CONTEXT(2) 
PARAMETRIC_REPRESENTATION_CONTEXT() REPRESENTATION_CONTEXT('2D SPACE',''
  ) );
#1593 = PCURVE('',#733,#1594);
#1594 = DEFINITIONAL_REPRESENTATION('',(#1595),#1598);
#1595 = B_SPLINE_CURVE_WITH_KNOTS('',1,(#1596,#1597),.UNSPECIFIED.,.F.,
  .F.,(2,2),(212.5,297.5),.PIECEWISE_BEZIER_KNOTS.);
#1596 = CARTESIAN_POINT('',(505.,-60.));
#1597 = CARTESIAN_POINT('',(590.,-60.));
#1598 = ( GEOMETRIC_REPRESENTATION_CONTEXT(2) 
PARAMETRIC_REPRESENTATION_CONTEXT() REPRESENTATION_CONTEXT('2D SPACE',''
  ) );
#1599 = ORIENTED_EDGE('',*,*,#745,.T.);
#1600 = ORIENTED_EDGE('',*,*,#1390,.T.);
#1601 = ORIENTED_EDGE('',*,*,#1029,.F.);
#1602 = ORIENTED_EDGE('',*,*,#1603,.F.);
#1603 = EDGE_CURVE('',#1604,#1002,#1606,.T.);
#1604 = VERTEX_POINT('',#1605);
#1605 = CARTESIAN_POINT('',(260.,-278.,122.));
#1606 = SURFACE_CURVE('',#1607,(#1611,#1617),.PCURVE_S1.);
#1607 = LINE('',#1608,#1609);
#1608 = CARTESIAN_POINT('',(-1.914213562373,-278.,122.));
#1609 = VECTOR('',#1610,1.);
#1610 = DIRECTION('',(1.,0.,0.));
#1611 = PCURVE('',#760,#1612);
#1612 = DEFINITIONAL_REPRESENTATION('',(#1613),#1616);
#1613 = B_SPLINE_CURVE_WITH_KNOTS('',1,(#1614,#1615),.UNSPECIFIED.,.F.,
  .F.,(2,2),(211.91421356237,295.74264068711),.PIECEWISE_BEZIER_KNOTS.);
#1614 = CARTESIAN_POINT('',(-80.,-70.));
#1615 = CARTESIAN_POINT('',(3.828427124746,-70.));
#1616 = ( GEOMETRIC_REPRESENTATION_CONTEXT(2) 
PARAMETRIC_REPRESENTATION_CONTEXT() REPRESENTATION_CONTEXT('2D SPACE',''
  ) );
#1617 = PCURVE('',#1017,#1618);
#1618 = DEFINITIONAL_REPRESENTATION('',(#1619),#1622);
#1619 = B_SPLINE_CURVE_WITH_KNOTS('',1,(#1620,#1621),.UNSPECIFIED.,.F.,
  .F.,(2,2),(211.91421356237,295.74264068711),.PIECEWISE_BEZIER_KNOTS.);
#1620 = CARTESIAN_POINT('',(503.82842712474,-61.));
#1621 = CARTESIAN_POINT('',(587.65685424949,-61.));
#1622 = ( GEOMETRIC_REPRESENTATION_CONTEXT(2) 
PARAMETRIC_REPRESENTATION_CONTEXT() REPRESENTATION_CONTEXT('2D SPACE',''
  ) );
#1623 = ORIENTED_EDGE('',*,*,#1624,.F.);
#1624 = EDGE_CURVE('',#1580,#1604,#1625,.T.);
#1625 = SURFACE_CURVE('',#1626,(#1630,#1636),.PCURVE_S1.);
#1626 = LINE('',#1627,#1628);
#1627 = CARTESIAN_POINT('',(260.,-304.,122.));
#1628 = VECTOR('',#1629,1.);
#1629 = DIRECTION('',(-0.,1.,0.));
#1630 = PCURVE('',#760,#1631);
#1631 = DEFINITIONAL_REPRESENTATION('',(#1632),#1635);
#1632 = B_SPLINE_CURVE_WITH_KNOTS('',1,(#1633,#1634),.UNSPECIFIED.,.F.,
  .F.,(2,2),(24.,101.95000038202),.PIECEWISE_BEZIER_KNOTS.);
#1633 = CARTESIAN_POINT('',(-30.,-72.));
#1634 = CARTESIAN_POINT('',(-30.,5.950000382029));
#1635 = ( GEOMETRIC_REPRESENTATION_CONTEXT(2) 
PARAMETRIC_REPRESENTATION_CONTEXT() REPRESENTATION_CONTEXT('2D SPACE',''
  ) );
#1636 = PCURVE('',#1466,#1637);
#1637 = DEFINITIONAL_REPRESENTATION('',(#1638),#1641);
#1638 = B_SPLINE_CURVE_WITH_KNOTS('',1,(#1639,#1640),.UNSPECIFIED.,.F.,
  .F.,(2,2),(24.,101.95000038202),.PIECEWISE_BEZIER_KNOTS.);
#1639 = CARTESIAN_POINT('',(122.,-120.));
#1640 = CARTESIAN_POINT('',(122.,-197.950000382));
#1641 = ( GEOMETRIC_REPRESENTATION_CONTEXT(2) 
PARAMETRIC_REPRESENTATION_CONTEXT() REPRESENTATION_CONTEXT('2D SPACE',''
  ) );
#1642 = ADVANCED_FACE('',(#1643),#733,.F.);
#1643 = FACE_BOUND('',#1644,.F.);
#1644 = EDGE_LOOP('',(#1645,#1646,#1665,#1666));
#1645 = ORIENTED_EDGE('',*,*,#1477,.F.);
#1646 = ORIENTED_EDGE('',*,*,#1647,.F.);
#1647 = EDGE_CURVE('',#1580,#1450,#1648,.T.);
#1648 = SURFACE_CURVE('',#1649,(#1653,#1659),.PCURVE_S1.);
#1649 = LINE('',#1650,#1651);
#1650 = CARTESIAN_POINT('',(260.,-280.,31.));
#1651 = VECTOR('',#1652,1.);
#1652 = DIRECTION('',(-0.,0.,-1.));
#1653 = PCURVE('',#733,#1654);
#1654 = DEFINITIONAL_REPRESENTATION('',(#1655),#1658);
#1655 = B_SPLINE_CURVE_WITH_KNOTS('',1,(#1656,#1657),.UNSPECIFIED.,.F.,
  .F.,(2,2),(-133.5,-31.),.PIECEWISE_BEZIER_KNOTS.);
#1656 = CARTESIAN_POINT('',(555.,-102.5));
#1657 = CARTESIAN_POINT('',(555.,0.));
#1658 = ( GEOMETRIC_REPRESENTATION_CONTEXT(2) 
PARAMETRIC_REPRESENTATION_CONTEXT() REPRESENTATION_CONTEXT('2D SPACE',''
  ) );
#1659 = PCURVE('',#1466,#1660);
#1660 = DEFINITIONAL_REPRESENTATION('',(#1661),#1664);
#1661 = B_SPLINE_CURVE_WITH_KNOTS('',1,(#1662,#1663),.UNSPECIFIED.,.F.,
  .F.,(2,2),(-133.5,-31.),.PIECEWISE_BEZIER_KNOTS.);
#1662 = CARTESIAN_POINT('',(164.5,-120.));
#1663 = CARTESIAN_POINT('',(62.,-120.));
#1664 = ( GEOMETRIC_REPRESENTATION_CONTEXT(2) 
PARAMETRIC_REPRESENTATION_CONTEXT() REPRESENTATION_CONTEXT('2D SPACE',''
  ) );
#1665 = ORIENTED_EDGE('',*,*,#1579,.T.);
#1666 = ORIENTED_EDGE('',*,*,#717,.F.);
#1667 = ADVANCED_FACE('',(#1668),#1017,.T.);
#1668 = FACE_BOUND('',#1669,.T.);
#1669 = EDGE_LOOP('',(#1670,#1671,#1672,#1691));
#1670 = ORIENTED_EDGE('',*,*,#1001,.F.);
#1671 = ORIENTED_EDGE('',*,*,#1522,.T.);
#1672 = ORIENTED_EDGE('',*,*,#1673,.F.);
#1673 = EDGE_CURVE('',#1604,#1452,#1674,.T.);
#1674 = SURFACE_CURVE('',#1675,(#1679,#1685),.PCURVE_S1.);
#1675 = LINE('',#1676,#1677);
#1676 = CARTESIAN_POINT('',(260.,-278.,30.5));
#1677 = VECTOR('',#1678,1.);
#1678 = DIRECTION('',(-0.,0.,-1.));
#1679 = PCURVE('',#1017,#1680);
#1680 = DEFINITIONAL_REPRESENTATION('',(#1681),#1684);
#1681 = B_SPLINE_CURVE_WITH_KNOTS('',1,(#1682,#1683),.UNSPECIFIED.,.F.,
  .F.,(2,2),(-134.,-31.5),.PIECEWISE_BEZIER_KNOTS.);
#1682 = CARTESIAN_POINT('',(553.82842712474,-103.5));
#1683 = CARTESIAN_POINT('',(553.82842712474,-1.));
#1684 = ( GEOMETRIC_REPRESENTATION_CONTEXT(2) 
PARAMETRIC_REPRESENTATION_CONTEXT() REPRESENTATION_CONTEXT('2D SPACE',''
  ) );
#1685 = PCURVE('',#1466,#1686);
#1686 = DEFINITIONAL_REPRESENTATION('',(#1687),#1690);
#1687 = B_SPLINE_CURVE_WITH_KNOTS('',1,(#1688,#1689),.UNSPECIFIED.,.F.,
  .F.,(2,2),(-134.,-31.5),.PIECEWISE_BEZIER_KNOTS.);
#1688 = CARTESIAN_POINT('',(164.5,-122.));
#1689 = CARTESIAN_POINT('',(62.,-122.));
#1690 = ( GEOMETRIC_REPRESENTATION_CONTEXT(2) 
PARAMETRIC_REPRESENTATION_CONTEXT() REPRESENTATION_CONTEXT('2D SPACE',''
  ) );
#1691 = ORIENTED_EDGE('',*,*,#1603,.T.);
#1692 = ADVANCED_FACE('',(#1693),#1466,.F.);
#1693 = FACE_BOUND('',#1694,.F.);
#1694 = EDGE_LOOP('',(#1695,#1696,#1697,#1698));
#1695 = ORIENTED_EDGE('',*,*,#1647,.T.);
#1696 = ORIENTED_EDGE('',*,*,#1449,.T.);
#1697 = ORIENTED_EDGE('',*,*,#1673,.F.);
#1698 = ORIENTED_EDGE('',*,*,#1624,.F.);
#1699 = ( GEOMETRIC_REPRESENTATION_CONTEXT(3) 
GLOBAL_UNCERTAINTY_ASSIGNED_CONTEXT((#1703)) 
GLOBAL_UNIT_ASSIGNED_CONTEXT((#1700,#1701,#1702)) REPRESENTATION_CONTEXT
('Context #1','3D Context with UNIT and UNCERTAINTY') );
#1700 = ( LENGTH_UNIT() NAMED_UNIT(*) SI_UNIT(.MILLI.,.METRE.) );
#1701 = ( NAMED_UNIT(*) PLANE_ANGLE_UNIT() SI_UNIT($,.RADIAN.) );
#1702 = ( NAMED_UNIT(*) SI_UNIT($,.STERADIAN.) SOLID_ANGLE_UNIT() );
#1703 = UNCERTAINTY_MEASURE_WITH_UNIT(LENGTH_MEASURE(1.E-07),#1700,
  'distance_accuracy_value','confusion accuracy');
#1704 = CONTEXT_DEPENDENT_SHAPE_REPRESENTATION(#1705,#1707);
#1705 = ( REPRESENTATION_RELATIONSHIP('','',#36,#10) 
REPRESENTATION_RELATIONSHIP_WITH_TRANSFORMATION(#1706) 
SHAPE_REPRESENTATION_RELATIONSHIP() );
#1706 = ITEM_DEFINED_TRANSFORMATION('','',#11,#15);
#1707 = PRODUCT_DEFINITION_SHAPE('Placement','Placement of an item',
  #1708);
#1708 = NEXT_ASSEMBLY_USAGE_OCCURRENCE('19','','',#5,#31,$);
#1709 = PRODUCT_RELATED_PRODUCT_CATEGORY('part',$,(#33));
#1710 = SHAPE_DEFINITION_REPRESENTATION(#1711,#1717);
#1711 = PRODUCT_DEFINITION_SHAPE('','',#1712);
#1712 = PRODUCT_DEFINITION('design','',#1713,#1716);
#1713 = PRODUCT_DEFINITION_FORMATION('','',#1714);
#1714 = PRODUCT('Open CASCADE STEP translator 7.9 148.2',
  'Open CASCADE STEP translator 7.9 148.2','',(#1715));
#1715 = PRODUCT_CONTEXT('',#2,'mechanical');
#1716 = PRODUCT_DEFINITION_CONTEXT('part definition',#2,'design');
#1717 = ADVANCED_BREP_SHAPE_REPRESENTATION('',(#11,#1718),#2776);
#1718 = MANIFOLD_SOLID_BREP('',#1719);
#1719 = CLOSED_SHELL('',(#1720,#1838,#2067,#2116,#2350,#2424,#2472,#2541
    ,#2568,#2595,#2620,#2645,#2652,#2697,#2742,#2767));
#1720 = ADVANCED_FACE('',(#1721),#1735,.F.);
#1721 = FACE_BOUND('',#1722,.F.);
#1722 = EDGE_LOOP('',(#1723,#1756,#1784,#1812));
#1723 = ORIENTED_EDGE('',*,*,#1724,.F.);
#1724 = EDGE_CURVE('',#1725,#1727,#1729,.T.);
#1725 = VERTEX_POINT('',#1726);
#1726 = CARTESIAN_POINT('',(390.,-185.,204.5));
#1727 = VERTEX_POINT('',#1728);
#1728 = CARTESIAN_POINT('',(390.,185.,204.5));
#1729 = SURFACE_CURVE('',#1730,(#1734,#1745),.PCURVE_S1.);
#1730 = LINE('',#1731,#1732);
#1731 = CARTESIAN_POINT('',(390.,-292.5,204.5));
#1732 = VECTOR('',#1733,1.);
#1733 = DIRECTION('',(0.,1.,-0.));
#1734 = PCURVE('',#1735,#1740);
#1735 = PLANE('',#1736);
#1736 = AXIS2_PLACEMENT_3D('',#1737,#1738,#1739);
#1737 = CARTESIAN_POINT('',(390.,-185.,62.));
#1738 = DIRECTION('',(-1.,0.,0.));
#1739 = DIRECTION('',(0.,1.,0.));
#1740 = DEFINITIONAL_REPRESENTATION('',(#1741),#1744);
#1741 = B_SPLINE_CURVE_WITH_KNOTS('',1,(#1742,#1743),.UNSPECIFIED.,.F.,
  .F.,(2,2),(107.5,477.5),.PIECEWISE_BEZIER_KNOTS.);
#1742 = CARTESIAN_POINT('',(0.,-142.5));
#1743 = CARTESIAN_POINT('',(370.,-142.5));
#1744 = ( GEOMETRIC_REPRESENTATION_CONTEXT(2) 
PARAMETRIC_REPRESENTATION_CONTEXT() REPRESENTATION_CONTEXT('2D SPACE',''
  ) );
#1745 = PCURVE('',#1746,#1751);
#1746 = PLANE('',#1747);
#1747 = AXIS2_PLACEMENT_3D('',#1748,#1749,#1750);
#1748 = CARTESIAN_POINT('',(-500.,-400.,204.5));
#1749 = DIRECTION('',(0.,0.,1.));
#1750 = DIRECTION('',(1.,0.,-0.));
#1751 = DEFINITIONAL_REPRESENTATION('',(#1752),#1755);
#1752 = B_SPLINE_CURVE_WITH_KNOTS('',1,(#1753,#1754),.UNSPECIFIED.,.F.,
  .F.,(2,2),(107.5,477.5),.PIECEWISE_BEZIER_KNOTS.);
#1753 = CARTESIAN_POINT('',(890.,215.));
#1754 = CARTESIAN_POINT('',(890.,585.));
#1755 = ( GEOMETRIC_REPRESENTATION_CONTEXT(2) 
PARAMETRIC_REPRESENTATION_CONTEXT() REPRESENTATION_CONTEXT('2D SPACE',''
  ) );
#1756 = ORIENTED_EDGE('',*,*,#1757,.T.);
#1757 = EDGE_CURVE('',#1725,#1758,#1760,.T.);
#1758 = VERTEX_POINT('',#1759);
#1759 = CARTESIAN_POINT('',(390.,-185.,337.));
#1760 = SURFACE_CURVE('',#1761,(#1765,#1772),.PCURVE_S1.);
#1761 = LINE('',#1762,#1763);
#1762 = CARTESIAN_POINT('',(390.,-185.,62.));
#1763 = VECTOR('',#1764,1.);
#1764 = DIRECTION('',(0.,0.,1.));
#1765 = PCURVE('',#1735,#1766);
#1766 = DEFINITIONAL_REPRESENTATION('',(#1767),#1771);
#1767 = LINE('',#1768,#1769);
#1768 = CARTESIAN_POINT('',(0.,0.));
#1769 = VECTOR('',#1770,1.);
#1770 = DIRECTION('',(0.,-1.));
#1771 = ( GEOMETRIC_REPRESENTATION_CONTEXT(2) 
PARAMETRIC_REPRESENTATION_CONTEXT() REPRESENTATION_CONTEXT('2D SPACE',''
  ) );
#1772 = PCURVE('',#1773,#1778);
#1773 = PLANE('',#1774);
#1774 = AXIS2_PLACEMENT_3D('',#1775,#1776,#1777);
#1775 = CARTESIAN_POINT('',(295.,-280.,62.));
#1776 = DIRECTION('',(-0.707106781187,0.707106781187,0.));
#1777 = DIRECTION('',(0.707106781187,0.707106781187,0.));
#1778 = DEFINITIONAL_REPRESENTATION('',(#1779),#1783);
#1779 = LINE('',#1780,#1781);
#1780 = CARTESIAN_POINT('',(134.35028842544,0.));
#1781 = VECTOR('',#1782,1.);
#1782 = DIRECTION('',(0.,-1.));
#1783 = ( GEOMETRIC_REPRESENTATION_CONTEXT(2) 
PARAMETRIC_REPRESENTATION_CONTEXT() REPRESENTATION_CONTEXT('2D SPACE',''
  ) );
#1784 = ORIENTED_EDGE('',*,*,#1785,.T.);
#1785 = EDGE_CURVE('',#1758,#1786,#1788,.T.);
#1786 = VERTEX_POINT('',#1787);
#1787 = CARTESIAN_POINT('',(390.,185.,337.));
#1788 = SURFACE_CURVE('',#1789,(#1793,#1800),.PCURVE_S1.);
#1789 = LINE('',#1790,#1791);
#1790 = CARTESIAN_POINT('',(390.,-185.,337.));
#1791 = VECTOR('',#1792,1.);
#1792 = DIRECTION('',(0.,1.,0.));
#1793 = PCURVE('',#1735,#1794);
#1794 = DEFINITIONAL_REPRESENTATION('',(#1795),#1799);
#1795 = LINE('',#1796,#1797);
#1796 = CARTESIAN_POINT('',(0.,-275.));
#1797 = VECTOR('',#1798,1.);
#1798 = DIRECTION('',(1.,0.));
#1799 = ( GEOMETRIC_REPRESENTATION_CONTEXT(2) 
PARAMETRIC_REPRESENTATION_CONTEXT() REPRESENTATION_CONTEXT('2D SPACE',''
  ) );
#1800 = PCURVE('',#1801,#1806);
#1801 = PLANE('',#1802);
#1802 = AXIS2_PLACEMENT_3D('',#1803,#1804,#1805);
#1803 = CARTESIAN_POINT('',(1.776500577423E-14,0.,337.));
#1804 = DIRECTION('',(0.,0.,1.));
#1805 = DIRECTION('',(1.,0.,-0.));
#1806 = DEFINITIONAL_REPRESENTATION('',(#1807),#1811);
#1807 = LINE('',#1808,#1809);
#1808 = CARTESIAN_POINT('',(390.,-185.));
#1809 = VECTOR('',#1810,1.);
#1810 = DIRECTION('',(0.,1.));
#1811 = ( GEOMETRIC_REPRESENTATION_CONTEXT(2) 
PARAMETRIC_REPRESENTATION_CONTEXT() REPRESENTATION_CONTEXT('2D SPACE',''
  ) );
#1812 = ORIENTED_EDGE('',*,*,#1813,.F.);
#1813 = EDGE_CURVE('',#1727,#1786,#1814,.T.);
#1814 = SURFACE_CURVE('',#1815,(#1819,#1826),.PCURVE_S1.);
#1815 = LINE('',#1816,#1817);
#1816 = CARTESIAN_POINT('',(390.,185.,62.));
#1817 = VECTOR('',#1818,1.);
#1818 = DIRECTION('',(0.,0.,1.));
#1819 = PCURVE('',#1735,#1820);
#1820 = DEFINITIONAL_REPRESENTATION('',(#1821),#1825);
#1821 = LINE('',#1822,#1823);
#1822 = CARTESIAN_POINT('',(370.,0.));
#1823 = VECTOR('',#1824,1.);
#1824 = DIRECTION('',(0.,-1.));
#1825 = ( GEOMETRIC_REPRESENTATION_CONTEXT(2) 
PARAMETRIC_REPRESENTATION_CONTEXT() REPRESENTATION_CONTEXT('2D SPACE',''
  ) );
#1826 = PCURVE('',#1827,#1832);
#1827 = PLANE('',#1828);
#1828 = AXIS2_PLACEMENT_3D('',#1829,#1830,#1831);
#1829 = CARTESIAN_POINT('',(390.,185.,62.));
#1830 = DIRECTION('',(-0.707106781187,-0.707106781187,0.));
#1831 = DIRECTION('',(-0.707106781187,0.707106781187,0.));
#1832 = DEFINITIONAL_REPRESENTATION('',(#1833),#1837);
#1833 = LINE('',#1834,#1835);
#1834 = CARTESIAN_POINT('',(0.,0.));
#1835 = VECTOR('',#1836,1.);
#1836 = DIRECTION('',(0.,-1.));
#1837 = ( GEOMETRIC_REPRESENTATION_CONTEXT(2) 
PARAMETRIC_REPRESENTATION_CONTEXT() REPRESENTATION_CONTEXT('2D SPACE',''
  ) );
#1838 = ADVANCED_FACE('',(#1839),#1746,.F.);
#1839 = FACE_BOUND('',#1840,.F.);
#1840 = EDGE_LOOP('',(#1841,#1872,#1891,#1892,#1913,#1939,#1965,#1991,
    #2017,#2043));
#1841 = ORIENTED_EDGE('',*,*,#1842,.F.);
#1842 = EDGE_CURVE('',#1843,#1845,#1847,.T.);
#1843 = VERTEX_POINT('',#1844);
#1844 = CARTESIAN_POINT('',(369.9457476709,-205.054252329,204.5));
#1845 = VERTEX_POINT('',#1846);
#1846 = CARTESIAN_POINT('',(369.77842750677,-202.0499996179,204.5));
#1847 = SURFACE_CURVE('',#1848,(#1853,#1860),.PCURVE_S1.);
#1848 = CIRCLE('',#1849,80.);
#1849 = AXIS2_PLACEMENT_3D('',#1850,#1851,#1852);
#1850 = CARTESIAN_POINT('',(290.,-208.,204.5));
#1851 = DIRECTION('',(0.,0.,1.));
#1852 = DIRECTION('',(1.,0.,-0.));
#1853 = PCURVE('',#1746,#1854);
#1854 = DEFINITIONAL_REPRESENTATION('',(#1855),#1859);
#1855 = CIRCLE('',#1856,80.);
#1856 = AXIS2_PLACEMENT_2D('',#1857,#1858);
#1857 = CARTESIAN_POINT('',(790.,192.));
#1858 = DIRECTION('',(1.,0.));
#1859 = ( GEOMETRIC_REPRESENTATION_CONTEXT(2) 
PARAMETRIC_REPRESENTATION_CONTEXT() REPRESENTATION_CONTEXT('2D SPACE',''
  ) );
#1860 = PCURVE('',#1861,#1866);
#1861 = CYLINDRICAL_SURFACE('',#1862,80.);
#1862 = AXIS2_PLACEMENT_3D('',#1863,#1864,#1865);
#1863 = CARTESIAN_POINT('',(290.,-208.,122.));
#1864 = DIRECTION('',(0.,0.,1.));
#1865 = DIRECTION('',(1.,0.,-0.));
#1866 = DEFINITIONAL_REPRESENTATION('',(#1867),#1871);
#1867 = LINE('',#1868,#1869);
#1868 = CARTESIAN_POINT('',(0.,82.5));
#1869 = VECTOR('',#1870,1.);
#1870 = DIRECTION('',(1.,0.));
#1871 = ( GEOMETRIC_REPRESENTATION_CONTEXT(2) 
PARAMETRIC_REPRESENTATION_CONTEXT() REPRESENTATION_CONTEXT('2D SPACE',''
  ) );
#1872 = ORIENTED_EDGE('',*,*,#1873,.T.);
#1873 = EDGE_CURVE('',#1843,#1725,#1874,.T.);
#1874 = SURFACE_CURVE('',#1875,(#1879,#1885),.PCURVE_S1.);
#1875 = LINE('',#1876,#1877);
#1876 = CARTESIAN_POINT('',(66.25,-508.75,204.5));
#1877 = VECTOR('',#1878,1.);
#1878 = DIRECTION('',(0.707106781187,0.707106781187,-0.));
#1879 = PCURVE('',#1746,#1880);
#1880 = DEFINITIONAL_REPRESENTATION('',(#1881),#1884);
#1881 = B_SPLINE_CURVE_WITH_KNOTS('',1,(#1882,#1883),.UNSPECIFIED.,.F.,
  .F.,(2,2),(323.50135239284,457.85164081829),.PIECEWISE_BEZIER_KNOTS.);
#1882 = CARTESIAN_POINT('',(795.,120.));
#1883 = CARTESIAN_POINT('',(890.,215.));
#1884 = ( GEOMETRIC_REPRESENTATION_CONTEXT(2) 
PARAMETRIC_REPRESENTATION_CONTEXT() REPRESENTATION_CONTEXT('2D SPACE',''
  ) );
#1885 = PCURVE('',#1773,#1886);
#1886 = DEFINITIONAL_REPRESENTATION('',(#1887),#1890);
#1887 = B_SPLINE_CURVE_WITH_KNOTS('',1,(#1888,#1889),.UNSPECIFIED.,.F.,
  .F.,(2,2),(323.50135239284,457.85164081829),.PIECEWISE_BEZIER_KNOTS.);
#1888 = CARTESIAN_POINT('',(0.,-142.5));
#1889 = CARTESIAN_POINT('',(134.35028842544,-142.5));
#1890 = ( GEOMETRIC_REPRESENTATION_CONTEXT(2) 
PARAMETRIC_REPRESENTATION_CONTEXT() REPRESENTATION_CONTEXT('2D SPACE',''
  ) );
#1891 = ORIENTED_EDGE('',*,*,#1724,.T.);
#1892 = ORIENTED_EDGE('',*,*,#1893,.T.);
#1893 = EDGE_CURVE('',#1727,#1894,#1896,.T.);
#1894 = VERTEX_POINT('',#1895);
#1895 = CARTESIAN_POINT('',(295.,280.,204.5));
#1896 = SURFACE_CURVE('',#1897,(#1901,#1907),.PCURVE_S1.);
#1897 = LINE('',#1898,#1899);
#1898 = CARTESIAN_POINT('',(313.75,261.25,204.5));
#1899 = VECTOR('',#1900,1.);
#1900 = DIRECTION('',(-0.707106781187,0.707106781187,0.));
#1901 = PCURVE('',#1746,#1902);
#1902 = DEFINITIONAL_REPRESENTATION('',(#1903),#1906);
#1903 = B_SPLINE_CURVE_WITH_KNOTS('',1,(#1904,#1905),.UNSPECIFIED.,.F.,
  .F.,(2,2),(-107.8337841309,26.516504294496),.PIECEWISE_BEZIER_KNOTS.);
#1904 = CARTESIAN_POINT('',(890.,585.));
#1905 = CARTESIAN_POINT('',(795.,680.));
#1906 = ( GEOMETRIC_REPRESENTATION_CONTEXT(2) 
PARAMETRIC_REPRESENTATION_CONTEXT() REPRESENTATION_CONTEXT('2D SPACE',''
  ) );
#1907 = PCURVE('',#1827,#1908);
#1908 = DEFINITIONAL_REPRESENTATION('',(#1909),#1912);
#1909 = B_SPLINE_CURVE_WITH_KNOTS('',1,(#1910,#1911),.UNSPECIFIED.,.F.,
  .F.,(2,2),(-107.8337841309,26.516504294496),.PIECEWISE_BEZIER_KNOTS.);
#1910 = CARTESIAN_POINT('',(0.,-142.5));
#1911 = CARTESIAN_POINT('',(134.35028842544,-142.5));
#1912 = ( GEOMETRIC_REPRESENTATION_CONTEXT(2) 
PARAMETRIC_REPRESENTATION_CONTEXT() REPRESENTATION_CONTEXT('2D SPACE',''
  ) );
#1913 = ORIENTED_EDGE('',*,*,#1914,.T.);
#1914 = EDGE_CURVE('',#1894,#1915,#1917,.T.);
#1915 = VERTEX_POINT('',#1916);
#1916 = CARTESIAN_POINT('',(260.,280.,204.5));
#1917 = SURFACE_CURVE('',#1918,(#1922,#1928),.PCURVE_S1.);
#1918 = LINE('',#1919,#1920);
#1919 = CARTESIAN_POINT('',(-102.5,280.,204.5));
#1920 = VECTOR('',#1921,1.);
#1921 = DIRECTION('',(-1.,0.,0.));
#1922 = PCURVE('',#1746,#1923);
#1923 = DEFINITIONAL_REPRESENTATION('',(#1924),#1927);
#1924 = B_SPLINE_CURVE_WITH_KNOTS('',1,(#1925,#1926),.UNSPECIFIED.,.F.,
  .F.,(2,2),(-397.5,192.5),.PIECEWISE_BEZIER_KNOTS.);
#1925 = CARTESIAN_POINT('',(795.,680.));
#1926 = CARTESIAN_POINT('',(205.,680.));
#1927 = ( GEOMETRIC_REPRESENTATION_CONTEXT(2) 
PARAMETRIC_REPRESENTATION_CONTEXT() REPRESENTATION_CONTEXT('2D SPACE',''
  ) );
#1928 = PCURVE('',#1929,#1934);
#1929 = PLANE('',#1930);
#1930 = AXIS2_PLACEMENT_3D('',#1931,#1932,#1933);
#1931 = CARTESIAN_POINT('',(295.,280.,62.));
#1932 = DIRECTION('',(0.,-1.,0.));
#1933 = DIRECTION('',(-1.,0.,0.));
#1934 = DEFINITIONAL_REPRESENTATION('',(#1935),#1938);
#1935 = B_SPLINE_CURVE_WITH_KNOTS('',1,(#1936,#1937),.UNSPECIFIED.,.F.,
  .F.,(2,2),(-397.5,192.5),.PIECEWISE_BEZIER_KNOTS.);
#1936 = CARTESIAN_POINT('',(0.,-142.5));
#1937 = CARTESIAN_POINT('',(590.,-142.5));
#1938 = ( GEOMETRIC_REPRESENTATION_CONTEXT(2) 
PARAMETRIC_REPRESENTATION_CONTEXT() REPRESENTATION_CONTEXT('2D SPACE',''
  ) );
#1939 = ORIENTED_EDGE('',*,*,#1940,.F.);
#1940 = EDGE_CURVE('',#1941,#1915,#1943,.T.);
#1941 = VERTEX_POINT('',#1942);
#1942 = CARTESIAN_POINT('',(260.,278.,204.5));
#1943 = SURFACE_CURVE('',#1944,(#1948,#1954),.PCURVE_S1.);
#1944 = LINE('',#1945,#1946);
#1945 = CARTESIAN_POINT('',(260.,-400.,204.5));
#1946 = VECTOR('',#1947,1.);
#1947 = DIRECTION('',(-0.,1.,0.));
#1948 = PCURVE('',#1746,#1949);
#1949 = DEFINITIONAL_REPRESENTATION('',(#1950),#1953);
#1950 = B_SPLINE_CURVE_WITH_KNOTS('',1,(#1951,#1952),.UNSPECIFIED.,.F.,
  .F.,(2,2),(194.9457476709,680.),.PIECEWISE_BEZIER_KNOTS.);
#1951 = CARTESIAN_POINT('',(760.,194.9457476709));
#1952 = CARTESIAN_POINT('',(760.,680.));
#1953 = ( GEOMETRIC_REPRESENTATION_CONTEXT(2) 
PARAMETRIC_REPRESENTATION_CONTEXT() REPRESENTATION_CONTEXT('2D SPACE',''
  ) );
#1954 = PCURVE('',#1955,#1960);
#1955 = PLANE('',#1956);
#1956 = AXIS2_PLACEMENT_3D('',#1957,#1958,#1959);
#1957 = CARTESIAN_POINT('',(260.,-400.,0.));
#1958 = DIRECTION('',(1.,0.,-0.));
#1959 = DIRECTION('',(0.,0.,1.));
#1960 = DEFINITIONAL_REPRESENTATION('',(#1961),#1964);
#1961 = B_SPLINE_CURVE_WITH_KNOTS('',1,(#1962,#1963),.UNSPECIFIED.,.F.,
  .F.,(2,2),(194.9457476709,680.),.PIECEWISE_BEZIER_KNOTS.);
#1962 = CARTESIAN_POINT('',(204.5,-194.9457476709));
#1963 = CARTESIAN_POINT('',(204.5,-680.));
#1964 = ( GEOMETRIC_REPRESENTATION_CONTEXT(2) 
PARAMETRIC_REPRESENTATION_CONTEXT() REPRESENTATION_CONTEXT('2D SPACE',''
  ) );
#1965 = ORIENTED_EDGE('',*,*,#1966,.F.);
#1966 = EDGE_CURVE('',#1967,#1941,#1969,.T.);
#1967 = VERTEX_POINT('',#1968);
#1968 = CARTESIAN_POINT('',(293.82842712474,278.,204.5));
#1969 = SURFACE_CURVE('',#1970,(#1974,#1980),.PCURVE_S1.);
#1970 = LINE('',#1971,#1972);
#1971 = CARTESIAN_POINT('',(-103.0857864376,278.,204.5));
#1972 = VECTOR('',#1973,1.);
#1973 = DIRECTION('',(-1.,0.,0.));
#1974 = PCURVE('',#1746,#1975);
#1975 = DEFINITIONAL_REPRESENTATION('',(#1976),#1979);
#1976 = B_SPLINE_CURVE_WITH_KNOTS('',1,(#1977,#1978),.UNSPECIFIED.,.F.,
  .F.,(2,2),(-396.9142135623,190.74264068711),.PIECEWISE_BEZIER_KNOTS.);
#1977 = CARTESIAN_POINT('',(793.82842712474,678.));
#1978 = CARTESIAN_POINT('',(206.17157287525,678.));
#1979 = ( GEOMETRIC_REPRESENTATION_CONTEXT(2) 
PARAMETRIC_REPRESENTATION_CONTEXT() REPRESENTATION_CONTEXT('2D SPACE',''
  ) );
#1980 = PCURVE('',#1981,#1986);
#1981 = PLANE('',#1982);
#1982 = AXIS2_PLACEMENT_3D('',#1983,#1984,#1985);
#1983 = CARTESIAN_POINT('',(293.82842712474,278.,61.));
#1984 = DIRECTION('',(0.,-1.,0.));
#1985 = DIRECTION('',(-1.,0.,0.));
#1986 = DEFINITIONAL_REPRESENTATION('',(#1987),#1990);
#1987 = B_SPLINE_CURVE_WITH_KNOTS('',1,(#1988,#1989),.UNSPECIFIED.,.F.,
  .F.,(2,2),(-396.9142135623,190.74264068711),.PIECEWISE_BEZIER_KNOTS.);
#1988 = CARTESIAN_POINT('',(0.,-143.5));
#1989 = CARTESIAN_POINT('',(587.65685424949,-143.5));
#1990 = ( GEOMETRIC_REPRESENTATION_CONTEXT(2) 
PARAMETRIC_REPRESENTATION_CONTEXT() REPRESENTATION_CONTEXT('2D SPACE',''
  ) );
#1991 = ORIENTED_EDGE('',*,*,#1992,.F.);
#1992 = EDGE_CURVE('',#1993,#1967,#1995,.T.);
#1993 = VERTEX_POINT('',#1994);
#1994 = CARTESIAN_POINT('',(388.,183.82842712474,204.5));
#1995 = SURFACE_CURVE('',#1996,(#2000,#2006),.PCURVE_S1.);
#1996 = LINE('',#1997,#1998);
#1997 = CARTESIAN_POINT('',(311.95710678118,259.87132034356,204.5));
#1998 = VECTOR('',#1999,1.);
#1999 = DIRECTION('',(-0.707106781187,0.707106781187,0.));
#2000 = PCURVE('',#1746,#2001);
#2001 = DEFINITIONAL_REPRESENTATION('',(#2002),#2005);
#2002 = B_SPLINE_CURVE_WITH_KNOTS('',1,(#2003,#2004),.UNSPECIFIED.,.F.,
  .F.,(2,2),(-107.5408909121,25.637824638055),.PIECEWISE_BEZIER_KNOTS.);
#2003 = CARTESIAN_POINT('',(888.,583.82842712474));
#2004 = CARTESIAN_POINT('',(793.82842712474,678.));
#2005 = ( GEOMETRIC_REPRESENTATION_CONTEXT(2) 
PARAMETRIC_REPRESENTATION_CONTEXT() REPRESENTATION_CONTEXT('2D SPACE',''
  ) );
#2006 = PCURVE('',#2007,#2012);
#2007 = PLANE('',#2008);
#2008 = AXIS2_PLACEMENT_3D('',#2009,#2010,#2011);
#2009 = CARTESIAN_POINT('',(388.,183.82842712474,61.));
#2010 = DIRECTION('',(-0.707106781187,-0.707106781187,0.));
#2011 = DIRECTION('',(-0.707106781187,0.707106781187,0.));
#2012 = DEFINITIONAL_REPRESENTATION('',(#2013),#2016);
#2013 = B_SPLINE_CURVE_WITH_KNOTS('',1,(#2014,#2015),.UNSPECIFIED.,.F.,
  .F.,(2,2),(-107.5408909121,25.637824638055),.PIECEWISE_BEZIER_KNOTS.);
#2014 = CARTESIAN_POINT('',(0.,-143.5));
#2015 = CARTESIAN_POINT('',(133.17871555019,-143.5));
#2016 = ( GEOMETRIC_REPRESENTATION_CONTEXT(2) 
PARAMETRIC_REPRESENTATION_CONTEXT() REPRESENTATION_CONTEXT('2D SPACE',''
  ) );
#2017 = ORIENTED_EDGE('',*,*,#2018,.F.);
#2018 = EDGE_CURVE('',#2019,#1993,#2021,.T.);
#2019 = VERTEX_POINT('',#2020);
#2020 = CARTESIAN_POINT('',(388.,-183.8284271247,204.5));
#2021 = SURFACE_CURVE('',#2022,(#2026,#2032),.PCURVE_S1.);
#2022 = LINE('',#2023,#2024);
#2023 = CARTESIAN_POINT('',(388.,-291.9142135623,204.5));
#2024 = VECTOR('',#2025,1.);
#2025 = DIRECTION('',(0.,1.,-0.));
#2026 = PCURVE('',#1746,#2027);
#2027 = DEFINITIONAL_REPRESENTATION('',(#2028),#2031);
#2028 = B_SPLINE_CURVE_WITH_KNOTS('',1,(#2029,#2030),.UNSPECIFIED.,.F.,
  .F.,(2,2),(108.08578643762,475.74264068711),.PIECEWISE_BEZIER_KNOTS.);
#2029 = CARTESIAN_POINT('',(888.,216.17157287525));
#2030 = CARTESIAN_POINT('',(888.,583.82842712474));
#2031 = ( GEOMETRIC_REPRESENTATION_CONTEXT(2) 
PARAMETRIC_REPRESENTATION_CONTEXT() REPRESENTATION_CONTEXT('2D SPACE',''
  ) );
#2032 = PCURVE('',#2033,#2038);
#2033 = PLANE('',#2034);
#2034 = AXIS2_PLACEMENT_3D('',#2035,#2036,#2037);
#2035 = CARTESIAN_POINT('',(388.,-183.8284271247,61.));
#2036 = DIRECTION('',(-1.,0.,0.));
#2037 = DIRECTION('',(0.,1.,0.));
#2038 = DEFINITIONAL_REPRESENTATION('',(#2039),#2042);
#2039 = B_SPLINE_CURVE_WITH_KNOTS('',1,(#2040,#2041),.UNSPECIFIED.,.F.,
  .F.,(2,2),(108.08578643762,475.74264068711),.PIECEWISE_BEZIER_KNOTS.);
#2040 = CARTESIAN_POINT('',(0.,-143.5));
#2041 = CARTESIAN_POINT('',(367.65685424949,-143.5));
#2042 = ( GEOMETRIC_REPRESENTATION_CONTEXT(2) 
PARAMETRIC_REPRESENTATION_CONTEXT() REPRESENTATION_CONTEXT('2D SPACE',''
  ) );
#2043 = ORIENTED_EDGE('',*,*,#2044,.F.);
#2044 = EDGE_CURVE('',#1845,#2019,#2045,.T.);
#2045 = SURFACE_CURVE('',#2046,(#2050,#2056),.PCURVE_S1.);
#2046 = LINE('',#2047,#2048);
#2047 = CARTESIAN_POINT('',(64.87132034356,-506.9571067811,204.5));
#2048 = VECTOR('',#2049,1.);
#2049 = DIRECTION('',(0.707106781187,0.707106781187,-0.));
#2050 = PCURVE('',#1746,#2051);
#2051 = DEFINITIONAL_REPRESENTATION('',(#2052),#2055);
#2052 = B_SPLINE_CURVE_WITH_KNOTS('',1,(#2053,#2054),.UNSPECIFIED.,.F.,
  .F.,(2,2),(323.79424561165,456.97296116184),.PIECEWISE_BEZIER_KNOTS.);
#2053 = CARTESIAN_POINT('',(793.82842712474,122.));
#2054 = CARTESIAN_POINT('',(888.,216.17157287525));
#2055 = ( GEOMETRIC_REPRESENTATION_CONTEXT(2) 
PARAMETRIC_REPRESENTATION_CONTEXT() REPRESENTATION_CONTEXT('2D SPACE',''
  ) );
#2056 = PCURVE('',#2057,#2062);
#2057 = PLANE('',#2058);
#2058 = AXIS2_PLACEMENT_3D('',#2059,#2060,#2061);
#2059 = CARTESIAN_POINT('',(293.82842712474,-278.,61.));
#2060 = DIRECTION('',(-0.707106781187,0.707106781187,0.));
#2061 = DIRECTION('',(0.707106781187,0.707106781187,0.));
#2062 = DEFINITIONAL_REPRESENTATION('',(#2063),#2066);
#2063 = B_SPLINE_CURVE_WITH_KNOTS('',1,(#2064,#2065),.UNSPECIFIED.,.F.,
  .F.,(2,2),(323.79424561165,456.97296116184),.PIECEWISE_BEZIER_KNOTS.);
#2064 = CARTESIAN_POINT('',(0.,-143.5));
#2065 = CARTESIAN_POINT('',(133.17871555019,-143.5));
#2066 = ( GEOMETRIC_REPRESENTATION_CONTEXT(2) 
PARAMETRIC_REPRESENTATION_CONTEXT() REPRESENTATION_CONTEXT('2D SPACE',''
  ) );
#2067 = ADVANCED_FACE('',(#2068),#1827,.F.);
#2068 = FACE_BOUND('',#2069,.F.);
#2069 = EDGE_LOOP('',(#2070,#2071,#2072,#2095));
#2070 = ORIENTED_EDGE('',*,*,#1893,.F.);
#2071 = ORIENTED_EDGE('',*,*,#1813,.T.);
#2072 = ORIENTED_EDGE('',*,*,#2073,.T.);
#2073 = EDGE_CURVE('',#1786,#2074,#2076,.T.);
#2074 = VERTEX_POINT('',#2075);
#2075 = CARTESIAN_POINT('',(295.,280.,337.));
#2076 = SURFACE_CURVE('',#2077,(#2081,#2088),.PCURVE_S1.);
#2077 = LINE('',#2078,#2079);
#2078 = CARTESIAN_POINT('',(390.,185.,337.));
#2079 = VECTOR('',#2080,1.);
#2080 = DIRECTION('',(-0.707106781187,0.707106781187,0.));
#2081 = PCURVE('',#1827,#2082);
#2082 = DEFINITIONAL_REPRESENTATION('',(#2083),#2087);
#2083 = LINE('',#2084,#2085);
#2084 = CARTESIAN_POINT('',(0.,-275.));
#2085 = VECTOR('',#2086,1.);
#2086 = DIRECTION('',(1.,0.));
#2087 = ( GEOMETRIC_REPRESENTATION_CONTEXT(2) 
PARAMETRIC_REPRESENTATION_CONTEXT() REPRESENTATION_CONTEXT('2D SPACE',''
  ) );
#2088 = PCURVE('',#1801,#2089);
#2089 = DEFINITIONAL_REPRESENTATION('',(#2090),#2094);
#2090 = LINE('',#2091,#2092);
#2091 = CARTESIAN_POINT('',(390.,185.));
#2092 = VECTOR('',#2093,1.);
#2093 = DIRECTION('',(-0.707106781187,0.707106781187));
#2094 = ( GEOMETRIC_REPRESENTATION_CONTEXT(2) 
PARAMETRIC_REPRESENTATION_CONTEXT() REPRESENTATION_CONTEXT('2D SPACE',''
  ) );
#2095 = ORIENTED_EDGE('',*,*,#2096,.F.);
#2096 = EDGE_CURVE('',#1894,#2074,#2097,.T.);
#2097 = SURFACE_CURVE('',#2098,(#2102,#2109),.PCURVE_S1.);
#2098 = LINE('',#2099,#2100);
#2099 = CARTESIAN_POINT('',(295.,280.,62.));
#2100 = VECTOR('',#2101,1.);
#2101 = DIRECTION('',(0.,0.,1.));
#2102 = PCURVE('',#1827,#2103);
#2103 = DEFINITIONAL_REPRESENTATION('',(#2104),#2108);
#2104 = LINE('',#2105,#2106);
#2105 = CARTESIAN_POINT('',(134.35028842544,0.));
#2106 = VECTOR('',#2107,1.);
#2107 = DIRECTION('',(0.,-1.));
#2108 = ( GEOMETRIC_REPRESENTATION_CONTEXT(2) 
PARAMETRIC_REPRESENTATION_CONTEXT() REPRESENTATION_CONTEXT('2D SPACE',''
  ) );
#2109 = PCURVE('',#1929,#2110);
#2110 = DEFINITIONAL_REPRESENTATION('',(#2111),#2115);
#2111 = LINE('',#2112,#2113);
#2112 = CARTESIAN_POINT('',(0.,-0.));
#2113 = VECTOR('',#2114,1.);
#2114 = DIRECTION('',(0.,-1.));
#2115 = ( GEOMETRIC_REPRESENTATION_CONTEXT(2) 
PARAMETRIC_REPRESENTATION_CONTEXT() REPRESENTATION_CONTEXT('2D SPACE',''
  ) );
#2116 = ADVANCED_FACE('',(#2117),#1801,.T.);
#2117 = FACE_BOUND('',#2118,.T.);
#2118 = EDGE_LOOP('',(#2119,#2142,#2143,#2144,#2167,#2188,#2209,#2230,
    #2251,#2272,#2298,#2324));
#2119 = ORIENTED_EDGE('',*,*,#2120,.T.);
#2120 = EDGE_CURVE('',#2121,#1758,#2123,.T.);
#2121 = VERTEX_POINT('',#2122);
#2122 = CARTESIAN_POINT('',(295.,-280.,337.));
#2123 = SURFACE_CURVE('',#2124,(#2128,#2135),.PCURVE_S1.);
#2124 = LINE('',#2125,#2126);
#2125 = CARTESIAN_POINT('',(295.,-280.,337.));
#2126 = VECTOR('',#2127,1.);
#2127 = DIRECTION('',(0.707106781187,0.707106781187,0.));
#2128 = PCURVE('',#1801,#2129);
#2129 = DEFINITIONAL_REPRESENTATION('',(#2130),#2134);
#2130 = LINE('',#2131,#2132);
#2131 = CARTESIAN_POINT('',(295.,-280.));
#2132 = VECTOR('',#2133,1.);
#2133 = DIRECTION('',(0.707106781187,0.707106781187));
#2134 = ( GEOMETRIC_REPRESENTATION_CONTEXT(2) 
PARAMETRIC_REPRESENTATION_CONTEXT() REPRESENTATION_CONTEXT('2D SPACE',''
  ) );
#2135 = PCURVE('',#1773,#2136);
#2136 = DEFINITIONAL_REPRESENTATION('',(#2137),#2141);
#2137 = LINE('',#2138,#2139);
#2138 = CARTESIAN_POINT('',(0.,-275.));
#2139 = VECTOR('',#2140,1.);
#2140 = DIRECTION('',(1.,0.));
#2141 = ( GEOMETRIC_REPRESENTATION_CONTEXT(2) 
PARAMETRIC_REPRESENTATION_CONTEXT() REPRESENTATION_CONTEXT('2D SPACE',''
  ) );
#2142 = ORIENTED_EDGE('',*,*,#1785,.T.);
#2143 = ORIENTED_EDGE('',*,*,#2073,.T.);
#2144 = ORIENTED_EDGE('',*,*,#2145,.T.);
#2145 = EDGE_CURVE('',#2074,#2146,#2148,.T.);
#2146 = VERTEX_POINT('',#2147);
#2147 = CARTESIAN_POINT('',(260.,280.,337.));
#2148 = SURFACE_CURVE('',#2149,(#2153,#2160),.PCURVE_S1.);
#2149 = LINE('',#2150,#2151);
#2150 = CARTESIAN_POINT('',(295.,280.,337.));
#2151 = VECTOR('',#2152,1.);
#2152 = DIRECTION('',(-1.,0.,0.));
#2153 = PCURVE('',#1801,#2154);
#2154 = DEFINITIONAL_REPRESENTATION('',(#2155),#2159);
#2155 = LINE('',#2156,#2157);
#2156 = CARTESIAN_POINT('',(295.,280.));
#2157 = VECTOR('',#2158,1.);
#2158 = DIRECTION('',(-1.,0.));
#2159 = ( GEOMETRIC_REPRESENTATION_CONTEXT(2) 
PARAMETRIC_REPRESENTATION_CONTEXT() REPRESENTATION_CONTEXT('2D SPACE',''
  ) );
#2160 = PCURVE('',#1929,#2161);
#2161 = DEFINITIONAL_REPRESENTATION('',(#2162),#2166);
#2162 = LINE('',#2163,#2164);
#2163 = CARTESIAN_POINT('',(0.,-275.));
#2164 = VECTOR('',#2165,1.);
#2165 = DIRECTION('',(1.,0.));
#2166 = ( GEOMETRIC_REPRESENTATION_CONTEXT(2) 
PARAMETRIC_REPRESENTATION_CONTEXT() REPRESENTATION_CONTEXT('2D SPACE',''
  ) );
#2167 = ORIENTED_EDGE('',*,*,#2168,.F.);
#2168 = EDGE_CURVE('',#2169,#2146,#2171,.T.);
#2169 = VERTEX_POINT('',#2170);
#2170 = CARTESIAN_POINT('',(260.,278.,337.));
#2171 = SURFACE_CURVE('',#2172,(#2176,#2182),.PCURVE_S1.);
#2172 = LINE('',#2173,#2174);
#2173 = CARTESIAN_POINT('',(260.,-200.,337.));
#2174 = VECTOR('',#2175,1.);
#2175 = DIRECTION('',(-0.,1.,0.));
#2176 = PCURVE('',#1801,#2177);
#2177 = DEFINITIONAL_REPRESENTATION('',(#2178),#2181);
#2178 = B_SPLINE_CURVE_WITH_KNOTS('',1,(#2179,#2180),.UNSPECIFIED.,.F.,
  .F.,(2,2),(-80.,480.),.PIECEWISE_BEZIER_KNOTS.);
#2179 = CARTESIAN_POINT('',(260.,-280.));
#2180 = CARTESIAN_POINT('',(260.,280.));
#2181 = ( GEOMETRIC_REPRESENTATION_CONTEXT(2) 
PARAMETRIC_REPRESENTATION_CONTEXT() REPRESENTATION_CONTEXT('2D SPACE',''
  ) );
#2182 = PCURVE('',#1955,#2183);
#2183 = DEFINITIONAL_REPRESENTATION('',(#2184),#2187);
#2184 = B_SPLINE_CURVE_WITH_KNOTS('',1,(#2185,#2186),.UNSPECIFIED.,.F.,
  .F.,(2,2),(-80.,480.),.PIECEWISE_BEZIER_KNOTS.);
#2185 = CARTESIAN_POINT('',(337.,-120.));
#2186 = CARTESIAN_POINT('',(337.,-680.));
#2187 = ( GEOMETRIC_REPRESENTATION_CONTEXT(2) 
PARAMETRIC_REPRESENTATION_CONTEXT() REPRESENTATION_CONTEXT('2D SPACE',''
  ) );
#2188 = ORIENTED_EDGE('',*,*,#2189,.T.);
#2189 = EDGE_CURVE('',#2169,#2190,#2192,.T.);
#2190 = VERTEX_POINT('',#2191);
#2191 = CARTESIAN_POINT('',(293.82842712474,278.,337.));
#2192 = SURFACE_CURVE('',#2193,(#2197,#2203),.PCURVE_S1.);
#2193 = LINE('',#2194,#2195);
#2194 = CARTESIAN_POINT('',(146.91421356237,278.,337.));
#2195 = VECTOR('',#2196,1.);
#2196 = DIRECTION('',(1.,0.,-0.));
#2197 = PCURVE('',#1801,#2198);
#2198 = DEFINITIONAL_REPRESENTATION('',(#2199),#2202);
#2199 = B_SPLINE_CURVE_WITH_KNOTS('',1,(#2200,#2201),.UNSPECIFIED.,.F.,
  .F.,(2,2),(-440.7426406871,146.91421356237),.PIECEWISE_BEZIER_KNOTS.);
#2200 = CARTESIAN_POINT('',(-293.8284271247,278.));
#2201 = CARTESIAN_POINT('',(293.82842712474,278.));
#2202 = ( GEOMETRIC_REPRESENTATION_CONTEXT(2) 
PARAMETRIC_REPRESENTATION_CONTEXT() REPRESENTATION_CONTEXT('2D SPACE',''
  ) );
#2203 = PCURVE('',#1981,#2204);
#2204 = DEFINITIONAL_REPRESENTATION('',(#2205),#2208);
#2205 = B_SPLINE_CURVE_WITH_KNOTS('',1,(#2206,#2207),.UNSPECIFIED.,.F.,
  .F.,(2,2),(-440.7426406871,146.91421356237),.PIECEWISE_BEZIER_KNOTS.);
#2206 = CARTESIAN_POINT('',(587.65685424949,-276.));
#2207 = CARTESIAN_POINT('',(0.,-276.));
#2208 = ( GEOMETRIC_REPRESENTATION_CONTEXT(2) 
PARAMETRIC_REPRESENTATION_CONTEXT() REPRESENTATION_CONTEXT('2D SPACE',''
  ) );
#2209 = ORIENTED_EDGE('',*,*,#2210,.T.);
#2210 = EDGE_CURVE('',#2190,#2211,#2213,.T.);
#2211 = VERTEX_POINT('',#2212);
#2212 = CARTESIAN_POINT('',(388.,183.82842712474,337.));
#2213 = SURFACE_CURVE('',#2214,(#2218,#2224),.PCURVE_S1.);
#2214 = LINE('',#2215,#2216);
#2215 = CARTESIAN_POINT('',(336.95710678118,234.87132034356,337.));
#2216 = VECTOR('',#2217,1.);
#2217 = DIRECTION('',(0.707106781187,-0.707106781187,0.));
#2218 = PCURVE('',#1801,#2219);
#2219 = DEFINITIONAL_REPRESENTATION('',(#2220),#2223);
#2220 = B_SPLINE_CURVE_WITH_KNOTS('',1,(#2221,#2222),.UNSPECIFIED.,.F.,
  .F.,(2,2),(-60.99316369738,72.185551852808),.PIECEWISE_BEZIER_KNOTS.);
#2221 = CARTESIAN_POINT('',(293.82842712474,278.));
#2222 = CARTESIAN_POINT('',(388.,183.82842712474));
#2223 = ( GEOMETRIC_REPRESENTATION_CONTEXT(2) 
PARAMETRIC_REPRESENTATION_CONTEXT() REPRESENTATION_CONTEXT('2D SPACE',''
  ) );
#2224 = PCURVE('',#2007,#2225);
#2225 = DEFINITIONAL_REPRESENTATION('',(#2226),#2229);
#2226 = B_SPLINE_CURVE_WITH_KNOTS('',1,(#2227,#2228),.UNSPECIFIED.,.F.,
  .F.,(2,2),(-60.99316369738,72.185551852808),.PIECEWISE_BEZIER_KNOTS.);
#2227 = CARTESIAN_POINT('',(133.17871555019,-276.));
#2228 = CARTESIAN_POINT('',(0.,-276.));
#2229 = ( GEOMETRIC_REPRESENTATION_CONTEXT(2) 
PARAMETRIC_REPRESENTATION_CONTEXT() REPRESENTATION_CONTEXT('2D SPACE',''
  ) );
#2230 = ORIENTED_EDGE('',*,*,#2231,.T.);
#2231 = EDGE_CURVE('',#2211,#2232,#2234,.T.);
#2232 = VERTEX_POINT('',#2233);
#2233 = CARTESIAN_POINT('',(388.,-183.8284271247,337.));
#2234 = SURFACE_CURVE('',#2235,(#2239,#2245),.PCURVE_S1.);
#2235 = LINE('',#2236,#2237);
#2236 = CARTESIAN_POINT('',(388.,-91.91421356237,337.));
#2237 = VECTOR('',#2238,1.);
#2238 = DIRECTION('',(0.,-1.,0.));
#2239 = PCURVE('',#1801,#2240);
#2240 = DEFINITIONAL_REPRESENTATION('',(#2241),#2244);
#2241 = B_SPLINE_CURVE_WITH_KNOTS('',1,(#2242,#2243),.UNSPECIFIED.,.F.,
  .F.,(2,2),(-275.7426406871,91.914213562373),.PIECEWISE_BEZIER_KNOTS.);
#2242 = CARTESIAN_POINT('',(388.,183.82842712474));
#2243 = CARTESIAN_POINT('',(388.,-183.8284271247));
#2244 = ( GEOMETRIC_REPRESENTATION_CONTEXT(2) 
PARAMETRIC_REPRESENTATION_CONTEXT() REPRESENTATION_CONTEXT('2D SPACE',''
  ) );
#2245 = PCURVE('',#2033,#2246);
#2246 = DEFINITIONAL_REPRESENTATION('',(#2247),#2250);
#2247 = B_SPLINE_CURVE_WITH_KNOTS('',1,(#2248,#2249),.UNSPECIFIED.,.F.,
  .F.,(2,2),(-275.7426406871,91.914213562373),.PIECEWISE_BEZIER_KNOTS.);
#2248 = CARTESIAN_POINT('',(367.65685424949,-276.));
#2249 = CARTESIAN_POINT('',(0.,-276.));
#2250 = ( GEOMETRIC_REPRESENTATION_CONTEXT(2) 
PARAMETRIC_REPRESENTATION_CONTEXT() REPRESENTATION_CONTEXT('2D SPACE',''
  ) );
#2251 = ORIENTED_EDGE('',*,*,#2252,.T.);
#2252 = EDGE_CURVE('',#2232,#2253,#2255,.T.);
#2253 = VERTEX_POINT('',#2254);
#2254 = CARTESIAN_POINT('',(293.82842712474,-278.,337.));
#2255 = SURFACE_CURVE('',#2256,(#2260,#2266),.PCURVE_S1.);
#2256 = LINE('',#2257,#2258);
#2257 = CARTESIAN_POINT('',(289.87132034356,-281.9571067811,337.));
#2258 = VECTOR('',#2259,1.);
#2259 = DIRECTION('',(-0.707106781187,-0.707106781187,0.));
#2260 = PCURVE('',#1801,#2261);
#2261 = DEFINITIONAL_REPRESENTATION('',(#2262),#2265);
#2262 = B_SPLINE_CURVE_WITH_KNOTS('',1,(#2263,#2264),.UNSPECIFIED.,.F.,
  .F.,(2,2),(-138.7749096279,-5.596194077713),.PIECEWISE_BEZIER_KNOTS.);
#2263 = CARTESIAN_POINT('',(388.,-183.8284271247));
#2264 = CARTESIAN_POINT('',(293.82842712474,-278.));
#2265 = ( GEOMETRIC_REPRESENTATION_CONTEXT(2) 
PARAMETRIC_REPRESENTATION_CONTEXT() REPRESENTATION_CONTEXT('2D SPACE',''
  ) );
#2266 = PCURVE('',#2057,#2267);
#2267 = DEFINITIONAL_REPRESENTATION('',(#2268),#2271);
#2268 = B_SPLINE_CURVE_WITH_KNOTS('',1,(#2269,#2270),.UNSPECIFIED.,.F.,
  .F.,(2,2),(-138.7749096279,-5.596194077713),.PIECEWISE_BEZIER_KNOTS.);
#2269 = CARTESIAN_POINT('',(133.17871555019,-276.));
#2270 = CARTESIAN_POINT('',(0.,-276.));
#2271 = ( GEOMETRIC_REPRESENTATION_CONTEXT(2) 
PARAMETRIC_REPRESENTATION_CONTEXT() REPRESENTATION_CONTEXT('2D SPACE',''
  ) );
#2272 = ORIENTED_EDGE('',*,*,#2273,.T.);
#2273 = EDGE_CURVE('',#2253,#2274,#2276,.T.);
#2274 = VERTEX_POINT('',#2275);
#2275 = CARTESIAN_POINT('',(260.,-278.,337.));
#2276 = SURFACE_CURVE('',#2277,(#2281,#2287),.PCURVE_S1.);
#2277 = LINE('',#2278,#2279);
#2278 = CARTESIAN_POINT('',(-146.9142135623,-278.,337.));
#2279 = VECTOR('',#2280,1.);
#2280 = DIRECTION('',(-1.,0.,0.));
#2281 = PCURVE('',#1801,#2282);
#2282 = DEFINITIONAL_REPRESENTATION('',(#2283),#2286);
#2283 = B_SPLINE_CURVE_WITH_KNOTS('',1,(#2284,#2285),.UNSPECIFIED.,.F.,
  .F.,(2,2),(-440.7426406871,146.91421356237),.PIECEWISE_BEZIER_KNOTS.);
#2284 = CARTESIAN_POINT('',(293.82842712474,-278.));
#2285 = CARTESIAN_POINT('',(-293.8284271247,-278.));
#2286 = ( GEOMETRIC_REPRESENTATION_CONTEXT(2) 
PARAMETRIC_REPRESENTATION_CONTEXT() REPRESENTATION_CONTEXT('2D SPACE',''
  ) );
#2287 = PCURVE('',#2288,#2293);
#2288 = PLANE('',#2289);
#2289 = AXIS2_PLACEMENT_3D('',#2290,#2291,#2292);
#2290 = CARTESIAN_POINT('',(-293.8284271247,-278.,61.));
#2291 = DIRECTION('',(0.,1.,0.));
#2292 = DIRECTION('',(1.,0.,0.));
#2293 = DEFINITIONAL_REPRESENTATION('',(#2294),#2297);
#2294 = B_SPLINE_CURVE_WITH_KNOTS('',1,(#2295,#2296),.UNSPECIFIED.,.F.,
  .F.,(2,2),(-440.7426406871,146.91421356237),.PIECEWISE_BEZIER_KNOTS.);
#2295 = CARTESIAN_POINT('',(587.65685424949,-276.));
#2296 = CARTESIAN_POINT('',(0.,-276.));
#2297 = ( GEOMETRIC_REPRESENTATION_CONTEXT(2) 
PARAMETRIC_REPRESENTATION_CONTEXT() REPRESENTATION_CONTEXT('2D SPACE',''
  ) );
#2298 = ORIENTED_EDGE('',*,*,#2299,.F.);
#2299 = EDGE_CURVE('',#2300,#2274,#2302,.T.);
#2300 = VERTEX_POINT('',#2301);
#2301 = CARTESIAN_POINT('',(260.,-280.,337.));
#2302 = SURFACE_CURVE('',#2303,(#2307,#2313),.PCURVE_S1.);
#2303 = LINE('',#2304,#2305);
#2304 = CARTESIAN_POINT('',(260.,-200.,337.));
#2305 = VECTOR('',#2306,1.);
#2306 = DIRECTION('',(-0.,1.,0.));
#2307 = PCURVE('',#1801,#2308);
#2308 = DEFINITIONAL_REPRESENTATION('',(#2309),#2312);
#2309 = B_SPLINE_CURVE_WITH_KNOTS('',1,(#2310,#2311),.UNSPECIFIED.,.F.,
  .F.,(2,2),(-80.,480.),.PIECEWISE_BEZIER_KNOTS.);
#2310 = CARTESIAN_POINT('',(260.,-280.));
#2311 = CARTESIAN_POINT('',(260.,280.));
#2312 = ( GEOMETRIC_REPRESENTATION_CONTEXT(2) 
PARAMETRIC_REPRESENTATION_CONTEXT() REPRESENTATION_CONTEXT('2D SPACE',''
  ) );
#2313 = PCURVE('',#2314,#2319);
#2314 = PLANE('',#2315);
#2315 = AXIS2_PLACEMENT_3D('',#2316,#2317,#2318);
#2316 = CARTESIAN_POINT('',(260.,-400.,0.));
#2317 = DIRECTION('',(1.,0.,-0.));
#2318 = DIRECTION('',(0.,0.,1.));
#2319 = DEFINITIONAL_REPRESENTATION('',(#2320),#2323);
#2320 = B_SPLINE_CURVE_WITH_KNOTS('',1,(#2321,#2322),.UNSPECIFIED.,.F.,
  .F.,(2,2),(-80.,480.),.PIECEWISE_BEZIER_KNOTS.);
#2321 = CARTESIAN_POINT('',(337.,-120.));
#2322 = CARTESIAN_POINT('',(337.,-680.));
#2323 = ( GEOMETRIC_REPRESENTATION_CONTEXT(2) 
PARAMETRIC_REPRESENTATION_CONTEXT() REPRESENTATION_CONTEXT('2D SPACE',''
  ) );
#2324 = ORIENTED_EDGE('',*,*,#2325,.T.);
#2325 = EDGE_CURVE('',#2300,#2121,#2326,.T.);
#2326 = SURFACE_CURVE('',#2327,(#2331,#2338),.PCURVE_S1.);
#2327 = LINE('',#2328,#2329);
#2328 = CARTESIAN_POINT('',(-295.,-280.,337.));
#2329 = VECTOR('',#2330,1.);
#2330 = DIRECTION('',(1.,0.,0.));
#2331 = PCURVE('',#1801,#2332);
#2332 = DEFINITIONAL_REPRESENTATION('',(#2333),#2337);
#2333 = LINE('',#2334,#2335);
#2334 = CARTESIAN_POINT('',(-295.,-280.));
#2335 = VECTOR('',#2336,1.);
#2336 = DIRECTION('',(1.,0.));
#2337 = ( GEOMETRIC_REPRESENTATION_CONTEXT(2) 
PARAMETRIC_REPRESENTATION_CONTEXT() REPRESENTATION_CONTEXT('2D SPACE',''
  ) );
#2338 = PCURVE('',#2339,#2344);
#2339 = PLANE('',#2340);
#2340 = AXIS2_PLACEMENT_3D('',#2341,#2342,#2343);
#2341 = CARTESIAN_POINT('',(-295.,-280.,62.));
#2342 = DIRECTION('',(0.,1.,0.));
#2343 = DIRECTION('',(1.,0.,0.));
#2344 = DEFINITIONAL_REPRESENTATION('',(#2345),#2349);
#2345 = LINE('',#2346,#2347);
#2346 = CARTESIAN_POINT('',(0.,-275.));
#2347 = VECTOR('',#2348,1.);
#2348 = DIRECTION('',(1.,0.));
#2349 = ( GEOMETRIC_REPRESENTATION_CONTEXT(2) 
PARAMETRIC_REPRESENTATION_CONTEXT() REPRESENTATION_CONTEXT('2D SPACE',''
  ) );
#2350 = ADVANCED_FACE('',(#2351),#1773,.F.);
#2351 = FACE_BOUND('',#2352,.F.);
#2352 = EDGE_LOOP('',(#2353,#2354,#2375,#2401,#2422,#2423));
#2353 = ORIENTED_EDGE('',*,*,#1873,.F.);
#2354 = ORIENTED_EDGE('',*,*,#2355,.T.);
#2355 = EDGE_CURVE('',#1843,#2356,#2358,.T.);
#2356 = VERTEX_POINT('',#2357);
#2357 = CARTESIAN_POINT('',(369.9457476709,-205.054252329,222.));
#2358 = SURFACE_CURVE('',#2359,(#2363,#2369),.PCURVE_S1.);
#2359 = LINE('',#2360,#2361);
#2360 = CARTESIAN_POINT('',(369.9457476709,-205.054252329,122.));
#2361 = VECTOR('',#2362,1.);
#2362 = DIRECTION('',(0.,0.,1.));
#2363 = PCURVE('',#1773,#2364);
#2364 = DEFINITIONAL_REPRESENTATION('',(#2365),#2368);
#2365 = B_SPLINE_CURVE_WITH_KNOTS('',1,(#2366,#2367),.UNSPECIFIED.,.F.,
  .F.,(2,2),(69.25,100.0000006),.PIECEWISE_BEZIER_KNOTS.);
#2366 = CARTESIAN_POINT('',(105.98929279838,-129.25));
#2367 = CARTESIAN_POINT('',(105.98929279838,-160.0000006));
#2368 = ( GEOMETRIC_REPRESENTATION_CONTEXT(2) 
PARAMETRIC_REPRESENTATION_CONTEXT() REPRESENTATION_CONTEXT('2D SPACE',''
  ) );
#2369 = PCURVE('',#1861,#2370);
#2370 = DEFINITIONAL_REPRESENTATION('',(#2371),#2374);
#2371 = B_SPLINE_CURVE_WITH_KNOTS('',1,(#2372,#2373),.UNSPECIFIED.,.F.,
  .F.,(2,2),(69.25,100.0000006),.PIECEWISE_BEZIER_KNOTS.);
#2372 = CARTESIAN_POINT('',(3.683017177356E-02,69.25));
#2373 = CARTESIAN_POINT('',(3.683017177356E-02,100.0000006));
#2374 = ( GEOMETRIC_REPRESENTATION_CONTEXT(2) 
PARAMETRIC_REPRESENTATION_CONTEXT() REPRESENTATION_CONTEXT('2D SPACE',''
  ) );
#2375 = ORIENTED_EDGE('',*,*,#2376,.F.);
#2376 = EDGE_CURVE('',#2377,#2356,#2379,.T.);
#2377 = VERTEX_POINT('',#2378);
#2378 = CARTESIAN_POINT('',(295.,-280.,222.));
#2379 = SURFACE_CURVE('',#2380,(#2384,#2390),.PCURVE_S1.);
#2380 = LINE('',#2381,#2382);
#2381 = CARTESIAN_POINT('',(311.75,-263.25,222.));
#2382 = VECTOR('',#2383,1.);
#2383 = DIRECTION('',(0.707106781187,0.707106781187,-0.));
#2384 = PCURVE('',#1773,#2385);
#2385 = DEFINITIONAL_REPRESENTATION('',(#2386),#2389);
#2386 = B_SPLINE_CURVE_WITH_KNOTS('',1,(#2387,#2388),.UNSPECIFIED.,.F.,
  .F.,(2,2),(-23.68807716974,82.377940008233),.PIECEWISE_BEZIER_KNOTS.);
#2387 = CARTESIAN_POINT('',(0.,-160.));
#2388 = CARTESIAN_POINT('',(106.06601717798,-160.));
#2389 = ( GEOMETRIC_REPRESENTATION_CONTEXT(2) 
PARAMETRIC_REPRESENTATION_CONTEXT() REPRESENTATION_CONTEXT('2D SPACE',''
  ) );
#2390 = PCURVE('',#2391,#2396);
#2391 = PLANE('',#2392);
#2392 = AXIS2_PLACEMENT_3D('',#2393,#2394,#2395);
#2393 = CARTESIAN_POINT('',(290.,-208.,222.));
#2394 = DIRECTION('',(0.,0.,1.));
#2395 = DIRECTION('',(1.,0.,-0.));
#2396 = DEFINITIONAL_REPRESENTATION('',(#2397),#2400);
#2397 = B_SPLINE_CURVE_WITH_KNOTS('',1,(#2398,#2399),.UNSPECIFIED.,.F.,
  .F.,(2,2),(-23.68807716974,82.377940008233),.PIECEWISE_BEZIER_KNOTS.);
#2398 = CARTESIAN_POINT('',(5.,-72.));
#2399 = CARTESIAN_POINT('',(80.,3.));
#2400 = ( GEOMETRIC_REPRESENTATION_CONTEXT(2) 
PARAMETRIC_REPRESENTATION_CONTEXT() REPRESENTATION_CONTEXT('2D SPACE',''
  ) );
#2401 = ORIENTED_EDGE('',*,*,#2402,.T.);
#2402 = EDGE_CURVE('',#2377,#2121,#2403,.T.);
#2403 = SURFACE_CURVE('',#2404,(#2408,#2415),.PCURVE_S1.);
#2404 = LINE('',#2405,#2406);
#2405 = CARTESIAN_POINT('',(295.,-280.,62.));
#2406 = VECTOR('',#2407,1.);
#2407 = DIRECTION('',(0.,0.,1.));
#2408 = PCURVE('',#1773,#2409);
#2409 = DEFINITIONAL_REPRESENTATION('',(#2410),#2414);
#2410 = LINE('',#2411,#2412);
#2411 = CARTESIAN_POINT('',(0.,0.));
#2412 = VECTOR('',#2413,1.);
#2413 = DIRECTION('',(0.,-1.));
#2414 = ( GEOMETRIC_REPRESENTATION_CONTEXT(2) 
PARAMETRIC_REPRESENTATION_CONTEXT() REPRESENTATION_CONTEXT('2D SPACE',''
  ) );
#2415 = PCURVE('',#2339,#2416);
#2416 = DEFINITIONAL_REPRESENTATION('',(#2417),#2421);
#2417 = LINE('',#2418,#2419);
#2418 = CARTESIAN_POINT('',(590.,0.));
#2419 = VECTOR('',#2420,1.);
#2420 = DIRECTION('',(0.,-1.));
#2421 = ( GEOMETRIC_REPRESENTATION_CONTEXT(2) 
PARAMETRIC_REPRESENTATION_CONTEXT() REPRESENTATION_CONTEXT('2D SPACE',''
  ) );
#2422 = ORIENTED_EDGE('',*,*,#2120,.T.);
#2423 = ORIENTED_EDGE('',*,*,#1757,.F.);
#2424 = ADVANCED_FACE('',(#2425),#1861,.F.);
#2425 = FACE_BOUND('',#2426,.F.);
#2426 = EDGE_LOOP('',(#2427,#2451,#2452,#2453));
#2427 = ORIENTED_EDGE('',*,*,#2428,.F.);
#2428 = EDGE_CURVE('',#2356,#2429,#2431,.T.);
#2429 = VERTEX_POINT('',#2430);
#2430 = CARTESIAN_POINT('',(369.77842750677,-202.0499996179,222.));
#2431 = SURFACE_CURVE('',#2432,(#2437,#2444),.PCURVE_S1.);
#2432 = CIRCLE('',#2433,80.);
#2433 = AXIS2_PLACEMENT_3D('',#2434,#2435,#2436);
#2434 = CARTESIAN_POINT('',(290.,-208.,222.));
#2435 = DIRECTION('',(0.,0.,1.));
#2436 = DIRECTION('',(1.,0.,-0.));
#2437 = PCURVE('',#1861,#2438);
#2438 = DEFINITIONAL_REPRESENTATION('',(#2439),#2443);
#2439 = LINE('',#2440,#2441);
#2440 = CARTESIAN_POINT('',(0.,100.));
#2441 = VECTOR('',#2442,1.);
#2442 = DIRECTION('',(1.,0.));
#2443 = ( GEOMETRIC_REPRESENTATION_CONTEXT(2) 
PARAMETRIC_REPRESENTATION_CONTEXT() REPRESENTATION_CONTEXT('2D SPACE',''
  ) );
#2444 = PCURVE('',#2391,#2445);
#2445 = DEFINITIONAL_REPRESENTATION('',(#2446),#2450);
#2446 = CIRCLE('',#2447,80.);
#2447 = AXIS2_PLACEMENT_2D('',#2448,#2449);
#2448 = CARTESIAN_POINT('',(0.,0.));
#2449 = DIRECTION('',(1.,0.));
#2450 = ( GEOMETRIC_REPRESENTATION_CONTEXT(2) 
PARAMETRIC_REPRESENTATION_CONTEXT() REPRESENTATION_CONTEXT('2D SPACE',''
  ) );
#2451 = ORIENTED_EDGE('',*,*,#2355,.F.);
#2452 = ORIENTED_EDGE('',*,*,#1842,.T.);
#2453 = ORIENTED_EDGE('',*,*,#2454,.T.);
#2454 = EDGE_CURVE('',#1845,#2429,#2455,.T.);
#2455 = SURFACE_CURVE('',#2456,(#2460,#2466),.PCURVE_S1.);
#2456 = LINE('',#2457,#2458);
#2457 = CARTESIAN_POINT('',(369.77842750677,-202.0499996179,122.));
#2458 = VECTOR('',#2459,1.);
#2459 = DIRECTION('',(0.,0.,1.));
#2460 = PCURVE('',#1861,#2461);
#2461 = DEFINITIONAL_REPRESENTATION('',(#2462),#2465);
#2462 = B_SPLINE_CURVE_WITH_KNOTS('',1,(#2463,#2464),.UNSPECIFIED.,.F.,
  .F.,(2,2),(69.25,100.0000006),.PIECEWISE_BEZIER_KNOTS.);
#2463 = CARTESIAN_POINT('',(7.444374533332E-02,69.25));
#2464 = CARTESIAN_POINT('',(7.444374533332E-02,100.0000006));
#2465 = ( GEOMETRIC_REPRESENTATION_CONTEXT(2) 
PARAMETRIC_REPRESENTATION_CONTEXT() REPRESENTATION_CONTEXT('2D SPACE',''
  ) );
#2466 = PCURVE('',#2057,#2467);
#2467 = DEFINITIONAL_REPRESENTATION('',(#2468),#2471);
#2468 = B_SPLINE_CURVE_WITH_KNOTS('',1,(#2469,#2470),.UNSPECIFIED.,.F.,
  .F.,(2,2),(69.25,100.0000006),.PIECEWISE_BEZIER_KNOTS.);
#2469 = CARTESIAN_POINT('',(107.4095206025,-130.25));
#2470 = CARTESIAN_POINT('',(107.4095206025,-161.0000006));
#2471 = ( GEOMETRIC_REPRESENTATION_CONTEXT(2) 
PARAMETRIC_REPRESENTATION_CONTEXT() REPRESENTATION_CONTEXT('2D SPACE',''
  ) );
#2472 = ADVANCED_FACE('',(#2473),#2057,.T.);
#2473 = FACE_BOUND('',#2474,.T.);
#2474 = EDGE_LOOP('',(#2475,#2496,#2497,#2498,#2519,#2540));
#2475 = ORIENTED_EDGE('',*,*,#2476,.F.);
#2476 = EDGE_CURVE('',#2019,#2232,#2477,.T.);
#2477 = SURFACE_CURVE('',#2478,(#2482,#2489),.PCURVE_S1.);
#2478 = LINE('',#2479,#2480);
#2479 = CARTESIAN_POINT('',(388.,-183.8284271247,61.));
#2480 = VECTOR('',#2481,1.);
#2481 = DIRECTION('',(0.,0.,1.));
#2482 = PCURVE('',#2057,#2483);
#2483 = DEFINITIONAL_REPRESENTATION('',(#2484),#2488);
#2484 = LINE('',#2485,#2486);
#2485 = CARTESIAN_POINT('',(133.17871555019,0.));
#2486 = VECTOR('',#2487,1.);
#2487 = DIRECTION('',(0.,-1.));
#2488 = ( GEOMETRIC_REPRESENTATION_CONTEXT(2) 
PARAMETRIC_REPRESENTATION_CONTEXT() REPRESENTATION_CONTEXT('2D SPACE',''
  ) );
#2489 = PCURVE('',#2033,#2490);
#2490 = DEFINITIONAL_REPRESENTATION('',(#2491),#2495);
#2491 = LINE('',#2492,#2493);
#2492 = CARTESIAN_POINT('',(0.,0.));
#2493 = VECTOR('',#2494,1.);
#2494 = DIRECTION('',(0.,-1.));
#2495 = ( GEOMETRIC_REPRESENTATION_CONTEXT(2) 
PARAMETRIC_REPRESENTATION_CONTEXT() REPRESENTATION_CONTEXT('2D SPACE',''
  ) );
#2496 = ORIENTED_EDGE('',*,*,#2044,.F.);
#2497 = ORIENTED_EDGE('',*,*,#2454,.T.);
#2498 = ORIENTED_EDGE('',*,*,#2499,.F.);
#2499 = EDGE_CURVE('',#2500,#2429,#2502,.T.);
#2500 = VERTEX_POINT('',#2501);
#2501 = CARTESIAN_POINT('',(293.82842712474,-278.,222.));
#2502 = SURFACE_CURVE('',#2503,(#2507,#2513),.PCURVE_S1.);
#2503 = LINE('',#2504,#2505);
#2504 = CARTESIAN_POINT('',(310.37132034356,-261.4571067811,222.));
#2505 = VECTOR('',#2506,1.);
#2506 = DIRECTION('',(0.707106781187,0.707106781187,-0.));
#2507 = PCURVE('',#2057,#2508);
#2508 = DEFINITIONAL_REPRESENTATION('',(#2509),#2512);
#2509 = B_SPLINE_CURVE_WITH_KNOTS('',1,(#2510,#2511),.UNSPECIFIED.,.F.,
  .F.,(2,2),(-23.39518395093,84.327687476539),.PIECEWISE_BEZIER_KNOTS.);
#2510 = CARTESIAN_POINT('',(0.,-161.));
#2511 = CARTESIAN_POINT('',(107.72287142747,-161.));
#2512 = ( GEOMETRIC_REPRESENTATION_CONTEXT(2) 
PARAMETRIC_REPRESENTATION_CONTEXT() REPRESENTATION_CONTEXT('2D SPACE',''
  ) );
#2513 = PCURVE('',#2391,#2514);
#2514 = DEFINITIONAL_REPRESENTATION('',(#2515),#2518);
#2515 = B_SPLINE_CURVE_WITH_KNOTS('',1,(#2516,#2517),.UNSPECIFIED.,.F.,
  .F.,(2,2),(-23.39518395093,84.327687476539),.PIECEWISE_BEZIER_KNOTS.);
#2516 = CARTESIAN_POINT('',(3.828427124746,-70.));
#2517 = CARTESIAN_POINT('',(80.,6.171572875254));
#2518 = ( GEOMETRIC_REPRESENTATION_CONTEXT(2) 
PARAMETRIC_REPRESENTATION_CONTEXT() REPRESENTATION_CONTEXT('2D SPACE',''
  ) );
#2519 = ORIENTED_EDGE('',*,*,#2520,.T.);
#2520 = EDGE_CURVE('',#2500,#2253,#2521,.T.);
#2521 = SURFACE_CURVE('',#2522,(#2526,#2533),.PCURVE_S1.);
#2522 = LINE('',#2523,#2524);
#2523 = CARTESIAN_POINT('',(293.82842712474,-278.,61.));
#2524 = VECTOR('',#2525,1.);
#2525 = DIRECTION('',(0.,0.,1.));
#2526 = PCURVE('',#2057,#2527);
#2527 = DEFINITIONAL_REPRESENTATION('',(#2528),#2532);
#2528 = LINE('',#2529,#2530);
#2529 = CARTESIAN_POINT('',(0.,0.));
#2530 = VECTOR('',#2531,1.);
#2531 = DIRECTION('',(0.,-1.));
#2532 = ( GEOMETRIC_REPRESENTATION_CONTEXT(2) 
PARAMETRIC_REPRESENTATION_CONTEXT() REPRESENTATION_CONTEXT('2D SPACE',''
  ) );
#2533 = PCURVE('',#2288,#2534);
#2534 = DEFINITIONAL_REPRESENTATION('',(#2535),#2539);
#2535 = LINE('',#2536,#2537);
#2536 = CARTESIAN_POINT('',(587.65685424949,0.));
#2537 = VECTOR('',#2538,1.);
#2538 = DIRECTION('',(0.,-1.));
#2539 = ( GEOMETRIC_REPRESENTATION_CONTEXT(2) 
PARAMETRIC_REPRESENTATION_CONTEXT() REPRESENTATION_CONTEXT('2D SPACE',''
  ) );
#2540 = ORIENTED_EDGE('',*,*,#2252,.F.);
#2541 = ADVANCED_FACE('',(#2542),#2033,.T.);
#2542 = FACE_BOUND('',#2543,.T.);
#2543 = EDGE_LOOP('',(#2544,#2565,#2566,#2567));
#2544 = ORIENTED_EDGE('',*,*,#2545,.F.);
#2545 = EDGE_CURVE('',#1993,#2211,#2546,.T.);
#2546 = SURFACE_CURVE('',#2547,(#2551,#2558),.PCURVE_S1.);
#2547 = LINE('',#2548,#2549);
#2548 = CARTESIAN_POINT('',(388.,183.82842712474,61.));
#2549 = VECTOR('',#2550,1.);
#2550 = DIRECTION('',(0.,0.,1.));
#2551 = PCURVE('',#2033,#2552);
#2552 = DEFINITIONAL_REPRESENTATION('',(#2553),#2557);
#2553 = LINE('',#2554,#2555);
#2554 = CARTESIAN_POINT('',(367.65685424949,0.));
#2555 = VECTOR('',#2556,1.);
#2556 = DIRECTION('',(0.,-1.));
#2557 = ( GEOMETRIC_REPRESENTATION_CONTEXT(2) 
PARAMETRIC_REPRESENTATION_CONTEXT() REPRESENTATION_CONTEXT('2D SPACE',''
  ) );
#2558 = PCURVE('',#2007,#2559);
#2559 = DEFINITIONAL_REPRESENTATION('',(#2560),#2564);
#2560 = LINE('',#2561,#2562);
#2561 = CARTESIAN_POINT('',(0.,0.));
#2562 = VECTOR('',#2563,1.);
#2563 = DIRECTION('',(0.,-1.));
#2564 = ( GEOMETRIC_REPRESENTATION_CONTEXT(2) 
PARAMETRIC_REPRESENTATION_CONTEXT() REPRESENTATION_CONTEXT('2D SPACE',''
  ) );
#2565 = ORIENTED_EDGE('',*,*,#2018,.F.);
#2566 = ORIENTED_EDGE('',*,*,#2476,.T.);
#2567 = ORIENTED_EDGE('',*,*,#2231,.F.);
#2568 = ADVANCED_FACE('',(#2569),#2007,.T.);
#2569 = FACE_BOUND('',#2570,.T.);
#2570 = EDGE_LOOP('',(#2571,#2592,#2593,#2594));
#2571 = ORIENTED_EDGE('',*,*,#2572,.F.);
#2572 = EDGE_CURVE('',#1967,#2190,#2573,.T.);
#2573 = SURFACE_CURVE('',#2574,(#2578,#2585),.PCURVE_S1.);
#2574 = LINE('',#2575,#2576);
#2575 = CARTESIAN_POINT('',(293.82842712474,278.,61.));
#2576 = VECTOR('',#2577,1.);
#2577 = DIRECTION('',(0.,0.,1.));
#2578 = PCURVE('',#2007,#2579);
#2579 = DEFINITIONAL_REPRESENTATION('',(#2580),#2584);
#2580 = LINE('',#2581,#2582);
#2581 = CARTESIAN_POINT('',(133.17871555019,0.));
#2582 = VECTOR('',#2583,1.);
#2583 = DIRECTION('',(0.,-1.));
#2584 = ( GEOMETRIC_REPRESENTATION_CONTEXT(2) 
PARAMETRIC_REPRESENTATION_CONTEXT() REPRESENTATION_CONTEXT('2D SPACE',''
  ) );
#2585 = PCURVE('',#1981,#2586);
#2586 = DEFINITIONAL_REPRESENTATION('',(#2587),#2591);
#2587 = LINE('',#2588,#2589);
#2588 = CARTESIAN_POINT('',(0.,-0.));
#2589 = VECTOR('',#2590,1.);
#2590 = DIRECTION('',(0.,-1.));
#2591 = ( GEOMETRIC_REPRESENTATION_CONTEXT(2) 
PARAMETRIC_REPRESENTATION_CONTEXT() REPRESENTATION_CONTEXT('2D SPACE',''
  ) );
#2592 = ORIENTED_EDGE('',*,*,#1992,.F.);
#2593 = ORIENTED_EDGE('',*,*,#2545,.T.);
#2594 = ORIENTED_EDGE('',*,*,#2210,.F.);
#2595 = ADVANCED_FACE('',(#2596),#1981,.T.);
#2596 = FACE_BOUND('',#2597,.T.);
#2597 = EDGE_LOOP('',(#2598,#2599,#2618,#2619));
#2598 = ORIENTED_EDGE('',*,*,#2189,.F.);
#2599 = ORIENTED_EDGE('',*,*,#2600,.F.);
#2600 = EDGE_CURVE('',#1941,#2169,#2601,.T.);
#2601 = SURFACE_CURVE('',#2602,(#2606,#2612),.PCURVE_S1.);
#2602 = LINE('',#2603,#2604);
#2603 = CARTESIAN_POINT('',(260.,278.,30.5));
#2604 = VECTOR('',#2605,1.);
#2605 = DIRECTION('',(0.,0.,1.));
#2606 = PCURVE('',#1981,#2607);
#2607 = DEFINITIONAL_REPRESENTATION('',(#2608),#2611);
#2608 = B_SPLINE_CURVE_WITH_KNOTS('',1,(#2609,#2610),.UNSPECIFIED.,.F.,
  .F.,(2,2),(174.,306.5),.PIECEWISE_BEZIER_KNOTS.);
#2609 = CARTESIAN_POINT('',(33.828427124746,-143.5));
#2610 = CARTESIAN_POINT('',(33.828427124746,-276.));
#2611 = ( GEOMETRIC_REPRESENTATION_CONTEXT(2) 
PARAMETRIC_REPRESENTATION_CONTEXT() REPRESENTATION_CONTEXT('2D SPACE',''
  ) );
#2612 = PCURVE('',#1955,#2613);
#2613 = DEFINITIONAL_REPRESENTATION('',(#2614),#2617);
#2614 = B_SPLINE_CURVE_WITH_KNOTS('',1,(#2615,#2616),.UNSPECIFIED.,.F.,
  .F.,(2,2),(174.,306.5),.PIECEWISE_BEZIER_KNOTS.);
#2615 = CARTESIAN_POINT('',(204.5,-678.));
#2616 = CARTESIAN_POINT('',(337.,-678.));
#2617 = ( GEOMETRIC_REPRESENTATION_CONTEXT(2) 
PARAMETRIC_REPRESENTATION_CONTEXT() REPRESENTATION_CONTEXT('2D SPACE',''
  ) );
#2618 = ORIENTED_EDGE('',*,*,#1966,.F.);
#2619 = ORIENTED_EDGE('',*,*,#2572,.T.);
#2620 = ADVANCED_FACE('',(#2621),#1955,.F.);
#2621 = FACE_BOUND('',#2622,.F.);
#2622 = EDGE_LOOP('',(#2623,#2624,#2625,#2644));
#2623 = ORIENTED_EDGE('',*,*,#2600,.F.);
#2624 = ORIENTED_EDGE('',*,*,#1940,.T.);
#2625 = ORIENTED_EDGE('',*,*,#2626,.T.);
#2626 = EDGE_CURVE('',#1915,#2146,#2627,.T.);
#2627 = SURFACE_CURVE('',#2628,(#2632,#2638),.PCURVE_S1.);
#2628 = LINE('',#2629,#2630);
#2629 = CARTESIAN_POINT('',(260.,280.,31.));
#2630 = VECTOR('',#2631,1.);
#2631 = DIRECTION('',(0.,0.,1.));
#2632 = PCURVE('',#1955,#2633);
#2633 = DEFINITIONAL_REPRESENTATION('',(#2634),#2637);
#2634 = B_SPLINE_CURVE_WITH_KNOTS('',1,(#2635,#2636),.UNSPECIFIED.,.F.,
  .F.,(2,2),(173.5,306.),.PIECEWISE_BEZIER_KNOTS.);
#2635 = CARTESIAN_POINT('',(204.5,-680.));
#2636 = CARTESIAN_POINT('',(337.,-680.));
#2637 = ( GEOMETRIC_REPRESENTATION_CONTEXT(2) 
PARAMETRIC_REPRESENTATION_CONTEXT() REPRESENTATION_CONTEXT('2D SPACE',''
  ) );
#2638 = PCURVE('',#1929,#2639);
#2639 = DEFINITIONAL_REPRESENTATION('',(#2640),#2643);
#2640 = B_SPLINE_CURVE_WITH_KNOTS('',1,(#2641,#2642),.UNSPECIFIED.,.F.,
  .F.,(2,2),(173.5,306.),.PIECEWISE_BEZIER_KNOTS.);
#2641 = CARTESIAN_POINT('',(35.,-142.5));
#2642 = CARTESIAN_POINT('',(35.,-275.));
#2643 = ( GEOMETRIC_REPRESENTATION_CONTEXT(2) 
PARAMETRIC_REPRESENTATION_CONTEXT() REPRESENTATION_CONTEXT('2D SPACE',''
  ) );
#2644 = ORIENTED_EDGE('',*,*,#2168,.F.);
#2645 = ADVANCED_FACE('',(#2646),#1929,.F.);
#2646 = FACE_BOUND('',#2647,.F.);
#2647 = EDGE_LOOP('',(#2648,#2649,#2650,#2651));
#2648 = ORIENTED_EDGE('',*,*,#1914,.F.);
#2649 = ORIENTED_EDGE('',*,*,#2096,.T.);
#2650 = ORIENTED_EDGE('',*,*,#2145,.T.);
#2651 = ORIENTED_EDGE('',*,*,#2626,.F.);
#2652 = ADVANCED_FACE('',(#2653),#2339,.F.);
#2653 = FACE_BOUND('',#2654,.F.);
#2654 = EDGE_LOOP('',(#2655,#2676,#2677,#2678));
#2655 = ORIENTED_EDGE('',*,*,#2656,.F.);
#2656 = EDGE_CURVE('',#2300,#2657,#2659,.T.);
#2657 = VERTEX_POINT('',#2658);
#2658 = CARTESIAN_POINT('',(260.,-280.,222.));
#2659 = SURFACE_CURVE('',#2660,(#2664,#2670),.PCURVE_S1.);
#2660 = LINE('',#2661,#2662);
#2661 = CARTESIAN_POINT('',(260.,-280.,31.));
#2662 = VECTOR('',#2663,1.);
#2663 = DIRECTION('',(-0.,0.,-1.));
#2664 = PCURVE('',#2339,#2665);
#2665 = DEFINITIONAL_REPRESENTATION('',(#2666),#2669);
#2666 = B_SPLINE_CURVE_WITH_KNOTS('',1,(#2667,#2668),.UNSPECIFIED.,.F.,
  .F.,(2,2),(-306.,-173.5),.PIECEWISE_BEZIER_KNOTS.);
#2667 = CARTESIAN_POINT('',(555.,-275.));
#2668 = CARTESIAN_POINT('',(555.,-142.5));
#2669 = ( GEOMETRIC_REPRESENTATION_CONTEXT(2) 
PARAMETRIC_REPRESENTATION_CONTEXT() REPRESENTATION_CONTEXT('2D SPACE',''
  ) );
#2670 = PCURVE('',#2314,#2671);
#2671 = DEFINITIONAL_REPRESENTATION('',(#2672),#2675);
#2672 = B_SPLINE_CURVE_WITH_KNOTS('',1,(#2673,#2674),.UNSPECIFIED.,.F.,
  .F.,(2,2),(-306.,-173.5),.PIECEWISE_BEZIER_KNOTS.);
#2673 = CARTESIAN_POINT('',(337.,-120.));
#2674 = CARTESIAN_POINT('',(204.5,-120.));
#2675 = ( GEOMETRIC_REPRESENTATION_CONTEXT(2) 
PARAMETRIC_REPRESENTATION_CONTEXT() REPRESENTATION_CONTEXT('2D SPACE',''
  ) );
#2676 = ORIENTED_EDGE('',*,*,#2325,.T.);
#2677 = ORIENTED_EDGE('',*,*,#2402,.F.);
#2678 = ORIENTED_EDGE('',*,*,#2679,.F.);
#2679 = EDGE_CURVE('',#2657,#2377,#2680,.T.);
#2680 = SURFACE_CURVE('',#2681,(#2685,#2691),.PCURVE_S1.);
#2681 = LINE('',#2682,#2683);
#2682 = CARTESIAN_POINT('',(-2.5,-280.,222.));
#2683 = VECTOR('',#2684,1.);
#2684 = DIRECTION('',(1.,0.,0.));
#2685 = PCURVE('',#2339,#2686);
#2686 = DEFINITIONAL_REPRESENTATION('',(#2687),#2690);
#2687 = B_SPLINE_CURVE_WITH_KNOTS('',1,(#2688,#2689),.UNSPECIFIED.,.F.,
  .F.,(2,2),(212.5,297.5),.PIECEWISE_BEZIER_KNOTS.);
#2688 = CARTESIAN_POINT('',(505.,-160.));
#2689 = CARTESIAN_POINT('',(590.,-160.));
#2690 = ( GEOMETRIC_REPRESENTATION_CONTEXT(2) 
PARAMETRIC_REPRESENTATION_CONTEXT() REPRESENTATION_CONTEXT('2D SPACE',''
  ) );
#2691 = PCURVE('',#2391,#2692);
#2692 = DEFINITIONAL_REPRESENTATION('',(#2693),#2696);
#2693 = B_SPLINE_CURVE_WITH_KNOTS('',1,(#2694,#2695),.UNSPECIFIED.,.F.,
  .F.,(2,2),(212.5,297.5),.PIECEWISE_BEZIER_KNOTS.);
#2694 = CARTESIAN_POINT('',(-80.,-72.));
#2695 = CARTESIAN_POINT('',(5.,-72.));
#2696 = ( GEOMETRIC_REPRESENTATION_CONTEXT(2) 
PARAMETRIC_REPRESENTATION_CONTEXT() REPRESENTATION_CONTEXT('2D SPACE',''
  ) );
#2697 = ADVANCED_FACE('',(#2698),#2314,.F.);
#2698 = FACE_BOUND('',#2699,.F.);
#2699 = EDGE_LOOP('',(#2700,#2701,#2702,#2723));
#2700 = ORIENTED_EDGE('',*,*,#2299,.F.);
#2701 = ORIENTED_EDGE('',*,*,#2656,.T.);
#2702 = ORIENTED_EDGE('',*,*,#2703,.T.);
#2703 = EDGE_CURVE('',#2657,#2704,#2706,.T.);
#2704 = VERTEX_POINT('',#2705);
#2705 = CARTESIAN_POINT('',(260.,-278.,222.));
#2706 = SURFACE_CURVE('',#2707,(#2711,#2717),.PCURVE_S1.);
#2707 = LINE('',#2708,#2709);
#2708 = CARTESIAN_POINT('',(260.,-304.,222.));
#2709 = VECTOR('',#2710,1.);
#2710 = DIRECTION('',(-0.,1.,0.));
#2711 = PCURVE('',#2314,#2712);
#2712 = DEFINITIONAL_REPRESENTATION('',(#2713),#2716);
#2713 = B_SPLINE_CURVE_WITH_KNOTS('',1,(#2714,#2715),.UNSPECIFIED.,.F.,
  .F.,(2,2),(24.,101.95000038202),.PIECEWISE_BEZIER_KNOTS.);
#2714 = CARTESIAN_POINT('',(222.,-120.));
#2715 = CARTESIAN_POINT('',(222.,-197.950000382));
#2716 = ( GEOMETRIC_REPRESENTATION_CONTEXT(2) 
PARAMETRIC_REPRESENTATION_CONTEXT() REPRESENTATION_CONTEXT('2D SPACE',''
  ) );
#2717 = PCURVE('',#2391,#2718);
#2718 = DEFINITIONAL_REPRESENTATION('',(#2719),#2722);
#2719 = B_SPLINE_CURVE_WITH_KNOTS('',1,(#2720,#2721),.UNSPECIFIED.,.F.,
  .F.,(2,2),(24.,101.95000038202),.PIECEWISE_BEZIER_KNOTS.);
#2720 = CARTESIAN_POINT('',(-30.,-72.));
#2721 = CARTESIAN_POINT('',(-30.,5.950000382029));
#2722 = ( GEOMETRIC_REPRESENTATION_CONTEXT(2) 
PARAMETRIC_REPRESENTATION_CONTEXT() REPRESENTATION_CONTEXT('2D SPACE',''
  ) );
#2723 = ORIENTED_EDGE('',*,*,#2724,.F.);
#2724 = EDGE_CURVE('',#2274,#2704,#2725,.T.);
#2725 = SURFACE_CURVE('',#2726,(#2730,#2736),.PCURVE_S1.);
#2726 = LINE('',#2727,#2728);
#2727 = CARTESIAN_POINT('',(260.,-278.,30.5));
#2728 = VECTOR('',#2729,1.);
#2729 = DIRECTION('',(-0.,0.,-1.));
#2730 = PCURVE('',#2314,#2731);
#2731 = DEFINITIONAL_REPRESENTATION('',(#2732),#2735);
#2732 = B_SPLINE_CURVE_WITH_KNOTS('',1,(#2733,#2734),.UNSPECIFIED.,.F.,
  .F.,(2,2),(-306.5,-174.),.PIECEWISE_BEZIER_KNOTS.);
#2733 = CARTESIAN_POINT('',(337.,-122.));
#2734 = CARTESIAN_POINT('',(204.5,-122.));
#2735 = ( GEOMETRIC_REPRESENTATION_CONTEXT(2) 
PARAMETRIC_REPRESENTATION_CONTEXT() REPRESENTATION_CONTEXT('2D SPACE',''
  ) );
#2736 = PCURVE('',#2288,#2737);
#2737 = DEFINITIONAL_REPRESENTATION('',(#2738),#2741);
#2738 = B_SPLINE_CURVE_WITH_KNOTS('',1,(#2739,#2740),.UNSPECIFIED.,.F.,
  .F.,(2,2),(-306.5,-174.),.PIECEWISE_BEZIER_KNOTS.);
#2739 = CARTESIAN_POINT('',(553.82842712474,-276.));
#2740 = CARTESIAN_POINT('',(553.82842712474,-143.5));
#2741 = ( GEOMETRIC_REPRESENTATION_CONTEXT(2) 
PARAMETRIC_REPRESENTATION_CONTEXT() REPRESENTATION_CONTEXT('2D SPACE',''
  ) );
#2742 = ADVANCED_FACE('',(#2743),#2288,.T.);
#2743 = FACE_BOUND('',#2744,.T.);
#2744 = EDGE_LOOP('',(#2745,#2746,#2765,#2766));
#2745 = ORIENTED_EDGE('',*,*,#2520,.F.);
#2746 = ORIENTED_EDGE('',*,*,#2747,.F.);
#2747 = EDGE_CURVE('',#2704,#2500,#2748,.T.);
#2748 = SURFACE_CURVE('',#2749,(#2753,#2759),.PCURVE_S1.);
#2749 = LINE('',#2750,#2751);
#2750 = CARTESIAN_POINT('',(-1.914213562373,-278.,222.));
#2751 = VECTOR('',#2752,1.);
#2752 = DIRECTION('',(1.,0.,0.));
#2753 = PCURVE('',#2288,#2754);
#2754 = DEFINITIONAL_REPRESENTATION('',(#2755),#2758);
#2755 = B_SPLINE_CURVE_WITH_KNOTS('',1,(#2756,#2757),.UNSPECIFIED.,.F.,
  .F.,(2,2),(211.91421356237,295.74264068711),.PIECEWISE_BEZIER_KNOTS.);
#2756 = CARTESIAN_POINT('',(503.82842712474,-161.));
#2757 = CARTESIAN_POINT('',(587.65685424949,-161.));
#2758 = ( GEOMETRIC_REPRESENTATION_CONTEXT(2) 
PARAMETRIC_REPRESENTATION_CONTEXT() REPRESENTATION_CONTEXT('2D SPACE',''
  ) );
#2759 = PCURVE('',#2391,#2760);
#2760 = DEFINITIONAL_REPRESENTATION('',(#2761),#2764);
#2761 = B_SPLINE_CURVE_WITH_KNOTS('',1,(#2762,#2763),.UNSPECIFIED.,.F.,
  .F.,(2,2),(211.91421356237,295.74264068711),.PIECEWISE_BEZIER_KNOTS.);
#2762 = CARTESIAN_POINT('',(-80.,-70.));
#2763 = CARTESIAN_POINT('',(3.828427124746,-70.));
#2764 = ( GEOMETRIC_REPRESENTATION_CONTEXT(2) 
PARAMETRIC_REPRESENTATION_CONTEXT() REPRESENTATION_CONTEXT('2D SPACE',''
  ) );
#2765 = ORIENTED_EDGE('',*,*,#2724,.F.);
#2766 = ORIENTED_EDGE('',*,*,#2273,.F.);
#2767 = ADVANCED_FACE('',(#2768),#2391,.F.);
#2768 = FACE_BOUND('',#2769,.F.);
#2769 = EDGE_LOOP('',(#2770,#2771,#2772,#2773,#2774,#2775));
#2770 = ORIENTED_EDGE('',*,*,#2679,.T.);
#2771 = ORIENTED_EDGE('',*,*,#2376,.T.);
#2772 = ORIENTED_EDGE('',*,*,#2428,.T.);
#2773 = ORIENTED_EDGE('',*,*,#2499,.F.);
#2774 = ORIENTED_EDGE('',*,*,#2747,.F.);
#2775 = ORIENTED_EDGE('',*,*,#2703,.F.);
#2776 = ( GEOMETRIC_REPRESENTATION_CONTEXT(3) 
GLOBAL_UNCERTAINTY_ASSIGNED_CONTEXT((#2780)) 
GLOBAL_UNIT_ASSIGNED_CONTEXT((#2777,#2778,#2779)) REPRESENTATION_CONTEXT
('Context #1','3D Context with UNIT and UNCERTAINTY') );
#2777 = ( LENGTH_UNIT() NAMED_UNIT(*) SI_UNIT(.MILLI.,.METRE.) );
#2778 = ( NAMED_UNIT(*) PLANE_ANGLE_UNIT() SI_UNIT($,.RADIAN.) );
#2779 = ( NAMED_UNIT(*) SI_UNIT($,.STERADIAN.) SOLID_ANGLE_UNIT() );
#2780 = UNCERTAINTY_MEASURE_WITH_UNIT(LENGTH_MEASURE(2.E-07),#2777,
  'distance_accuracy_value','confusion accuracy');
#2781 = CONTEXT_DEPENDENT_SHAPE_REPRESENTATION(#2782,#2784);
#2782 = ( REPRESENTATION_RELATIONSHIP('','',#1717,#10) 
REPRESENTATION_RELATIONSHIP_WITH_TRANSFORMATION(#2783) 
SHAPE_REPRESENTATION_RELATIONSHIP() );
#2783 = ITEM_DEFINED_TRANSFORMATION('','',#11,#19);
#2784 = PRODUCT_DEFINITION_SHAPE('Placement','Placement of an item',
  #2785);
#2785 = NEXT_ASSEMBLY_USAGE_OCCURRENCE('20','','',#5,#1712,$);
#2786 = PRODUCT_RELATED_PRODUCT_CATEGORY('part',$,(#1714));
ENDSEC;
END-ISO-10303-21;
