ISO-10303-21;
HEADER;
FILE_DESCRIPTION(('Open CASCADE Model'),'2;1');
FILE_NAME('Open CASCADE Shape Model','2026-10-05T18:20:57',('Author'),(
    'Open CASCADE'),'Open CASCADE STEP processor 7.9','Open CASCADE 7.9'
  ,'Unknown');
FILE_SCHEMA(('AUTOMOTIVE_DESIGN { 1 0 10303 214 1 1 1 1 }'));
ENDSEC;
DATA;
#1 = APPLICATION_PROTOCOL_DEFINITION('international standard',
  'automotive_design',2000,#2);
#2 = APPLICATION_CONTEXT(
  'core data for automotive mechanical design processes');
#3 = SHAPE_DEFINITION_REPRESENTATION(#4,#10);
#4 = PRODUCT_DEFINITION_SHAPE('','',#5);
#5 = PRODUCT_DEFINITION('design','',#6,#9);
#6 = PRODUCT_DEFINITION_FORMATION('','',#7);
#7 = PRODUCT('Open CASCADE STEP translator 7.9 149',
  'Open CASCADE STEP translator 7.9 149','',(#8));
#8 = PRODUCT_CONTEXT('',#2,'mechanical');
#9 = PRODUCT_DEFINITION_CONTEXT('part definition',#2,'design');
#10 = SHAPE_REPRESENTATION('',(#11,#15,#19),#23);
#11 = AXIS2_PLACEMENT_3D('',#12,#13,#14);
#12 = CARTESIAN_POINT('',(0.,0.,0.));
#13 = DIRECTION('',(0.,0.,1.));
#14 = DIRECTION('',(1.,0.,-0.));
#15 = AXIS2_PLACEMENT_3D('',#16,#17,#18);
#16 = CARTESIAN_POINT('',(0.,0.,0.));
#17 = DIRECTION('',(0.,0.,1.));
#18 = DIRECTION('',(1.,0.,-0.));
#19 = AXIS2_PLACEMENT_3D('',#20,#21,#22);
#20 = CARTESIAN_POINT('',(0.,0.,0.));
#21 = DIRECTION('',(0.,0.,1.));
#22 = DIRECTION('',(1.,0.,-0.));
#23 = ( GEOMETRIC_REPRESENTATION_CONTEXT(3) 
GLOBAL_UNCERTAINTY_ASSIGNED_CONTEXT((#27)) GLOBAL_UNIT_ASSIGNED_CONTEXT(
(#24,#25,#26)) REPRESENTATION_CONTEXT('Context #1',
  '3D Context with UNIT and UNCERTAINTY') );
#24 = ( LENGTH_UNIT() NAMED_UNIT(*) SI_UNIT(.MILLI.,.METRE.) );
#25 = ( NAMED_UNIT(*) PLANE_ANGLE_UNIT() SI_UNIT($,.RADIAN.) );
#26 = ( NAMED_UNIT(*) SI_UNIT($,.STERADIAN.) SOLID_ANGLE_UNIT() );
#27 = UNCERTAINTY_MEASURE_WITH_UNIT(LENGTH_MEASURE(2.E-07),#24,
  'distance_accuracy_value','confusion accuracy');
#28 = PRODUCT_RELATED_PRODUCT_CATEGORY('part',$,(#7));
#29 = SHAPE_DEFINITION_REPRESENTATION(#30,#36);
#30 = PRODUCT_DEFINITION_SHAPE('','',#31);
#31 = PRODUCT_DEFINITION('design','',#32,#35);
#32 = PRODUCT_DEFINITION_FORMATION('','',#33);
#33 = PRODUCT('Open CASCADE STEP translator 7.9 149.1',
  'Open CASCADE STEP translator 7.9 149.1','',(#34));
#34 = PRODUCT_CONTEXT('',#2,'mechanical');
#35 = PRODUCT_DEFINITION_CONTEXT('part definition',#2,'design');
#36 = ADVANCED_BREP_SHAPE_REPRESENTATION('',(#11,#37),#2127);
#37 = MANIFOLD_SOLID_BREP('',#38);
#38 = CLOSED_SHELL('',(#39,#155,#282,#487,#577,#602,#780,#808,#815,#843,
    #871,#1002,#1150,#1317,#1324,#1437,#1630,#1678,#1833,#1882,#1909,
    #1938,#1983,#2028,#2055,#2062,#2090,#2118));
#39 = ADVANCED_FACE('',(#40),#54,.F.);
#40 = FACE_BOUND('',#41,.F.);
#41 = EDGE_LOOP('',(#42,#77,#103,#129));
#42 = ORIENTED_EDGE('',*,*,#43,.F.);
#43 = EDGE_CURVE('',#44,#46,#48,.T.);
#44 = VERTEX_POINT('',#45);
#45 = CARTESIAN_POINT('',(-260.,280.,62.));
#46 = VERTEX_POINT('',#47);
#47 = CARTESIAN_POINT('',(-295.,280.,62.));
#48 = SURFACE_CURVE('',#49,(#53,#65),.PCURVE_S1.);
#49 = LINE('',#50,#51);
#50 = CARTESIAN_POINT('',(295.,280.,62.));
#51 = VECTOR('',#52,1.);
#52 = DIRECTION('',(-1.,0.,0.));
#53 = PCURVE('',#54,#59);
#54 = PLANE('',#55);
#55 = AXIS2_PLACEMENT_3D('',#56,#57,#58);
#56 = CARTESIAN_POINT('',(295.,280.,62.));
#57 = DIRECTION('',(0.,-1.,0.));
#58 = DIRECTION('',(-1.,0.,0.));
#59 = DEFINITIONAL_REPRESENTATION('',(#60),#64);
#60 = LINE('',#61,#62);
#61 = CARTESIAN_POINT('',(0.,-0.));
#62 = VECTOR('',#63,1.);
#63 = DIRECTION('',(1.,0.));
#64 = ( GEOMETRIC_REPRESENTATION_CONTEXT(2) 
PARAMETRIC_REPRESENTATION_CONTEXT() REPRESENTATION_CONTEXT('2D SPACE',''
  ) );
#65 = PCURVE('',#66,#71);
#66 = PLANE('',#67);
#67 = AXIS2_PLACEMENT_3D('',#68,#69,#70);
#68 = CARTESIAN_POINT('',(1.776500577423E-14,0.,62.));
#69 = DIRECTION('',(0.,0.,1.));
#70 = DIRECTION('',(1.,0.,-0.));
#71 = DEFINITIONAL_REPRESENTATION('',(#72),#76);
#72 = LINE('',#73,#74);
#73 = CARTESIAN_POINT('',(295.,280.));
#74 = VECTOR('',#75,1.);
#75 = DIRECTION('',(-1.,0.));
#76 = ( GEOMETRIC_REPRESENTATION_CONTEXT(2) 
PARAMETRIC_REPRESENTATION_CONTEXT() REPRESENTATION_CONTEXT('2D SPACE',''
  ) );
#77 = ORIENTED_EDGE('',*,*,#78,.T.);
#78 = EDGE_CURVE('',#44,#79,#81,.T.);
#79 = VERTEX_POINT('',#80);
#80 = CARTESIAN_POINT('',(-260.,280.,122.));
#81 = SURFACE_CURVE('',#82,(#86,#92),.PCURVE_S1.);
#82 = LINE('',#83,#84);
#83 = CARTESIAN_POINT('',(-260.,280.,31.));
#84 = VECTOR('',#85,1.);
#85 = DIRECTION('',(0.,0.,1.));
#86 = PCURVE('',#54,#87);
#87 = DEFINITIONAL_REPRESENTATION('',(#88),#91);
#88 = B_SPLINE_CURVE_WITH_KNOTS('',1,(#89,#90),.UNSPECIFIED.,.F.,.F.,(2,
    2),(31.,133.5),.PIECEWISE_BEZIER_KNOTS.);
#89 = CARTESIAN_POINT('',(555.,0.));
#90 = CARTESIAN_POINT('',(555.,-102.5));
#91 = ( GEOMETRIC_REPRESENTATION_CONTEXT(2) 
PARAMETRIC_REPRESENTATION_CONTEXT() REPRESENTATION_CONTEXT('2D SPACE',''
  ) );
#92 = PCURVE('',#93,#98);
#93 = PLANE('',#94);
#94 = AXIS2_PLACEMENT_3D('',#95,#96,#97);
#95 = CARTESIAN_POINT('',(-260.,-400.,0.));
#96 = DIRECTION('',(1.,0.,-0.));
#97 = DIRECTION('',(0.,0.,1.));
#98 = DEFINITIONAL_REPRESENTATION('',(#99),#102);
#99 = B_SPLINE_CURVE_WITH_KNOTS('',1,(#100,#101),.UNSPECIFIED.,.F.,.F.,(
    2,2),(31.,133.5),.PIECEWISE_BEZIER_KNOTS.);
#100 = CARTESIAN_POINT('',(62.,-680.));
#101 = CARTESIAN_POINT('',(164.5,-680.));
#102 = ( GEOMETRIC_REPRESENTATION_CONTEXT(2) 
PARAMETRIC_REPRESENTATION_CONTEXT() REPRESENTATION_CONTEXT('2D SPACE',''
  ) );
#103 = ORIENTED_EDGE('',*,*,#104,.T.);
#104 = EDGE_CURVE('',#79,#105,#107,.T.);
#105 = VERTEX_POINT('',#106);
#106 = CARTESIAN_POINT('',(-295.,280.,122.));
#107 = SURFACE_CURVE('',#108,(#112,#118),.PCURVE_S1.);
#108 = LINE('',#109,#110);
#109 = CARTESIAN_POINT('',(2.5,280.,122.));
#110 = VECTOR('',#111,1.);
#111 = DIRECTION('',(-1.,0.,0.));
#112 = PCURVE('',#54,#113);
#113 = DEFINITIONAL_REPRESENTATION('',(#114),#117);
#114 = B_SPLINE_CURVE_WITH_KNOTS('',1,(#115,#116),.UNSPECIFIED.,.F.,.F.,
  (2,2),(212.5,297.5),.PIECEWISE_BEZIER_KNOTS.);
#115 = CARTESIAN_POINT('',(505.,-60.));
#116 = CARTESIAN_POINT('',(590.,-60.));
#117 = ( GEOMETRIC_REPRESENTATION_CONTEXT(2) 
PARAMETRIC_REPRESENTATION_CONTEXT() REPRESENTATION_CONTEXT('2D SPACE',''
  ) );
#118 = PCURVE('',#119,#124);
#119 = PLANE('',#120);
#120 = AXIS2_PLACEMENT_3D('',#121,#122,#123);
#121 = CARTESIAN_POINT('',(-290.,208.,122.));
#122 = DIRECTION('',(0.,0.,1.));
#123 = DIRECTION('',(1.,0.,-0.));
#124 = DEFINITIONAL_REPRESENTATION('',(#125),#128);
#125 = B_SPLINE_CURVE_WITH_KNOTS('',1,(#126,#127),.UNSPECIFIED.,.F.,.F.,
  (2,2),(212.5,297.5),.PIECEWISE_BEZIER_KNOTS.);
#126 = CARTESIAN_POINT('',(80.,72.));
#127 = CARTESIAN_POINT('',(-5.,72.));
#128 = ( GEOMETRIC_REPRESENTATION_CONTEXT(2) 
PARAMETRIC_REPRESENTATION_CONTEXT() REPRESENTATION_CONTEXT('2D SPACE',''
  ) );
#129 = ORIENTED_EDGE('',*,*,#130,.F.);
#130 = EDGE_CURVE('',#46,#105,#131,.T.);
#131 = SURFACE_CURVE('',#132,(#136,#143),.PCURVE_S1.);
#132 = LINE('',#133,#134);
#133 = CARTESIAN_POINT('',(-295.,280.,62.));
#134 = VECTOR('',#135,1.);
#135 = DIRECTION('',(0.,0.,1.));
#136 = PCURVE('',#54,#137);
#137 = DEFINITIONAL_REPRESENTATION('',(#138),#142);
#138 = LINE('',#139,#140);
#139 = CARTESIAN_POINT('',(590.,0.));
#140 = VECTOR('',#141,1.);
#141 = DIRECTION('',(0.,-1.));
#142 = ( GEOMETRIC_REPRESENTATION_CONTEXT(2) 
PARAMETRIC_REPRESENTATION_CONTEXT() REPRESENTATION_CONTEXT('2D SPACE',''
  ) );
#143 = PCURVE('',#144,#149);
#144 = PLANE('',#145);
#145 = AXIS2_PLACEMENT_3D('',#146,#147,#148);
#146 = CARTESIAN_POINT('',(-295.,280.,62.));
#147 = DIRECTION('',(0.707106781187,-0.707106781187,0.));
#148 = DIRECTION('',(-0.707106781187,-0.707106781187,0.));
#149 = DEFINITIONAL_REPRESENTATION('',(#150),#154);
#150 = LINE('',#151,#152);
#151 = CARTESIAN_POINT('',(0.,0.));
#152 = VECTOR('',#153,1.);
#153 = DIRECTION('',(0.,-1.));
#154 = ( GEOMETRIC_REPRESENTATION_CONTEXT(2) 
PARAMETRIC_REPRESENTATION_CONTEXT() REPRESENTATION_CONTEXT('2D SPACE',''
  ) );
#155 = ADVANCED_FACE('',(#156),#66,.F.);
#156 = FACE_BOUND('',#157,.F.);
#157 = EDGE_LOOP('',(#158,#186,#212,#231,#232,#255));
#158 = ORIENTED_EDGE('',*,*,#159,.T.);
#159 = EDGE_CURVE('',#160,#162,#164,.T.);
#160 = VERTEX_POINT('',#161);
#161 = CARTESIAN_POINT('',(-316.5091949616,255.31923216305,62.));
#162 = VERTEX_POINT('',#163);
#163 = CARTESIAN_POINT('',(-293.8284271247,278.,62.));
#164 = SURFACE_CURVE('',#165,(#169,#175),.PCURVE_S1.);
#165 = LINE('',#166,#167);
#166 = CARTESIAN_POINT('',(-289.8713203435,281.95710678118,62.));
#167 = VECTOR('',#168,1.);
#168 = DIRECTION('',(0.707106781187,0.707106781187,-0.));
#169 = PCURVE('',#66,#170);
#170 = DEFINITIONAL_REPRESENTATION('',(#171),#174);
#171 = B_SPLINE_CURVE_WITH_KNOTS('',1,(#172,#173),.UNSPECIFIED.,.F.,.F.,
  (2,2),(-138.7749096279,-5.596194077713),.PIECEWISE_BEZIER_KNOTS.);
#172 = CARTESIAN_POINT('',(-388.,183.82842712474));
#173 = CARTESIAN_POINT('',(-293.8284271247,278.));
#174 = ( GEOMETRIC_REPRESENTATION_CONTEXT(2) 
PARAMETRIC_REPRESENTATION_CONTEXT() REPRESENTATION_CONTEXT('2D SPACE',''
  ) );
#175 = PCURVE('',#176,#181);
#176 = PLANE('',#177);
#177 = AXIS2_PLACEMENT_3D('',#178,#179,#180);
#178 = CARTESIAN_POINT('',(-293.8284271247,278.,61.));
#179 = DIRECTION('',(0.707106781187,-0.707106781187,0.));
#180 = DIRECTION('',(-0.707106781187,-0.707106781187,0.));
#181 = DEFINITIONAL_REPRESENTATION('',(#182),#185);
#182 = B_SPLINE_CURVE_WITH_KNOTS('',1,(#183,#184),.UNSPECIFIED.,.F.,.F.,
  (2,2),(-138.7749096279,-5.596194077713),.PIECEWISE_BEZIER_KNOTS.);
#183 = CARTESIAN_POINT('',(133.17871555019,-1.));
#184 = CARTESIAN_POINT('',(0.,-1.));
#185 = ( GEOMETRIC_REPRESENTATION_CONTEXT(2) 
PARAMETRIC_REPRESENTATION_CONTEXT() REPRESENTATION_CONTEXT('2D SPACE',''
  ) );
#186 = ORIENTED_EDGE('',*,*,#187,.T.);
#187 = EDGE_CURVE('',#162,#188,#190,.T.);
#188 = VERTEX_POINT('',#189);
#189 = CARTESIAN_POINT('',(-260.,278.,62.));
#190 = SURFACE_CURVE('',#191,(#195,#201),.PCURVE_S1.);
#191 = LINE('',#192,#193);
#192 = CARTESIAN_POINT('',(146.91421356237,278.,62.));
#193 = VECTOR('',#194,1.);
#194 = DIRECTION('',(1.,0.,-0.));
#195 = PCURVE('',#66,#196);
#196 = DEFINITIONAL_REPRESENTATION('',(#197),#200);
#197 = B_SPLINE_CURVE_WITH_KNOTS('',1,(#198,#199),.UNSPECIFIED.,.F.,.F.,
  (2,2),(-440.7426406871,146.91421356237),.PIECEWISE_BEZIER_KNOTS.);
#198 = CARTESIAN_POINT('',(-293.8284271247,278.));
#199 = CARTESIAN_POINT('',(293.82842712474,278.));
#200 = ( GEOMETRIC_REPRESENTATION_CONTEXT(2) 
PARAMETRIC_REPRESENTATION_CONTEXT() REPRESENTATION_CONTEXT('2D SPACE',''
  ) );
#201 = PCURVE('',#202,#207);
#202 = PLANE('',#203);
#203 = AXIS2_PLACEMENT_3D('',#204,#205,#206);
#204 = CARTESIAN_POINT('',(293.82842712474,278.,61.));
#205 = DIRECTION('',(0.,-1.,0.));
#206 = DIRECTION('',(-1.,0.,0.));
#207 = DEFINITIONAL_REPRESENTATION('',(#208),#211);
#208 = B_SPLINE_CURVE_WITH_KNOTS('',1,(#209,#210),.UNSPECIFIED.,.F.,.F.,
  (2,2),(-440.7426406871,146.91421356237),.PIECEWISE_BEZIER_KNOTS.);
#209 = CARTESIAN_POINT('',(587.65685424949,-1.));
#210 = CARTESIAN_POINT('',(0.,-1.));
#211 = ( GEOMETRIC_REPRESENTATION_CONTEXT(2) 
PARAMETRIC_REPRESENTATION_CONTEXT() REPRESENTATION_CONTEXT('2D SPACE',''
  ) );
#212 = ORIENTED_EDGE('',*,*,#213,.T.);
#213 = EDGE_CURVE('',#188,#44,#214,.T.);
#214 = SURFACE_CURVE('',#215,(#219,#225),.PCURVE_S1.);
#215 = LINE('',#216,#217);
#216 = CARTESIAN_POINT('',(-260.,-200.,62.));
#217 = VECTOR('',#218,1.);
#218 = DIRECTION('',(-0.,1.,0.));
#219 = PCURVE('',#66,#220);
#220 = DEFINITIONAL_REPRESENTATION('',(#221),#224);
#221 = B_SPLINE_CURVE_WITH_KNOTS('',1,(#222,#223),.UNSPECIFIED.,.F.,.F.,
  (2,2),(449.89949493661,480.),.PIECEWISE_BEZIER_KNOTS.);
#222 = CARTESIAN_POINT('',(-260.,249.89949493661));
#223 = CARTESIAN_POINT('',(-260.,280.));
#224 = ( GEOMETRIC_REPRESENTATION_CONTEXT(2) 
PARAMETRIC_REPRESENTATION_CONTEXT() REPRESENTATION_CONTEXT('2D SPACE',''
  ) );
#225 = PCURVE('',#93,#226);
#226 = DEFINITIONAL_REPRESENTATION('',(#227),#230);
#227 = B_SPLINE_CURVE_WITH_KNOTS('',1,(#228,#229),.UNSPECIFIED.,.F.,.F.,
  (2,2),(449.89949493661,480.),.PIECEWISE_BEZIER_KNOTS.);
#228 = CARTESIAN_POINT('',(62.,-649.8994949366));
#229 = CARTESIAN_POINT('',(62.,-680.));
#230 = ( GEOMETRIC_REPRESENTATION_CONTEXT(2) 
PARAMETRIC_REPRESENTATION_CONTEXT() REPRESENTATION_CONTEXT('2D SPACE',''
  ) );
#231 = ORIENTED_EDGE('',*,*,#43,.T.);
#232 = ORIENTED_EDGE('',*,*,#233,.T.);
#233 = EDGE_CURVE('',#46,#234,#236,.T.);
#234 = VERTEX_POINT('',#235);
#235 = CARTESIAN_POINT('',(-325.1005050633,249.89949493661,62.));
#236 = SURFACE_CURVE('',#237,(#241,#248),.PCURVE_S1.);
#237 = LINE('',#238,#239);
#238 = CARTESIAN_POINT('',(-295.,280.,62.));
#239 = VECTOR('',#240,1.);
#240 = DIRECTION('',(-0.707106781187,-0.707106781187,0.));
#241 = PCURVE('',#66,#242);
#242 = DEFINITIONAL_REPRESENTATION('',(#243),#247);
#243 = LINE('',#244,#245);
#244 = CARTESIAN_POINT('',(-295.,280.));
#245 = VECTOR('',#246,1.);
#246 = DIRECTION('',(-0.707106781187,-0.707106781187));
#247 = ( GEOMETRIC_REPRESENTATION_CONTEXT(2) 
PARAMETRIC_REPRESENTATION_CONTEXT() REPRESENTATION_CONTEXT('2D SPACE',''
  ) );
#248 = PCURVE('',#144,#249);
#249 = DEFINITIONAL_REPRESENTATION('',(#250),#254);
#250 = LINE('',#251,#252);
#251 = CARTESIAN_POINT('',(0.,0.));
#252 = VECTOR('',#253,1.);
#253 = DIRECTION('',(1.,0.));
#254 = ( GEOMETRIC_REPRESENTATION_CONTEXT(2) 
PARAMETRIC_REPRESENTATION_CONTEXT() REPRESENTATION_CONTEXT('2D SPACE',''
  ) );
#255 = ORIENTED_EDGE('',*,*,#256,.F.);
#256 = EDGE_CURVE('',#160,#234,#257,.T.);
#257 = SURFACE_CURVE('',#258,(#263,#270),.PCURVE_S1.);
#258 = CIRCLE('',#259,86.);
#259 = AXIS2_PLACEMENT_3D('',#260,#261,#262);
#260 = CARTESIAN_POINT('',(-275.,180.,62.));
#261 = DIRECTION('',(0.,0.,1.));
#262 = DIRECTION('',(1.,0.,-0.));
#263 = PCURVE('',#66,#264);
#264 = DEFINITIONAL_REPRESENTATION('',(#265),#269);
#265 = CIRCLE('',#266,86.);
#266 = AXIS2_PLACEMENT_2D('',#267,#268);
#267 = CARTESIAN_POINT('',(-275.,180.));
#268 = DIRECTION('',(1.,0.));
#269 = ( GEOMETRIC_REPRESENTATION_CONTEXT(2) 
PARAMETRIC_REPRESENTATION_CONTEXT() REPRESENTATION_CONTEXT('2D SPACE',''
  ) );
#270 = PCURVE('',#271,#276);
#271 = CYLINDRICAL_SURFACE('',#272,86.);
#272 = AXIS2_PLACEMENT_3D('',#273,#274,#275);
#273 = CARTESIAN_POINT('',(-275.,180.,61.));
#274 = DIRECTION('',(0.,0.,1.));
#275 = DIRECTION('',(1.,0.,-0.));
#276 = DEFINITIONAL_REPRESENTATION('',(#277),#281);
#277 = LINE('',#278,#279);
#278 = CARTESIAN_POINT('',(0.,1.));
#279 = VECTOR('',#280,1.);
#280 = DIRECTION('',(1.,0.));
#281 = ( GEOMETRIC_REPRESENTATION_CONTEXT(2) 
PARAMETRIC_REPRESENTATION_CONTEXT() REPRESENTATION_CONTEXT('2D SPACE',''
  ) );
#282 = ADVANCED_FACE('',(#283),#144,.F.);
#283 = FACE_BOUND('',#284,.F.);
#284 = EDGE_LOOP('',(#285,#286,#287,#308,#334,#360,#388,#416,#442,#468)
  );
#285 = ORIENTED_EDGE('',*,*,#233,.F.);
#286 = ORIENTED_EDGE('',*,*,#130,.T.);
#287 = ORIENTED_EDGE('',*,*,#288,.T.);
#288 = EDGE_CURVE('',#105,#289,#291,.T.);
#289 = VERTEX_POINT('',#290);
#290 = CARTESIAN_POINT('',(-369.9457476709,205.05425232909,122.));
#291 = SURFACE_CURVE('',#292,(#296,#302),.PCURVE_S1.);
#292 = LINE('',#293,#294);
#293 = CARTESIAN_POINT('',(-311.75,263.25,122.));
#294 = VECTOR('',#295,1.);
#295 = DIRECTION('',(-0.707106781187,-0.707106781187,0.));
#296 = PCURVE('',#144,#297);
#297 = DEFINITIONAL_REPRESENTATION('',(#298),#301);
#298 = B_SPLINE_CURVE_WITH_KNOTS('',1,(#299,#300),.UNSPECIFIED.,.F.,.F.,
  (2,2),(-23.68807716974,82.377940008233),.PIECEWISE_BEZIER_KNOTS.);
#299 = CARTESIAN_POINT('',(0.,-60.));
#300 = CARTESIAN_POINT('',(106.06601717798,-60.));
#301 = ( GEOMETRIC_REPRESENTATION_CONTEXT(2) 
PARAMETRIC_REPRESENTATION_CONTEXT() REPRESENTATION_CONTEXT('2D SPACE',''
  ) );
#302 = PCURVE('',#119,#303);
#303 = DEFINITIONAL_REPRESENTATION('',(#304),#307);
#304 = B_SPLINE_CURVE_WITH_KNOTS('',1,(#305,#306),.UNSPECIFIED.,.F.,.F.,
  (2,2),(-23.68807716974,82.377940008233),.PIECEWISE_BEZIER_KNOTS.);
#305 = CARTESIAN_POINT('',(-5.,72.));
#306 = CARTESIAN_POINT('',(-80.,-3.));
#307 = ( GEOMETRIC_REPRESENTATION_CONTEXT(2) 
PARAMETRIC_REPRESENTATION_CONTEXT() REPRESENTATION_CONTEXT('2D SPACE',''
  ) );
#308 = ORIENTED_EDGE('',*,*,#309,.T.);
#309 = EDGE_CURVE('',#289,#310,#312,.T.);
#310 = VERTEX_POINT('',#311);
#311 = CARTESIAN_POINT('',(-369.9457476709,205.05425232909,164.5));
#312 = SURFACE_CURVE('',#313,(#317,#323),.PCURVE_S1.);
#313 = LINE('',#314,#315);
#314 = CARTESIAN_POINT('',(-369.9457476709,205.05425232909,122.));
#315 = VECTOR('',#316,1.);
#316 = DIRECTION('',(0.,0.,1.));
#317 = PCURVE('',#144,#318);
#318 = DEFINITIONAL_REPRESENTATION('',(#319),#322);
#319 = B_SPLINE_CURVE_WITH_KNOTS('',1,(#320,#321),.UNSPECIFIED.,.F.,.F.,
  (2,2),(-6.000000070117E-07,52.75),.PIECEWISE_BEZIER_KNOTS.);
#320 = CARTESIAN_POINT('',(105.98929279838,-59.9999994));
#321 = CARTESIAN_POINT('',(105.98929279838,-112.75));
#322 = ( GEOMETRIC_REPRESENTATION_CONTEXT(2) 
PARAMETRIC_REPRESENTATION_CONTEXT() REPRESENTATION_CONTEXT('2D SPACE',''
  ) );
#323 = PCURVE('',#324,#329);
#324 = CYLINDRICAL_SURFACE('',#325,80.);
#325 = AXIS2_PLACEMENT_3D('',#326,#327,#328);
#326 = CARTESIAN_POINT('',(-290.,208.,122.));
#327 = DIRECTION('',(0.,0.,1.));
#328 = DIRECTION('',(1.,0.,-0.));
#329 = DEFINITIONAL_REPRESENTATION('',(#330),#333);
#330 = B_SPLINE_CURVE_WITH_KNOTS('',1,(#331,#332),.UNSPECIFIED.,.F.,.F.,
  (2,2),(-6.000000070117E-07,52.75),.PIECEWISE_BEZIER_KNOTS.);
#331 = CARTESIAN_POINT('',(3.178422825363,-6.000000070117E-07));
#332 = CARTESIAN_POINT('',(3.178422825363,52.75));
#333 = ( GEOMETRIC_REPRESENTATION_CONTEXT(2) 
PARAMETRIC_REPRESENTATION_CONTEXT() REPRESENTATION_CONTEXT('2D SPACE',''
  ) );
#334 = ORIENTED_EDGE('',*,*,#335,.T.);
#335 = EDGE_CURVE('',#310,#336,#338,.T.);
#336 = VERTEX_POINT('',#337);
#337 = CARTESIAN_POINT('',(-390.,185.,164.5));
#338 = SURFACE_CURVE('',#339,(#343,#349),.PCURVE_S1.);
#339 = LINE('',#340,#341);
#340 = CARTESIAN_POINT('',(-516.25,58.75,164.5));
#341 = VECTOR('',#342,1.);
#342 = DIRECTION('',(-0.707106781187,-0.707106781187,0.));
#343 = PCURVE('',#144,#344);
#344 = DEFINITIONAL_REPRESENTATION('',(#345),#348);
#345 = B_SPLINE_CURVE_WITH_KNOTS('',1,(#346,#347),.UNSPECIFIED.,.F.,.F.,
  (2,2),(-312.894750675,-178.5444622496),.PIECEWISE_BEZIER_KNOTS.);
#346 = CARTESIAN_POINT('',(0.,-102.5));
#347 = CARTESIAN_POINT('',(134.35028842544,-102.5));
#348 = ( GEOMETRIC_REPRESENTATION_CONTEXT(2) 
PARAMETRIC_REPRESENTATION_CONTEXT() REPRESENTATION_CONTEXT('2D SPACE',''
  ) );
#349 = PCURVE('',#350,#355);
#350 = PLANE('',#351);
#351 = AXIS2_PLACEMENT_3D('',#352,#353,#354);
#352 = CARTESIAN_POINT('',(-500.,-400.,164.5));
#353 = DIRECTION('',(0.,0.,1.));
#354 = DIRECTION('',(1.,0.,-0.));
#355 = DEFINITIONAL_REPRESENTATION('',(#356),#359);
#356 = B_SPLINE_CURVE_WITH_KNOTS('',1,(#357,#358),.UNSPECIFIED.,.F.,.F.,
  (2,2),(-312.894750675,-178.5444622496),.PIECEWISE_BEZIER_KNOTS.);
#357 = CARTESIAN_POINT('',(205.,680.));
#358 = CARTESIAN_POINT('',(110.,585.));
#359 = ( GEOMETRIC_REPRESENTATION_CONTEXT(2) 
PARAMETRIC_REPRESENTATION_CONTEXT() REPRESENTATION_CONTEXT('2D SPACE',''
  ) );
#360 = ORIENTED_EDGE('',*,*,#361,.F.);
#361 = EDGE_CURVE('',#362,#336,#364,.T.);
#362 = VERTEX_POINT('',#363);
#363 = CARTESIAN_POINT('',(-390.,185.,62.));
#364 = SURFACE_CURVE('',#365,(#369,#376),.PCURVE_S1.);
#365 = LINE('',#366,#367);
#366 = CARTESIAN_POINT('',(-390.,185.,62.));
#367 = VECTOR('',#368,1.);
#368 = DIRECTION('',(0.,0.,1.));
#369 = PCURVE('',#144,#370);
#370 = DEFINITIONAL_REPRESENTATION('',(#371),#375);
#371 = LINE('',#372,#373);
#372 = CARTESIAN_POINT('',(134.35028842544,0.));
#373 = VECTOR('',#374,1.);
#374 = DIRECTION('',(0.,-1.));
#375 = ( GEOMETRIC_REPRESENTATION_CONTEXT(2) 
PARAMETRIC_REPRESENTATION_CONTEXT() REPRESENTATION_CONTEXT('2D SPACE',''
  ) );
#376 = PCURVE('',#377,#382);
#377 = PLANE('',#378);
#378 = AXIS2_PLACEMENT_3D('',#379,#380,#381);
#379 = CARTESIAN_POINT('',(-390.,185.,62.));
#380 = DIRECTION('',(1.,0.,-0.));
#381 = DIRECTION('',(0.,-1.,0.));
#382 = DEFINITIONAL_REPRESENTATION('',(#383),#387);
#383 = LINE('',#384,#385);
#384 = CARTESIAN_POINT('',(0.,0.));
#385 = VECTOR('',#386,1.);
#386 = DIRECTION('',(0.,-1.));
#387 = ( GEOMETRIC_REPRESENTATION_CONTEXT(2) 
PARAMETRIC_REPRESENTATION_CONTEXT() REPRESENTATION_CONTEXT('2D SPACE',''
  ) );
#388 = ORIENTED_EDGE('',*,*,#389,.F.);
#389 = EDGE_CURVE('',#390,#362,#392,.T.);
#390 = VERTEX_POINT('',#391);
#391 = CARTESIAN_POINT('',(-344.8994949366,230.10050506338,62.));
#392 = SURFACE_CURVE('',#393,(#397,#404),.PCURVE_S1.);
#393 = LINE('',#394,#395);
#394 = CARTESIAN_POINT('',(-295.,280.,62.));
#395 = VECTOR('',#396,1.);
#396 = DIRECTION('',(-0.707106781187,-0.707106781187,0.));
#397 = PCURVE('',#144,#398);
#398 = DEFINITIONAL_REPRESENTATION('',(#399),#403);
#399 = LINE('',#400,#401);
#400 = CARTESIAN_POINT('',(0.,0.));
#401 = VECTOR('',#402,1.);
#402 = DIRECTION('',(1.,0.));
#403 = ( GEOMETRIC_REPRESENTATION_CONTEXT(2) 
PARAMETRIC_REPRESENTATION_CONTEXT() REPRESENTATION_CONTEXT('2D SPACE',''
  ) );
#404 = PCURVE('',#405,#410);
#405 = PLANE('',#406);
#406 = AXIS2_PLACEMENT_3D('',#407,#408,#409);
#407 = CARTESIAN_POINT('',(1.776500577423E-14,0.,62.));
#408 = DIRECTION('',(0.,0.,1.));
#409 = DIRECTION('',(1.,0.,-0.));
#410 = DEFINITIONAL_REPRESENTATION('',(#411),#415);
#411 = LINE('',#412,#413);
#412 = CARTESIAN_POINT('',(-295.,280.));
#413 = VECTOR('',#414,1.);
#414 = DIRECTION('',(-0.707106781187,-0.707106781187));
#415 = ( GEOMETRIC_REPRESENTATION_CONTEXT(2) 
PARAMETRIC_REPRESENTATION_CONTEXT() REPRESENTATION_CONTEXT('2D SPACE',''
  ) );
#416 = ORIENTED_EDGE('',*,*,#417,.T.);
#417 = EDGE_CURVE('',#390,#418,#420,.T.);
#418 = VERTEX_POINT('',#419);
#419 = CARTESIAN_POINT('',(-344.8994949366,230.10050506338,70.));
#420 = SURFACE_CURVE('',#421,(#425,#431),.PCURVE_S1.);
#421 = LINE('',#422,#423);
#422 = CARTESIAN_POINT('',(-344.8994949366,230.10050506338,61.));
#423 = VECTOR('',#424,1.);
#424 = DIRECTION('',(0.,0.,1.));
#425 = PCURVE('',#144,#426);
#426 = DEFINITIONAL_REPRESENTATION('',(#427),#430);
#427 = B_SPLINE_CURVE_WITH_KNOTS('',1,(#428,#429),.UNSPECIFIED.,.F.,.F.,
  (2,2),(-5.999999999062E-07,9.0000006),.PIECEWISE_BEZIER_KNOTS.);
#428 = CARTESIAN_POINT('',(70.568542494924,1.0000006));
#429 = CARTESIAN_POINT('',(70.568542494924,-8.0000006));
#430 = ( GEOMETRIC_REPRESENTATION_CONTEXT(2) 
PARAMETRIC_REPRESENTATION_CONTEXT() REPRESENTATION_CONTEXT('2D SPACE',''
  ) );
#431 = PCURVE('',#432,#437);
#432 = CYLINDRICAL_SURFACE('',#433,86.);
#433 = AXIS2_PLACEMENT_3D('',#434,#435,#436);
#434 = CARTESIAN_POINT('',(-275.,180.,61.));
#435 = DIRECTION('',(0.,0.,1.));
#436 = DIRECTION('',(1.,0.,-0.));
#437 = DEFINITIONAL_REPRESENTATION('',(#438),#441);
#438 = B_SPLINE_CURVE_WITH_KNOTS('',1,(#439,#440),.UNSPECIFIED.,.F.,.F.,
  (2,2),(-5.999999999062E-07,9.0000006),.PIECEWISE_BEZIER_KNOTS.);
#439 = CARTESIAN_POINT('',(2.519712914378,-5.999999999062E-07));
#440 = CARTESIAN_POINT('',(2.519712914378,9.0000006));
#441 = ( GEOMETRIC_REPRESENTATION_CONTEXT(2) 
PARAMETRIC_REPRESENTATION_CONTEXT() REPRESENTATION_CONTEXT('2D SPACE',''
  ) );
#442 = ORIENTED_EDGE('',*,*,#443,.F.);
#443 = EDGE_CURVE('',#444,#418,#446,.T.);
#444 = VERTEX_POINT('',#445);
#445 = CARTESIAN_POINT('',(-325.1005050633,249.89949493661,70.));
#446 = SURFACE_CURVE('',#447,(#451,#457),.PCURVE_S1.);
#447 = LINE('',#448,#449);
#448 = CARTESIAN_POINT('',(-315.,260.,70.));
#449 = VECTOR('',#450,1.);
#450 = DIRECTION('',(-0.707106781187,-0.707106781187,0.));
#451 = PCURVE('',#144,#452);
#452 = DEFINITIONAL_REPRESENTATION('',(#453),#456);
#453 = B_SPLINE_CURVE_WITH_KNOTS('',1,(#454,#455),.UNSPECIFIED.,.F.,.F.,
  (2,2),(-8.485281374239,65.053823869162),.PIECEWISE_BEZIER_KNOTS.);
#454 = CARTESIAN_POINT('',(19.798989873223,-8.));
#455 = CARTESIAN_POINT('',(93.338095116624,-8.));
#456 = ( GEOMETRIC_REPRESENTATION_CONTEXT(2) 
PARAMETRIC_REPRESENTATION_CONTEXT() REPRESENTATION_CONTEXT('2D SPACE',''
  ) );
#457 = PCURVE('',#458,#463);
#458 = PLANE('',#459);
#459 = AXIS2_PLACEMENT_3D('',#460,#461,#462);
#460 = CARTESIAN_POINT('',(-275.,180.,70.));
#461 = DIRECTION('',(0.,0.,1.));
#462 = DIRECTION('',(1.,0.,-0.));
#463 = DEFINITIONAL_REPRESENTATION('',(#464),#467);
#464 = B_SPLINE_CURVE_WITH_KNOTS('',1,(#465,#466),.UNSPECIFIED.,.F.,.F.,
  (2,2),(-8.485281374239,65.053823869162),.PIECEWISE_BEZIER_KNOTS.);
#465 = CARTESIAN_POINT('',(-34.,86.));
#466 = CARTESIAN_POINT('',(-86.,34.));
#467 = ( GEOMETRIC_REPRESENTATION_CONTEXT(2) 
PARAMETRIC_REPRESENTATION_CONTEXT() REPRESENTATION_CONTEXT('2D SPACE',''
  ) );
#468 = ORIENTED_EDGE('',*,*,#469,.F.);
#469 = EDGE_CURVE('',#234,#444,#470,.T.);
#470 = SURFACE_CURVE('',#471,(#475,#481),.PCURVE_S1.);
#471 = LINE('',#472,#473);
#472 = CARTESIAN_POINT('',(-325.1005050633,249.89949493661,61.));
#473 = VECTOR('',#474,1.);
#474 = DIRECTION('',(0.,0.,1.));
#475 = PCURVE('',#144,#476);
#476 = DEFINITIONAL_REPRESENTATION('',(#477),#480);
#477 = B_SPLINE_CURVE_WITH_KNOTS('',1,(#478,#479),.UNSPECIFIED.,.F.,.F.,
  (2,2),(-5.999999999062E-07,9.0000006),.PIECEWISE_BEZIER_KNOTS.);
#478 = CARTESIAN_POINT('',(42.568542494924,1.0000006));
#479 = CARTESIAN_POINT('',(42.568542494924,-8.0000006));
#480 = ( GEOMETRIC_REPRESENTATION_CONTEXT(2) 
PARAMETRIC_REPRESENTATION_CONTEXT() REPRESENTATION_CONTEXT('2D SPACE',''
  ) );
#481 = PCURVE('',#271,#482);
#482 = DEFINITIONAL_REPRESENTATION('',(#483),#486);
#483 = B_SPLINE_CURVE_WITH_KNOTS('',1,(#484,#485),.UNSPECIFIED.,.F.,.F.,
  (2,2),(-5.999999999062E-07,9.0000006),.PIECEWISE_BEZIER_KNOTS.);
#484 = CARTESIAN_POINT('',(2.192676066007,-5.999999999062E-07));
#485 = CARTESIAN_POINT('',(2.192676066007,9.0000006));
#486 = ( GEOMETRIC_REPRESENTATION_CONTEXT(2) 
PARAMETRIC_REPRESENTATION_CONTEXT() REPRESENTATION_CONTEXT('2D SPACE',''
  ) );
#487 = ADVANCED_FACE('',(#488),#119,.T.);
#488 = FACE_BOUND('',#489,.T.);
#489 = EDGE_LOOP('',(#490,#513,#532,#533,#534,#558));
#490 = ORIENTED_EDGE('',*,*,#491,.F.);
#491 = EDGE_CURVE('',#492,#494,#496,.T.);
#492 = VERTEX_POINT('',#493);
#493 = CARTESIAN_POINT('',(-260.,278.,122.));
#494 = VERTEX_POINT('',#495);
#495 = CARTESIAN_POINT('',(-293.8284271247,278.,122.));
#496 = SURFACE_CURVE('',#497,(#501,#507),.PCURVE_S1.);
#497 = LINE('',#498,#499);
#498 = CARTESIAN_POINT('',(1.914213562373,278.,122.));
#499 = VECTOR('',#500,1.);
#500 = DIRECTION('',(-1.,0.,0.));
#501 = PCURVE('',#119,#502);
#502 = DEFINITIONAL_REPRESENTATION('',(#503),#506);
#503 = B_SPLINE_CURVE_WITH_KNOTS('',1,(#504,#505),.UNSPECIFIED.,.F.,.F.,
  (2,2),(211.91421356237,295.74264068711),.PIECEWISE_BEZIER_KNOTS.);
#504 = CARTESIAN_POINT('',(80.,70.));
#505 = CARTESIAN_POINT('',(-3.828427124746,70.));
#506 = ( GEOMETRIC_REPRESENTATION_CONTEXT(2) 
PARAMETRIC_REPRESENTATION_CONTEXT() REPRESENTATION_CONTEXT('2D SPACE',''
  ) );
#507 = PCURVE('',#202,#508);
#508 = DEFINITIONAL_REPRESENTATION('',(#509),#512);
#509 = B_SPLINE_CURVE_WITH_KNOTS('',1,(#510,#511),.UNSPECIFIED.,.F.,.F.,
  (2,2),(211.91421356237,295.74264068711),.PIECEWISE_BEZIER_KNOTS.);
#510 = CARTESIAN_POINT('',(503.82842712474,-61.));
#511 = CARTESIAN_POINT('',(587.65685424949,-61.));
#512 = ( GEOMETRIC_REPRESENTATION_CONTEXT(2) 
PARAMETRIC_REPRESENTATION_CONTEXT() REPRESENTATION_CONTEXT('2D SPACE',''
  ) );
#513 = ORIENTED_EDGE('',*,*,#514,.T.);
#514 = EDGE_CURVE('',#492,#79,#515,.T.);
#515 = SURFACE_CURVE('',#516,(#520,#526),.PCURVE_S1.);
#516 = LINE('',#517,#518);
#517 = CARTESIAN_POINT('',(-260.,-96.,122.));
#518 = VECTOR('',#519,1.);
#519 = DIRECTION('',(-0.,1.,0.));
#520 = PCURVE('',#119,#521);
#521 = DEFINITIONAL_REPRESENTATION('',(#522),#525);
#522 = B_SPLINE_CURVE_WITH_KNOTS('',1,(#523,#524),.UNSPECIFIED.,.F.,.F.,
  (2,2),(298.04999961797,376.),.PIECEWISE_BEZIER_KNOTS.);
#523 = CARTESIAN_POINT('',(30.,-5.950000382029));
#524 = CARTESIAN_POINT('',(30.,72.));
#525 = ( GEOMETRIC_REPRESENTATION_CONTEXT(2) 
PARAMETRIC_REPRESENTATION_CONTEXT() REPRESENTATION_CONTEXT('2D SPACE',''
  ) );
#526 = PCURVE('',#93,#527);
#527 = DEFINITIONAL_REPRESENTATION('',(#528),#531);
#528 = B_SPLINE_CURVE_WITH_KNOTS('',1,(#529,#530),.UNSPECIFIED.,.F.,.F.,
  (2,2),(298.04999961797,376.),.PIECEWISE_BEZIER_KNOTS.);
#529 = CARTESIAN_POINT('',(122.,-602.0499996179));
#530 = CARTESIAN_POINT('',(122.,-680.));
#531 = ( GEOMETRIC_REPRESENTATION_CONTEXT(2) 
PARAMETRIC_REPRESENTATION_CONTEXT() REPRESENTATION_CONTEXT('2D SPACE',''
  ) );
#532 = ORIENTED_EDGE('',*,*,#104,.T.);
#533 = ORIENTED_EDGE('',*,*,#288,.T.);
#534 = ORIENTED_EDGE('',*,*,#535,.T.);
#535 = EDGE_CURVE('',#289,#536,#538,.T.);
#536 = VERTEX_POINT('',#537);
#537 = CARTESIAN_POINT('',(-369.7784275067,202.04999961797,122.));
#538 = SURFACE_CURVE('',#539,(#544,#551),.PCURVE_S1.);
#539 = CIRCLE('',#540,80.);
#540 = AXIS2_PLACEMENT_3D('',#541,#542,#543);
#541 = CARTESIAN_POINT('',(-290.,208.,122.));
#542 = DIRECTION('',(0.,0.,1.));
#543 = DIRECTION('',(1.,0.,-0.));
#544 = PCURVE('',#119,#545);
#545 = DEFINITIONAL_REPRESENTATION('',(#546),#550);
#546 = CIRCLE('',#547,80.);
#547 = AXIS2_PLACEMENT_2D('',#548,#549);
#548 = CARTESIAN_POINT('',(0.,0.));
#549 = DIRECTION('',(1.,0.));
#550 = ( GEOMETRIC_REPRESENTATION_CONTEXT(2) 
PARAMETRIC_REPRESENTATION_CONTEXT() REPRESENTATION_CONTEXT('2D SPACE',''
  ) );
#551 = PCURVE('',#324,#552);
#552 = DEFINITIONAL_REPRESENTATION('',(#553),#557);
#553 = LINE('',#554,#555);
#554 = CARTESIAN_POINT('',(0.,0.));
#555 = VECTOR('',#556,1.);
#556 = DIRECTION('',(1.,0.));
#557 = ( GEOMETRIC_REPRESENTATION_CONTEXT(2) 
PARAMETRIC_REPRESENTATION_CONTEXT() REPRESENTATION_CONTEXT('2D SPACE',''
  ) );
#558 = ORIENTED_EDGE('',*,*,#559,.F.);
#559 = EDGE_CURVE('',#494,#536,#560,.T.);
#560 = SURFACE_CURVE('',#561,(#565,#571),.PCURVE_S1.);
#561 = LINE('',#562,#563);
#562 = CARTESIAN_POINT('',(-310.3713203435,261.45710678118,122.));
#563 = VECTOR('',#564,1.);
#564 = DIRECTION('',(-0.707106781187,-0.707106781187,0.));
#565 = PCURVE('',#119,#566);
#566 = DEFINITIONAL_REPRESENTATION('',(#567),#570);
#567 = B_SPLINE_CURVE_WITH_KNOTS('',1,(#568,#569),.UNSPECIFIED.,.F.,.F.,
  (2,2),(-23.39518395093,84.327687476539),.PIECEWISE_BEZIER_KNOTS.);
#568 = CARTESIAN_POINT('',(-3.828427124746,70.));
#569 = CARTESIAN_POINT('',(-80.,-6.171572875254));
#570 = ( GEOMETRIC_REPRESENTATION_CONTEXT(2) 
PARAMETRIC_REPRESENTATION_CONTEXT() REPRESENTATION_CONTEXT('2D SPACE',''
  ) );
#571 = PCURVE('',#176,#572);
#572 = DEFINITIONAL_REPRESENTATION('',(#573),#576);
#573 = B_SPLINE_CURVE_WITH_KNOTS('',1,(#574,#575),.UNSPECIFIED.,.F.,.F.,
  (2,2),(-23.39518395093,84.327687476539),.PIECEWISE_BEZIER_KNOTS.);
#574 = CARTESIAN_POINT('',(0.,-61.));
#575 = CARTESIAN_POINT('',(107.72287142747,-61.));
#576 = ( GEOMETRIC_REPRESENTATION_CONTEXT(2) 
PARAMETRIC_REPRESENTATION_CONTEXT() REPRESENTATION_CONTEXT('2D SPACE',''
  ) );
#577 = ADVANCED_FACE('',(#578),#93,.T.);
#578 = FACE_BOUND('',#579,.T.);
#579 = EDGE_LOOP('',(#580,#581,#582,#583));
#580 = ORIENTED_EDGE('',*,*,#213,.T.);
#581 = ORIENTED_EDGE('',*,*,#78,.T.);
#582 = ORIENTED_EDGE('',*,*,#514,.F.);
#583 = ORIENTED_EDGE('',*,*,#584,.F.);
#584 = EDGE_CURVE('',#188,#492,#585,.T.);
#585 = SURFACE_CURVE('',#586,(#590,#596),.PCURVE_S1.);
#586 = LINE('',#587,#588);
#587 = CARTESIAN_POINT('',(-260.,278.,30.5));
#588 = VECTOR('',#589,1.);
#589 = DIRECTION('',(0.,0.,1.));
#590 = PCURVE('',#93,#591);
#591 = DEFINITIONAL_REPRESENTATION('',(#592),#595);
#592 = B_SPLINE_CURVE_WITH_KNOTS('',1,(#593,#594),.UNSPECIFIED.,.F.,.F.,
  (2,2),(31.5,134.),.PIECEWISE_BEZIER_KNOTS.);
#593 = CARTESIAN_POINT('',(62.,-678.));
#594 = CARTESIAN_POINT('',(164.5,-678.));
#595 = ( GEOMETRIC_REPRESENTATION_CONTEXT(2) 
PARAMETRIC_REPRESENTATION_CONTEXT() REPRESENTATION_CONTEXT('2D SPACE',''
  ) );
#596 = PCURVE('',#202,#597);
#597 = DEFINITIONAL_REPRESENTATION('',(#598),#601);
#598 = B_SPLINE_CURVE_WITH_KNOTS('',1,(#599,#600),.UNSPECIFIED.,.F.,.F.,
  (2,2),(31.5,134.),.PIECEWISE_BEZIER_KNOTS.);
#599 = CARTESIAN_POINT('',(553.82842712474,-1.));
#600 = CARTESIAN_POINT('',(553.82842712474,-103.5));
#601 = ( GEOMETRIC_REPRESENTATION_CONTEXT(2) 
PARAMETRIC_REPRESENTATION_CONTEXT() REPRESENTATION_CONTEXT('2D SPACE',''
  ) );
#602 = ADVANCED_FACE('',(#603),#176,.T.);
#603 = FACE_BOUND('',#604,.T.);
#604 = EDGE_LOOP('',(#605,#635,#656,#677,#698,#717,#718,#739,#740,#761)
  );
#605 = ORIENTED_EDGE('',*,*,#606,.F.);
#606 = EDGE_CURVE('',#607,#609,#611,.T.);
#607 = VERTEX_POINT('',#608);
#608 = CARTESIAN_POINT('',(-388.,183.82842712474,62.));
#609 = VERTEX_POINT('',#610);
#610 = CARTESIAN_POINT('',(-388.,183.82842712474,164.5));
#611 = SURFACE_CURVE('',#612,(#616,#623),.PCURVE_S1.);
#612 = LINE('',#613,#614);
#613 = CARTESIAN_POINT('',(-388.,183.82842712474,61.));
#614 = VECTOR('',#615,1.);
#615 = DIRECTION('',(0.,0.,1.));
#616 = PCURVE('',#176,#617);
#617 = DEFINITIONAL_REPRESENTATION('',(#618),#622);
#618 = LINE('',#619,#620);
#619 = CARTESIAN_POINT('',(133.17871555019,0.));
#620 = VECTOR('',#621,1.);
#621 = DIRECTION('',(0.,-1.));
#622 = ( GEOMETRIC_REPRESENTATION_CONTEXT(2) 
PARAMETRIC_REPRESENTATION_CONTEXT() REPRESENTATION_CONTEXT('2D SPACE',''
  ) );
#623 = PCURVE('',#624,#629);
#624 = PLANE('',#625);
#625 = AXIS2_PLACEMENT_3D('',#626,#627,#628);
#626 = CARTESIAN_POINT('',(-388.,183.82842712474,61.));
#627 = DIRECTION('',(1.,0.,-0.));
#628 = DIRECTION('',(0.,-1.,0.));
#629 = DEFINITIONAL_REPRESENTATION('',(#630),#634);
#630 = LINE('',#631,#632);
#631 = CARTESIAN_POINT('',(0.,0.));
#632 = VECTOR('',#633,1.);
#633 = DIRECTION('',(0.,-1.));
#634 = ( GEOMETRIC_REPRESENTATION_CONTEXT(2) 
PARAMETRIC_REPRESENTATION_CONTEXT() REPRESENTATION_CONTEXT('2D SPACE',''
  ) );
#635 = ORIENTED_EDGE('',*,*,#636,.T.);
#636 = EDGE_CURVE('',#607,#637,#639,.T.);
#637 = VERTEX_POINT('',#638);
#638 = CARTESIAN_POINT('',(-350.319232163,221.50919496168,62.));
#639 = SURFACE_CURVE('',#640,(#644,#650),.PCURVE_S1.);
#640 = LINE('',#641,#642);
#641 = CARTESIAN_POINT('',(-289.8713203435,281.95710678118,62.));
#642 = VECTOR('',#643,1.);
#643 = DIRECTION('',(0.707106781187,0.707106781187,-0.));
#644 = PCURVE('',#176,#645);
#645 = DEFINITIONAL_REPRESENTATION('',(#646),#649);
#646 = B_SPLINE_CURVE_WITH_KNOTS('',1,(#647,#648),.UNSPECIFIED.,.F.,.F.,
  (2,2),(-138.7749096279,-5.596194077713),.PIECEWISE_BEZIER_KNOTS.);
#647 = CARTESIAN_POINT('',(133.17871555019,-1.));
#648 = CARTESIAN_POINT('',(0.,-1.));
#649 = ( GEOMETRIC_REPRESENTATION_CONTEXT(2) 
PARAMETRIC_REPRESENTATION_CONTEXT() REPRESENTATION_CONTEXT('2D SPACE',''
  ) );
#650 = PCURVE('',#405,#651);
#651 = DEFINITIONAL_REPRESENTATION('',(#652),#655);
#652 = B_SPLINE_CURVE_WITH_KNOTS('',1,(#653,#654),.UNSPECIFIED.,.F.,.F.,
  (2,2),(-138.7749096279,-5.596194077713),.PIECEWISE_BEZIER_KNOTS.);
#653 = CARTESIAN_POINT('',(-388.,183.82842712474));
#654 = CARTESIAN_POINT('',(-293.8284271247,278.));
#655 = ( GEOMETRIC_REPRESENTATION_CONTEXT(2) 
PARAMETRIC_REPRESENTATION_CONTEXT() REPRESENTATION_CONTEXT('2D SPACE',''
  ) );
#656 = ORIENTED_EDGE('',*,*,#657,.T.);
#657 = EDGE_CURVE('',#637,#658,#660,.T.);
#658 = VERTEX_POINT('',#659);
#659 = CARTESIAN_POINT('',(-350.319232163,221.50919496168,70.));
#660 = SURFACE_CURVE('',#661,(#665,#671),.PCURVE_S1.);
#661 = LINE('',#662,#663);
#662 = CARTESIAN_POINT('',(-350.319232163,221.50919496168,61.));
#663 = VECTOR('',#664,1.);
#664 = DIRECTION('',(0.,0.,1.));
#665 = PCURVE('',#176,#666);
#666 = DEFINITIONAL_REPRESENTATION('',(#667),#670);
#667 = B_SPLINE_CURVE_WITH_KNOTS('',1,(#668,#669),.UNSPECIFIED.,.F.,.F.,
  (2,2),(-5.999999999062E-07,9.0000006),.PIECEWISE_BEZIER_KNOTS.);
#668 = CARTESIAN_POINT('',(79.890062634553,5.999999999062E-07));
#669 = CARTESIAN_POINT('',(79.890062634553,-9.0000006));
#670 = ( GEOMETRIC_REPRESENTATION_CONTEXT(2) 
PARAMETRIC_REPRESENTATION_CONTEXT() REPRESENTATION_CONTEXT('2D SPACE',''
  ) );
#671 = PCURVE('',#432,#672);
#672 = DEFINITIONAL_REPRESENTATION('',(#673),#676);
#673 = B_SPLINE_CURVE_WITH_KNOTS('',1,(#674,#675),.UNSPECIFIED.,.F.,.F.,
  (2,2),(-5.999999999062E-07,9.0000006),.PIECEWISE_BEZIER_KNOTS.);
#674 = CARTESIAN_POINT('',(2.63789750321,-5.999999999062E-07));
#675 = CARTESIAN_POINT('',(2.63789750321,9.0000006));
#676 = ( GEOMETRIC_REPRESENTATION_CONTEXT(2) 
PARAMETRIC_REPRESENTATION_CONTEXT() REPRESENTATION_CONTEXT('2D SPACE',''
  ) );
#677 = ORIENTED_EDGE('',*,*,#678,.F.);
#678 = EDGE_CURVE('',#679,#658,#681,.T.);
#679 = VERTEX_POINT('',#680);
#680 = CARTESIAN_POINT('',(-316.5091949616,255.31923216305,70.));
#681 = SURFACE_CURVE('',#682,(#686,#692),.PCURVE_S1.);
#682 = LINE('',#683,#684);
#683 = CARTESIAN_POINT('',(-313.6213203435,258.20710678118,70.));
#684 = VECTOR('',#685,1.);
#685 = DIRECTION('',(-0.707106781187,-0.707106781187,0.));
#686 = PCURVE('',#176,#687);
#687 = DEFINITIONAL_REPRESENTATION('',(#688),#691);
#688 = B_SPLINE_CURVE_WITH_KNOTS('',1,(#689,#690),.UNSPECIFIED.,.F.,.F.,
  (2,2),(-11.02081528017,67.003571337468),.PIECEWISE_BEZIER_KNOTS.);
#689 = CARTESIAN_POINT('',(16.970562748477,-9.));
#690 = CARTESIAN_POINT('',(94.994949366117,-9.));
#691 = ( GEOMETRIC_REPRESENTATION_CONTEXT(2) 
PARAMETRIC_REPRESENTATION_CONTEXT() REPRESENTATION_CONTEXT('2D SPACE',''
  ) );
#692 = PCURVE('',#458,#693);
#693 = DEFINITIONAL_REPRESENTATION('',(#694),#697);
#694 = B_SPLINE_CURVE_WITH_KNOTS('',1,(#695,#696),.UNSPECIFIED.,.F.,.F.,
  (2,2),(-11.02081528017,67.003571337468),.PIECEWISE_BEZIER_KNOTS.);
#695 = CARTESIAN_POINT('',(-30.82842712474,86.));
#696 = CARTESIAN_POINT('',(-86.,30.828427124746));
#697 = ( GEOMETRIC_REPRESENTATION_CONTEXT(2) 
PARAMETRIC_REPRESENTATION_CONTEXT() REPRESENTATION_CONTEXT('2D SPACE',''
  ) );
#698 = ORIENTED_EDGE('',*,*,#699,.F.);
#699 = EDGE_CURVE('',#160,#679,#700,.T.);
#700 = SURFACE_CURVE('',#701,(#705,#711),.PCURVE_S1.);
#701 = LINE('',#702,#703);
#702 = CARTESIAN_POINT('',(-316.5091949616,255.31923216305,61.));
#703 = VECTOR('',#704,1.);
#704 = DIRECTION('',(0.,0.,1.));
#705 = PCURVE('',#176,#706);
#706 = DEFINITIONAL_REPRESENTATION('',(#707),#710);
#707 = B_SPLINE_CURVE_WITH_KNOTS('',1,(#708,#709),.UNSPECIFIED.,.F.,.F.,
  (2,2),(-5.999999999062E-07,9.0000006),.PIECEWISE_BEZIER_KNOTS.);
#708 = CARTESIAN_POINT('',(32.07544948004,5.999999999062E-07));
#709 = CARTESIAN_POINT('',(32.07544948004,-9.0000006));
#710 = ( GEOMETRIC_REPRESENTATION_CONTEXT(2) 
PARAMETRIC_REPRESENTATION_CONTEXT() REPRESENTATION_CONTEXT('2D SPACE',''
  ) );
#711 = PCURVE('',#271,#712);
#712 = DEFINITIONAL_REPRESENTATION('',(#713),#716);
#713 = B_SPLINE_CURVE_WITH_KNOTS('',1,(#714,#715),.UNSPECIFIED.,.F.,.F.,
  (2,2),(-5.999999999062E-07,9.0000006),.PIECEWISE_BEZIER_KNOTS.);
#714 = CARTESIAN_POINT('',(2.074491477174,-5.999999999062E-07));
#715 = CARTESIAN_POINT('',(2.074491477174,9.0000006));
#716 = ( GEOMETRIC_REPRESENTATION_CONTEXT(2) 
PARAMETRIC_REPRESENTATION_CONTEXT() REPRESENTATION_CONTEXT('2D SPACE',''
  ) );
#717 = ORIENTED_EDGE('',*,*,#159,.T.);
#718 = ORIENTED_EDGE('',*,*,#719,.T.);
#719 = EDGE_CURVE('',#162,#494,#720,.T.);
#720 = SURFACE_CURVE('',#721,(#725,#732),.PCURVE_S1.);
#721 = LINE('',#722,#723);
#722 = CARTESIAN_POINT('',(-293.8284271247,278.,61.));
#723 = VECTOR('',#724,1.);
#724 = DIRECTION('',(0.,0.,1.));
#725 = PCURVE('',#176,#726);
#726 = DEFINITIONAL_REPRESENTATION('',(#727),#731);
#727 = LINE('',#728,#729);
#728 = CARTESIAN_POINT('',(0.,0.));
#729 = VECTOR('',#730,1.);
#730 = DIRECTION('',(0.,-1.));
#731 = ( GEOMETRIC_REPRESENTATION_CONTEXT(2) 
PARAMETRIC_REPRESENTATION_CONTEXT() REPRESENTATION_CONTEXT('2D SPACE',''
  ) );
#732 = PCURVE('',#202,#733);
#733 = DEFINITIONAL_REPRESENTATION('',(#734),#738);
#734 = LINE('',#735,#736);
#735 = CARTESIAN_POINT('',(587.65685424949,0.));
#736 = VECTOR('',#737,1.);
#737 = DIRECTION('',(0.,-1.));
#738 = ( GEOMETRIC_REPRESENTATION_CONTEXT(2) 
PARAMETRIC_REPRESENTATION_CONTEXT() REPRESENTATION_CONTEXT('2D SPACE',''
  ) );
#739 = ORIENTED_EDGE('',*,*,#559,.T.);
#740 = ORIENTED_EDGE('',*,*,#741,.T.);
#741 = EDGE_CURVE('',#536,#742,#744,.T.);
#742 = VERTEX_POINT('',#743);
#743 = CARTESIAN_POINT('',(-369.7784275067,202.04999961797,164.5));
#744 = SURFACE_CURVE('',#745,(#749,#755),.PCURVE_S1.);
#745 = LINE('',#746,#747);
#746 = CARTESIAN_POINT('',(-369.7784275067,202.04999961797,122.));
#747 = VECTOR('',#748,1.);
#748 = DIRECTION('',(0.,0.,1.));
#749 = PCURVE('',#176,#750);
#750 = DEFINITIONAL_REPRESENTATION('',(#751),#754);
#751 = B_SPLINE_CURVE_WITH_KNOTS('',1,(#752,#753),.UNSPECIFIED.,.F.,.F.,
  (2,2),(-6.000000070117E-07,52.75),.PIECEWISE_BEZIER_KNOTS.);
#752 = CARTESIAN_POINT('',(107.4095206025,-60.9999994));
#753 = CARTESIAN_POINT('',(107.4095206025,-113.75));
#754 = ( GEOMETRIC_REPRESENTATION_CONTEXT(2) 
PARAMETRIC_REPRESENTATION_CONTEXT() REPRESENTATION_CONTEXT('2D SPACE',''
  ) );
#755 = PCURVE('',#324,#756);
#756 = DEFINITIONAL_REPRESENTATION('',(#757),#760);
#757 = B_SPLINE_CURVE_WITH_KNOTS('',1,(#758,#759),.UNSPECIFIED.,.F.,.F.,
  (2,2),(-6.000000070117E-07,52.75),.PIECEWISE_BEZIER_KNOTS.);
#758 = CARTESIAN_POINT('',(3.216036398923,-6.000000070117E-07));
#759 = CARTESIAN_POINT('',(3.216036398923,52.75));
#760 = ( GEOMETRIC_REPRESENTATION_CONTEXT(2) 
PARAMETRIC_REPRESENTATION_CONTEXT() REPRESENTATION_CONTEXT('2D SPACE',''
  ) );
#761 = ORIENTED_EDGE('',*,*,#762,.T.);
#762 = EDGE_CURVE('',#742,#609,#763,.T.);
#763 = SURFACE_CURVE('',#764,(#768,#774),.PCURVE_S1.);
#764 = LINE('',#765,#766);
#765 = CARTESIAN_POINT('',(-514.8713203435,56.957106781187,164.5));
#766 = VECTOR('',#767,1.);
#767 = DIRECTION('',(-0.707106781187,-0.707106781187,0.));
#768 = PCURVE('',#176,#769);
#769 = DEFINITIONAL_REPRESENTATION('',(#770),#773);
#770 = B_SPLINE_CURVE_WITH_KNOTS('',1,(#771,#772),.UNSPECIFIED.,.F.,.F.,
  (2,2),(-312.6018574562,-179.423141906),.PIECEWISE_BEZIER_KNOTS.);
#771 = CARTESIAN_POINT('',(0.,-103.5));
#772 = CARTESIAN_POINT('',(133.17871555019,-103.5));
#773 = ( GEOMETRIC_REPRESENTATION_CONTEXT(2) 
PARAMETRIC_REPRESENTATION_CONTEXT() REPRESENTATION_CONTEXT('2D SPACE',''
  ) );
#774 = PCURVE('',#350,#775);
#775 = DEFINITIONAL_REPRESENTATION('',(#776),#779);
#776 = B_SPLINE_CURVE_WITH_KNOTS('',1,(#777,#778),.UNSPECIFIED.,.F.,.F.,
  (2,2),(-312.6018574562,-179.423141906),.PIECEWISE_BEZIER_KNOTS.);
#777 = CARTESIAN_POINT('',(206.17157287525,678.));
#778 = CARTESIAN_POINT('',(112.,583.82842712474));
#779 = ( GEOMETRIC_REPRESENTATION_CONTEXT(2) 
PARAMETRIC_REPRESENTATION_CONTEXT() REPRESENTATION_CONTEXT('2D SPACE',''
  ) );
#780 = ADVANCED_FACE('',(#781),#271,.F.);
#781 = FACE_BOUND('',#782,.F.);
#782 = EDGE_LOOP('',(#783,#805,#806,#807));
#783 = ORIENTED_EDGE('',*,*,#784,.F.);
#784 = EDGE_CURVE('',#679,#444,#785,.T.);
#785 = SURFACE_CURVE('',#786,(#791,#798),.PCURVE_S1.);
#786 = CIRCLE('',#787,86.);
#787 = AXIS2_PLACEMENT_3D('',#788,#789,#790);
#788 = CARTESIAN_POINT('',(-275.,180.,70.));
#789 = DIRECTION('',(0.,0.,1.));
#790 = DIRECTION('',(1.,0.,-0.));
#791 = PCURVE('',#271,#792);
#792 = DEFINITIONAL_REPRESENTATION('',(#793),#797);
#793 = LINE('',#794,#795);
#794 = CARTESIAN_POINT('',(0.,9.));
#795 = VECTOR('',#796,1.);
#796 = DIRECTION('',(1.,0.));
#797 = ( GEOMETRIC_REPRESENTATION_CONTEXT(2) 
PARAMETRIC_REPRESENTATION_CONTEXT() REPRESENTATION_CONTEXT('2D SPACE',''
  ) );
#798 = PCURVE('',#458,#799);
#799 = DEFINITIONAL_REPRESENTATION('',(#800),#804);
#800 = CIRCLE('',#801,86.);
#801 = AXIS2_PLACEMENT_2D('',#802,#803);
#802 = CARTESIAN_POINT('',(0.,0.));
#803 = DIRECTION('',(1.,0.));
#804 = ( GEOMETRIC_REPRESENTATION_CONTEXT(2) 
PARAMETRIC_REPRESENTATION_CONTEXT() REPRESENTATION_CONTEXT('2D SPACE',''
  ) );
#805 = ORIENTED_EDGE('',*,*,#699,.F.);
#806 = ORIENTED_EDGE('',*,*,#256,.T.);
#807 = ORIENTED_EDGE('',*,*,#469,.T.);
#808 = ADVANCED_FACE('',(#809),#202,.T.);
#809 = FACE_BOUND('',#810,.T.);
#810 = EDGE_LOOP('',(#811,#812,#813,#814));
#811 = ORIENTED_EDGE('',*,*,#719,.F.);
#812 = ORIENTED_EDGE('',*,*,#187,.T.);
#813 = ORIENTED_EDGE('',*,*,#584,.T.);
#814 = ORIENTED_EDGE('',*,*,#491,.T.);
#815 = ADVANCED_FACE('',(#816),#458,.F.);
#816 = FACE_BOUND('',#817,.F.);
#817 = EDGE_LOOP('',(#818,#819,#820,#821));
#818 = ORIENTED_EDGE('',*,*,#678,.F.);
#819 = ORIENTED_EDGE('',*,*,#784,.T.);
#820 = ORIENTED_EDGE('',*,*,#443,.T.);
#821 = ORIENTED_EDGE('',*,*,#822,.T.);
#822 = EDGE_CURVE('',#418,#658,#823,.T.);
#823 = SURFACE_CURVE('',#824,(#829,#836),.PCURVE_S1.);
#824 = CIRCLE('',#825,86.);
#825 = AXIS2_PLACEMENT_3D('',#826,#827,#828);
#826 = CARTESIAN_POINT('',(-275.,180.,70.));
#827 = DIRECTION('',(0.,0.,1.));
#828 = DIRECTION('',(1.,0.,-0.));
#829 = PCURVE('',#458,#830);
#830 = DEFINITIONAL_REPRESENTATION('',(#831),#835);
#831 = CIRCLE('',#832,86.);
#832 = AXIS2_PLACEMENT_2D('',#833,#834);
#833 = CARTESIAN_POINT('',(0.,0.));
#834 = DIRECTION('',(1.,0.));
#835 = ( GEOMETRIC_REPRESENTATION_CONTEXT(2) 
PARAMETRIC_REPRESENTATION_CONTEXT() REPRESENTATION_CONTEXT('2D SPACE',''
  ) );
#836 = PCURVE('',#432,#837);
#837 = DEFINITIONAL_REPRESENTATION('',(#838),#842);
#838 = LINE('',#839,#840);
#839 = CARTESIAN_POINT('',(0.,9.));
#840 = VECTOR('',#841,1.);
#841 = DIRECTION('',(1.,0.));
#842 = ( GEOMETRIC_REPRESENTATION_CONTEXT(2) 
PARAMETRIC_REPRESENTATION_CONTEXT() REPRESENTATION_CONTEXT('2D SPACE',''
  ) );
#843 = ADVANCED_FACE('',(#844),#432,.F.);
#844 = FACE_BOUND('',#845,.F.);
#845 = EDGE_LOOP('',(#846,#847,#848,#849));
#846 = ORIENTED_EDGE('',*,*,#657,.T.);
#847 = ORIENTED_EDGE('',*,*,#822,.F.);
#848 = ORIENTED_EDGE('',*,*,#417,.F.);
#849 = ORIENTED_EDGE('',*,*,#850,.T.);
#850 = EDGE_CURVE('',#390,#637,#851,.T.);
#851 = SURFACE_CURVE('',#852,(#857,#864),.PCURVE_S1.);
#852 = CIRCLE('',#853,86.);
#853 = AXIS2_PLACEMENT_3D('',#854,#855,#856);
#854 = CARTESIAN_POINT('',(-275.,180.,62.));
#855 = DIRECTION('',(0.,0.,1.));
#856 = DIRECTION('',(1.,0.,-0.));
#857 = PCURVE('',#432,#858);
#858 = DEFINITIONAL_REPRESENTATION('',(#859),#863);
#859 = LINE('',#860,#861);
#860 = CARTESIAN_POINT('',(0.,1.));
#861 = VECTOR('',#862,1.);
#862 = DIRECTION('',(1.,0.));
#863 = ( GEOMETRIC_REPRESENTATION_CONTEXT(2) 
PARAMETRIC_REPRESENTATION_CONTEXT() REPRESENTATION_CONTEXT('2D SPACE',''
  ) );
#864 = PCURVE('',#405,#865);
#865 = DEFINITIONAL_REPRESENTATION('',(#866),#870);
#866 = CIRCLE('',#867,86.);
#867 = AXIS2_PLACEMENT_2D('',#868,#869);
#868 = CARTESIAN_POINT('',(-275.,180.));
#869 = DIRECTION('',(1.,0.));
#870 = ( GEOMETRIC_REPRESENTATION_CONTEXT(2) 
PARAMETRIC_REPRESENTATION_CONTEXT() REPRESENTATION_CONTEXT('2D SPACE',''
  ) );
#871 = ADVANCED_FACE('',(#872),#405,.F.);
#872 = FACE_BOUND('',#873,.F.);
#873 = EDGE_LOOP('',(#874,#895,#896,#897,#898,#921,#949,#978));
#874 = ORIENTED_EDGE('',*,*,#875,.T.);
#875 = EDGE_CURVE('',#876,#607,#878,.T.);
#876 = VERTEX_POINT('',#877);
#877 = CARTESIAN_POINT('',(-388.,-183.8284271247,62.));
#878 = SURFACE_CURVE('',#879,(#883,#889),.PCURVE_S1.);
#879 = LINE('',#880,#881);
#880 = CARTESIAN_POINT('',(-388.,91.914213562373,62.));
#881 = VECTOR('',#882,1.);
#882 = DIRECTION('',(-0.,1.,0.));
#883 = PCURVE('',#405,#884);
#884 = DEFINITIONAL_REPRESENTATION('',(#885),#888);
#885 = B_SPLINE_CURVE_WITH_KNOTS('',1,(#886,#887),.UNSPECIFIED.,.F.,.F.,
  (2,2),(-275.7426406871,91.914213562373),.PIECEWISE_BEZIER_KNOTS.);
#886 = CARTESIAN_POINT('',(-388.,-183.8284271247));
#887 = CARTESIAN_POINT('',(-388.,183.82842712474));
#888 = ( GEOMETRIC_REPRESENTATION_CONTEXT(2) 
PARAMETRIC_REPRESENTATION_CONTEXT() REPRESENTATION_CONTEXT('2D SPACE',''
  ) );
#889 = PCURVE('',#624,#890);
#890 = DEFINITIONAL_REPRESENTATION('',(#891),#894);
#891 = B_SPLINE_CURVE_WITH_KNOTS('',1,(#892,#893),.UNSPECIFIED.,.F.,.F.,
  (2,2),(-275.7426406871,91.914213562373),.PIECEWISE_BEZIER_KNOTS.);
#892 = CARTESIAN_POINT('',(367.65685424949,-1.));
#893 = CARTESIAN_POINT('',(0.,-1.));
#894 = ( GEOMETRIC_REPRESENTATION_CONTEXT(2) 
PARAMETRIC_REPRESENTATION_CONTEXT() REPRESENTATION_CONTEXT('2D SPACE',''
  ) );
#895 = ORIENTED_EDGE('',*,*,#636,.T.);
#896 = ORIENTED_EDGE('',*,*,#850,.F.);
#897 = ORIENTED_EDGE('',*,*,#389,.T.);
#898 = ORIENTED_EDGE('',*,*,#899,.T.);
#899 = EDGE_CURVE('',#362,#900,#902,.T.);
#900 = VERTEX_POINT('',#901);
#901 = CARTESIAN_POINT('',(-390.,-185.,62.));
#902 = SURFACE_CURVE('',#903,(#907,#914),.PCURVE_S1.);
#903 = LINE('',#904,#905);
#904 = CARTESIAN_POINT('',(-390.,185.,62.));
#905 = VECTOR('',#906,1.);
#906 = DIRECTION('',(0.,-1.,0.));
#907 = PCURVE('',#405,#908);
#908 = DEFINITIONAL_REPRESENTATION('',(#909),#913);
#909 = LINE('',#910,#911);
#910 = CARTESIAN_POINT('',(-390.,185.));
#911 = VECTOR('',#912,1.);
#912 = DIRECTION('',(0.,-1.));
#913 = ( GEOMETRIC_REPRESENTATION_CONTEXT(2) 
PARAMETRIC_REPRESENTATION_CONTEXT() REPRESENTATION_CONTEXT('2D SPACE',''
  ) );
#914 = PCURVE('',#377,#915);
#915 = DEFINITIONAL_REPRESENTATION('',(#916),#920);
#916 = LINE('',#917,#918);
#917 = CARTESIAN_POINT('',(0.,0.));
#918 = VECTOR('',#919,1.);
#919 = DIRECTION('',(1.,0.));
#920 = ( GEOMETRIC_REPRESENTATION_CONTEXT(2) 
PARAMETRIC_REPRESENTATION_CONTEXT() REPRESENTATION_CONTEXT('2D SPACE',''
  ) );
#921 = ORIENTED_EDGE('',*,*,#922,.T.);
#922 = EDGE_CURVE('',#900,#923,#925,.T.);
#923 = VERTEX_POINT('',#924);
#924 = CARTESIAN_POINT('',(-344.8994949366,-230.1005050633,62.));
#925 = SURFACE_CURVE('',#926,(#930,#937),.PCURVE_S1.);
#926 = LINE('',#927,#928);
#927 = CARTESIAN_POINT('',(-390.,-185.,62.));
#928 = VECTOR('',#929,1.);
#929 = DIRECTION('',(0.707106781187,-0.707106781187,0.));
#930 = PCURVE('',#405,#931);
#931 = DEFINITIONAL_REPRESENTATION('',(#932),#936);
#932 = LINE('',#933,#934);
#933 = CARTESIAN_POINT('',(-390.,-185.));
#934 = VECTOR('',#935,1.);
#935 = DIRECTION('',(0.707106781187,-0.707106781187));
#936 = ( GEOMETRIC_REPRESENTATION_CONTEXT(2) 
PARAMETRIC_REPRESENTATION_CONTEXT() REPRESENTATION_CONTEXT('2D SPACE',''
  ) );
#937 = PCURVE('',#938,#943);
#938 = PLANE('',#939);
#939 = AXIS2_PLACEMENT_3D('',#940,#941,#942);
#940 = CARTESIAN_POINT('',(-390.,-185.,62.));
#941 = DIRECTION('',(0.707106781187,0.707106781187,-0.));
#942 = DIRECTION('',(0.707106781187,-0.707106781187,0.));
#943 = DEFINITIONAL_REPRESENTATION('',(#944),#948);
#944 = LINE('',#945,#946);
#945 = CARTESIAN_POINT('',(0.,0.));
#946 = VECTOR('',#947,1.);
#947 = DIRECTION('',(1.,0.));
#948 = ( GEOMETRIC_REPRESENTATION_CONTEXT(2) 
PARAMETRIC_REPRESENTATION_CONTEXT() REPRESENTATION_CONTEXT('2D SPACE',''
  ) );
#949 = ORIENTED_EDGE('',*,*,#950,.F.);
#950 = EDGE_CURVE('',#951,#923,#953,.T.);
#951 = VERTEX_POINT('',#952);
#952 = CARTESIAN_POINT('',(-350.319232163,-221.5091949616,62.));
#953 = SURFACE_CURVE('',#954,(#959,#966),.PCURVE_S1.);
#954 = CIRCLE('',#955,86.);
#955 = AXIS2_PLACEMENT_3D('',#956,#957,#958);
#956 = CARTESIAN_POINT('',(-275.,-180.,62.));
#957 = DIRECTION('',(0.,0.,1.));
#958 = DIRECTION('',(1.,0.,-0.));
#959 = PCURVE('',#405,#960);
#960 = DEFINITIONAL_REPRESENTATION('',(#961),#965);
#961 = CIRCLE('',#962,86.);
#962 = AXIS2_PLACEMENT_2D('',#963,#964);
#963 = CARTESIAN_POINT('',(-275.,-180.));
#964 = DIRECTION('',(1.,0.));
#965 = ( GEOMETRIC_REPRESENTATION_CONTEXT(2) 
PARAMETRIC_REPRESENTATION_CONTEXT() REPRESENTATION_CONTEXT('2D SPACE',''
  ) );
#966 = PCURVE('',#967,#972);
#967 = CYLINDRICAL_SURFACE('',#968,86.);
#968 = AXIS2_PLACEMENT_3D('',#969,#970,#971);
#969 = CARTESIAN_POINT('',(-275.,-180.,61.));
#970 = DIRECTION('',(0.,0.,1.));
#971 = DIRECTION('',(1.,0.,-0.));
#972 = DEFINITIONAL_REPRESENTATION('',(#973),#977);
#973 = LINE('',#974,#975);
#974 = CARTESIAN_POINT('',(0.,1.));
#975 = VECTOR('',#976,1.);
#976 = DIRECTION('',(1.,0.));
#977 = ( GEOMETRIC_REPRESENTATION_CONTEXT(2) 
PARAMETRIC_REPRESENTATION_CONTEXT() REPRESENTATION_CONTEXT('2D SPACE',''
  ) );
#978 = ORIENTED_EDGE('',*,*,#979,.T.);
#979 = EDGE_CURVE('',#951,#876,#980,.T.);
#980 = SURFACE_CURVE('',#981,(#985,#991),.PCURVE_S1.);
#981 = LINE('',#982,#983);
#982 = CARTESIAN_POINT('',(-336.9571067811,-234.8713203435,62.));
#983 = VECTOR('',#984,1.);
#984 = DIRECTION('',(-0.707106781187,0.707106781187,0.));
#985 = PCURVE('',#405,#986);
#986 = DEFINITIONAL_REPRESENTATION('',(#987),#990);
#987 = B_SPLINE_CURVE_WITH_KNOTS('',1,(#988,#989),.UNSPECIFIED.,.F.,.F.,
  (2,2),(-60.99316369738,72.185551852808),.PIECEWISE_BEZIER_KNOTS.);
#988 = CARTESIAN_POINT('',(-293.8284271247,-278.));
#989 = CARTESIAN_POINT('',(-388.,-183.8284271247));
#990 = ( GEOMETRIC_REPRESENTATION_CONTEXT(2) 
PARAMETRIC_REPRESENTATION_CONTEXT() REPRESENTATION_CONTEXT('2D SPACE',''
  ) );
#991 = PCURVE('',#992,#997);
#992 = PLANE('',#993);
#993 = AXIS2_PLACEMENT_3D('',#994,#995,#996);
#994 = CARTESIAN_POINT('',(-388.,-183.8284271247,61.));
#995 = DIRECTION('',(0.707106781187,0.707106781187,-0.));
#996 = DIRECTION('',(0.707106781187,-0.707106781187,0.));
#997 = DEFINITIONAL_REPRESENTATION('',(#998),#1001);
#998 = B_SPLINE_CURVE_WITH_KNOTS('',1,(#999,#1000),.UNSPECIFIED.,.F.,.F.
  ,(2,2),(-60.99316369738,72.185551852808),.PIECEWISE_BEZIER_KNOTS.);
#999 = CARTESIAN_POINT('',(133.17871555019,-1.));
#1000 = CARTESIAN_POINT('',(0.,-1.));
#1001 = ( GEOMETRIC_REPRESENTATION_CONTEXT(2) 
PARAMETRIC_REPRESENTATION_CONTEXT() REPRESENTATION_CONTEXT('2D SPACE',''
  ) );
#1002 = ADVANCED_FACE('',(#1003),#377,.F.);
#1003 = FACE_BOUND('',#1004,.F.);
#1004 = EDGE_LOOP('',(#1005,#1006,#1007,#1028,#1051,#1077,#1103,#1129));
#1005 = ORIENTED_EDGE('',*,*,#899,.F.);
#1006 = ORIENTED_EDGE('',*,*,#361,.T.);
#1007 = ORIENTED_EDGE('',*,*,#1008,.T.);
#1008 = EDGE_CURVE('',#336,#1009,#1011,.T.);
#1009 = VERTEX_POINT('',#1010);
#1010 = CARTESIAN_POINT('',(-390.,-185.,164.5));
#1011 = SURFACE_CURVE('',#1012,(#1016,#1022),.PCURVE_S1.);
#1012 = LINE('',#1013,#1014);
#1013 = CARTESIAN_POINT('',(-390.,-107.5,164.5));
#1014 = VECTOR('',#1015,1.);
#1015 = DIRECTION('',(0.,-1.,0.));
#1016 = PCURVE('',#377,#1017);
#1017 = DEFINITIONAL_REPRESENTATION('',(#1018),#1021);
#1018 = B_SPLINE_CURVE_WITH_KNOTS('',1,(#1019,#1020),.UNSPECIFIED.,.F.,
  .F.,(2,2),(-292.5,77.5),.PIECEWISE_BEZIER_KNOTS.);
#1019 = CARTESIAN_POINT('',(0.,-102.5));
#1020 = CARTESIAN_POINT('',(370.,-102.5));
#1021 = ( GEOMETRIC_REPRESENTATION_CONTEXT(2) 
PARAMETRIC_REPRESENTATION_CONTEXT() REPRESENTATION_CONTEXT('2D SPACE',''
  ) );
#1022 = PCURVE('',#350,#1023);
#1023 = DEFINITIONAL_REPRESENTATION('',(#1024),#1027);
#1024 = B_SPLINE_CURVE_WITH_KNOTS('',1,(#1025,#1026),.UNSPECIFIED.,.F.,
  .F.,(2,2),(-292.5,77.5),.PIECEWISE_BEZIER_KNOTS.);
#1025 = CARTESIAN_POINT('',(110.,585.));
#1026 = CARTESIAN_POINT('',(110.,215.));
#1027 = ( GEOMETRIC_REPRESENTATION_CONTEXT(2) 
PARAMETRIC_REPRESENTATION_CONTEXT() REPRESENTATION_CONTEXT('2D SPACE',''
  ) );
#1028 = ORIENTED_EDGE('',*,*,#1029,.F.);
#1029 = EDGE_CURVE('',#1030,#1009,#1032,.T.);
#1030 = VERTEX_POINT('',#1031);
#1031 = CARTESIAN_POINT('',(-390.,-185.,154.));
#1032 = SURFACE_CURVE('',#1033,(#1037,#1044),.PCURVE_S1.);
#1033 = LINE('',#1034,#1035);
#1034 = CARTESIAN_POINT('',(-390.,-185.,62.));
#1035 = VECTOR('',#1036,1.);
#1036 = DIRECTION('',(0.,0.,1.));
#1037 = PCURVE('',#377,#1038);
#1038 = DEFINITIONAL_REPRESENTATION('',(#1039),#1043);
#1039 = LINE('',#1040,#1041);
#1040 = CARTESIAN_POINT('',(370.,0.));
#1041 = VECTOR('',#1042,1.);
#1042 = DIRECTION('',(0.,-1.));
#1043 = ( GEOMETRIC_REPRESENTATION_CONTEXT(2) 
PARAMETRIC_REPRESENTATION_CONTEXT() REPRESENTATION_CONTEXT('2D SPACE',''
  ) );
#1044 = PCURVE('',#938,#1045);
#1045 = DEFINITIONAL_REPRESENTATION('',(#1046),#1050);
#1046 = LINE('',#1047,#1048);
#1047 = CARTESIAN_POINT('',(0.,0.));
#1048 = VECTOR('',#1049,1.);
#1049 = DIRECTION('',(0.,-1.));
#1050 = ( GEOMETRIC_REPRESENTATION_CONTEXT(2) 
PARAMETRIC_REPRESENTATION_CONTEXT() REPRESENTATION_CONTEXT('2D SPACE',''
  ) );
#1051 = ORIENTED_EDGE('',*,*,#1052,.F.);
#1052 = EDGE_CURVE('',#1053,#1030,#1055,.T.);
#1053 = VERTEX_POINT('',#1054);
#1054 = CARTESIAN_POINT('',(-390.,-86.,154.));
#1055 = SURFACE_CURVE('',#1056,(#1060,#1066),.PCURVE_S1.);
#1056 = LINE('',#1057,#1058);
#1057 = CARTESIAN_POINT('',(-390.,-1.5,154.));
#1058 = VECTOR('',#1059,1.);
#1059 = DIRECTION('',(0.,-1.,0.));
#1060 = PCURVE('',#377,#1061);
#1061 = DEFINITIONAL_REPRESENTATION('',(#1062),#1065);
#1062 = B_SPLINE_CURVE_WITH_KNOTS('',1,(#1063,#1064),.UNSPECIFIED.,.F.,
  .F.,(2,2),(84.5,183.5),.PIECEWISE_BEZIER_KNOTS.);
#1063 = CARTESIAN_POINT('',(271.,-92.));
#1064 = CARTESIAN_POINT('',(370.,-92.));
#1065 = ( GEOMETRIC_REPRESENTATION_CONTEXT(2) 
PARAMETRIC_REPRESENTATION_CONTEXT() REPRESENTATION_CONTEXT('2D SPACE',''
  ) );
#1066 = PCURVE('',#1067,#1072);
#1067 = PLANE('',#1068);
#1068 = AXIS2_PLACEMENT_3D('',#1069,#1070,#1071);
#1069 = CARTESIAN_POINT('',(-395.,-188.,154.));
#1070 = DIRECTION('',(0.,0.,1.));
#1071 = DIRECTION('',(1.,0.,-0.));
#1072 = DEFINITIONAL_REPRESENTATION('',(#1073),#1076);
#1073 = B_SPLINE_CURVE_WITH_KNOTS('',1,(#1074,#1075),.UNSPECIFIED.,.F.,
  .F.,(2,2),(84.5,183.5),.PIECEWISE_BEZIER_KNOTS.);
#1074 = CARTESIAN_POINT('',(5.,102.));
#1075 = CARTESIAN_POINT('',(5.,3.));
#1076 = ( GEOMETRIC_REPRESENTATION_CONTEXT(2) 
PARAMETRIC_REPRESENTATION_CONTEXT() REPRESENTATION_CONTEXT('2D SPACE',''
  ) );
#1077 = ORIENTED_EDGE('',*,*,#1078,.F.);
#1078 = EDGE_CURVE('',#1079,#1053,#1081,.T.);
#1079 = VERTEX_POINT('',#1080);
#1080 = CARTESIAN_POINT('',(-390.,-86.,86.));
#1081 = SURFACE_CURVE('',#1082,(#1086,#1092),.PCURVE_S1.);
#1082 = LINE('',#1083,#1084);
#1083 = CARTESIAN_POINT('',(-390.,-86.,74.));
#1084 = VECTOR('',#1085,1.);
#1085 = DIRECTION('',(0.,0.,1.));
#1086 = PCURVE('',#377,#1087);
#1087 = DEFINITIONAL_REPRESENTATION('',(#1088),#1091);
#1088 = B_SPLINE_CURVE_WITH_KNOTS('',1,(#1089,#1090),.UNSPECIFIED.,.F.,
  .F.,(2,2),(12.,80.),.PIECEWISE_BEZIER_KNOTS.);
#1089 = CARTESIAN_POINT('',(271.,-24.));
#1090 = CARTESIAN_POINT('',(271.,-92.));
#1091 = ( GEOMETRIC_REPRESENTATION_CONTEXT(2) 
PARAMETRIC_REPRESENTATION_CONTEXT() REPRESENTATION_CONTEXT('2D SPACE',''
  ) );
#1092 = PCURVE('',#1093,#1098);
#1093 = PLANE('',#1094);
#1094 = AXIS2_PLACEMENT_3D('',#1095,#1096,#1097);
#1095 = CARTESIAN_POINT('',(-395.,-86.,86.));
#1096 = DIRECTION('',(-0.,1.,0.));
#1097 = DIRECTION('',(0.,0.,1.));
#1098 = DEFINITIONAL_REPRESENTATION('',(#1099),#1102);
#1099 = B_SPLINE_CURVE_WITH_KNOTS('',1,(#1100,#1101),.UNSPECIFIED.,.F.,
  .F.,(2,2),(12.,80.),.PIECEWISE_BEZIER_KNOTS.);
#1100 = CARTESIAN_POINT('',(0.,5.));
#1101 = CARTESIAN_POINT('',(68.,5.));
#1102 = ( GEOMETRIC_REPRESENTATION_CONTEXT(2) 
PARAMETRIC_REPRESENTATION_CONTEXT() REPRESENTATION_CONTEXT('2D SPACE',''
  ) );
#1103 = ORIENTED_EDGE('',*,*,#1104,.T.);
#1104 = EDGE_CURVE('',#1079,#1105,#1107,.T.);
#1105 = VERTEX_POINT('',#1106);
#1106 = CARTESIAN_POINT('',(-390.,-185.,86.));
#1107 = SURFACE_CURVE('',#1108,(#1112,#1118),.PCURVE_S1.);
#1108 = LINE('',#1109,#1110);
#1109 = CARTESIAN_POINT('',(-390.,-1.5,86.));
#1110 = VECTOR('',#1111,1.);
#1111 = DIRECTION('',(0.,-1.,0.));
#1112 = PCURVE('',#377,#1113);
#1113 = DEFINITIONAL_REPRESENTATION('',(#1114),#1117);
#1114 = B_SPLINE_CURVE_WITH_KNOTS('',1,(#1115,#1116),.UNSPECIFIED.,.F.,
  .F.,(2,2),(84.5,183.5),.PIECEWISE_BEZIER_KNOTS.);
#1115 = CARTESIAN_POINT('',(271.,-24.));
#1116 = CARTESIAN_POINT('',(370.,-24.));
#1117 = ( GEOMETRIC_REPRESENTATION_CONTEXT(2) 
PARAMETRIC_REPRESENTATION_CONTEXT() REPRESENTATION_CONTEXT('2D SPACE',''
  ) );
#1118 = PCURVE('',#1119,#1124);
#1119 = PLANE('',#1120);
#1120 = AXIS2_PLACEMENT_3D('',#1121,#1122,#1123);
#1121 = CARTESIAN_POINT('',(-395.,-188.,86.));
#1122 = DIRECTION('',(0.,0.,1.));
#1123 = DIRECTION('',(1.,0.,-0.));
#1124 = DEFINITIONAL_REPRESENTATION('',(#1125),#1128);
#1125 = B_SPLINE_CURVE_WITH_KNOTS('',1,(#1126,#1127),.UNSPECIFIED.,.F.,
  .F.,(2,2),(84.5,183.5),.PIECEWISE_BEZIER_KNOTS.);
#1126 = CARTESIAN_POINT('',(5.,102.));
#1127 = CARTESIAN_POINT('',(5.,3.));
#1128 = ( GEOMETRIC_REPRESENTATION_CONTEXT(2) 
PARAMETRIC_REPRESENTATION_CONTEXT() REPRESENTATION_CONTEXT('2D SPACE',''
  ) );
#1129 = ORIENTED_EDGE('',*,*,#1130,.F.);
#1130 = EDGE_CURVE('',#900,#1105,#1131,.T.);
#1131 = SURFACE_CURVE('',#1132,(#1136,#1143),.PCURVE_S1.);
#1132 = LINE('',#1133,#1134);
#1133 = CARTESIAN_POINT('',(-390.,-185.,62.));
#1134 = VECTOR('',#1135,1.);
#1135 = DIRECTION('',(0.,0.,1.));
#1136 = PCURVE('',#377,#1137);
#1137 = DEFINITIONAL_REPRESENTATION('',(#1138),#1142);
#1138 = LINE('',#1139,#1140);
#1139 = CARTESIAN_POINT('',(370.,0.));
#1140 = VECTOR('',#1141,1.);
#1141 = DIRECTION('',(0.,-1.));
#1142 = ( GEOMETRIC_REPRESENTATION_CONTEXT(2) 
PARAMETRIC_REPRESENTATION_CONTEXT() REPRESENTATION_CONTEXT('2D SPACE',''
  ) );
#1143 = PCURVE('',#938,#1144);
#1144 = DEFINITIONAL_REPRESENTATION('',(#1145),#1149);
#1145 = LINE('',#1146,#1147);
#1146 = CARTESIAN_POINT('',(0.,0.));
#1147 = VECTOR('',#1148,1.);
#1148 = DIRECTION('',(0.,-1.));
#1149 = ( GEOMETRIC_REPRESENTATION_CONTEXT(2) 
PARAMETRIC_REPRESENTATION_CONTEXT() REPRESENTATION_CONTEXT('2D SPACE',''
  ) );
#1150 = ADVANCED_FACE('',(#1151),#350,.T.);
#1151 = FACE_BOUND('',#1152,.T.);
#1152 = EDGE_LOOP('',(#1153,#1175,#1176,#1177,#1198,#1224,#1250,#1276,
    #1297,#1316));
#1153 = ORIENTED_EDGE('',*,*,#1154,.F.);
#1154 = EDGE_CURVE('',#310,#742,#1155,.T.);
#1155 = SURFACE_CURVE('',#1156,(#1161,#1168),.PCURVE_S1.);
#1156 = CIRCLE('',#1157,80.);
#1157 = AXIS2_PLACEMENT_3D('',#1158,#1159,#1160);
#1158 = CARTESIAN_POINT('',(-290.,208.,164.5));
#1159 = DIRECTION('',(0.,0.,1.));
#1160 = DIRECTION('',(1.,0.,-0.));
#1161 = PCURVE('',#350,#1162);
#1162 = DEFINITIONAL_REPRESENTATION('',(#1163),#1167);
#1163 = CIRCLE('',#1164,80.);
#1164 = AXIS2_PLACEMENT_2D('',#1165,#1166);
#1165 = CARTESIAN_POINT('',(210.,608.));
#1166 = DIRECTION('',(1.,0.));
#1167 = ( GEOMETRIC_REPRESENTATION_CONTEXT(2) 
PARAMETRIC_REPRESENTATION_CONTEXT() REPRESENTATION_CONTEXT('2D SPACE',''
  ) );
#1168 = PCURVE('',#324,#1169);
#1169 = DEFINITIONAL_REPRESENTATION('',(#1170),#1174);
#1170 = LINE('',#1171,#1172);
#1171 = CARTESIAN_POINT('',(0.,42.5));
#1172 = VECTOR('',#1173,1.);
#1173 = DIRECTION('',(1.,0.));
#1174 = ( GEOMETRIC_REPRESENTATION_CONTEXT(2) 
PARAMETRIC_REPRESENTATION_CONTEXT() REPRESENTATION_CONTEXT('2D SPACE',''
  ) );
#1175 = ORIENTED_EDGE('',*,*,#335,.T.);
#1176 = ORIENTED_EDGE('',*,*,#1008,.T.);
#1177 = ORIENTED_EDGE('',*,*,#1178,.T.);
#1178 = EDGE_CURVE('',#1009,#1179,#1181,.T.);
#1179 = VERTEX_POINT('',#1180);
#1180 = CARTESIAN_POINT('',(-295.,-280.,164.5));
#1181 = SURFACE_CURVE('',#1182,(#1186,#1192),.PCURVE_S1.);
#1182 = LINE('',#1183,#1184);
#1183 = CARTESIAN_POINT('',(-363.75,-211.25,164.5));
#1184 = VECTOR('',#1185,1.);
#1185 = DIRECTION('',(0.707106781187,-0.707106781187,0.));
#1186 = PCURVE('',#350,#1187);
#1187 = DEFINITIONAL_REPRESENTATION('',(#1188),#1191);
#1188 = B_SPLINE_CURVE_WITH_KNOTS('',1,(#1189,#1190),.UNSPECIFIED.,.F.,
  .F.,(2,2),(-37.12310601229,97.22718241315),.PIECEWISE_BEZIER_KNOTS.);
#1189 = CARTESIAN_POINT('',(110.,215.));
#1190 = CARTESIAN_POINT('',(205.,120.));
#1191 = ( GEOMETRIC_REPRESENTATION_CONTEXT(2) 
PARAMETRIC_REPRESENTATION_CONTEXT() REPRESENTATION_CONTEXT('2D SPACE',''
  ) );
#1192 = PCURVE('',#938,#1193);
#1193 = DEFINITIONAL_REPRESENTATION('',(#1194),#1197);
#1194 = B_SPLINE_CURVE_WITH_KNOTS('',1,(#1195,#1196),.UNSPECIFIED.,.F.,
  .F.,(2,2),(-37.12310601229,97.22718241315),.PIECEWISE_BEZIER_KNOTS.);
#1195 = CARTESIAN_POINT('',(0.,-102.5));
#1196 = CARTESIAN_POINT('',(134.35028842544,-102.5));
#1197 = ( GEOMETRIC_REPRESENTATION_CONTEXT(2) 
PARAMETRIC_REPRESENTATION_CONTEXT() REPRESENTATION_CONTEXT('2D SPACE',''
  ) );
#1198 = ORIENTED_EDGE('',*,*,#1199,.T.);
#1199 = EDGE_CURVE('',#1179,#1200,#1202,.T.);
#1200 = VERTEX_POINT('',#1201);
#1201 = CARTESIAN_POINT('',(-260.,-280.,164.5));
#1202 = SURFACE_CURVE('',#1203,(#1207,#1213),.PCURVE_S1.);
#1203 = LINE('',#1204,#1205);
#1204 = CARTESIAN_POINT('',(-397.5,-280.,164.5));
#1205 = VECTOR('',#1206,1.);
#1206 = DIRECTION('',(1.,0.,0.));
#1207 = PCURVE('',#350,#1208);
#1208 = DEFINITIONAL_REPRESENTATION('',(#1209),#1212);
#1209 = B_SPLINE_CURVE_WITH_KNOTS('',1,(#1210,#1211),.UNSPECIFIED.,.F.,
  .F.,(2,2),(102.5,692.5),.PIECEWISE_BEZIER_KNOTS.);
#1210 = CARTESIAN_POINT('',(205.,120.));
#1211 = CARTESIAN_POINT('',(795.,120.));
#1212 = ( GEOMETRIC_REPRESENTATION_CONTEXT(2) 
PARAMETRIC_REPRESENTATION_CONTEXT() REPRESENTATION_CONTEXT('2D SPACE',''
  ) );
#1213 = PCURVE('',#1214,#1219);
#1214 = PLANE('',#1215);
#1215 = AXIS2_PLACEMENT_3D('',#1216,#1217,#1218);
#1216 = CARTESIAN_POINT('',(-295.,-280.,62.));
#1217 = DIRECTION('',(0.,1.,0.));
#1218 = DIRECTION('',(1.,0.,0.));
#1219 = DEFINITIONAL_REPRESENTATION('',(#1220),#1223);
#1220 = B_SPLINE_CURVE_WITH_KNOTS('',1,(#1221,#1222),.UNSPECIFIED.,.F.,
  .F.,(2,2),(102.5,692.5),.PIECEWISE_BEZIER_KNOTS.);
#1221 = CARTESIAN_POINT('',(0.,-102.5));
#1222 = CARTESIAN_POINT('',(590.,-102.5));
#1223 = ( GEOMETRIC_REPRESENTATION_CONTEXT(2) 
PARAMETRIC_REPRESENTATION_CONTEXT() REPRESENTATION_CONTEXT('2D SPACE',''
  ) );
#1224 = ORIENTED_EDGE('',*,*,#1225,.T.);
#1225 = EDGE_CURVE('',#1200,#1226,#1228,.T.);
#1226 = VERTEX_POINT('',#1227);
#1227 = CARTESIAN_POINT('',(-260.,-278.,164.5));
#1228 = SURFACE_CURVE('',#1229,(#1233,#1239),.PCURVE_S1.);
#1229 = LINE('',#1230,#1231);
#1230 = CARTESIAN_POINT('',(-260.,-400.,164.5));
#1231 = VECTOR('',#1232,1.);
#1232 = DIRECTION('',(-0.,1.,0.));
#1233 = PCURVE('',#350,#1234);
#1234 = DEFINITIONAL_REPRESENTATION('',(#1235),#1238);
#1235 = B_SPLINE_CURVE_WITH_KNOTS('',1,(#1236,#1237),.UNSPECIFIED.,.F.,
  .F.,(2,2),(120.,605.05425232909),.PIECEWISE_BEZIER_KNOTS.);
#1236 = CARTESIAN_POINT('',(240.,120.));
#1237 = CARTESIAN_POINT('',(240.,605.05425232909));
#1238 = ( GEOMETRIC_REPRESENTATION_CONTEXT(2) 
PARAMETRIC_REPRESENTATION_CONTEXT() REPRESENTATION_CONTEXT('2D SPACE',''
  ) );
#1239 = PCURVE('',#1240,#1245);
#1240 = PLANE('',#1241);
#1241 = AXIS2_PLACEMENT_3D('',#1242,#1243,#1244);
#1242 = CARTESIAN_POINT('',(-260.,-400.,0.));
#1243 = DIRECTION('',(1.,0.,-0.));
#1244 = DIRECTION('',(0.,0.,1.));
#1245 = DEFINITIONAL_REPRESENTATION('',(#1246),#1249);
#1246 = B_SPLINE_CURVE_WITH_KNOTS('',1,(#1247,#1248),.UNSPECIFIED.,.F.,
  .F.,(2,2),(120.,605.05425232909),.PIECEWISE_BEZIER_KNOTS.);
#1247 = CARTESIAN_POINT('',(164.5,-120.));
#1248 = CARTESIAN_POINT('',(164.5,-605.054252329));
#1249 = ( GEOMETRIC_REPRESENTATION_CONTEXT(2) 
PARAMETRIC_REPRESENTATION_CONTEXT() REPRESENTATION_CONTEXT('2D SPACE',''
  ) );
#1250 = ORIENTED_EDGE('',*,*,#1251,.F.);
#1251 = EDGE_CURVE('',#1252,#1226,#1254,.T.);
#1252 = VERTEX_POINT('',#1253);
#1253 = CARTESIAN_POINT('',(-293.8284271247,-278.,164.5));
#1254 = SURFACE_CURVE('',#1255,(#1259,#1265),.PCURVE_S1.);
#1255 = LINE('',#1256,#1257);
#1256 = CARTESIAN_POINT('',(-396.9142135623,-278.,164.5));
#1257 = VECTOR('',#1258,1.);
#1258 = DIRECTION('',(1.,0.,0.));
#1259 = PCURVE('',#350,#1260);
#1260 = DEFINITIONAL_REPRESENTATION('',(#1261),#1264);
#1261 = B_SPLINE_CURVE_WITH_KNOTS('',1,(#1262,#1263),.UNSPECIFIED.,.F.,
  .F.,(2,2),(103.08578643762,690.74264068711),.PIECEWISE_BEZIER_KNOTS.);
#1262 = CARTESIAN_POINT('',(206.17157287525,122.));
#1263 = CARTESIAN_POINT('',(793.82842712474,122.));
#1264 = ( GEOMETRIC_REPRESENTATION_CONTEXT(2) 
PARAMETRIC_REPRESENTATION_CONTEXT() REPRESENTATION_CONTEXT('2D SPACE',''
  ) );
#1265 = PCURVE('',#1266,#1271);
#1266 = PLANE('',#1267);
#1267 = AXIS2_PLACEMENT_3D('',#1268,#1269,#1270);
#1268 = CARTESIAN_POINT('',(-293.8284271247,-278.,61.));
#1269 = DIRECTION('',(0.,1.,0.));
#1270 = DIRECTION('',(1.,0.,0.));
#1271 = DEFINITIONAL_REPRESENTATION('',(#1272),#1275);
#1272 = B_SPLINE_CURVE_WITH_KNOTS('',1,(#1273,#1274),.UNSPECIFIED.,.F.,
  .F.,(2,2),(103.08578643762,690.74264068711),.PIECEWISE_BEZIER_KNOTS.);
#1273 = CARTESIAN_POINT('',(0.,-103.5));
#1274 = CARTESIAN_POINT('',(587.65685424949,-103.5));
#1275 = ( GEOMETRIC_REPRESENTATION_CONTEXT(2) 
PARAMETRIC_REPRESENTATION_CONTEXT() REPRESENTATION_CONTEXT('2D SPACE',''
  ) );
#1276 = ORIENTED_EDGE('',*,*,#1277,.F.);
#1277 = EDGE_CURVE('',#1278,#1252,#1280,.T.);
#1278 = VERTEX_POINT('',#1279);
#1279 = CARTESIAN_POINT('',(-388.,-183.8284271247,164.5));
#1280 = SURFACE_CURVE('',#1281,(#1285,#1291),.PCURVE_S1.);
#1281 = LINE('',#1282,#1283);
#1282 = CARTESIAN_POINT('',(-361.9571067811,-209.8713203435,164.5));
#1283 = VECTOR('',#1284,1.);
#1284 = DIRECTION('',(0.707106781187,-0.707106781187,0.));
#1285 = PCURVE('',#350,#1286);
#1286 = DEFINITIONAL_REPRESENTATION('',(#1287),#1290);
#1287 = B_SPLINE_CURVE_WITH_KNOTS('',1,(#1288,#1289),.UNSPECIFIED.,.F.,
  .F.,(2,2),(-36.83021279348,96.34850275671),.PIECEWISE_BEZIER_KNOTS.);
#1288 = CARTESIAN_POINT('',(112.,216.17157287525));
#1289 = CARTESIAN_POINT('',(206.17157287525,122.));
#1290 = ( GEOMETRIC_REPRESENTATION_CONTEXT(2) 
PARAMETRIC_REPRESENTATION_CONTEXT() REPRESENTATION_CONTEXT('2D SPACE',''
  ) );
#1291 = PCURVE('',#992,#1292);
#1292 = DEFINITIONAL_REPRESENTATION('',(#1293),#1296);
#1293 = B_SPLINE_CURVE_WITH_KNOTS('',1,(#1294,#1295),.UNSPECIFIED.,.F.,
  .F.,(2,2),(-36.83021279348,96.34850275671),.PIECEWISE_BEZIER_KNOTS.);
#1294 = CARTESIAN_POINT('',(0.,-103.5));
#1295 = CARTESIAN_POINT('',(133.17871555019,-103.5));
#1296 = ( GEOMETRIC_REPRESENTATION_CONTEXT(2) 
PARAMETRIC_REPRESENTATION_CONTEXT() REPRESENTATION_CONTEXT('2D SPACE',''
  ) );
#1297 = ORIENTED_EDGE('',*,*,#1298,.F.);
#1298 = EDGE_CURVE('',#609,#1278,#1299,.T.);
#1299 = SURFACE_CURVE('',#1300,(#1304,#1310),.PCURVE_S1.);
#1300 = LINE('',#1301,#1302);
#1301 = CARTESIAN_POINT('',(-388.,-108.0857864376,164.5));
#1302 = VECTOR('',#1303,1.);
#1303 = DIRECTION('',(0.,-1.,0.));
#1304 = PCURVE('',#350,#1305);
#1305 = DEFINITIONAL_REPRESENTATION('',(#1306),#1309);
#1306 = B_SPLINE_CURVE_WITH_KNOTS('',1,(#1307,#1308),.UNSPECIFIED.,.F.,
  .F.,(2,2),(-291.9142135623,75.742640687119),.PIECEWISE_BEZIER_KNOTS.);
#1307 = CARTESIAN_POINT('',(112.,583.82842712474));
#1308 = CARTESIAN_POINT('',(112.,216.17157287525));
#1309 = ( GEOMETRIC_REPRESENTATION_CONTEXT(2) 
PARAMETRIC_REPRESENTATION_CONTEXT() REPRESENTATION_CONTEXT('2D SPACE',''
  ) );
#1310 = PCURVE('',#624,#1311);
#1311 = DEFINITIONAL_REPRESENTATION('',(#1312),#1315);
#1312 = B_SPLINE_CURVE_WITH_KNOTS('',1,(#1313,#1314),.UNSPECIFIED.,.F.,
  .F.,(2,2),(-291.9142135623,75.742640687119),.PIECEWISE_BEZIER_KNOTS.);
#1313 = CARTESIAN_POINT('',(0.,-103.5));
#1314 = CARTESIAN_POINT('',(367.65685424949,-103.5));
#1315 = ( GEOMETRIC_REPRESENTATION_CONTEXT(2) 
PARAMETRIC_REPRESENTATION_CONTEXT() REPRESENTATION_CONTEXT('2D SPACE',''
  ) );
#1316 = ORIENTED_EDGE('',*,*,#762,.F.);
#1317 = ADVANCED_FACE('',(#1318),#324,.F.);
#1318 = FACE_BOUND('',#1319,.F.);
#1319 = EDGE_LOOP('',(#1320,#1321,#1322,#1323));
#1320 = ORIENTED_EDGE('',*,*,#535,.T.);
#1321 = ORIENTED_EDGE('',*,*,#741,.T.);
#1322 = ORIENTED_EDGE('',*,*,#1154,.F.);
#1323 = ORIENTED_EDGE('',*,*,#309,.F.);
#1324 = ADVANCED_FACE('',(#1325),#624,.T.);
#1325 = FACE_BOUND('',#1326,.T.);
#1326 = EDGE_LOOP('',(#1327,#1350,#1351,#1352,#1353,#1376,#1397,#1418));
#1327 = ORIENTED_EDGE('',*,*,#1328,.F.);
#1328 = EDGE_CURVE('',#876,#1329,#1331,.T.);
#1329 = VERTEX_POINT('',#1330);
#1330 = CARTESIAN_POINT('',(-388.,-183.8284271247,86.));
#1331 = SURFACE_CURVE('',#1332,(#1336,#1343),.PCURVE_S1.);
#1332 = LINE('',#1333,#1334);
#1333 = CARTESIAN_POINT('',(-388.,-183.8284271247,61.));
#1334 = VECTOR('',#1335,1.);
#1335 = DIRECTION('',(0.,0.,1.));
#1336 = PCURVE('',#624,#1337);
#1337 = DEFINITIONAL_REPRESENTATION('',(#1338),#1342);
#1338 = LINE('',#1339,#1340);
#1339 = CARTESIAN_POINT('',(367.65685424949,0.));
#1340 = VECTOR('',#1341,1.);
#1341 = DIRECTION('',(0.,-1.));
#1342 = ( GEOMETRIC_REPRESENTATION_CONTEXT(2) 
PARAMETRIC_REPRESENTATION_CONTEXT() REPRESENTATION_CONTEXT('2D SPACE',''
  ) );
#1343 = PCURVE('',#992,#1344);
#1344 = DEFINITIONAL_REPRESENTATION('',(#1345),#1349);
#1345 = LINE('',#1346,#1347);
#1346 = CARTESIAN_POINT('',(0.,0.));
#1347 = VECTOR('',#1348,1.);
#1348 = DIRECTION('',(0.,-1.));
#1349 = ( GEOMETRIC_REPRESENTATION_CONTEXT(2) 
PARAMETRIC_REPRESENTATION_CONTEXT() REPRESENTATION_CONTEXT('2D SPACE',''
  ) );
#1350 = ORIENTED_EDGE('',*,*,#875,.T.);
#1351 = ORIENTED_EDGE('',*,*,#606,.T.);
#1352 = ORIENTED_EDGE('',*,*,#1298,.T.);
#1353 = ORIENTED_EDGE('',*,*,#1354,.F.);
#1354 = EDGE_CURVE('',#1355,#1278,#1357,.T.);
#1355 = VERTEX_POINT('',#1356);
#1356 = CARTESIAN_POINT('',(-388.,-183.8284271247,154.));
#1357 = SURFACE_CURVE('',#1358,(#1362,#1369),.PCURVE_S1.);
#1358 = LINE('',#1359,#1360);
#1359 = CARTESIAN_POINT('',(-388.,-183.8284271247,61.));
#1360 = VECTOR('',#1361,1.);
#1361 = DIRECTION('',(0.,0.,1.));
#1362 = PCURVE('',#624,#1363);
#1363 = DEFINITIONAL_REPRESENTATION('',(#1364),#1368);
#1364 = LINE('',#1365,#1366);
#1365 = CARTESIAN_POINT('',(367.65685424949,0.));
#1366 = VECTOR('',#1367,1.);
#1367 = DIRECTION('',(0.,-1.));
#1368 = ( GEOMETRIC_REPRESENTATION_CONTEXT(2) 
PARAMETRIC_REPRESENTATION_CONTEXT() REPRESENTATION_CONTEXT('2D SPACE',''
  ) );
#1369 = PCURVE('',#992,#1370);
#1370 = DEFINITIONAL_REPRESENTATION('',(#1371),#1375);
#1371 = LINE('',#1372,#1373);
#1372 = CARTESIAN_POINT('',(0.,0.));
#1373 = VECTOR('',#1374,1.);
#1374 = DIRECTION('',(0.,-1.));
#1375 = ( GEOMETRIC_REPRESENTATION_CONTEXT(2) 
PARAMETRIC_REPRESENTATION_CONTEXT() REPRESENTATION_CONTEXT('2D SPACE',''
  ) );
#1376 = ORIENTED_EDGE('',*,*,#1377,.F.);
#1377 = EDGE_CURVE('',#1378,#1355,#1380,.T.);
#1378 = VERTEX_POINT('',#1379);
#1379 = CARTESIAN_POINT('',(-388.,-86.,154.));
#1380 = SURFACE_CURVE('',#1381,(#1385,#1391),.PCURVE_S1.);
#1381 = LINE('',#1382,#1383);
#1382 = CARTESIAN_POINT('',(-388.,-2.085786437627,154.));
#1383 = VECTOR('',#1384,1.);
#1384 = DIRECTION('',(0.,-1.,0.));
#1385 = PCURVE('',#624,#1386);
#1386 = DEFINITIONAL_REPRESENTATION('',(#1387),#1390);
#1387 = B_SPLINE_CURVE_WITH_KNOTS('',1,(#1388,#1389),.UNSPECIFIED.,.F.,
  .F.,(2,2),(83.914213562373,181.74264068711),.PIECEWISE_BEZIER_KNOTS.);
#1388 = CARTESIAN_POINT('',(269.82842712474,-93.));
#1389 = CARTESIAN_POINT('',(367.65685424949,-93.));
#1390 = ( GEOMETRIC_REPRESENTATION_CONTEXT(2) 
PARAMETRIC_REPRESENTATION_CONTEXT() REPRESENTATION_CONTEXT('2D SPACE',''
  ) );
#1391 = PCURVE('',#1067,#1392);
#1392 = DEFINITIONAL_REPRESENTATION('',(#1393),#1396);
#1393 = B_SPLINE_CURVE_WITH_KNOTS('',1,(#1394,#1395),.UNSPECIFIED.,.F.,
  .F.,(2,2),(83.914213562373,181.74264068711),.PIECEWISE_BEZIER_KNOTS.);
#1394 = CARTESIAN_POINT('',(7.,102.));
#1395 = CARTESIAN_POINT('',(7.,4.171572875254));
#1396 = ( GEOMETRIC_REPRESENTATION_CONTEXT(2) 
PARAMETRIC_REPRESENTATION_CONTEXT() REPRESENTATION_CONTEXT('2D SPACE',''
  ) );
#1397 = ORIENTED_EDGE('',*,*,#1398,.F.);
#1398 = EDGE_CURVE('',#1399,#1378,#1401,.T.);
#1399 = VERTEX_POINT('',#1400);
#1400 = CARTESIAN_POINT('',(-388.,-86.,86.));
#1401 = SURFACE_CURVE('',#1402,(#1406,#1412),.PCURVE_S1.);
#1402 = LINE('',#1403,#1404);
#1403 = CARTESIAN_POINT('',(-388.,-86.,73.5));
#1404 = VECTOR('',#1405,1.);
#1405 = DIRECTION('',(0.,0.,1.));
#1406 = PCURVE('',#624,#1407);
#1407 = DEFINITIONAL_REPRESENTATION('',(#1408),#1411);
#1408 = B_SPLINE_CURVE_WITH_KNOTS('',1,(#1409,#1410),.UNSPECIFIED.,.F.,
  .F.,(2,2),(12.5,80.5),.PIECEWISE_BEZIER_KNOTS.);
#1409 = CARTESIAN_POINT('',(269.82842712474,-25.));
#1410 = CARTESIAN_POINT('',(269.82842712474,-93.));
#1411 = ( GEOMETRIC_REPRESENTATION_CONTEXT(2) 
PARAMETRIC_REPRESENTATION_CONTEXT() REPRESENTATION_CONTEXT('2D SPACE',''
  ) );
#1412 = PCURVE('',#1093,#1413);
#1413 = DEFINITIONAL_REPRESENTATION('',(#1414),#1417);
#1414 = B_SPLINE_CURVE_WITH_KNOTS('',1,(#1415,#1416),.UNSPECIFIED.,.F.,
  .F.,(2,2),(12.5,80.5),.PIECEWISE_BEZIER_KNOTS.);
#1415 = CARTESIAN_POINT('',(0.,7.));
#1416 = CARTESIAN_POINT('',(68.,7.));
#1417 = ( GEOMETRIC_REPRESENTATION_CONTEXT(2) 
PARAMETRIC_REPRESENTATION_CONTEXT() REPRESENTATION_CONTEXT('2D SPACE',''
  ) );
#1418 = ORIENTED_EDGE('',*,*,#1419,.T.);
#1419 = EDGE_CURVE('',#1399,#1329,#1420,.T.);
#1420 = SURFACE_CURVE('',#1421,(#1425,#1431),.PCURVE_S1.);
#1421 = LINE('',#1422,#1423);
#1422 = CARTESIAN_POINT('',(-388.,-2.085786437627,86.));
#1423 = VECTOR('',#1424,1.);
#1424 = DIRECTION('',(0.,-1.,0.));
#1425 = PCURVE('',#624,#1426);
#1426 = DEFINITIONAL_REPRESENTATION('',(#1427),#1430);
#1427 = B_SPLINE_CURVE_WITH_KNOTS('',1,(#1428,#1429),.UNSPECIFIED.,.F.,
  .F.,(2,2),(83.914213562373,181.74264068711),.PIECEWISE_BEZIER_KNOTS.);
#1428 = CARTESIAN_POINT('',(269.82842712474,-25.));
#1429 = CARTESIAN_POINT('',(367.65685424949,-25.));
#1430 = ( GEOMETRIC_REPRESENTATION_CONTEXT(2) 
PARAMETRIC_REPRESENTATION_CONTEXT() REPRESENTATION_CONTEXT('2D SPACE',''
  ) );
#1431 = PCURVE('',#1119,#1432);
#1432 = DEFINITIONAL_REPRESENTATION('',(#1433),#1436);
#1433 = B_SPLINE_CURVE_WITH_KNOTS('',1,(#1434,#1435),.UNSPECIFIED.,.F.,
  .F.,(2,2),(83.914213562373,181.74264068711),.PIECEWISE_BEZIER_KNOTS.);
#1434 = CARTESIAN_POINT('',(7.,102.));
#1435 = CARTESIAN_POINT('',(7.,4.171572875254));
#1436 = ( GEOMETRIC_REPRESENTATION_CONTEXT(2) 
PARAMETRIC_REPRESENTATION_CONTEXT() REPRESENTATION_CONTEXT('2D SPACE',''
  ) );
#1437 = ADVANCED_FACE('',(#1438),#992,.T.);
#1438 = FACE_BOUND('',#1439,.T.);
#1439 = EDGE_LOOP('',(#1440,#1463,#1489,#1515,#1541,#1560,#1561,#1562,
    #1583,#1609,#1628,#1629));
#1440 = ORIENTED_EDGE('',*,*,#1441,.F.);
#1441 = EDGE_CURVE('',#1442,#1252,#1444,.T.);
#1442 = VERTEX_POINT('',#1443);
#1443 = CARTESIAN_POINT('',(-293.8284271247,-278.,62.));
#1444 = SURFACE_CURVE('',#1445,(#1449,#1456),.PCURVE_S1.);
#1445 = LINE('',#1446,#1447);
#1446 = CARTESIAN_POINT('',(-293.8284271247,-278.,61.));
#1447 = VECTOR('',#1448,1.);
#1448 = DIRECTION('',(0.,0.,1.));
#1449 = PCURVE('',#992,#1450);
#1450 = DEFINITIONAL_REPRESENTATION('',(#1451),#1455);
#1451 = LINE('',#1452,#1453);
#1452 = CARTESIAN_POINT('',(133.17871555019,0.));
#1453 = VECTOR('',#1454,1.);
#1454 = DIRECTION('',(0.,-1.));
#1455 = ( GEOMETRIC_REPRESENTATION_CONTEXT(2) 
PARAMETRIC_REPRESENTATION_CONTEXT() REPRESENTATION_CONTEXT('2D SPACE',''
  ) );
#1456 = PCURVE('',#1266,#1457);
#1457 = DEFINITIONAL_REPRESENTATION('',(#1458),#1462);
#1458 = LINE('',#1459,#1460);
#1459 = CARTESIAN_POINT('',(0.,0.));
#1460 = VECTOR('',#1461,1.);
#1461 = DIRECTION('',(0.,-1.));
#1462 = ( GEOMETRIC_REPRESENTATION_CONTEXT(2) 
PARAMETRIC_REPRESENTATION_CONTEXT() REPRESENTATION_CONTEXT('2D SPACE',''
  ) );
#1463 = ORIENTED_EDGE('',*,*,#1464,.T.);
#1464 = EDGE_CURVE('',#1442,#1465,#1467,.T.);
#1465 = VERTEX_POINT('',#1466);
#1466 = CARTESIAN_POINT('',(-316.5091949616,-255.319232163,62.));
#1467 = SURFACE_CURVE('',#1468,(#1472,#1478),.PCURVE_S1.);
#1468 = LINE('',#1469,#1470);
#1469 = CARTESIAN_POINT('',(-336.9571067811,-234.8713203435,62.));
#1470 = VECTOR('',#1471,1.);
#1471 = DIRECTION('',(-0.707106781187,0.707106781187,0.));
#1472 = PCURVE('',#992,#1473);
#1473 = DEFINITIONAL_REPRESENTATION('',(#1474),#1477);
#1474 = B_SPLINE_CURVE_WITH_KNOTS('',1,(#1475,#1476),.UNSPECIFIED.,.F.,
  .F.,(2,2),(-60.99316369738,72.185551852808),.PIECEWISE_BEZIER_KNOTS.);
#1475 = CARTESIAN_POINT('',(133.17871555019,-1.));
#1476 = CARTESIAN_POINT('',(0.,-1.));
#1477 = ( GEOMETRIC_REPRESENTATION_CONTEXT(2) 
PARAMETRIC_REPRESENTATION_CONTEXT() REPRESENTATION_CONTEXT('2D SPACE',''
  ) );
#1478 = PCURVE('',#1479,#1484);
#1479 = PLANE('',#1480);
#1480 = AXIS2_PLACEMENT_3D('',#1481,#1482,#1483);
#1481 = CARTESIAN_POINT('',(1.776500577423E-14,0.,62.));
#1482 = DIRECTION('',(0.,0.,1.));
#1483 = DIRECTION('',(1.,0.,-0.));
#1484 = DEFINITIONAL_REPRESENTATION('',(#1485),#1488);
#1485 = B_SPLINE_CURVE_WITH_KNOTS('',1,(#1486,#1487),.UNSPECIFIED.,.F.,
  .F.,(2,2),(-60.99316369738,72.185551852808),.PIECEWISE_BEZIER_KNOTS.);
#1486 = CARTESIAN_POINT('',(-293.8284271247,-278.));
#1487 = CARTESIAN_POINT('',(-388.,-183.8284271247));
#1488 = ( GEOMETRIC_REPRESENTATION_CONTEXT(2) 
PARAMETRIC_REPRESENTATION_CONTEXT() REPRESENTATION_CONTEXT('2D SPACE',''
  ) );
#1489 = ORIENTED_EDGE('',*,*,#1490,.T.);
#1490 = EDGE_CURVE('',#1465,#1491,#1493,.T.);
#1491 = VERTEX_POINT('',#1492);
#1492 = CARTESIAN_POINT('',(-316.5091949616,-255.319232163,70.));
#1493 = SURFACE_CURVE('',#1494,(#1498,#1504),.PCURVE_S1.);
#1494 = LINE('',#1495,#1496);
#1495 = CARTESIAN_POINT('',(-316.5091949616,-255.319232163,61.));
#1496 = VECTOR('',#1497,1.);
#1497 = DIRECTION('',(0.,0.,1.));
#1498 = PCURVE('',#992,#1499);
#1499 = DEFINITIONAL_REPRESENTATION('',(#1500),#1503);
#1500 = B_SPLINE_CURVE_WITH_KNOTS('',1,(#1501,#1502),.UNSPECIFIED.,.F.,
  .F.,(2,2),(-5.999999999062E-07,9.0000006),.PIECEWISE_BEZIER_KNOTS.);
#1501 = CARTESIAN_POINT('',(101.10326607015,5.999999999062E-07));
#1502 = CARTESIAN_POINT('',(101.10326607015,-9.0000006));
#1503 = ( GEOMETRIC_REPRESENTATION_CONTEXT(2) 
PARAMETRIC_REPRESENTATION_CONTEXT() REPRESENTATION_CONTEXT('2D SPACE',''
  ) );
#1504 = PCURVE('',#1505,#1510);
#1505 = CYLINDRICAL_SURFACE('',#1506,86.);
#1506 = AXIS2_PLACEMENT_3D('',#1507,#1508,#1509);
#1507 = CARTESIAN_POINT('',(-275.,-180.,61.));
#1508 = DIRECTION('',(0.,0.,1.));
#1509 = DIRECTION('',(1.,0.,-0.));
#1510 = DEFINITIONAL_REPRESENTATION('',(#1511),#1514);
#1511 = B_SPLINE_CURVE_WITH_KNOTS('',1,(#1512,#1513),.UNSPECIFIED.,.F.,
  .F.,(2,2),(-5.999999999062E-07,9.0000006),.PIECEWISE_BEZIER_KNOTS.);
#1512 = CARTESIAN_POINT('',(4.208693830005,-5.999999999062E-07));
#1513 = CARTESIAN_POINT('',(4.208693830005,9.0000006));
#1514 = ( GEOMETRIC_REPRESENTATION_CONTEXT(2) 
PARAMETRIC_REPRESENTATION_CONTEXT() REPRESENTATION_CONTEXT('2D SPACE',''
  ) );
#1515 = ORIENTED_EDGE('',*,*,#1516,.F.);
#1516 = EDGE_CURVE('',#1517,#1491,#1519,.T.);
#1517 = VERTEX_POINT('',#1518);
#1518 = CARTESIAN_POINT('',(-350.319232163,-221.5091949616,70.));
#1519 = SURFACE_CURVE('',#1520,(#1524,#1530),.PCURVE_S1.);
#1520 = LINE('',#1521,#1522);
#1521 = CARTESIAN_POINT('',(-360.7071067811,-211.1213203435,70.));
#1522 = VECTOR('',#1523,1.);
#1523 = DIRECTION('',(0.707106781187,-0.707106781187,0.));
#1524 = PCURVE('',#992,#1525);
#1525 = DEFINITIONAL_REPRESENTATION('',(#1526),#1529);
#1526 = B_SPLINE_CURVE_WITH_KNOTS('',1,(#1527,#1528),.UNSPECIFIED.,.F.,
  .F.,(2,2),(-0.414213562373,77.610173055266),.PIECEWISE_BEZIER_KNOTS.);
#1527 = CARTESIAN_POINT('',(38.183766184074,-9.));
#1528 = CARTESIAN_POINT('',(116.20815280171,-9.));
#1529 = ( GEOMETRIC_REPRESENTATION_CONTEXT(2) 
PARAMETRIC_REPRESENTATION_CONTEXT() REPRESENTATION_CONTEXT('2D SPACE',''
  ) );
#1530 = PCURVE('',#1531,#1536);
#1531 = PLANE('',#1532);
#1532 = AXIS2_PLACEMENT_3D('',#1533,#1534,#1535);
#1533 = CARTESIAN_POINT('',(-275.,-180.,70.));
#1534 = DIRECTION('',(0.,0.,1.));
#1535 = DIRECTION('',(1.,0.,-0.));
#1536 = DEFINITIONAL_REPRESENTATION('',(#1537),#1540);
#1537 = B_SPLINE_CURVE_WITH_KNOTS('',1,(#1538,#1539),.UNSPECIFIED.,.F.,
  .F.,(2,2),(-0.414213562373,77.610173055266),.PIECEWISE_BEZIER_KNOTS.);
#1538 = CARTESIAN_POINT('',(-86.,-30.82842712474));
#1539 = CARTESIAN_POINT('',(-30.82842712474,-86.));
#1540 = ( GEOMETRIC_REPRESENTATION_CONTEXT(2) 
PARAMETRIC_REPRESENTATION_CONTEXT() REPRESENTATION_CONTEXT('2D SPACE',''
  ) );
#1541 = ORIENTED_EDGE('',*,*,#1542,.F.);
#1542 = EDGE_CURVE('',#951,#1517,#1543,.T.);
#1543 = SURFACE_CURVE('',#1544,(#1548,#1554),.PCURVE_S1.);
#1544 = LINE('',#1545,#1546);
#1545 = CARTESIAN_POINT('',(-350.319232163,-221.5091949616,61.));
#1546 = VECTOR('',#1547,1.);
#1547 = DIRECTION('',(0.,0.,1.));
#1548 = PCURVE('',#992,#1549);
#1549 = DEFINITIONAL_REPRESENTATION('',(#1550),#1553);
#1550 = B_SPLINE_CURVE_WITH_KNOTS('',1,(#1551,#1552),.UNSPECIFIED.,.F.,
  .F.,(2,2),(-5.999999999062E-07,9.0000006),.PIECEWISE_BEZIER_KNOTS.);
#1551 = CARTESIAN_POINT('',(53.288652915637,5.999999999062E-07));
#1552 = CARTESIAN_POINT('',(53.288652915637,-9.0000006));
#1553 = ( GEOMETRIC_REPRESENTATION_CONTEXT(2) 
PARAMETRIC_REPRESENTATION_CONTEXT() REPRESENTATION_CONTEXT('2D SPACE',''
  ) );
#1554 = PCURVE('',#967,#1555);
#1555 = DEFINITIONAL_REPRESENTATION('',(#1556),#1559);
#1556 = B_SPLINE_CURVE_WITH_KNOTS('',1,(#1557,#1558),.UNSPECIFIED.,.F.,
  .F.,(2,2),(-5.999999999062E-07,9.0000006),.PIECEWISE_BEZIER_KNOTS.);
#1557 = CARTESIAN_POINT('',(3.645287803969,-5.999999999062E-07));
#1558 = CARTESIAN_POINT('',(3.645287803969,9.0000006));
#1559 = ( GEOMETRIC_REPRESENTATION_CONTEXT(2) 
PARAMETRIC_REPRESENTATION_CONTEXT() REPRESENTATION_CONTEXT('2D SPACE',''
  ) );
#1560 = ORIENTED_EDGE('',*,*,#979,.T.);
#1561 = ORIENTED_EDGE('',*,*,#1328,.T.);
#1562 = ORIENTED_EDGE('',*,*,#1563,.T.);
#1563 = EDGE_CURVE('',#1329,#1564,#1566,.T.);
#1564 = VERTEX_POINT('',#1565);
#1565 = CARTESIAN_POINT('',(-383.8284271247,-188.,86.));
#1566 = SURFACE_CURVE('',#1567,(#1571,#1577),.PCURVE_S1.);
#1567 = LINE('',#1568,#1569);
#1568 = CARTESIAN_POINT('',(-388.7071067811,-183.1213203435,86.));
#1569 = VECTOR('',#1570,1.);
#1570 = DIRECTION('',(0.707106781187,-0.707106781187,0.));
#1571 = PCURVE('',#992,#1572);
#1572 = DEFINITIONAL_REPRESENTATION('',(#1573),#1576);
#1573 = B_SPLINE_CURVE_WITH_KNOTS('',1,(#1574,#1575),.UNSPECIFIED.,.F.,
  .F.,(2,2),(1.,6.899494936612),.PIECEWISE_BEZIER_KNOTS.);
#1574 = CARTESIAN_POINT('',(0.,-25.));
#1575 = CARTESIAN_POINT('',(5.899494936612,-25.));
#1576 = ( GEOMETRIC_REPRESENTATION_CONTEXT(2) 
PARAMETRIC_REPRESENTATION_CONTEXT() REPRESENTATION_CONTEXT('2D SPACE',''
  ) );
#1577 = PCURVE('',#1119,#1578);
#1578 = DEFINITIONAL_REPRESENTATION('',(#1579),#1582);
#1579 = B_SPLINE_CURVE_WITH_KNOTS('',1,(#1580,#1581),.UNSPECIFIED.,.F.,
  .F.,(2,2),(1.,6.899494936612),.PIECEWISE_BEZIER_KNOTS.);
#1580 = CARTESIAN_POINT('',(7.,4.171572875254));
#1581 = CARTESIAN_POINT('',(11.171572875254,-8.881784197001E-16));
#1582 = ( GEOMETRIC_REPRESENTATION_CONTEXT(2) 
PARAMETRIC_REPRESENTATION_CONTEXT() REPRESENTATION_CONTEXT('2D SPACE',''
  ) );
#1583 = ORIENTED_EDGE('',*,*,#1584,.T.);
#1584 = EDGE_CURVE('',#1564,#1585,#1587,.T.);
#1585 = VERTEX_POINT('',#1586);
#1586 = CARTESIAN_POINT('',(-383.8284271247,-188.,154.));
#1587 = SURFACE_CURVE('',#1588,(#1592,#1598),.PCURVE_S1.);
#1588 = LINE('',#1589,#1590);
#1589 = CARTESIAN_POINT('',(-383.8284271247,-188.,73.5));
#1590 = VECTOR('',#1591,1.);
#1591 = DIRECTION('',(0.,0.,1.));
#1592 = PCURVE('',#992,#1593);
#1593 = DEFINITIONAL_REPRESENTATION('',(#1594),#1597);
#1594 = B_SPLINE_CURVE_WITH_KNOTS('',1,(#1595,#1596),.UNSPECIFIED.,.F.,
  .F.,(2,2),(12.5,80.5),.PIECEWISE_BEZIER_KNOTS.);
#1595 = CARTESIAN_POINT('',(5.899494936612,-25.));
#1596 = CARTESIAN_POINT('',(5.899494936612,-93.));
#1597 = ( GEOMETRIC_REPRESENTATION_CONTEXT(2) 
PARAMETRIC_REPRESENTATION_CONTEXT() REPRESENTATION_CONTEXT('2D SPACE',''
  ) );
#1598 = PCURVE('',#1599,#1604);
#1599 = PLANE('',#1600);
#1600 = AXIS2_PLACEMENT_3D('',#1601,#1602,#1603);
#1601 = CARTESIAN_POINT('',(-395.,-188.,86.));
#1602 = DIRECTION('',(-0.,1.,0.));
#1603 = DIRECTION('',(0.,0.,1.));
#1604 = DEFINITIONAL_REPRESENTATION('',(#1605),#1608);
#1605 = B_SPLINE_CURVE_WITH_KNOTS('',1,(#1606,#1607),.UNSPECIFIED.,.F.,
  .F.,(2,2),(12.5,80.5),.PIECEWISE_BEZIER_KNOTS.);
#1606 = CARTESIAN_POINT('',(0.,11.171572875254));
#1607 = CARTESIAN_POINT('',(68.,11.171572875254));
#1608 = ( GEOMETRIC_REPRESENTATION_CONTEXT(2) 
PARAMETRIC_REPRESENTATION_CONTEXT() REPRESENTATION_CONTEXT('2D SPACE',''
  ) );
#1609 = ORIENTED_EDGE('',*,*,#1610,.F.);
#1610 = EDGE_CURVE('',#1355,#1585,#1611,.T.);
#1611 = SURFACE_CURVE('',#1612,(#1616,#1622),.PCURVE_S1.);
#1612 = LINE('',#1613,#1614);
#1613 = CARTESIAN_POINT('',(-388.7071067811,-183.1213203435,154.));
#1614 = VECTOR('',#1615,1.);
#1615 = DIRECTION('',(0.707106781187,-0.707106781187,0.));
#1616 = PCURVE('',#992,#1617);
#1617 = DEFINITIONAL_REPRESENTATION('',(#1618),#1621);
#1618 = B_SPLINE_CURVE_WITH_KNOTS('',1,(#1619,#1620),.UNSPECIFIED.,.F.,
  .F.,(2,2),(1.,6.899494936612),.PIECEWISE_BEZIER_KNOTS.);
#1619 = CARTESIAN_POINT('',(0.,-93.));
#1620 = CARTESIAN_POINT('',(5.899494936612,-93.));
#1621 = ( GEOMETRIC_REPRESENTATION_CONTEXT(2) 
PARAMETRIC_REPRESENTATION_CONTEXT() REPRESENTATION_CONTEXT('2D SPACE',''
  ) );
#1622 = PCURVE('',#1067,#1623);
#1623 = DEFINITIONAL_REPRESENTATION('',(#1624),#1627);
#1624 = B_SPLINE_CURVE_WITH_KNOTS('',1,(#1625,#1626),.UNSPECIFIED.,.F.,
  .F.,(2,2),(1.,6.899494936612),.PIECEWISE_BEZIER_KNOTS.);
#1625 = CARTESIAN_POINT('',(7.,4.171572875254));
#1626 = CARTESIAN_POINT('',(11.171572875254,-8.881784197001E-16));
#1627 = ( GEOMETRIC_REPRESENTATION_CONTEXT(2) 
PARAMETRIC_REPRESENTATION_CONTEXT() REPRESENTATION_CONTEXT('2D SPACE',''
  ) );
#1628 = ORIENTED_EDGE('',*,*,#1354,.T.);
#1629 = ORIENTED_EDGE('',*,*,#1277,.T.);
#1630 = ADVANCED_FACE('',(#1631),#967,.F.);
#1631 = FACE_BOUND('',#1632,.F.);
#1632 = EDGE_LOOP('',(#1633,#1657,#1658,#1659));
#1633 = ORIENTED_EDGE('',*,*,#1634,.F.);
#1634 = EDGE_CURVE('',#1517,#1635,#1637,.T.);
#1635 = VERTEX_POINT('',#1636);
#1636 = CARTESIAN_POINT('',(-344.8994949366,-230.1005050633,70.));
#1637 = SURFACE_CURVE('',#1638,(#1643,#1650),.PCURVE_S1.);
#1638 = CIRCLE('',#1639,86.);
#1639 = AXIS2_PLACEMENT_3D('',#1640,#1641,#1642);
#1640 = CARTESIAN_POINT('',(-275.,-180.,70.));
#1641 = DIRECTION('',(0.,0.,1.));
#1642 = DIRECTION('',(1.,0.,-0.));
#1643 = PCURVE('',#967,#1644);
#1644 = DEFINITIONAL_REPRESENTATION('',(#1645),#1649);
#1645 = LINE('',#1646,#1647);
#1646 = CARTESIAN_POINT('',(0.,9.));
#1647 = VECTOR('',#1648,1.);
#1648 = DIRECTION('',(1.,0.));
#1649 = ( GEOMETRIC_REPRESENTATION_CONTEXT(2) 
PARAMETRIC_REPRESENTATION_CONTEXT() REPRESENTATION_CONTEXT('2D SPACE',''
  ) );
#1650 = PCURVE('',#1531,#1651);
#1651 = DEFINITIONAL_REPRESENTATION('',(#1652),#1656);
#1652 = CIRCLE('',#1653,86.);
#1653 = AXIS2_PLACEMENT_2D('',#1654,#1655);
#1654 = CARTESIAN_POINT('',(0.,0.));
#1655 = DIRECTION('',(1.,0.));
#1656 = ( GEOMETRIC_REPRESENTATION_CONTEXT(2) 
PARAMETRIC_REPRESENTATION_CONTEXT() REPRESENTATION_CONTEXT('2D SPACE',''
  ) );
#1657 = ORIENTED_EDGE('',*,*,#1542,.F.);
#1658 = ORIENTED_EDGE('',*,*,#950,.T.);
#1659 = ORIENTED_EDGE('',*,*,#1660,.T.);
#1660 = EDGE_CURVE('',#923,#1635,#1661,.T.);
#1661 = SURFACE_CURVE('',#1662,(#1666,#1672),.PCURVE_S1.);
#1662 = LINE('',#1663,#1664);
#1663 = CARTESIAN_POINT('',(-344.8994949366,-230.1005050633,61.));
#1664 = VECTOR('',#1665,1.);
#1665 = DIRECTION('',(0.,0.,1.));
#1666 = PCURVE('',#967,#1667);
#1667 = DEFINITIONAL_REPRESENTATION('',(#1668),#1671);
#1668 = B_SPLINE_CURVE_WITH_KNOTS('',1,(#1669,#1670),.UNSPECIFIED.,.F.,
  .F.,(2,2),(-5.999999999062E-07,9.0000006),.PIECEWISE_BEZIER_KNOTS.);
#1669 = CARTESIAN_POINT('',(3.763472392802,-5.999999999062E-07));
#1670 = CARTESIAN_POINT('',(3.763472392802,9.0000006));
#1671 = ( GEOMETRIC_REPRESENTATION_CONTEXT(2) 
PARAMETRIC_REPRESENTATION_CONTEXT() REPRESENTATION_CONTEXT('2D SPACE',''
  ) );
#1672 = PCURVE('',#938,#1673);
#1673 = DEFINITIONAL_REPRESENTATION('',(#1674),#1677);
#1674 = B_SPLINE_CURVE_WITH_KNOTS('',1,(#1675,#1676),.UNSPECIFIED.,.F.,
  .F.,(2,2),(-5.999999999062E-07,9.0000006),.PIECEWISE_BEZIER_KNOTS.);
#1675 = CARTESIAN_POINT('',(63.78174593052,1.0000006));
#1676 = CARTESIAN_POINT('',(63.78174593052,-8.0000006));
#1677 = ( GEOMETRIC_REPRESENTATION_CONTEXT(2) 
PARAMETRIC_REPRESENTATION_CONTEXT() REPRESENTATION_CONTEXT('2D SPACE',''
  ) );
#1678 = ADVANCED_FACE('',(#1679),#938,.F.);
#1679 = FACE_BOUND('',#1680,.F.);
#1680 = EDGE_LOOP('',(#1681,#1682,#1683,#1704,#1725,#1744,#1745,#1746,
    #1769,#1792,#1813,#1832));
#1681 = ORIENTED_EDGE('',*,*,#922,.F.);
#1682 = ORIENTED_EDGE('',*,*,#1130,.T.);
#1683 = ORIENTED_EDGE('',*,*,#1684,.T.);
#1684 = EDGE_CURVE('',#1105,#1685,#1687,.T.);
#1685 = VERTEX_POINT('',#1686);
#1686 = CARTESIAN_POINT('',(-387.,-188.,86.));
#1687 = SURFACE_CURVE('',#1688,(#1692,#1698),.PCURVE_S1.);
#1688 = LINE('',#1689,#1690);
#1689 = CARTESIAN_POINT('',(-390.5,-184.5,86.));
#1690 = VECTOR('',#1691,1.);
#1691 = DIRECTION('',(0.707106781187,-0.707106781187,0.));
#1692 = PCURVE('',#938,#1693);
#1693 = DEFINITIONAL_REPRESENTATION('',(#1694),#1697);
#1694 = B_SPLINE_CURVE_WITH_KNOTS('',1,(#1695,#1696),.UNSPECIFIED.,.F.,
  .F.,(2,2),(0.707106781187,4.949747468306),.PIECEWISE_BEZIER_KNOTS.);
#1695 = CARTESIAN_POINT('',(0.,-24.));
#1696 = CARTESIAN_POINT('',(4.242640687119,-24.));
#1697 = ( GEOMETRIC_REPRESENTATION_CONTEXT(2) 
PARAMETRIC_REPRESENTATION_CONTEXT() REPRESENTATION_CONTEXT('2D SPACE',''
  ) );
#1698 = PCURVE('',#1119,#1699);
#1699 = DEFINITIONAL_REPRESENTATION('',(#1700),#1703);
#1700 = B_SPLINE_CURVE_WITH_KNOTS('',1,(#1701,#1702),.UNSPECIFIED.,.F.,
  .F.,(2,2),(0.707106781187,4.949747468306),.PIECEWISE_BEZIER_KNOTS.);
#1701 = CARTESIAN_POINT('',(5.,3.));
#1702 = CARTESIAN_POINT('',(8.,-4.440892098501E-16));
#1703 = ( GEOMETRIC_REPRESENTATION_CONTEXT(2) 
PARAMETRIC_REPRESENTATION_CONTEXT() REPRESENTATION_CONTEXT('2D SPACE',''
  ) );
#1704 = ORIENTED_EDGE('',*,*,#1705,.T.);
#1705 = EDGE_CURVE('',#1685,#1706,#1708,.T.);
#1706 = VERTEX_POINT('',#1707);
#1707 = CARTESIAN_POINT('',(-387.,-188.,154.));
#1708 = SURFACE_CURVE('',#1709,(#1713,#1719),.PCURVE_S1.);
#1709 = LINE('',#1710,#1711);
#1710 = CARTESIAN_POINT('',(-387.,-188.,74.));
#1711 = VECTOR('',#1712,1.);
#1712 = DIRECTION('',(0.,0.,1.));
#1713 = PCURVE('',#938,#1714);
#1714 = DEFINITIONAL_REPRESENTATION('',(#1715),#1718);
#1715 = B_SPLINE_CURVE_WITH_KNOTS('',1,(#1716,#1717),.UNSPECIFIED.,.F.,
  .F.,(2,2),(12.,80.),.PIECEWISE_BEZIER_KNOTS.);
#1716 = CARTESIAN_POINT('',(4.242640687119,-24.));
#1717 = CARTESIAN_POINT('',(4.242640687119,-92.));
#1718 = ( GEOMETRIC_REPRESENTATION_CONTEXT(2) 
PARAMETRIC_REPRESENTATION_CONTEXT() REPRESENTATION_CONTEXT('2D SPACE',''
  ) );
#1719 = PCURVE('',#1599,#1720);
#1720 = DEFINITIONAL_REPRESENTATION('',(#1721),#1724);
#1721 = B_SPLINE_CURVE_WITH_KNOTS('',1,(#1722,#1723),.UNSPECIFIED.,.F.,
  .F.,(2,2),(12.,80.),.PIECEWISE_BEZIER_KNOTS.);
#1722 = CARTESIAN_POINT('',(0.,8.));
#1723 = CARTESIAN_POINT('',(68.,8.));
#1724 = ( GEOMETRIC_REPRESENTATION_CONTEXT(2) 
PARAMETRIC_REPRESENTATION_CONTEXT() REPRESENTATION_CONTEXT('2D SPACE',''
  ) );
#1725 = ORIENTED_EDGE('',*,*,#1726,.F.);
#1726 = EDGE_CURVE('',#1030,#1706,#1727,.T.);
#1727 = SURFACE_CURVE('',#1728,(#1732,#1738),.PCURVE_S1.);
#1728 = LINE('',#1729,#1730);
#1729 = CARTESIAN_POINT('',(-390.5,-184.5,154.));
#1730 = VECTOR('',#1731,1.);
#1731 = DIRECTION('',(0.707106781187,-0.707106781187,0.));
#1732 = PCURVE('',#938,#1733);
#1733 = DEFINITIONAL_REPRESENTATION('',(#1734),#1737);
#1734 = B_SPLINE_CURVE_WITH_KNOTS('',1,(#1735,#1736),.UNSPECIFIED.,.F.,
  .F.,(2,2),(0.707106781187,4.949747468306),.PIECEWISE_BEZIER_KNOTS.);
#1735 = CARTESIAN_POINT('',(0.,-92.));
#1736 = CARTESIAN_POINT('',(4.242640687119,-92.));
#1737 = ( GEOMETRIC_REPRESENTATION_CONTEXT(2) 
PARAMETRIC_REPRESENTATION_CONTEXT() REPRESENTATION_CONTEXT('2D SPACE',''
  ) );
#1738 = PCURVE('',#1067,#1739);
#1739 = DEFINITIONAL_REPRESENTATION('',(#1740),#1743);
#1740 = B_SPLINE_CURVE_WITH_KNOTS('',1,(#1741,#1742),.UNSPECIFIED.,.F.,
  .F.,(2,2),(0.707106781187,4.949747468306),.PIECEWISE_BEZIER_KNOTS.);
#1741 = CARTESIAN_POINT('',(5.,3.));
#1742 = CARTESIAN_POINT('',(8.,-4.440892098501E-16));
#1743 = ( GEOMETRIC_REPRESENTATION_CONTEXT(2) 
PARAMETRIC_REPRESENTATION_CONTEXT() REPRESENTATION_CONTEXT('2D SPACE',''
  ) );
#1744 = ORIENTED_EDGE('',*,*,#1029,.T.);
#1745 = ORIENTED_EDGE('',*,*,#1178,.T.);
#1746 = ORIENTED_EDGE('',*,*,#1747,.F.);
#1747 = EDGE_CURVE('',#1748,#1179,#1750,.T.);
#1748 = VERTEX_POINT('',#1749);
#1749 = CARTESIAN_POINT('',(-295.,-280.,62.));
#1750 = SURFACE_CURVE('',#1751,(#1755,#1762),.PCURVE_S1.);
#1751 = LINE('',#1752,#1753);
#1752 = CARTESIAN_POINT('',(-295.,-280.,62.));
#1753 = VECTOR('',#1754,1.);
#1754 = DIRECTION('',(0.,0.,1.));
#1755 = PCURVE('',#938,#1756);
#1756 = DEFINITIONAL_REPRESENTATION('',(#1757),#1761);
#1757 = LINE('',#1758,#1759);
#1758 = CARTESIAN_POINT('',(134.35028842544,0.));
#1759 = VECTOR('',#1760,1.);
#1760 = DIRECTION('',(0.,-1.));
#1761 = ( GEOMETRIC_REPRESENTATION_CONTEXT(2) 
PARAMETRIC_REPRESENTATION_CONTEXT() REPRESENTATION_CONTEXT('2D SPACE',''
  ) );
#1762 = PCURVE('',#1214,#1763);
#1763 = DEFINITIONAL_REPRESENTATION('',(#1764),#1768);
#1764 = LINE('',#1765,#1766);
#1765 = CARTESIAN_POINT('',(0.,0.));
#1766 = VECTOR('',#1767,1.);
#1767 = DIRECTION('',(0.,-1.));
#1768 = ( GEOMETRIC_REPRESENTATION_CONTEXT(2) 
PARAMETRIC_REPRESENTATION_CONTEXT() REPRESENTATION_CONTEXT('2D SPACE',''
  ) );
#1769 = ORIENTED_EDGE('',*,*,#1770,.F.);
#1770 = EDGE_CURVE('',#1771,#1748,#1773,.T.);
#1771 = VERTEX_POINT('',#1772);
#1772 = CARTESIAN_POINT('',(-325.1005050633,-249.8994949366,62.));
#1773 = SURFACE_CURVE('',#1774,(#1778,#1785),.PCURVE_S1.);
#1774 = LINE('',#1775,#1776);
#1775 = CARTESIAN_POINT('',(-390.,-185.,62.));
#1776 = VECTOR('',#1777,1.);
#1777 = DIRECTION('',(0.707106781187,-0.707106781187,0.));
#1778 = PCURVE('',#938,#1779);
#1779 = DEFINITIONAL_REPRESENTATION('',(#1780),#1784);
#1780 = LINE('',#1781,#1782);
#1781 = CARTESIAN_POINT('',(0.,0.));
#1782 = VECTOR('',#1783,1.);
#1783 = DIRECTION('',(1.,0.));
#1784 = ( GEOMETRIC_REPRESENTATION_CONTEXT(2) 
PARAMETRIC_REPRESENTATION_CONTEXT() REPRESENTATION_CONTEXT('2D SPACE',''
  ) );
#1785 = PCURVE('',#1479,#1786);
#1786 = DEFINITIONAL_REPRESENTATION('',(#1787),#1791);
#1787 = LINE('',#1788,#1789);
#1788 = CARTESIAN_POINT('',(-390.,-185.));
#1789 = VECTOR('',#1790,1.);
#1790 = DIRECTION('',(0.707106781187,-0.707106781187));
#1791 = ( GEOMETRIC_REPRESENTATION_CONTEXT(2) 
PARAMETRIC_REPRESENTATION_CONTEXT() REPRESENTATION_CONTEXT('2D SPACE',''
  ) );
#1792 = ORIENTED_EDGE('',*,*,#1793,.T.);
#1793 = EDGE_CURVE('',#1771,#1794,#1796,.T.);
#1794 = VERTEX_POINT('',#1795);
#1795 = CARTESIAN_POINT('',(-325.1005050633,-249.8994949366,70.));
#1796 = SURFACE_CURVE('',#1797,(#1801,#1807),.PCURVE_S1.);
#1797 = LINE('',#1798,#1799);
#1798 = CARTESIAN_POINT('',(-325.1005050633,-249.8994949366,61.));
#1799 = VECTOR('',#1800,1.);
#1800 = DIRECTION('',(0.,0.,1.));
#1801 = PCURVE('',#938,#1802);
#1802 = DEFINITIONAL_REPRESENTATION('',(#1803),#1806);
#1803 = B_SPLINE_CURVE_WITH_KNOTS('',1,(#1804,#1805),.UNSPECIFIED.,.F.,
  .F.,(2,2),(-5.999999999062E-07,9.0000006),.PIECEWISE_BEZIER_KNOTS.);
#1804 = CARTESIAN_POINT('',(91.78174593052,1.0000006));
#1805 = CARTESIAN_POINT('',(91.78174593052,-8.0000006));
#1806 = ( GEOMETRIC_REPRESENTATION_CONTEXT(2) 
PARAMETRIC_REPRESENTATION_CONTEXT() REPRESENTATION_CONTEXT('2D SPACE',''
  ) );
#1807 = PCURVE('',#1505,#1808);
#1808 = DEFINITIONAL_REPRESENTATION('',(#1809),#1812);
#1809 = B_SPLINE_CURVE_WITH_KNOTS('',1,(#1810,#1811),.UNSPECIFIED.,.F.,
  .F.,(2,2),(-5.999999999062E-07,9.0000006),.PIECEWISE_BEZIER_KNOTS.);
#1810 = CARTESIAN_POINT('',(4.090509241173,-5.999999999062E-07));
#1811 = CARTESIAN_POINT('',(4.090509241173,9.0000006));
#1812 = ( GEOMETRIC_REPRESENTATION_CONTEXT(2) 
PARAMETRIC_REPRESENTATION_CONTEXT() REPRESENTATION_CONTEXT('2D SPACE',''
  ) );
#1813 = ORIENTED_EDGE('',*,*,#1814,.F.);
#1814 = EDGE_CURVE('',#1635,#1794,#1815,.T.);
#1815 = SURFACE_CURVE('',#1816,(#1820,#1826),.PCURVE_S1.);
#1816 = LINE('',#1817,#1818);
#1817 = CARTESIAN_POINT('',(-362.5,-212.5,70.));
#1818 = VECTOR('',#1819,1.);
#1819 = DIRECTION('',(0.707106781187,-0.707106781187,0.));
#1820 = PCURVE('',#938,#1821);
#1821 = DEFINITIONAL_REPRESENTATION('',(#1822),#1825);
#1822 = B_SPLINE_CURVE_WITH_KNOTS('',1,(#1823,#1824),.UNSPECIFIED.,.F.,
  .F.,(2,2),(2.12132034356,75.660425586961),.PIECEWISE_BEZIER_KNOTS.);
#1823 = CARTESIAN_POINT('',(41.01219330882,-8.));
#1824 = CARTESIAN_POINT('',(114.55129855222,-8.));
#1825 = ( GEOMETRIC_REPRESENTATION_CONTEXT(2) 
PARAMETRIC_REPRESENTATION_CONTEXT() REPRESENTATION_CONTEXT('2D SPACE',''
  ) );
#1826 = PCURVE('',#1531,#1827);
#1827 = DEFINITIONAL_REPRESENTATION('',(#1828),#1831);
#1828 = B_SPLINE_CURVE_WITH_KNOTS('',1,(#1829,#1830),.UNSPECIFIED.,.F.,
  .F.,(2,2),(2.12132034356,75.660425586961),.PIECEWISE_BEZIER_KNOTS.);
#1829 = CARTESIAN_POINT('',(-86.,-34.));
#1830 = CARTESIAN_POINT('',(-34.,-86.));
#1831 = ( GEOMETRIC_REPRESENTATION_CONTEXT(2) 
PARAMETRIC_REPRESENTATION_CONTEXT() REPRESENTATION_CONTEXT('2D SPACE',''
  ) );
#1832 = ORIENTED_EDGE('',*,*,#1660,.F.);
#1833 = ADVANCED_FACE('',(#1834),#1119,.T.);
#1834 = FACE_BOUND('',#1835,.T.);
#1835 = EDGE_LOOP('',(#1836,#1857,#1858,#1859,#1880,#1881));
#1836 = ORIENTED_EDGE('',*,*,#1837,.F.);
#1837 = EDGE_CURVE('',#1079,#1399,#1838,.T.);
#1838 = SURFACE_CURVE('',#1839,(#1843,#1850),.PCURVE_S1.);
#1839 = LINE('',#1840,#1841);
#1840 = CARTESIAN_POINT('',(-395.,-86.,86.));
#1841 = VECTOR('',#1842,1.);
#1842 = DIRECTION('',(1.,0.,-0.));
#1843 = PCURVE('',#1119,#1844);
#1844 = DEFINITIONAL_REPRESENTATION('',(#1845),#1849);
#1845 = LINE('',#1846,#1847);
#1846 = CARTESIAN_POINT('',(0.,102.));
#1847 = VECTOR('',#1848,1.);
#1848 = DIRECTION('',(1.,0.));
#1849 = ( GEOMETRIC_REPRESENTATION_CONTEXT(2) 
PARAMETRIC_REPRESENTATION_CONTEXT() REPRESENTATION_CONTEXT('2D SPACE',''
  ) );
#1850 = PCURVE('',#1093,#1851);
#1851 = DEFINITIONAL_REPRESENTATION('',(#1852),#1856);
#1852 = LINE('',#1853,#1854);
#1853 = CARTESIAN_POINT('',(0.,0.));
#1854 = VECTOR('',#1855,1.);
#1855 = DIRECTION('',(0.,1.));
#1856 = ( GEOMETRIC_REPRESENTATION_CONTEXT(2) 
PARAMETRIC_REPRESENTATION_CONTEXT() REPRESENTATION_CONTEXT('2D SPACE',''
  ) );
#1857 = ORIENTED_EDGE('',*,*,#1104,.T.);
#1858 = ORIENTED_EDGE('',*,*,#1684,.T.);
#1859 = ORIENTED_EDGE('',*,*,#1860,.T.);
#1860 = EDGE_CURVE('',#1685,#1564,#1861,.T.);
#1861 = SURFACE_CURVE('',#1862,(#1866,#1873),.PCURVE_S1.);
#1862 = LINE('',#1863,#1864);
#1863 = CARTESIAN_POINT('',(-395.,-188.,86.));
#1864 = VECTOR('',#1865,1.);
#1865 = DIRECTION('',(1.,0.,-0.));
#1866 = PCURVE('',#1119,#1867);
#1867 = DEFINITIONAL_REPRESENTATION('',(#1868),#1872);
#1868 = LINE('',#1869,#1870);
#1869 = CARTESIAN_POINT('',(0.,0.));
#1870 = VECTOR('',#1871,1.);
#1871 = DIRECTION('',(1.,0.));
#1872 = ( GEOMETRIC_REPRESENTATION_CONTEXT(2) 
PARAMETRIC_REPRESENTATION_CONTEXT() REPRESENTATION_CONTEXT('2D SPACE',''
  ) );
#1873 = PCURVE('',#1599,#1874);
#1874 = DEFINITIONAL_REPRESENTATION('',(#1875),#1879);
#1875 = LINE('',#1876,#1877);
#1876 = CARTESIAN_POINT('',(0.,0.));
#1877 = VECTOR('',#1878,1.);
#1878 = DIRECTION('',(0.,1.));
#1879 = ( GEOMETRIC_REPRESENTATION_CONTEXT(2) 
PARAMETRIC_REPRESENTATION_CONTEXT() REPRESENTATION_CONTEXT('2D SPACE',''
  ) );
#1880 = ORIENTED_EDGE('',*,*,#1563,.F.);
#1881 = ORIENTED_EDGE('',*,*,#1419,.F.);
#1882 = ADVANCED_FACE('',(#1883),#1093,.F.);
#1883 = FACE_BOUND('',#1884,.F.);
#1884 = EDGE_LOOP('',(#1885,#1886,#1887,#1908));
#1885 = ORIENTED_EDGE('',*,*,#1837,.F.);
#1886 = ORIENTED_EDGE('',*,*,#1078,.T.);
#1887 = ORIENTED_EDGE('',*,*,#1888,.T.);
#1888 = EDGE_CURVE('',#1053,#1378,#1889,.T.);
#1889 = SURFACE_CURVE('',#1890,(#1894,#1901),.PCURVE_S1.);
#1890 = LINE('',#1891,#1892);
#1891 = CARTESIAN_POINT('',(-395.,-86.,154.));
#1892 = VECTOR('',#1893,1.);
#1893 = DIRECTION('',(1.,0.,-0.));
#1894 = PCURVE('',#1093,#1895);
#1895 = DEFINITIONAL_REPRESENTATION('',(#1896),#1900);
#1896 = LINE('',#1897,#1898);
#1897 = CARTESIAN_POINT('',(68.,0.));
#1898 = VECTOR('',#1899,1.);
#1899 = DIRECTION('',(0.,1.));
#1900 = ( GEOMETRIC_REPRESENTATION_CONTEXT(2) 
PARAMETRIC_REPRESENTATION_CONTEXT() REPRESENTATION_CONTEXT('2D SPACE',''
  ) );
#1901 = PCURVE('',#1067,#1902);
#1902 = DEFINITIONAL_REPRESENTATION('',(#1903),#1907);
#1903 = LINE('',#1904,#1905);
#1904 = CARTESIAN_POINT('',(0.,102.));
#1905 = VECTOR('',#1906,1.);
#1906 = DIRECTION('',(1.,0.));
#1907 = ( GEOMETRIC_REPRESENTATION_CONTEXT(2) 
PARAMETRIC_REPRESENTATION_CONTEXT() REPRESENTATION_CONTEXT('2D SPACE',''
  ) );
#1908 = ORIENTED_EDGE('',*,*,#1398,.F.);
#1909 = ADVANCED_FACE('',(#1910),#1067,.F.);
#1910 = FACE_BOUND('',#1911,.F.);
#1911 = EDGE_LOOP('',(#1912,#1913,#1914,#1915,#1936,#1937));
#1912 = ORIENTED_EDGE('',*,*,#1888,.F.);
#1913 = ORIENTED_EDGE('',*,*,#1052,.T.);
#1914 = ORIENTED_EDGE('',*,*,#1726,.T.);
#1915 = ORIENTED_EDGE('',*,*,#1916,.T.);
#1916 = EDGE_CURVE('',#1706,#1585,#1917,.T.);
#1917 = SURFACE_CURVE('',#1918,(#1922,#1929),.PCURVE_S1.);
#1918 = LINE('',#1919,#1920);
#1919 = CARTESIAN_POINT('',(-395.,-188.,154.));
#1920 = VECTOR('',#1921,1.);
#1921 = DIRECTION('',(1.,0.,-0.));
#1922 = PCURVE('',#1067,#1923);
#1923 = DEFINITIONAL_REPRESENTATION('',(#1924),#1928);
#1924 = LINE('',#1925,#1926);
#1925 = CARTESIAN_POINT('',(0.,0.));
#1926 = VECTOR('',#1927,1.);
#1927 = DIRECTION('',(1.,0.));
#1928 = ( GEOMETRIC_REPRESENTATION_CONTEXT(2) 
PARAMETRIC_REPRESENTATION_CONTEXT() REPRESENTATION_CONTEXT('2D SPACE',''
  ) );
#1929 = PCURVE('',#1599,#1930);
#1930 = DEFINITIONAL_REPRESENTATION('',(#1931),#1935);
#1931 = LINE('',#1932,#1933);
#1932 = CARTESIAN_POINT('',(68.,0.));
#1933 = VECTOR('',#1934,1.);
#1934 = DIRECTION('',(0.,1.));
#1935 = ( GEOMETRIC_REPRESENTATION_CONTEXT(2) 
PARAMETRIC_REPRESENTATION_CONTEXT() REPRESENTATION_CONTEXT('2D SPACE',''
  ) );
#1936 = ORIENTED_EDGE('',*,*,#1610,.F.);
#1937 = ORIENTED_EDGE('',*,*,#1377,.F.);
#1938 = ADVANCED_FACE('',(#1939),#1266,.T.);
#1939 = FACE_BOUND('',#1940,.T.);
#1940 = EDGE_LOOP('',(#1941,#1962,#1981,#1982));
#1941 = ORIENTED_EDGE('',*,*,#1942,.T.);
#1942 = EDGE_CURVE('',#1226,#1943,#1945,.T.);
#1943 = VERTEX_POINT('',#1944);
#1944 = CARTESIAN_POINT('',(-260.,-278.,62.));
#1945 = SURFACE_CURVE('',#1946,(#1950,#1956),.PCURVE_S1.);
#1946 = LINE('',#1947,#1948);
#1947 = CARTESIAN_POINT('',(-260.,-278.,30.5));
#1948 = VECTOR('',#1949,1.);
#1949 = DIRECTION('',(-0.,0.,-1.));
#1950 = PCURVE('',#1266,#1951);
#1951 = DEFINITIONAL_REPRESENTATION('',(#1952),#1955);
#1952 = B_SPLINE_CURVE_WITH_KNOTS('',1,(#1953,#1954),.UNSPECIFIED.,.F.,
  .F.,(2,2),(-134.,-31.5),.PIECEWISE_BEZIER_KNOTS.);
#1953 = CARTESIAN_POINT('',(33.828427124746,-103.5));
#1954 = CARTESIAN_POINT('',(33.828427124746,-1.));
#1955 = ( GEOMETRIC_REPRESENTATION_CONTEXT(2) 
PARAMETRIC_REPRESENTATION_CONTEXT() REPRESENTATION_CONTEXT('2D SPACE',''
  ) );
#1956 = PCURVE('',#1240,#1957);
#1957 = DEFINITIONAL_REPRESENTATION('',(#1958),#1961);
#1958 = B_SPLINE_CURVE_WITH_KNOTS('',1,(#1959,#1960),.UNSPECIFIED.,.F.,
  .F.,(2,2),(-134.,-31.5),.PIECEWISE_BEZIER_KNOTS.);
#1959 = CARTESIAN_POINT('',(164.5,-122.));
#1960 = CARTESIAN_POINT('',(62.,-122.));
#1961 = ( GEOMETRIC_REPRESENTATION_CONTEXT(2) 
PARAMETRIC_REPRESENTATION_CONTEXT() REPRESENTATION_CONTEXT('2D SPACE',''
  ) );
#1962 = ORIENTED_EDGE('',*,*,#1963,.T.);
#1963 = EDGE_CURVE('',#1943,#1442,#1964,.T.);
#1964 = SURFACE_CURVE('',#1965,(#1969,#1975),.PCURVE_S1.);
#1965 = LINE('',#1966,#1967);
#1966 = CARTESIAN_POINT('',(-146.9142135623,-278.,62.));
#1967 = VECTOR('',#1968,1.);
#1968 = DIRECTION('',(-1.,0.,0.));
#1969 = PCURVE('',#1266,#1970);
#1970 = DEFINITIONAL_REPRESENTATION('',(#1971),#1974);
#1971 = B_SPLINE_CURVE_WITH_KNOTS('',1,(#1972,#1973),.UNSPECIFIED.,.F.,
  .F.,(2,2),(-440.7426406871,146.91421356237),.PIECEWISE_BEZIER_KNOTS.);
#1972 = CARTESIAN_POINT('',(587.65685424949,-1.));
#1973 = CARTESIAN_POINT('',(0.,-1.));
#1974 = ( GEOMETRIC_REPRESENTATION_CONTEXT(2) 
PARAMETRIC_REPRESENTATION_CONTEXT() REPRESENTATION_CONTEXT('2D SPACE',''
  ) );
#1975 = PCURVE('',#1479,#1976);
#1976 = DEFINITIONAL_REPRESENTATION('',(#1977),#1980);
#1977 = B_SPLINE_CURVE_WITH_KNOTS('',1,(#1978,#1979),.UNSPECIFIED.,.F.,
  .F.,(2,2),(-440.7426406871,146.91421356237),.PIECEWISE_BEZIER_KNOTS.);
#1978 = CARTESIAN_POINT('',(293.82842712474,-278.));
#1979 = CARTESIAN_POINT('',(-293.8284271247,-278.));
#1980 = ( GEOMETRIC_REPRESENTATION_CONTEXT(2) 
PARAMETRIC_REPRESENTATION_CONTEXT() REPRESENTATION_CONTEXT('2D SPACE',''
  ) );
#1981 = ORIENTED_EDGE('',*,*,#1441,.T.);
#1982 = ORIENTED_EDGE('',*,*,#1251,.T.);
#1983 = ADVANCED_FACE('',(#1984),#1240,.T.);
#1984 = FACE_BOUND('',#1985,.T.);
#1985 = EDGE_LOOP('',(#1986,#1987,#2008,#2027));
#1986 = ORIENTED_EDGE('',*,*,#1225,.F.);
#1987 = ORIENTED_EDGE('',*,*,#1988,.T.);
#1988 = EDGE_CURVE('',#1200,#1989,#1991,.T.);
#1989 = VERTEX_POINT('',#1990);
#1990 = CARTESIAN_POINT('',(-260.,-280.,62.));
#1991 = SURFACE_CURVE('',#1992,(#1996,#2002),.PCURVE_S1.);
#1992 = LINE('',#1993,#1994);
#1993 = CARTESIAN_POINT('',(-260.,-280.,31.));
#1994 = VECTOR('',#1995,1.);
#1995 = DIRECTION('',(-0.,0.,-1.));
#1996 = PCURVE('',#1240,#1997);
#1997 = DEFINITIONAL_REPRESENTATION('',(#1998),#2001);
#1998 = B_SPLINE_CURVE_WITH_KNOTS('',1,(#1999,#2000),.UNSPECIFIED.,.F.,
  .F.,(2,2),(-133.5,-31.),.PIECEWISE_BEZIER_KNOTS.);
#1999 = CARTESIAN_POINT('',(164.5,-120.));
#2000 = CARTESIAN_POINT('',(62.,-120.));
#2001 = ( GEOMETRIC_REPRESENTATION_CONTEXT(2) 
PARAMETRIC_REPRESENTATION_CONTEXT() REPRESENTATION_CONTEXT('2D SPACE',''
  ) );
#2002 = PCURVE('',#1214,#2003);
#2003 = DEFINITIONAL_REPRESENTATION('',(#2004),#2007);
#2004 = B_SPLINE_CURVE_WITH_KNOTS('',1,(#2005,#2006),.UNSPECIFIED.,.F.,
  .F.,(2,2),(-133.5,-31.),.PIECEWISE_BEZIER_KNOTS.);
#2005 = CARTESIAN_POINT('',(35.,-102.5));
#2006 = CARTESIAN_POINT('',(35.,0.));
#2007 = ( GEOMETRIC_REPRESENTATION_CONTEXT(2) 
PARAMETRIC_REPRESENTATION_CONTEXT() REPRESENTATION_CONTEXT('2D SPACE',''
  ) );
#2008 = ORIENTED_EDGE('',*,*,#2009,.T.);
#2009 = EDGE_CURVE('',#1989,#1943,#2010,.T.);
#2010 = SURFACE_CURVE('',#2011,(#2015,#2021),.PCURVE_S1.);
#2011 = LINE('',#2012,#2013);
#2012 = CARTESIAN_POINT('',(-260.,-200.,62.));
#2013 = VECTOR('',#2014,1.);
#2014 = DIRECTION('',(-0.,1.,0.));
#2015 = PCURVE('',#1240,#2016);
#2016 = DEFINITIONAL_REPRESENTATION('',(#2017),#2020);
#2017 = B_SPLINE_CURVE_WITH_KNOTS('',1,(#2018,#2019),.UNSPECIFIED.,.F.,
  .F.,(2,2),(-80.,-49.89949493661),.PIECEWISE_BEZIER_KNOTS.);
#2018 = CARTESIAN_POINT('',(62.,-120.));
#2019 = CARTESIAN_POINT('',(62.,-150.1005050633));
#2020 = ( GEOMETRIC_REPRESENTATION_CONTEXT(2) 
PARAMETRIC_REPRESENTATION_CONTEXT() REPRESENTATION_CONTEXT('2D SPACE',''
  ) );
#2021 = PCURVE('',#1479,#2022);
#2022 = DEFINITIONAL_REPRESENTATION('',(#2023),#2026);
#2023 = B_SPLINE_CURVE_WITH_KNOTS('',1,(#2024,#2025),.UNSPECIFIED.,.F.,
  .F.,(2,2),(-80.,-49.89949493661),.PIECEWISE_BEZIER_KNOTS.);
#2024 = CARTESIAN_POINT('',(-260.,-280.));
#2025 = CARTESIAN_POINT('',(-260.,-249.8994949366));
#2026 = ( GEOMETRIC_REPRESENTATION_CONTEXT(2) 
PARAMETRIC_REPRESENTATION_CONTEXT() REPRESENTATION_CONTEXT('2D SPACE',''
  ) );
#2027 = ORIENTED_EDGE('',*,*,#1942,.F.);
#2028 = ADVANCED_FACE('',(#2029),#1214,.F.);
#2029 = FACE_BOUND('',#2030,.F.);
#2030 = EDGE_LOOP('',(#2031,#2052,#2053,#2054));
#2031 = ORIENTED_EDGE('',*,*,#2032,.F.);
#2032 = EDGE_CURVE('',#1748,#1989,#2033,.T.);
#2033 = SURFACE_CURVE('',#2034,(#2038,#2045),.PCURVE_S1.);
#2034 = LINE('',#2035,#2036);
#2035 = CARTESIAN_POINT('',(-295.,-280.,62.));
#2036 = VECTOR('',#2037,1.);
#2037 = DIRECTION('',(1.,0.,0.));
#2038 = PCURVE('',#1214,#2039);
#2039 = DEFINITIONAL_REPRESENTATION('',(#2040),#2044);
#2040 = LINE('',#2041,#2042);
#2041 = CARTESIAN_POINT('',(0.,0.));
#2042 = VECTOR('',#2043,1.);
#2043 = DIRECTION('',(1.,0.));
#2044 = ( GEOMETRIC_REPRESENTATION_CONTEXT(2) 
PARAMETRIC_REPRESENTATION_CONTEXT() REPRESENTATION_CONTEXT('2D SPACE',''
  ) );
#2045 = PCURVE('',#1479,#2046);
#2046 = DEFINITIONAL_REPRESENTATION('',(#2047),#2051);
#2047 = LINE('',#2048,#2049);
#2048 = CARTESIAN_POINT('',(-295.,-280.));
#2049 = VECTOR('',#2050,1.);
#2050 = DIRECTION('',(1.,0.));
#2051 = ( GEOMETRIC_REPRESENTATION_CONTEXT(2) 
PARAMETRIC_REPRESENTATION_CONTEXT() REPRESENTATION_CONTEXT('2D SPACE',''
  ) );
#2052 = ORIENTED_EDGE('',*,*,#1747,.T.);
#2053 = ORIENTED_EDGE('',*,*,#1199,.T.);
#2054 = ORIENTED_EDGE('',*,*,#1988,.T.);
#2055 = ADVANCED_FACE('',(#2056),#1599,.T.);
#2056 = FACE_BOUND('',#2057,.T.);
#2057 = EDGE_LOOP('',(#2058,#2059,#2060,#2061));
#2058 = ORIENTED_EDGE('',*,*,#1860,.F.);
#2059 = ORIENTED_EDGE('',*,*,#1705,.T.);
#2060 = ORIENTED_EDGE('',*,*,#1916,.T.);
#2061 = ORIENTED_EDGE('',*,*,#1584,.F.);
#2062 = ADVANCED_FACE('',(#2063),#1531,.F.);
#2063 = FACE_BOUND('',#2064,.F.);
#2064 = EDGE_LOOP('',(#2065,#2066,#2067,#2068));
#2065 = ORIENTED_EDGE('',*,*,#1516,.F.);
#2066 = ORIENTED_EDGE('',*,*,#1634,.T.);
#2067 = ORIENTED_EDGE('',*,*,#1814,.T.);
#2068 = ORIENTED_EDGE('',*,*,#2069,.T.);
#2069 = EDGE_CURVE('',#1794,#1491,#2070,.T.);
#2070 = SURFACE_CURVE('',#2071,(#2076,#2083),.PCURVE_S1.);
#2071 = CIRCLE('',#2072,86.);
#2072 = AXIS2_PLACEMENT_3D('',#2073,#2074,#2075);
#2073 = CARTESIAN_POINT('',(-275.,-180.,70.));
#2074 = DIRECTION('',(0.,0.,1.));
#2075 = DIRECTION('',(1.,0.,-0.));
#2076 = PCURVE('',#1531,#2077);
#2077 = DEFINITIONAL_REPRESENTATION('',(#2078),#2082);
#2078 = CIRCLE('',#2079,86.);
#2079 = AXIS2_PLACEMENT_2D('',#2080,#2081);
#2080 = CARTESIAN_POINT('',(0.,0.));
#2081 = DIRECTION('',(1.,0.));
#2082 = ( GEOMETRIC_REPRESENTATION_CONTEXT(2) 
PARAMETRIC_REPRESENTATION_CONTEXT() REPRESENTATION_CONTEXT('2D SPACE',''
  ) );
#2083 = PCURVE('',#1505,#2084);
#2084 = DEFINITIONAL_REPRESENTATION('',(#2085),#2089);
#2085 = LINE('',#2086,#2087);
#2086 = CARTESIAN_POINT('',(0.,9.));
#2087 = VECTOR('',#2088,1.);
#2088 = DIRECTION('',(1.,0.));
#2089 = ( GEOMETRIC_REPRESENTATION_CONTEXT(2) 
PARAMETRIC_REPRESENTATION_CONTEXT() REPRESENTATION_CONTEXT('2D SPACE',''
  ) );
#2090 = ADVANCED_FACE('',(#2091),#1505,.F.);
#2091 = FACE_BOUND('',#2092,.F.);
#2092 = EDGE_LOOP('',(#2093,#2094,#2095,#2096));
#2093 = ORIENTED_EDGE('',*,*,#1490,.T.);
#2094 = ORIENTED_EDGE('',*,*,#2069,.F.);
#2095 = ORIENTED_EDGE('',*,*,#1793,.F.);
#2096 = ORIENTED_EDGE('',*,*,#2097,.T.);
#2097 = EDGE_CURVE('',#1771,#1465,#2098,.T.);
#2098 = SURFACE_CURVE('',#2099,(#2104,#2111),.PCURVE_S1.);
#2099 = CIRCLE('',#2100,86.);
#2100 = AXIS2_PLACEMENT_3D('',#2101,#2102,#2103);
#2101 = CARTESIAN_POINT('',(-275.,-180.,62.));
#2102 = DIRECTION('',(0.,0.,1.));
#2103 = DIRECTION('',(1.,0.,-0.));
#2104 = PCURVE('',#1505,#2105);
#2105 = DEFINITIONAL_REPRESENTATION('',(#2106),#2110);
#2106 = LINE('',#2107,#2108);
#2107 = CARTESIAN_POINT('',(0.,1.));
#2108 = VECTOR('',#2109,1.);
#2109 = DIRECTION('',(1.,0.));
#2110 = ( GEOMETRIC_REPRESENTATION_CONTEXT(2) 
PARAMETRIC_REPRESENTATION_CONTEXT() REPRESENTATION_CONTEXT('2D SPACE',''
  ) );
#2111 = PCURVE('',#1479,#2112);
#2112 = DEFINITIONAL_REPRESENTATION('',(#2113),#2117);
#2113 = CIRCLE('',#2114,86.);
#2114 = AXIS2_PLACEMENT_2D('',#2115,#2116);
#2115 = CARTESIAN_POINT('',(-275.,-180.));
#2116 = DIRECTION('',(1.,0.));
#2117 = ( GEOMETRIC_REPRESENTATION_CONTEXT(2) 
PARAMETRIC_REPRESENTATION_CONTEXT() REPRESENTATION_CONTEXT('2D SPACE',''
  ) );
#2118 = ADVANCED_FACE('',(#2119),#1479,.F.);
#2119 = FACE_BOUND('',#2120,.F.);
#2120 = EDGE_LOOP('',(#2121,#2122,#2123,#2124,#2125,#2126));
#2121 = ORIENTED_EDGE('',*,*,#1963,.T.);
#2122 = ORIENTED_EDGE('',*,*,#1464,.T.);
#2123 = ORIENTED_EDGE('',*,*,#2097,.F.);
#2124 = ORIENTED_EDGE('',*,*,#1770,.T.);
#2125 = ORIENTED_EDGE('',*,*,#2032,.T.);
#2126 = ORIENTED_EDGE('',*,*,#2009,.T.);
#2127 = ( GEOMETRIC_REPRESENTATION_CONTEXT(3) 
GLOBAL_UNCERTAINTY_ASSIGNED_CONTEXT((#2131)) 
GLOBAL_UNIT_ASSIGNED_CONTEXT((#2128,#2129,#2130)) REPRESENTATION_CONTEXT
('Context #1','3D Context with UNIT and UNCERTAINTY') );
#2128 = ( LENGTH_UNIT() NAMED_UNIT(*) SI_UNIT(.MILLI.,.METRE.) );
#2129 = ( NAMED_UNIT(*) PLANE_ANGLE_UNIT() SI_UNIT($,.RADIAN.) );
#2130 = ( NAMED_UNIT(*) SI_UNIT($,.STERADIAN.) SOLID_ANGLE_UNIT() );
#2131 = UNCERTAINTY_MEASURE_WITH_UNIT(LENGTH_MEASURE(2.E-07),#2128,
  'distance_accuracy_value','confusion accuracy');
#2132 = CONTEXT_DEPENDENT_SHAPE_REPRESENTATION(#2133,#2135);
#2133 = ( REPRESENTATION_RELATIONSHIP('','',#36,#10) 
REPRESENTATION_RELATIONSHIP_WITH_TRANSFORMATION(#2134) 
SHAPE_REPRESENTATION_RELATIONSHIP() );
#2134 = ITEM_DEFINED_TRANSFORMATION('','',#11,#15);
#2135 = PRODUCT_DEFINITION_SHAPE('Placement','Placement of an item',
  #2136);
#2136 = NEXT_ASSEMBLY_USAGE_OCCURRENCE('21','','',#5,#31,$);
#2137 = PRODUCT_RELATED_PRODUCT_CATEGORY('part',$,(#33));
#2138 = SHAPE_DEFINITION_REPRESENTATION(#2139,#2145);
#2139 = PRODUCT_DEFINITION_SHAPE('','',#2140);
#2140 = PRODUCT_DEFINITION('design','',#2141,#2144);
#2141 = PRODUCT_DEFINITION_FORMATION('','',#2142);
#2142 = PRODUCT('Open CASCADE STEP translator 7.9 149.2',
  'Open CASCADE STEP translator 7.9 149.2','',(#2143));
#2143 = PRODUCT_CONTEXT('',#2,'mechanical');
#2144 = PRODUCT_DEFINITION_CONTEXT('part definition',#2,'design');
#2145 = ADVANCED_BREP_SHAPE_REPRESENTATION('',(#11,#2146),#4056);
#2146 = MANIFOLD_SOLID_BREP('',#2147);
#2147 = CLOSED_SHELL('',(#2148,#2478,#2550,#2597,#2949,#3048,#3093,#3138
    ,#3185,#3274,#3571,#3618,#3663,#3688,#3722,#3749,#3776,#3803,#3850,
    #3877,#3904,#3911,#3958,#3985,#4012,#4019,#4049));
#2148 = ADVANCED_FACE('',(#2149),#2163,.T.);
#2149 = FACE_BOUND('',#2150,.T.);
#2150 = EDGE_LOOP('',(#2151,#2186,#2212,#2238,#2264,#2290,#2316,#2342,
    #2368,#2396,#2424,#2452));
#2151 = ORIENTED_EDGE('',*,*,#2152,.T.);
#2152 = EDGE_CURVE('',#2153,#2155,#2157,.T.);
#2153 = VERTEX_POINT('',#2154);
#2154 = CARTESIAN_POINT('',(-295.,-280.,337.));
#2155 = VERTEX_POINT('',#2156);
#2156 = CARTESIAN_POINT('',(-260.,-280.,337.));
#2157 = SURFACE_CURVE('',#2158,(#2162,#2174),.PCURVE_S1.);
#2158 = LINE('',#2159,#2160);
#2159 = CARTESIAN_POINT('',(-295.,-280.,337.));
#2160 = VECTOR('',#2161,1.);
#2161 = DIRECTION('',(1.,0.,0.));
#2162 = PCURVE('',#2163,#2168);
#2163 = PLANE('',#2164);
#2164 = AXIS2_PLACEMENT_3D('',#2165,#2166,#2167);
#2165 = CARTESIAN_POINT('',(1.776500577423E-14,0.,337.));
#2166 = DIRECTION('',(0.,0.,1.));
#2167 = DIRECTION('',(1.,0.,-0.));
#2168 = DEFINITIONAL_REPRESENTATION('',(#2169),#2173);
#2169 = LINE('',#2170,#2171);
#2170 = CARTESIAN_POINT('',(-295.,-280.));
#2171 = VECTOR('',#2172,1.);
#2172 = DIRECTION('',(1.,0.));
#2173 = ( GEOMETRIC_REPRESENTATION_CONTEXT(2) 
PARAMETRIC_REPRESENTATION_CONTEXT() REPRESENTATION_CONTEXT('2D SPACE',''
  ) );
#2174 = PCURVE('',#2175,#2180);
#2175 = PLANE('',#2176);
#2176 = AXIS2_PLACEMENT_3D('',#2177,#2178,#2179);
#2177 = CARTESIAN_POINT('',(-295.,-280.,62.));
#2178 = DIRECTION('',(0.,1.,0.));
#2179 = DIRECTION('',(1.,0.,0.));
#2180 = DEFINITIONAL_REPRESENTATION('',(#2181),#2185);
#2181 = LINE('',#2182,#2183);
#2182 = CARTESIAN_POINT('',(0.,-275.));
#2183 = VECTOR('',#2184,1.);
#2184 = DIRECTION('',(1.,0.));
#2185 = ( GEOMETRIC_REPRESENTATION_CONTEXT(2) 
PARAMETRIC_REPRESENTATION_CONTEXT() REPRESENTATION_CONTEXT('2D SPACE',''
  ) );
#2186 = ORIENTED_EDGE('',*,*,#2187,.T.);
#2187 = EDGE_CURVE('',#2155,#2188,#2190,.T.);
#2188 = VERTEX_POINT('',#2189);
#2189 = CARTESIAN_POINT('',(-260.,-278.,337.));
#2190 = SURFACE_CURVE('',#2191,(#2195,#2201),.PCURVE_S1.);
#2191 = LINE('',#2192,#2193);
#2192 = CARTESIAN_POINT('',(-260.,-200.,337.));
#2193 = VECTOR('',#2194,1.);
#2194 = DIRECTION('',(-0.,1.,0.));
#2195 = PCURVE('',#2163,#2196);
#2196 = DEFINITIONAL_REPRESENTATION('',(#2197),#2200);
#2197 = B_SPLINE_CURVE_WITH_KNOTS('',1,(#2198,#2199),.UNSPECIFIED.,.F.,
  .F.,(2,2),(-80.,480.),.PIECEWISE_BEZIER_KNOTS.);
#2198 = CARTESIAN_POINT('',(-260.,-280.));
#2199 = CARTESIAN_POINT('',(-260.,280.));
#2200 = ( GEOMETRIC_REPRESENTATION_CONTEXT(2) 
PARAMETRIC_REPRESENTATION_CONTEXT() REPRESENTATION_CONTEXT('2D SPACE',''
  ) );
#2201 = PCURVE('',#2202,#2207);
#2202 = PLANE('',#2203);
#2203 = AXIS2_PLACEMENT_3D('',#2204,#2205,#2206);
#2204 = CARTESIAN_POINT('',(-260.,-400.,0.));
#2205 = DIRECTION('',(1.,0.,-0.));
#2206 = DIRECTION('',(0.,0.,1.));
#2207 = DEFINITIONAL_REPRESENTATION('',(#2208),#2211);
#2208 = B_SPLINE_CURVE_WITH_KNOTS('',1,(#2209,#2210),.UNSPECIFIED.,.F.,
  .F.,(2,2),(-80.,480.),.PIECEWISE_BEZIER_KNOTS.);
#2209 = CARTESIAN_POINT('',(337.,-120.));
#2210 = CARTESIAN_POINT('',(337.,-680.));
#2211 = ( GEOMETRIC_REPRESENTATION_CONTEXT(2) 
PARAMETRIC_REPRESENTATION_CONTEXT() REPRESENTATION_CONTEXT('2D SPACE',''
  ) );
#2212 = ORIENTED_EDGE('',*,*,#2213,.T.);
#2213 = EDGE_CURVE('',#2188,#2214,#2216,.T.);
#2214 = VERTEX_POINT('',#2215);
#2215 = CARTESIAN_POINT('',(-293.8284271247,-278.,337.));
#2216 = SURFACE_CURVE('',#2217,(#2221,#2227),.PCURVE_S1.);
#2217 = LINE('',#2218,#2219);
#2218 = CARTESIAN_POINT('',(-146.9142135623,-278.,337.));
#2219 = VECTOR('',#2220,1.);
#2220 = DIRECTION('',(-1.,0.,0.));
#2221 = PCURVE('',#2163,#2222);
#2222 = DEFINITIONAL_REPRESENTATION('',(#2223),#2226);
#2223 = B_SPLINE_CURVE_WITH_KNOTS('',1,(#2224,#2225),.UNSPECIFIED.,.F.,
  .F.,(2,2),(-440.7426406871,146.91421356237),.PIECEWISE_BEZIER_KNOTS.);
#2224 = CARTESIAN_POINT('',(293.82842712474,-278.));
#2225 = CARTESIAN_POINT('',(-293.8284271247,-278.));
#2226 = ( GEOMETRIC_REPRESENTATION_CONTEXT(2) 
PARAMETRIC_REPRESENTATION_CONTEXT() REPRESENTATION_CONTEXT('2D SPACE',''
  ) );
#2227 = PCURVE('',#2228,#2233);
#2228 = PLANE('',#2229);
#2229 = AXIS2_PLACEMENT_3D('',#2230,#2231,#2232);
#2230 = CARTESIAN_POINT('',(-293.8284271247,-278.,61.));
#2231 = DIRECTION('',(0.,1.,0.));
#2232 = DIRECTION('',(1.,0.,0.));
#2233 = DEFINITIONAL_REPRESENTATION('',(#2234),#2237);
#2234 = B_SPLINE_CURVE_WITH_KNOTS('',1,(#2235,#2236),.UNSPECIFIED.,.F.,
  .F.,(2,2),(-440.7426406871,146.91421356237),.PIECEWISE_BEZIER_KNOTS.);
#2235 = CARTESIAN_POINT('',(587.65685424949,-276.));
#2236 = CARTESIAN_POINT('',(0.,-276.));
#2237 = ( GEOMETRIC_REPRESENTATION_CONTEXT(2) 
PARAMETRIC_REPRESENTATION_CONTEXT() REPRESENTATION_CONTEXT('2D SPACE',''
  ) );
#2238 = ORIENTED_EDGE('',*,*,#2239,.T.);
#2239 = EDGE_CURVE('',#2214,#2240,#2242,.T.);
#2240 = VERTEX_POINT('',#2241);
#2241 = CARTESIAN_POINT('',(-388.,-183.8284271247,337.));
#2242 = SURFACE_CURVE('',#2243,(#2247,#2253),.PCURVE_S1.);
#2243 = LINE('',#2244,#2245);
#2244 = CARTESIAN_POINT('',(-336.9571067811,-234.8713203435,337.));
#2245 = VECTOR('',#2246,1.);
#2246 = DIRECTION('',(-0.707106781187,0.707106781187,0.));
#2247 = PCURVE('',#2163,#2248);
#2248 = DEFINITIONAL_REPRESENTATION('',(#2249),#2252);
#2249 = B_SPLINE_CURVE_WITH_KNOTS('',1,(#2250,#2251),.UNSPECIFIED.,.F.,
  .F.,(2,2),(-60.99316369738,72.185551852808),.PIECEWISE_BEZIER_KNOTS.);
#2250 = CARTESIAN_POINT('',(-293.8284271247,-278.));
#2251 = CARTESIAN_POINT('',(-388.,-183.8284271247));
#2252 = ( GEOMETRIC_REPRESENTATION_CONTEXT(2) 
PARAMETRIC_REPRESENTATION_CONTEXT() REPRESENTATION_CONTEXT('2D SPACE',''
  ) );
#2253 = PCURVE('',#2254,#2259);
#2254 = PLANE('',#2255);
#2255 = AXIS2_PLACEMENT_3D('',#2256,#2257,#2258);
#2256 = CARTESIAN_POINT('',(-388.,-183.8284271247,61.));
#2257 = DIRECTION('',(0.707106781187,0.707106781187,-0.));
#2258 = DIRECTION('',(0.707106781187,-0.707106781187,0.));
#2259 = DEFINITIONAL_REPRESENTATION('',(#2260),#2263);
#2260 = B_SPLINE_CURVE_WITH_KNOTS('',1,(#2261,#2262),.UNSPECIFIED.,.F.,
  .F.,(2,2),(-60.99316369738,72.185551852808),.PIECEWISE_BEZIER_KNOTS.);
#2261 = CARTESIAN_POINT('',(133.17871555019,-276.));
#2262 = CARTESIAN_POINT('',(0.,-276.));
#2263 = ( GEOMETRIC_REPRESENTATION_CONTEXT(2) 
PARAMETRIC_REPRESENTATION_CONTEXT() REPRESENTATION_CONTEXT('2D SPACE',''
  ) );
#2264 = ORIENTED_EDGE('',*,*,#2265,.T.);
#2265 = EDGE_CURVE('',#2240,#2266,#2268,.T.);
#2266 = VERTEX_POINT('',#2267);
#2267 = CARTESIAN_POINT('',(-388.,183.82842712474,337.));
#2268 = SURFACE_CURVE('',#2269,(#2273,#2279),.PCURVE_S1.);
#2269 = LINE('',#2270,#2271);
#2270 = CARTESIAN_POINT('',(-388.,91.914213562373,337.));
#2271 = VECTOR('',#2272,1.);
#2272 = DIRECTION('',(-0.,1.,0.));
#2273 = PCURVE('',#2163,#2274);
#2274 = DEFINITIONAL_REPRESENTATION('',(#2275),#2278);
#2275 = B_SPLINE_CURVE_WITH_KNOTS('',1,(#2276,#2277),.UNSPECIFIED.,.F.,
  .F.,(2,2),(-275.7426406871,91.914213562373),.PIECEWISE_BEZIER_KNOTS.);
#2276 = CARTESIAN_POINT('',(-388.,-183.8284271247));
#2277 = CARTESIAN_POINT('',(-388.,183.82842712474));
#2278 = ( GEOMETRIC_REPRESENTATION_CONTEXT(2) 
PARAMETRIC_REPRESENTATION_CONTEXT() REPRESENTATION_CONTEXT('2D SPACE',''
  ) );
#2279 = PCURVE('',#2280,#2285);
#2280 = PLANE('',#2281);
#2281 = AXIS2_PLACEMENT_3D('',#2282,#2283,#2284);
#2282 = CARTESIAN_POINT('',(-388.,183.82842712474,61.));
#2283 = DIRECTION('',(1.,0.,-0.));
#2284 = DIRECTION('',(0.,-1.,0.));
#2285 = DEFINITIONAL_REPRESENTATION('',(#2286),#2289);
#2286 = B_SPLINE_CURVE_WITH_KNOTS('',1,(#2287,#2288),.UNSPECIFIED.,.F.,
  .F.,(2,2),(-275.7426406871,91.914213562373),.PIECEWISE_BEZIER_KNOTS.);
#2287 = CARTESIAN_POINT('',(367.65685424949,-276.));
#2288 = CARTESIAN_POINT('',(0.,-276.));
#2289 = ( GEOMETRIC_REPRESENTATION_CONTEXT(2) 
PARAMETRIC_REPRESENTATION_CONTEXT() REPRESENTATION_CONTEXT('2D SPACE',''
  ) );
#2290 = ORIENTED_EDGE('',*,*,#2291,.T.);
#2291 = EDGE_CURVE('',#2266,#2292,#2294,.T.);
#2292 = VERTEX_POINT('',#2293);
#2293 = CARTESIAN_POINT('',(-293.8284271247,278.,337.));
#2294 = SURFACE_CURVE('',#2295,(#2299,#2305),.PCURVE_S1.);
#2295 = LINE('',#2296,#2297);
#2296 = CARTESIAN_POINT('',(-289.8713203435,281.95710678118,337.));
#2297 = VECTOR('',#2298,1.);
#2298 = DIRECTION('',(0.707106781187,0.707106781187,-0.));
#2299 = PCURVE('',#2163,#2300);
#2300 = DEFINITIONAL_REPRESENTATION('',(#2301),#2304);
#2301 = B_SPLINE_CURVE_WITH_KNOTS('',1,(#2302,#2303),.UNSPECIFIED.,.F.,
  .F.,(2,2),(-138.7749096279,-5.596194077713),.PIECEWISE_BEZIER_KNOTS.);
#2302 = CARTESIAN_POINT('',(-388.,183.82842712474));
#2303 = CARTESIAN_POINT('',(-293.8284271247,278.));
#2304 = ( GEOMETRIC_REPRESENTATION_CONTEXT(2) 
PARAMETRIC_REPRESENTATION_CONTEXT() REPRESENTATION_CONTEXT('2D SPACE',''
  ) );
#2305 = PCURVE('',#2306,#2311);
#2306 = PLANE('',#2307);
#2307 = AXIS2_PLACEMENT_3D('',#2308,#2309,#2310);
#2308 = CARTESIAN_POINT('',(-293.8284271247,278.,61.));
#2309 = DIRECTION('',(0.707106781187,-0.707106781187,0.));
#2310 = DIRECTION('',(-0.707106781187,-0.707106781187,0.));
#2311 = DEFINITIONAL_REPRESENTATION('',(#2312),#2315);
#2312 = B_SPLINE_CURVE_WITH_KNOTS('',1,(#2313,#2314),.UNSPECIFIED.,.F.,
  .F.,(2,2),(-138.7749096279,-5.596194077713),.PIECEWISE_BEZIER_KNOTS.);
#2313 = CARTESIAN_POINT('',(133.17871555019,-276.));
#2314 = CARTESIAN_POINT('',(0.,-276.));
#2315 = ( GEOMETRIC_REPRESENTATION_CONTEXT(2) 
PARAMETRIC_REPRESENTATION_CONTEXT() REPRESENTATION_CONTEXT('2D SPACE',''
  ) );
#2316 = ORIENTED_EDGE('',*,*,#2317,.T.);
#2317 = EDGE_CURVE('',#2292,#2318,#2320,.T.);
#2318 = VERTEX_POINT('',#2319);
#2319 = CARTESIAN_POINT('',(-260.,278.,337.));
#2320 = SURFACE_CURVE('',#2321,(#2325,#2331),.PCURVE_S1.);
#2321 = LINE('',#2322,#2323);
#2322 = CARTESIAN_POINT('',(146.91421356237,278.,337.));
#2323 = VECTOR('',#2324,1.);
#2324 = DIRECTION('',(1.,0.,-0.));
#2325 = PCURVE('',#2163,#2326);
#2326 = DEFINITIONAL_REPRESENTATION('',(#2327),#2330);
#2327 = B_SPLINE_CURVE_WITH_KNOTS('',1,(#2328,#2329),.UNSPECIFIED.,.F.,
  .F.,(2,2),(-440.7426406871,146.91421356237),.PIECEWISE_BEZIER_KNOTS.);
#2328 = CARTESIAN_POINT('',(-293.8284271247,278.));
#2329 = CARTESIAN_POINT('',(293.82842712474,278.));
#2330 = ( GEOMETRIC_REPRESENTATION_CONTEXT(2) 
PARAMETRIC_REPRESENTATION_CONTEXT() REPRESENTATION_CONTEXT('2D SPACE',''
  ) );
#2331 = PCURVE('',#2332,#2337);
#2332 = PLANE('',#2333);
#2333 = AXIS2_PLACEMENT_3D('',#2334,#2335,#2336);
#2334 = CARTESIAN_POINT('',(293.82842712474,278.,61.));
#2335 = DIRECTION('',(0.,-1.,0.));
#2336 = DIRECTION('',(-1.,0.,0.));
#2337 = DEFINITIONAL_REPRESENTATION('',(#2338),#2341);
#2338 = B_SPLINE_CURVE_WITH_KNOTS('',1,(#2339,#2340),.UNSPECIFIED.,.F.,
  .F.,(2,2),(-440.7426406871,146.91421356237),.PIECEWISE_BEZIER_KNOTS.);
#2339 = CARTESIAN_POINT('',(587.65685424949,-276.));
#2340 = CARTESIAN_POINT('',(0.,-276.));
#2341 = ( GEOMETRIC_REPRESENTATION_CONTEXT(2) 
PARAMETRIC_REPRESENTATION_CONTEXT() REPRESENTATION_CONTEXT('2D SPACE',''
  ) );
#2342 = ORIENTED_EDGE('',*,*,#2343,.T.);
#2343 = EDGE_CURVE('',#2318,#2344,#2346,.T.);
#2344 = VERTEX_POINT('',#2345);
#2345 = CARTESIAN_POINT('',(-260.,280.,337.));
#2346 = SURFACE_CURVE('',#2347,(#2351,#2357),.PCURVE_S1.);
#2347 = LINE('',#2348,#2349);
#2348 = CARTESIAN_POINT('',(-260.,-200.,337.));
#2349 = VECTOR('',#2350,1.);
#2350 = DIRECTION('',(-0.,1.,0.));
#2351 = PCURVE('',#2163,#2352);
#2352 = DEFINITIONAL_REPRESENTATION('',(#2353),#2356);
#2353 = B_SPLINE_CURVE_WITH_KNOTS('',1,(#2354,#2355),.UNSPECIFIED.,.F.,
  .F.,(2,2),(-80.,480.),.PIECEWISE_BEZIER_KNOTS.);
#2354 = CARTESIAN_POINT('',(-260.,-280.));
#2355 = CARTESIAN_POINT('',(-260.,280.));
#2356 = ( GEOMETRIC_REPRESENTATION_CONTEXT(2) 
PARAMETRIC_REPRESENTATION_CONTEXT() REPRESENTATION_CONTEXT('2D SPACE',''
  ) );
#2357 = PCURVE('',#2358,#2363);
#2358 = PLANE('',#2359);
#2359 = AXIS2_PLACEMENT_3D('',#2360,#2361,#2362);
#2360 = CARTESIAN_POINT('',(-260.,-400.,0.));
#2361 = DIRECTION('',(1.,0.,-0.));
#2362 = DIRECTION('',(0.,0.,1.));
#2363 = DEFINITIONAL_REPRESENTATION('',(#2364),#2367);
#2364 = B_SPLINE_CURVE_WITH_KNOTS('',1,(#2365,#2366),.UNSPECIFIED.,.F.,
  .F.,(2,2),(-80.,480.),.PIECEWISE_BEZIER_KNOTS.);
#2365 = CARTESIAN_POINT('',(337.,-120.));
#2366 = CARTESIAN_POINT('',(337.,-680.));
#2367 = ( GEOMETRIC_REPRESENTATION_CONTEXT(2) 
PARAMETRIC_REPRESENTATION_CONTEXT() REPRESENTATION_CONTEXT('2D SPACE',''
  ) );
#2368 = ORIENTED_EDGE('',*,*,#2369,.T.);
#2369 = EDGE_CURVE('',#2344,#2370,#2372,.T.);
#2370 = VERTEX_POINT('',#2371);
#2371 = CARTESIAN_POINT('',(-295.,280.,337.));
#2372 = SURFACE_CURVE('',#2373,(#2377,#2384),.PCURVE_S1.);
#2373 = LINE('',#2374,#2375);
#2374 = CARTESIAN_POINT('',(295.,280.,337.));
#2375 = VECTOR('',#2376,1.);
#2376 = DIRECTION('',(-1.,0.,0.));
#2377 = PCURVE('',#2163,#2378);
#2378 = DEFINITIONAL_REPRESENTATION('',(#2379),#2383);
#2379 = LINE('',#2380,#2381);
#2380 = CARTESIAN_POINT('',(295.,280.));
#2381 = VECTOR('',#2382,1.);
#2382 = DIRECTION('',(-1.,0.));
#2383 = ( GEOMETRIC_REPRESENTATION_CONTEXT(2) 
PARAMETRIC_REPRESENTATION_CONTEXT() REPRESENTATION_CONTEXT('2D SPACE',''
  ) );
#2384 = PCURVE('',#2385,#2390);
#2385 = PLANE('',#2386);
#2386 = AXIS2_PLACEMENT_3D('',#2387,#2388,#2389);
#2387 = CARTESIAN_POINT('',(295.,280.,62.));
#2388 = DIRECTION('',(0.,-1.,0.));
#2389 = DIRECTION('',(-1.,0.,0.));
#2390 = DEFINITIONAL_REPRESENTATION('',(#2391),#2395);
#2391 = LINE('',#2392,#2393);
#2392 = CARTESIAN_POINT('',(0.,-275.));
#2393 = VECTOR('',#2394,1.);
#2394 = DIRECTION('',(1.,0.));
#2395 = ( GEOMETRIC_REPRESENTATION_CONTEXT(2) 
PARAMETRIC_REPRESENTATION_CONTEXT() REPRESENTATION_CONTEXT('2D SPACE',''
  ) );
#2396 = ORIENTED_EDGE('',*,*,#2397,.T.);
#2397 = EDGE_CURVE('',#2370,#2398,#2400,.T.);
#2398 = VERTEX_POINT('',#2399);
#2399 = CARTESIAN_POINT('',(-390.,185.,337.));
#2400 = SURFACE_CURVE('',#2401,(#2405,#2412),.PCURVE_S1.);
#2401 = LINE('',#2402,#2403);
#2402 = CARTESIAN_POINT('',(-295.,280.,337.));
#2403 = VECTOR('',#2404,1.);
#2404 = DIRECTION('',(-0.707106781187,-0.707106781187,0.));
#2405 = PCURVE('',#2163,#2406);
#2406 = DEFINITIONAL_REPRESENTATION('',(#2407),#2411);
#2407 = LINE('',#2408,#2409);
#2408 = CARTESIAN_POINT('',(-295.,280.));
#2409 = VECTOR('',#2410,1.);
#2410 = DIRECTION('',(-0.707106781187,-0.707106781187));
#2411 = ( GEOMETRIC_REPRESENTATION_CONTEXT(2) 
PARAMETRIC_REPRESENTATION_CONTEXT() REPRESENTATION_CONTEXT('2D SPACE',''
  ) );
#2412 = PCURVE('',#2413,#2418);
#2413 = PLANE('',#2414);
#2414 = AXIS2_PLACEMENT_3D('',#2415,#2416,#2417);
#2415 = CARTESIAN_POINT('',(-295.,280.,62.));
#2416 = DIRECTION('',(0.707106781187,-0.707106781187,0.));
#2417 = DIRECTION('',(-0.707106781187,-0.707106781187,0.));
#2418 = DEFINITIONAL_REPRESENTATION('',(#2419),#2423);
#2419 = LINE('',#2420,#2421);
#2420 = CARTESIAN_POINT('',(0.,-275.));
#2421 = VECTOR('',#2422,1.);
#2422 = DIRECTION('',(1.,0.));
#2423 = ( GEOMETRIC_REPRESENTATION_CONTEXT(2) 
PARAMETRIC_REPRESENTATION_CONTEXT() REPRESENTATION_CONTEXT('2D SPACE',''
  ) );
#2424 = ORIENTED_EDGE('',*,*,#2425,.T.);
#2425 = EDGE_CURVE('',#2398,#2426,#2428,.T.);
#2426 = VERTEX_POINT('',#2427);
#2427 = CARTESIAN_POINT('',(-390.,-185.,337.));
#2428 = SURFACE_CURVE('',#2429,(#2433,#2440),.PCURVE_S1.);
#2429 = LINE('',#2430,#2431);
#2430 = CARTESIAN_POINT('',(-390.,185.,337.));
#2431 = VECTOR('',#2432,1.);
#2432 = DIRECTION('',(0.,-1.,0.));
#2433 = PCURVE('',#2163,#2434);
#2434 = DEFINITIONAL_REPRESENTATION('',(#2435),#2439);
#2435 = LINE('',#2436,#2437);
#2436 = CARTESIAN_POINT('',(-390.,185.));
#2437 = VECTOR('',#2438,1.);
#2438 = DIRECTION('',(0.,-1.));
#2439 = ( GEOMETRIC_REPRESENTATION_CONTEXT(2) 
PARAMETRIC_REPRESENTATION_CONTEXT() REPRESENTATION_CONTEXT('2D SPACE',''
  ) );
#2440 = PCURVE('',#2441,#2446);
#2441 = PLANE('',#2442);
#2442 = AXIS2_PLACEMENT_3D('',#2443,#2444,#2445);
#2443 = CARTESIAN_POINT('',(-390.,185.,62.));
#2444 = DIRECTION('',(1.,0.,-0.));
#2445 = DIRECTION('',(0.,-1.,0.));
#2446 = DEFINITIONAL_REPRESENTATION('',(#2447),#2451);
#2447 = LINE('',#2448,#2449);
#2448 = CARTESIAN_POINT('',(0.,-275.));
#2449 = VECTOR('',#2450,1.);
#2450 = DIRECTION('',(1.,0.));
#2451 = ( GEOMETRIC_REPRESENTATION_CONTEXT(2) 
PARAMETRIC_REPRESENTATION_CONTEXT() REPRESENTATION_CONTEXT('2D SPACE',''
  ) );
#2452 = ORIENTED_EDGE('',*,*,#2453,.T.);
#2453 = EDGE_CURVE('',#2426,#2153,#2454,.T.);
#2454 = SURFACE_CURVE('',#2455,(#2459,#2466),.PCURVE_S1.);
#2455 = LINE('',#2456,#2457);
#2456 = CARTESIAN_POINT('',(-390.,-185.,337.));
#2457 = VECTOR('',#2458,1.);
#2458 = DIRECTION('',(0.707106781187,-0.707106781187,0.));
#2459 = PCURVE('',#2163,#2460);
#2460 = DEFINITIONAL_REPRESENTATION('',(#2461),#2465);
#2461 = LINE('',#2462,#2463);
#2462 = CARTESIAN_POINT('',(-390.,-185.));
#2463 = VECTOR('',#2464,1.);
#2464 = DIRECTION('',(0.707106781187,-0.707106781187));
#2465 = ( GEOMETRIC_REPRESENTATION_CONTEXT(2) 
PARAMETRIC_REPRESENTATION_CONTEXT() REPRESENTATION_CONTEXT('2D SPACE',''
  ) );
#2466 = PCURVE('',#2467,#2472);
#2467 = PLANE('',#2468);
#2468 = AXIS2_PLACEMENT_3D('',#2469,#2470,#2471);
#2469 = CARTESIAN_POINT('',(-390.,-185.,62.));
#2470 = DIRECTION('',(0.707106781187,0.707106781187,-0.));
#2471 = DIRECTION('',(0.707106781187,-0.707106781187,0.));
#2472 = DEFINITIONAL_REPRESENTATION('',(#2473),#2477);
#2473 = LINE('',#2474,#2475);
#2474 = CARTESIAN_POINT('',(0.,-275.));
#2475 = VECTOR('',#2476,1.);
#2476 = DIRECTION('',(1.,0.));
#2477 = ( GEOMETRIC_REPRESENTATION_CONTEXT(2) 
PARAMETRIC_REPRESENTATION_CONTEXT() REPRESENTATION_CONTEXT('2D SPACE',''
  ) );
#2478 = ADVANCED_FACE('',(#2479),#2175,.F.);
#2479 = FACE_BOUND('',#2480,.F.);
#2480 = EDGE_LOOP('',(#2481,#2509,#2530,#2531));
#2481 = ORIENTED_EDGE('',*,*,#2482,.F.);
#2482 = EDGE_CURVE('',#2483,#2485,#2487,.T.);
#2483 = VERTEX_POINT('',#2484);
#2484 = CARTESIAN_POINT('',(-295.,-280.,204.5));
#2485 = VERTEX_POINT('',#2486);
#2486 = CARTESIAN_POINT('',(-260.,-280.,204.5));
#2487 = SURFACE_CURVE('',#2488,(#2492,#2498),.PCURVE_S1.);
#2488 = LINE('',#2489,#2490);
#2489 = CARTESIAN_POINT('',(-397.5,-280.,204.5));
#2490 = VECTOR('',#2491,1.);
#2491 = DIRECTION('',(1.,0.,0.));
#2492 = PCURVE('',#2175,#2493);
#2493 = DEFINITIONAL_REPRESENTATION('',(#2494),#2497);
#2494 = B_SPLINE_CURVE_WITH_KNOTS('',1,(#2495,#2496),.UNSPECIFIED.,.F.,
  .F.,(2,2),(102.5,692.5),.PIECEWISE_BEZIER_KNOTS.);
#2495 = CARTESIAN_POINT('',(0.,-142.5));
#2496 = CARTESIAN_POINT('',(590.,-142.5));
#2497 = ( GEOMETRIC_REPRESENTATION_CONTEXT(2) 
PARAMETRIC_REPRESENTATION_CONTEXT() REPRESENTATION_CONTEXT('2D SPACE',''
  ) );
#2498 = PCURVE('',#2499,#2504);
#2499 = PLANE('',#2500);
#2500 = AXIS2_PLACEMENT_3D('',#2501,#2502,#2503);
#2501 = CARTESIAN_POINT('',(-500.,-400.,204.5));
#2502 = DIRECTION('',(0.,0.,1.));
#2503 = DIRECTION('',(1.,0.,-0.));
#2504 = DEFINITIONAL_REPRESENTATION('',(#2505),#2508);
#2505 = B_SPLINE_CURVE_WITH_KNOTS('',1,(#2506,#2507),.UNSPECIFIED.,.F.,
  .F.,(2,2),(102.5,692.5),.PIECEWISE_BEZIER_KNOTS.);
#2506 = CARTESIAN_POINT('',(205.,120.));
#2507 = CARTESIAN_POINT('',(795.,120.));
#2508 = ( GEOMETRIC_REPRESENTATION_CONTEXT(2) 
PARAMETRIC_REPRESENTATION_CONTEXT() REPRESENTATION_CONTEXT('2D SPACE',''
  ) );
#2509 = ORIENTED_EDGE('',*,*,#2510,.T.);
#2510 = EDGE_CURVE('',#2483,#2153,#2511,.T.);
#2511 = SURFACE_CURVE('',#2512,(#2516,#2523),.PCURVE_S1.);
#2512 = LINE('',#2513,#2514);
#2513 = CARTESIAN_POINT('',(-295.,-280.,62.));
#2514 = VECTOR('',#2515,1.);
#2515 = DIRECTION('',(0.,0.,1.));
#2516 = PCURVE('',#2175,#2517);
#2517 = DEFINITIONAL_REPRESENTATION('',(#2518),#2522);
#2518 = LINE('',#2519,#2520);
#2519 = CARTESIAN_POINT('',(0.,0.));
#2520 = VECTOR('',#2521,1.);
#2521 = DIRECTION('',(0.,-1.));
#2522 = ( GEOMETRIC_REPRESENTATION_CONTEXT(2) 
PARAMETRIC_REPRESENTATION_CONTEXT() REPRESENTATION_CONTEXT('2D SPACE',''
  ) );
#2523 = PCURVE('',#2467,#2524);
#2524 = DEFINITIONAL_REPRESENTATION('',(#2525),#2529);
#2525 = LINE('',#2526,#2527);
#2526 = CARTESIAN_POINT('',(134.35028842544,0.));
#2527 = VECTOR('',#2528,1.);
#2528 = DIRECTION('',(0.,-1.));
#2529 = ( GEOMETRIC_REPRESENTATION_CONTEXT(2) 
PARAMETRIC_REPRESENTATION_CONTEXT() REPRESENTATION_CONTEXT('2D SPACE',''
  ) );
#2530 = ORIENTED_EDGE('',*,*,#2152,.T.);
#2531 = ORIENTED_EDGE('',*,*,#2532,.T.);
#2532 = EDGE_CURVE('',#2155,#2485,#2533,.T.);
#2533 = SURFACE_CURVE('',#2534,(#2538,#2544),.PCURVE_S1.);
#2534 = LINE('',#2535,#2536);
#2535 = CARTESIAN_POINT('',(-260.,-280.,31.));
#2536 = VECTOR('',#2537,1.);
#2537 = DIRECTION('',(-0.,0.,-1.));
#2538 = PCURVE('',#2175,#2539);
#2539 = DEFINITIONAL_REPRESENTATION('',(#2540),#2543);
#2540 = B_SPLINE_CURVE_WITH_KNOTS('',1,(#2541,#2542),.UNSPECIFIED.,.F.,
  .F.,(2,2),(-306.,-173.5),.PIECEWISE_BEZIER_KNOTS.);
#2541 = CARTESIAN_POINT('',(35.,-275.));
#2542 = CARTESIAN_POINT('',(35.,-142.5));
#2543 = ( GEOMETRIC_REPRESENTATION_CONTEXT(2) 
PARAMETRIC_REPRESENTATION_CONTEXT() REPRESENTATION_CONTEXT('2D SPACE',''
  ) );
#2544 = PCURVE('',#2202,#2545);
#2545 = DEFINITIONAL_REPRESENTATION('',(#2546),#2549);
#2546 = B_SPLINE_CURVE_WITH_KNOTS('',1,(#2547,#2548),.UNSPECIFIED.,.F.,
  .F.,(2,2),(-306.,-173.5),.PIECEWISE_BEZIER_KNOTS.);
#2547 = CARTESIAN_POINT('',(337.,-120.));
#2548 = CARTESIAN_POINT('',(204.5,-120.));
#2549 = ( GEOMETRIC_REPRESENTATION_CONTEXT(2) 
PARAMETRIC_REPRESENTATION_CONTEXT() REPRESENTATION_CONTEXT('2D SPACE',''
  ) );
#2550 = ADVANCED_FACE('',(#2551),#2467,.F.);
#2551 = FACE_BOUND('',#2552,.F.);
#2552 = EDGE_LOOP('',(#2553,#2574,#2595,#2596));
#2553 = ORIENTED_EDGE('',*,*,#2554,.F.);
#2554 = EDGE_CURVE('',#2555,#2483,#2557,.T.);
#2555 = VERTEX_POINT('',#2556);
#2556 = CARTESIAN_POINT('',(-390.,-185.,204.5));
#2557 = SURFACE_CURVE('',#2558,(#2562,#2568),.PCURVE_S1.);
#2558 = LINE('',#2559,#2560);
#2559 = CARTESIAN_POINT('',(-363.75,-211.25,204.5));
#2560 = VECTOR('',#2561,1.);
#2561 = DIRECTION('',(0.707106781187,-0.707106781187,0.));
#2562 = PCURVE('',#2467,#2563);
#2563 = DEFINITIONAL_REPRESENTATION('',(#2564),#2567);
#2564 = B_SPLINE_CURVE_WITH_KNOTS('',1,(#2565,#2566),.UNSPECIFIED.,.F.,
  .F.,(2,2),(-37.12310601229,97.22718241315),.PIECEWISE_BEZIER_KNOTS.);
#2565 = CARTESIAN_POINT('',(0.,-142.5));
#2566 = CARTESIAN_POINT('',(134.35028842544,-142.5));
#2567 = ( GEOMETRIC_REPRESENTATION_CONTEXT(2) 
PARAMETRIC_REPRESENTATION_CONTEXT() REPRESENTATION_CONTEXT('2D SPACE',''
  ) );
#2568 = PCURVE('',#2499,#2569);
#2569 = DEFINITIONAL_REPRESENTATION('',(#2570),#2573);
#2570 = B_SPLINE_CURVE_WITH_KNOTS('',1,(#2571,#2572),.UNSPECIFIED.,.F.,
  .F.,(2,2),(-37.12310601229,97.22718241315),.PIECEWISE_BEZIER_KNOTS.);
#2571 = CARTESIAN_POINT('',(110.,215.));
#2572 = CARTESIAN_POINT('',(205.,120.));
#2573 = ( GEOMETRIC_REPRESENTATION_CONTEXT(2) 
PARAMETRIC_REPRESENTATION_CONTEXT() REPRESENTATION_CONTEXT('2D SPACE',''
  ) );
#2574 = ORIENTED_EDGE('',*,*,#2575,.T.);
#2575 = EDGE_CURVE('',#2555,#2426,#2576,.T.);
#2576 = SURFACE_CURVE('',#2577,(#2581,#2588),.PCURVE_S1.);
#2577 = LINE('',#2578,#2579);
#2578 = CARTESIAN_POINT('',(-390.,-185.,62.));
#2579 = VECTOR('',#2580,1.);
#2580 = DIRECTION('',(0.,0.,1.));
#2581 = PCURVE('',#2467,#2582);
#2582 = DEFINITIONAL_REPRESENTATION('',(#2583),#2587);
#2583 = LINE('',#2584,#2585);
#2584 = CARTESIAN_POINT('',(0.,0.));
#2585 = VECTOR('',#2586,1.);
#2586 = DIRECTION('',(0.,-1.));
#2587 = ( GEOMETRIC_REPRESENTATION_CONTEXT(2) 
PARAMETRIC_REPRESENTATION_CONTEXT() REPRESENTATION_CONTEXT('2D SPACE',''
  ) );
#2588 = PCURVE('',#2441,#2589);
#2589 = DEFINITIONAL_REPRESENTATION('',(#2590),#2594);
#2590 = LINE('',#2591,#2592);
#2591 = CARTESIAN_POINT('',(370.,0.));
#2592 = VECTOR('',#2593,1.);
#2593 = DIRECTION('',(0.,-1.));
#2594 = ( GEOMETRIC_REPRESENTATION_CONTEXT(2) 
PARAMETRIC_REPRESENTATION_CONTEXT() REPRESENTATION_CONTEXT('2D SPACE',''
  ) );
#2595 = ORIENTED_EDGE('',*,*,#2453,.T.);
#2596 = ORIENTED_EDGE('',*,*,#2510,.F.);
#2597 = ADVANCED_FACE('',(#2598,#2644,#2675,#2706,#2737,#2843),#2441,.F.
  );
#2598 = FACE_BOUND('',#2599,.F.);
#2599 = EDGE_LOOP('',(#2600,#2621,#2642,#2643));
#2600 = ORIENTED_EDGE('',*,*,#2601,.F.);
#2601 = EDGE_CURVE('',#2602,#2555,#2604,.T.);
#2602 = VERTEX_POINT('',#2603);
#2603 = CARTESIAN_POINT('',(-390.,185.,204.5));
#2604 = SURFACE_CURVE('',#2605,(#2609,#2615),.PCURVE_S1.);
#2605 = LINE('',#2606,#2607);
#2606 = CARTESIAN_POINT('',(-390.,-107.5,204.5));
#2607 = VECTOR('',#2608,1.);
#2608 = DIRECTION('',(0.,-1.,0.));
#2609 = PCURVE('',#2441,#2610);
#2610 = DEFINITIONAL_REPRESENTATION('',(#2611),#2614);
#2611 = B_SPLINE_CURVE_WITH_KNOTS('',1,(#2612,#2613),.UNSPECIFIED.,.F.,
  .F.,(2,2),(-292.5,77.5),.PIECEWISE_BEZIER_KNOTS.);
#2612 = CARTESIAN_POINT('',(0.,-142.5));
#2613 = CARTESIAN_POINT('',(370.,-142.5));
#2614 = ( GEOMETRIC_REPRESENTATION_CONTEXT(2) 
PARAMETRIC_REPRESENTATION_CONTEXT() REPRESENTATION_CONTEXT('2D SPACE',''
  ) );
#2615 = PCURVE('',#2499,#2616);
#2616 = DEFINITIONAL_REPRESENTATION('',(#2617),#2620);
#2617 = B_SPLINE_CURVE_WITH_KNOTS('',1,(#2618,#2619),.UNSPECIFIED.,.F.,
  .F.,(2,2),(-292.5,77.5),.PIECEWISE_BEZIER_KNOTS.);
#2618 = CARTESIAN_POINT('',(110.,585.));
#2619 = CARTESIAN_POINT('',(110.,215.));
#2620 = ( GEOMETRIC_REPRESENTATION_CONTEXT(2) 
PARAMETRIC_REPRESENTATION_CONTEXT() REPRESENTATION_CONTEXT('2D SPACE',''
  ) );
#2621 = ORIENTED_EDGE('',*,*,#2622,.T.);
#2622 = EDGE_CURVE('',#2602,#2398,#2623,.T.);
#2623 = SURFACE_CURVE('',#2624,(#2628,#2635),.PCURVE_S1.);
#2624 = LINE('',#2625,#2626);
#2625 = CARTESIAN_POINT('',(-390.,185.,62.));
#2626 = VECTOR('',#2627,1.);
#2627 = DIRECTION('',(0.,0.,1.));
#2628 = PCURVE('',#2441,#2629);
#2629 = DEFINITIONAL_REPRESENTATION('',(#2630),#2634);
#2630 = LINE('',#2631,#2632);
#2631 = CARTESIAN_POINT('',(0.,0.));
#2632 = VECTOR('',#2633,1.);
#2633 = DIRECTION('',(0.,-1.));
#2634 = ( GEOMETRIC_REPRESENTATION_CONTEXT(2) 
PARAMETRIC_REPRESENTATION_CONTEXT() REPRESENTATION_CONTEXT('2D SPACE',''
  ) );
#2635 = PCURVE('',#2413,#2636);
#2636 = DEFINITIONAL_REPRESENTATION('',(#2637),#2641);
#2637 = LINE('',#2638,#2639);
#2638 = CARTESIAN_POINT('',(134.35028842544,0.));
#2639 = VECTOR('',#2640,1.);
#2640 = DIRECTION('',(0.,-1.));
#2641 = ( GEOMETRIC_REPRESENTATION_CONTEXT(2) 
PARAMETRIC_REPRESENTATION_CONTEXT() REPRESENTATION_CONTEXT('2D SPACE',''
  ) );
#2642 = ORIENTED_EDGE('',*,*,#2425,.T.);
#2643 = ORIENTED_EDGE('',*,*,#2575,.F.);
#2644 = FACE_BOUND('',#2645,.F.);
#2645 = EDGE_LOOP('',(#2646));
#2646 = ORIENTED_EDGE('',*,*,#2647,.F.);
#2647 = EDGE_CURVE('',#2648,#2648,#2650,.T.);
#2648 = VERTEX_POINT('',#2649);
#2649 = CARTESIAN_POINT('',(-390.,50.,334.));
#2650 = SURFACE_CURVE('',#2651,(#2656,#2663),.PCURVE_S1.);
#2651 = CIRCLE('',#2652,16.);
#2652 = AXIS2_PLACEMENT_3D('',#2653,#2654,#2655);
#2653 = CARTESIAN_POINT('',(-390.,50.,318.));
#2654 = DIRECTION('',(1.,0.,0.));
#2655 = DIRECTION('',(-0.,0.,1.));
#2656 = PCURVE('',#2441,#2657);
#2657 = DEFINITIONAL_REPRESENTATION('',(#2658),#2662);
#2658 = CIRCLE('',#2659,16.);
#2659 = AXIS2_PLACEMENT_2D('',#2660,#2661);
#2660 = CARTESIAN_POINT('',(135.,-256.));
#2661 = DIRECTION('',(0.,-1.));
#2662 = ( GEOMETRIC_REPRESENTATION_CONTEXT(2) 
PARAMETRIC_REPRESENTATION_CONTEXT() REPRESENTATION_CONTEXT('2D SPACE',''
  ) );
#2663 = PCURVE('',#2664,#2669);
#2664 = CYLINDRICAL_SURFACE('',#2665,16.);
#2665 = AXIS2_PLACEMENT_3D('',#2666,#2667,#2668);
#2666 = CARTESIAN_POINT('',(-395.,50.,318.));
#2667 = DIRECTION('',(1.,0.,0.));
#2668 = DIRECTION('',(-0.,0.,1.));
#2669 = DEFINITIONAL_REPRESENTATION('',(#2670),#2674);
#2670 = LINE('',#2671,#2672);
#2671 = CARTESIAN_POINT('',(0.,5.));
#2672 = VECTOR('',#2673,1.);
#2673 = DIRECTION('',(1.,0.));
#2674 = ( GEOMETRIC_REPRESENTATION_CONTEXT(2) 
PARAMETRIC_REPRESENTATION_CONTEXT() REPRESENTATION_CONTEXT('2D SPACE',''
  ) );
#2675 = FACE_BOUND('',#2676,.F.);
#2676 = EDGE_LOOP('',(#2677));
#2677 = ORIENTED_EDGE('',*,*,#2678,.F.);
#2678 = EDGE_CURVE('',#2679,#2679,#2681,.T.);
#2679 = VERTEX_POINT('',#2680);
#2680 = CARTESIAN_POINT('',(-390.,3.918869757272E-15,334.));
#2681 = SURFACE_CURVE('',#2682,(#2687,#2694),.PCURVE_S1.);
#2682 = CIRCLE('',#2683,16.);
#2683 = AXIS2_PLACEMENT_3D('',#2684,#2685,#2686);
#2684 = CARTESIAN_POINT('',(-390.,0.,318.));
#2685 = DIRECTION('',(1.,0.,0.));
#2686 = DIRECTION('',(-0.,0.,1.));
#2687 = PCURVE('',#2441,#2688);
#2688 = DEFINITIONAL_REPRESENTATION('',(#2689),#2693);
#2689 = CIRCLE('',#2690,16.);
#2690 = AXIS2_PLACEMENT_2D('',#2691,#2692);
#2691 = CARTESIAN_POINT('',(185.,-256.));
#2692 = DIRECTION('',(0.,-1.));
#2693 = ( GEOMETRIC_REPRESENTATION_CONTEXT(2) 
PARAMETRIC_REPRESENTATION_CONTEXT() REPRESENTATION_CONTEXT('2D SPACE',''
  ) );
#2694 = PCURVE('',#2695,#2700);
#2695 = CYLINDRICAL_SURFACE('',#2696,16.);
#2696 = AXIS2_PLACEMENT_3D('',#2697,#2698,#2699);
#2697 = CARTESIAN_POINT('',(-395.,0.,318.));
#2698 = DIRECTION('',(1.,0.,0.));
#2699 = DIRECTION('',(-0.,0.,1.));
#2700 = DEFINITIONAL_REPRESENTATION('',(#2701),#2705);
#2701 = LINE('',#2702,#2703);
#2702 = CARTESIAN_POINT('',(0.,5.));
#2703 = VECTOR('',#2704,1.);
#2704 = DIRECTION('',(1.,0.));
#2705 = ( GEOMETRIC_REPRESENTATION_CONTEXT(2) 
PARAMETRIC_REPRESENTATION_CONTEXT() REPRESENTATION_CONTEXT('2D SPACE',''
  ) );
#2706 = FACE_BOUND('',#2707,.F.);
#2707 = EDGE_LOOP('',(#2708));
#2708 = ORIENTED_EDGE('',*,*,#2709,.F.);
#2709 = EDGE_CURVE('',#2710,#2710,#2712,.T.);
#2710 = VERTEX_POINT('',#2711);
#2711 = CARTESIAN_POINT('',(-390.,-50.,334.));
#2712 = SURFACE_CURVE('',#2713,(#2718,#2725),.PCURVE_S1.);
#2713 = CIRCLE('',#2714,16.);
#2714 = AXIS2_PLACEMENT_3D('',#2715,#2716,#2717);
#2715 = CARTESIAN_POINT('',(-390.,-50.,318.));
#2716 = DIRECTION('',(1.,0.,0.));
#2717 = DIRECTION('',(-0.,0.,1.));
#2718 = PCURVE('',#2441,#2719);
#2719 = DEFINITIONAL_REPRESENTATION('',(#2720),#2724);
#2720 = CIRCLE('',#2721,16.);
#2721 = AXIS2_PLACEMENT_2D('',#2722,#2723);
#2722 = CARTESIAN_POINT('',(235.,-256.));
#2723 = DIRECTION('',(0.,-1.));
#2724 = ( GEOMETRIC_REPRESENTATION_CONTEXT(2) 
PARAMETRIC_REPRESENTATION_CONTEXT() REPRESENTATION_CONTEXT('2D SPACE',''
  ) );
#2725 = PCURVE('',#2726,#2731);
#2726 = CYLINDRICAL_SURFACE('',#2727,16.);
#2727 = AXIS2_PLACEMENT_3D('',#2728,#2729,#2730);
#2728 = CARTESIAN_POINT('',(-395.,-50.,318.));
#2729 = DIRECTION('',(1.,0.,0.));
#2730 = DIRECTION('',(-0.,0.,1.));
#2731 = DEFINITIONAL_REPRESENTATION('',(#2732),#2736);
#2732 = LINE('',#2733,#2734);
#2733 = CARTESIAN_POINT('',(0.,5.));
#2734 = VECTOR('',#2735,1.);
#2735 = DIRECTION('',(1.,0.));
#2736 = ( GEOMETRIC_REPRESENTATION_CONTEXT(2) 
PARAMETRIC_REPRESENTATION_CONTEXT() REPRESENTATION_CONTEXT('2D SPACE',''
  ) );
#2737 = FACE_BOUND('',#2738,.F.);
#2738 = EDGE_LOOP('',(#2739,#2767,#2793,#2819));
#2739 = ORIENTED_EDGE('',*,*,#2740,.T.);
#2740 = EDGE_CURVE('',#2741,#2743,#2745,.T.);
#2741 = VERTEX_POINT('',#2742);
#2742 = CARTESIAN_POINT('',(-390.,177.,240.));
#2743 = VERTEX_POINT('',#2744);
#2744 = CARTESIAN_POINT('',(-390.,127.,240.));
#2745 = SURFACE_CURVE('',#2746,(#2750,#2756),.PCURVE_S1.);
#2746 = LINE('',#2747,#2748);
#2747 = CARTESIAN_POINT('',(-390.,156.,240.));
#2748 = VECTOR('',#2749,1.);
#2749 = DIRECTION('',(0.,-1.,0.));
#2750 = PCURVE('',#2441,#2751);
#2751 = DEFINITIONAL_REPRESENTATION('',(#2752),#2755);
#2752 = B_SPLINE_CURVE_WITH_KNOTS('',1,(#2753,#2754),.UNSPECIFIED.,.F.,
  .F.,(2,2),(-21.,29.),.PIECEWISE_BEZIER_KNOTS.);
#2753 = CARTESIAN_POINT('',(8.,-178.));
#2754 = CARTESIAN_POINT('',(58.,-178.));
#2755 = ( GEOMETRIC_REPRESENTATION_CONTEXT(2) 
PARAMETRIC_REPRESENTATION_CONTEXT() REPRESENTATION_CONTEXT('2D SPACE',''
  ) );
#2756 = PCURVE('',#2757,#2762);
#2757 = PLANE('',#2758);
#2758 = AXIS2_PLACEMENT_3D('',#2759,#2760,#2761);
#2759 = CARTESIAN_POINT('',(-395.,127.,240.));
#2760 = DIRECTION('',(0.,0.,1.));
#2761 = DIRECTION('',(1.,0.,-0.));
#2762 = DEFINITIONAL_REPRESENTATION('',(#2763),#2766);
#2763 = B_SPLINE_CURVE_WITH_KNOTS('',1,(#2764,#2765),.UNSPECIFIED.,.F.,
  .F.,(2,2),(-21.,29.),.PIECEWISE_BEZIER_KNOTS.);
#2764 = CARTESIAN_POINT('',(5.,50.));
#2765 = CARTESIAN_POINT('',(5.,0.));
#2766 = ( GEOMETRIC_REPRESENTATION_CONTEXT(2) 
PARAMETRIC_REPRESENTATION_CONTEXT() REPRESENTATION_CONTEXT('2D SPACE',''
  ) );
#2767 = ORIENTED_EDGE('',*,*,#2768,.T.);
#2768 = EDGE_CURVE('',#2743,#2769,#2771,.T.);
#2769 = VERTEX_POINT('',#2770);
#2770 = CARTESIAN_POINT('',(-390.,127.,290.));
#2771 = SURFACE_CURVE('',#2772,(#2776,#2782),.PCURVE_S1.);
#2772 = LINE('',#2773,#2774);
#2773 = CARTESIAN_POINT('',(-390.,127.,151.));
#2774 = VECTOR('',#2775,1.);
#2775 = DIRECTION('',(0.,0.,1.));
#2776 = PCURVE('',#2441,#2777);
#2777 = DEFINITIONAL_REPRESENTATION('',(#2778),#2781);
#2778 = B_SPLINE_CURVE_WITH_KNOTS('',1,(#2779,#2780),.UNSPECIFIED.,.F.,
  .F.,(2,2),(89.,139.),.PIECEWISE_BEZIER_KNOTS.);
#2779 = CARTESIAN_POINT('',(58.,-178.));
#2780 = CARTESIAN_POINT('',(58.,-228.));
#2781 = ( GEOMETRIC_REPRESENTATION_CONTEXT(2) 
PARAMETRIC_REPRESENTATION_CONTEXT() REPRESENTATION_CONTEXT('2D SPACE',''
  ) );
#2782 = PCURVE('',#2783,#2788);
#2783 = PLANE('',#2784);
#2784 = AXIS2_PLACEMENT_3D('',#2785,#2786,#2787);
#2785 = CARTESIAN_POINT('',(-395.,127.,240.));
#2786 = DIRECTION('',(-0.,1.,0.));
#2787 = DIRECTION('',(0.,0.,1.));
#2788 = DEFINITIONAL_REPRESENTATION('',(#2789),#2792);
#2789 = B_SPLINE_CURVE_WITH_KNOTS('',1,(#2790,#2791),.UNSPECIFIED.,.F.,
  .F.,(2,2),(89.,139.),.PIECEWISE_BEZIER_KNOTS.);
#2790 = CARTESIAN_POINT('',(0.,5.));
#2791 = CARTESIAN_POINT('',(50.,5.));
#2792 = ( GEOMETRIC_REPRESENTATION_CONTEXT(2) 
PARAMETRIC_REPRESENTATION_CONTEXT() REPRESENTATION_CONTEXT('2D SPACE',''
  ) );
#2793 = ORIENTED_EDGE('',*,*,#2794,.F.);
#2794 = EDGE_CURVE('',#2795,#2769,#2797,.T.);
#2795 = VERTEX_POINT('',#2796);
#2796 = CARTESIAN_POINT('',(-390.,177.,290.));
#2797 = SURFACE_CURVE('',#2798,(#2802,#2808),.PCURVE_S1.);
#2798 = LINE('',#2799,#2800);
#2799 = CARTESIAN_POINT('',(-390.,156.,290.));
#2800 = VECTOR('',#2801,1.);
#2801 = DIRECTION('',(0.,-1.,0.));
#2802 = PCURVE('',#2441,#2803);
#2803 = DEFINITIONAL_REPRESENTATION('',(#2804),#2807);
#2804 = B_SPLINE_CURVE_WITH_KNOTS('',1,(#2805,#2806),.UNSPECIFIED.,.F.,
  .F.,(2,2),(-21.,29.),.PIECEWISE_BEZIER_KNOTS.);
#2805 = CARTESIAN_POINT('',(8.,-228.));
#2806 = CARTESIAN_POINT('',(58.,-228.));
#2807 = ( GEOMETRIC_REPRESENTATION_CONTEXT(2) 
PARAMETRIC_REPRESENTATION_CONTEXT() REPRESENTATION_CONTEXT('2D SPACE',''
  ) );
#2808 = PCURVE('',#2809,#2814);
#2809 = PLANE('',#2810);
#2810 = AXIS2_PLACEMENT_3D('',#2811,#2812,#2813);
#2811 = CARTESIAN_POINT('',(-395.,127.,290.));
#2812 = DIRECTION('',(0.,0.,1.));
#2813 = DIRECTION('',(1.,0.,-0.));
#2814 = DEFINITIONAL_REPRESENTATION('',(#2815),#2818);
#2815 = B_SPLINE_CURVE_WITH_KNOTS('',1,(#2816,#2817),.UNSPECIFIED.,.F.,
  .F.,(2,2),(-21.,29.),.PIECEWISE_BEZIER_KNOTS.);
#2816 = CARTESIAN_POINT('',(5.,50.));
#2817 = CARTESIAN_POINT('',(5.,0.));
#2818 = ( GEOMETRIC_REPRESENTATION_CONTEXT(2) 
PARAMETRIC_REPRESENTATION_CONTEXT() REPRESENTATION_CONTEXT('2D SPACE',''
  ) );
#2819 = ORIENTED_EDGE('',*,*,#2820,.F.);
#2820 = EDGE_CURVE('',#2741,#2795,#2821,.T.);
#2821 = SURFACE_CURVE('',#2822,(#2826,#2832),.PCURVE_S1.);
#2822 = LINE('',#2823,#2824);
#2823 = CARTESIAN_POINT('',(-390.,177.,151.));
#2824 = VECTOR('',#2825,1.);
#2825 = DIRECTION('',(0.,0.,1.));
#2826 = PCURVE('',#2441,#2827);
#2827 = DEFINITIONAL_REPRESENTATION('',(#2828),#2831);
#2828 = B_SPLINE_CURVE_WITH_KNOTS('',1,(#2829,#2830),.UNSPECIFIED.,.F.,
  .F.,(2,2),(89.,139.),.PIECEWISE_BEZIER_KNOTS.);
#2829 = CARTESIAN_POINT('',(8.,-178.));
#2830 = CARTESIAN_POINT('',(8.,-228.));
#2831 = ( GEOMETRIC_REPRESENTATION_CONTEXT(2) 
PARAMETRIC_REPRESENTATION_CONTEXT() REPRESENTATION_CONTEXT('2D SPACE',''
  ) );
#2832 = PCURVE('',#2833,#2838);
#2833 = PLANE('',#2834);
#2834 = AXIS2_PLACEMENT_3D('',#2835,#2836,#2837);
#2835 = CARTESIAN_POINT('',(-395.,177.,240.));
#2836 = DIRECTION('',(-0.,1.,0.));
#2837 = DIRECTION('',(0.,0.,1.));
#2838 = DEFINITIONAL_REPRESENTATION('',(#2839),#2842);
#2839 = B_SPLINE_CURVE_WITH_KNOTS('',1,(#2840,#2841),.UNSPECIFIED.,.F.,
  .F.,(2,2),(89.,139.),.PIECEWISE_BEZIER_KNOTS.);
#2840 = CARTESIAN_POINT('',(0.,5.));
#2841 = CARTESIAN_POINT('',(50.,5.));
#2842 = ( GEOMETRIC_REPRESENTATION_CONTEXT(2) 
PARAMETRIC_REPRESENTATION_CONTEXT() REPRESENTATION_CONTEXT('2D SPACE',''
  ) );
#2843 = FACE_BOUND('',#2844,.F.);
#2844 = EDGE_LOOP('',(#2845,#2873,#2899,#2925));
#2845 = ORIENTED_EDGE('',*,*,#2846,.T.);
#2846 = EDGE_CURVE('',#2847,#2849,#2851,.T.);
#2847 = VERTEX_POINT('',#2848);
#2848 = CARTESIAN_POINT('',(-390.,-127.,240.));
#2849 = VERTEX_POINT('',#2850);
#2850 = CARTESIAN_POINT('',(-390.,-177.,240.));
#2851 = SURFACE_CURVE('',#2852,(#2856,#2862),.PCURVE_S1.);
#2852 = LINE('',#2853,#2854);
#2853 = CARTESIAN_POINT('',(-390.,4.,240.));
#2854 = VECTOR('',#2855,1.);
#2855 = DIRECTION('',(0.,-1.,0.));
#2856 = PCURVE('',#2441,#2857);
#2857 = DEFINITIONAL_REPRESENTATION('',(#2858),#2861);
#2858 = B_SPLINE_CURVE_WITH_KNOTS('',1,(#2859,#2860),.UNSPECIFIED.,.F.,
  .F.,(2,2),(131.,181.),.PIECEWISE_BEZIER_KNOTS.);
#2859 = CARTESIAN_POINT('',(312.,-178.));
#2860 = CARTESIAN_POINT('',(362.,-178.));
#2861 = ( GEOMETRIC_REPRESENTATION_CONTEXT(2) 
PARAMETRIC_REPRESENTATION_CONTEXT() REPRESENTATION_CONTEXT('2D SPACE',''
  ) );
#2862 = PCURVE('',#2863,#2868);
#2863 = PLANE('',#2864);
#2864 = AXIS2_PLACEMENT_3D('',#2865,#2866,#2867);
#2865 = CARTESIAN_POINT('',(-395.,-177.,240.));
#2866 = DIRECTION('',(0.,0.,1.));
#2867 = DIRECTION('',(1.,0.,-0.));
#2868 = DEFINITIONAL_REPRESENTATION('',(#2869),#2872);
#2869 = B_SPLINE_CURVE_WITH_KNOTS('',1,(#2870,#2871),.UNSPECIFIED.,.F.,
  .F.,(2,2),(131.,181.),.PIECEWISE_BEZIER_KNOTS.);
#2870 = CARTESIAN_POINT('',(5.,50.));
#2871 = CARTESIAN_POINT('',(5.,0.));
#2872 = ( GEOMETRIC_REPRESENTATION_CONTEXT(2) 
PARAMETRIC_REPRESENTATION_CONTEXT() REPRESENTATION_CONTEXT('2D SPACE',''
  ) );
#2873 = ORIENTED_EDGE('',*,*,#2874,.T.);
#2874 = EDGE_CURVE('',#2849,#2875,#2877,.T.);
#2875 = VERTEX_POINT('',#2876);
#2876 = CARTESIAN_POINT('',(-390.,-177.,290.));
#2877 = SURFACE_CURVE('',#2878,(#2882,#2888),.PCURVE_S1.);
#2878 = LINE('',#2879,#2880);
#2879 = CARTESIAN_POINT('',(-390.,-177.,151.));
#2880 = VECTOR('',#2881,1.);
#2881 = DIRECTION('',(0.,0.,1.));
#2882 = PCURVE('',#2441,#2883);
#2883 = DEFINITIONAL_REPRESENTATION('',(#2884),#2887);
#2884 = B_SPLINE_CURVE_WITH_KNOTS('',1,(#2885,#2886),.UNSPECIFIED.,.F.,
  .F.,(2,2),(89.,139.),.PIECEWISE_BEZIER_KNOTS.);
#2885 = CARTESIAN_POINT('',(362.,-178.));
#2886 = CARTESIAN_POINT('',(362.,-228.));
#2887 = ( GEOMETRIC_REPRESENTATION_CONTEXT(2) 
PARAMETRIC_REPRESENTATION_CONTEXT() REPRESENTATION_CONTEXT('2D SPACE',''
  ) );
#2888 = PCURVE('',#2889,#2894);
#2889 = PLANE('',#2890);
#2890 = AXIS2_PLACEMENT_3D('',#2891,#2892,#2893);
#2891 = CARTESIAN_POINT('',(-395.,-177.,240.));
#2892 = DIRECTION('',(-0.,1.,0.));
#2893 = DIRECTION('',(0.,0.,1.));
#2894 = DEFINITIONAL_REPRESENTATION('',(#2895),#2898);
#2895 = B_SPLINE_CURVE_WITH_KNOTS('',1,(#2896,#2897),.UNSPECIFIED.,.F.,
  .F.,(2,2),(89.,139.),.PIECEWISE_BEZIER_KNOTS.);
#2896 = CARTESIAN_POINT('',(0.,5.));
#2897 = CARTESIAN_POINT('',(50.,5.));
#2898 = ( GEOMETRIC_REPRESENTATION_CONTEXT(2) 
PARAMETRIC_REPRESENTATION_CONTEXT() REPRESENTATION_CONTEXT('2D SPACE',''
  ) );
#2899 = ORIENTED_EDGE('',*,*,#2900,.F.);
#2900 = EDGE_CURVE('',#2901,#2875,#2903,.T.);
#2901 = VERTEX_POINT('',#2902);
#2902 = CARTESIAN_POINT('',(-390.,-127.,290.));
#2903 = SURFACE_CURVE('',#2904,(#2908,#2914),.PCURVE_S1.);
#2904 = LINE('',#2905,#2906);
#2905 = CARTESIAN_POINT('',(-390.,4.,290.));
#2906 = VECTOR('',#2907,1.);
#2907 = DIRECTION('',(0.,-1.,0.));
#2908 = PCURVE('',#2441,#2909);
#2909 = DEFINITIONAL_REPRESENTATION('',(#2910),#2913);
#2910 = B_SPLINE_CURVE_WITH_KNOTS('',1,(#2911,#2912),.UNSPECIFIED.,.F.,
  .F.,(2,2),(131.,181.),.PIECEWISE_BEZIER_KNOTS.);
#2911 = CARTESIAN_POINT('',(312.,-228.));
#2912 = CARTESIAN_POINT('',(362.,-228.));
#2913 = ( GEOMETRIC_REPRESENTATION_CONTEXT(2) 
PARAMETRIC_REPRESENTATION_CONTEXT() REPRESENTATION_CONTEXT('2D SPACE',''
  ) );
#2914 = PCURVE('',#2915,#2920);
#2915 = PLANE('',#2916);
#2916 = AXIS2_PLACEMENT_3D('',#2917,#2918,#2919);
#2917 = CARTESIAN_POINT('',(-395.,-177.,290.));
#2918 = DIRECTION('',(0.,0.,1.));
#2919 = DIRECTION('',(1.,0.,-0.));
#2920 = DEFINITIONAL_REPRESENTATION('',(#2921),#2924);
#2921 = B_SPLINE_CURVE_WITH_KNOTS('',1,(#2922,#2923),.UNSPECIFIED.,.F.,
  .F.,(2,2),(131.,181.),.PIECEWISE_BEZIER_KNOTS.);
#2922 = CARTESIAN_POINT('',(5.,50.));
#2923 = CARTESIAN_POINT('',(5.,0.));
#2924 = ( GEOMETRIC_REPRESENTATION_CONTEXT(2) 
PARAMETRIC_REPRESENTATION_CONTEXT() REPRESENTATION_CONTEXT('2D SPACE',''
  ) );
#2925 = ORIENTED_EDGE('',*,*,#2926,.F.);
#2926 = EDGE_CURVE('',#2847,#2901,#2927,.T.);
#2927 = SURFACE_CURVE('',#2928,(#2932,#2938),.PCURVE_S1.);
#2928 = LINE('',#2929,#2930);
#2929 = CARTESIAN_POINT('',(-390.,-127.,151.));
#2930 = VECTOR('',#2931,1.);
#2931 = DIRECTION('',(0.,0.,1.));
#2932 = PCURVE('',#2441,#2933);
#2933 = DEFINITIONAL_REPRESENTATION('',(#2934),#2937);
#2934 = B_SPLINE_CURVE_WITH_KNOTS('',1,(#2935,#2936),.UNSPECIFIED.,.F.,
  .F.,(2,2),(89.,139.),.PIECEWISE_BEZIER_KNOTS.);
#2935 = CARTESIAN_POINT('',(312.,-178.));
#2936 = CARTESIAN_POINT('',(312.,-228.));
#2937 = ( GEOMETRIC_REPRESENTATION_CONTEXT(2) 
PARAMETRIC_REPRESENTATION_CONTEXT() REPRESENTATION_CONTEXT('2D SPACE',''
  ) );
#2938 = PCURVE('',#2939,#2944);
#2939 = PLANE('',#2940);
#2940 = AXIS2_PLACEMENT_3D('',#2941,#2942,#2943);
#2941 = CARTESIAN_POINT('',(-395.,-127.,240.));
#2942 = DIRECTION('',(-0.,1.,0.));
#2943 = DIRECTION('',(0.,0.,1.));
#2944 = DEFINITIONAL_REPRESENTATION('',(#2945),#2948);
#2945 = B_SPLINE_CURVE_WITH_KNOTS('',1,(#2946,#2947),.UNSPECIFIED.,.F.,
  .F.,(2,2),(89.,139.),.PIECEWISE_BEZIER_KNOTS.);
#2946 = CARTESIAN_POINT('',(0.,5.));
#2947 = CARTESIAN_POINT('',(50.,5.));
#2948 = ( GEOMETRIC_REPRESENTATION_CONTEXT(2) 
PARAMETRIC_REPRESENTATION_CONTEXT() REPRESENTATION_CONTEXT('2D SPACE',''
  ) );
#2949 = ADVANCED_FACE('',(#2950),#2413,.F.);
#2950 = FACE_BOUND('',#2951,.F.);
#2951 = EDGE_LOOP('',(#2952,#2973,#2999,#3025,#3046,#3047));
#2952 = ORIENTED_EDGE('',*,*,#2953,.F.);
#2953 = EDGE_CURVE('',#2954,#2602,#2956,.T.);
#2954 = VERTEX_POINT('',#2955);
#2955 = CARTESIAN_POINT('',(-369.9457476709,205.05425232909,204.5));
#2956 = SURFACE_CURVE('',#2957,(#2961,#2967),.PCURVE_S1.);
#2957 = LINE('',#2958,#2959);
#2958 = CARTESIAN_POINT('',(-516.25,58.75,204.5));
#2959 = VECTOR('',#2960,1.);
#2960 = DIRECTION('',(-0.707106781187,-0.707106781187,0.));
#2961 = PCURVE('',#2413,#2962);
#2962 = DEFINITIONAL_REPRESENTATION('',(#2963),#2966);
#2963 = B_SPLINE_CURVE_WITH_KNOTS('',1,(#2964,#2965),.UNSPECIFIED.,.F.,
  .F.,(2,2),(-312.894750675,-178.5444622496),.PIECEWISE_BEZIER_KNOTS.);
#2964 = CARTESIAN_POINT('',(0.,-142.5));
#2965 = CARTESIAN_POINT('',(134.35028842544,-142.5));
#2966 = ( GEOMETRIC_REPRESENTATION_CONTEXT(2) 
PARAMETRIC_REPRESENTATION_CONTEXT() REPRESENTATION_CONTEXT('2D SPACE',''
  ) );
#2967 = PCURVE('',#2499,#2968);
#2968 = DEFINITIONAL_REPRESENTATION('',(#2969),#2972);
#2969 = B_SPLINE_CURVE_WITH_KNOTS('',1,(#2970,#2971),.UNSPECIFIED.,.F.,
  .F.,(2,2),(-312.894750675,-178.5444622496),.PIECEWISE_BEZIER_KNOTS.);
#2970 = CARTESIAN_POINT('',(205.,680.));
#2971 = CARTESIAN_POINT('',(110.,585.));
#2972 = ( GEOMETRIC_REPRESENTATION_CONTEXT(2) 
PARAMETRIC_REPRESENTATION_CONTEXT() REPRESENTATION_CONTEXT('2D SPACE',''
  ) );
#2973 = ORIENTED_EDGE('',*,*,#2974,.T.);
#2974 = EDGE_CURVE('',#2954,#2975,#2977,.T.);
#2975 = VERTEX_POINT('',#2976);
#2976 = CARTESIAN_POINT('',(-369.9457476709,205.05425232909,222.));
#2977 = SURFACE_CURVE('',#2978,(#2982,#2988),.PCURVE_S1.);
#2978 = LINE('',#2979,#2980);
#2979 = CARTESIAN_POINT('',(-369.9457476709,205.05425232909,122.));
#2980 = VECTOR('',#2981,1.);
#2981 = DIRECTION('',(0.,0.,1.));
#2982 = PCURVE('',#2413,#2983);
#2983 = DEFINITIONAL_REPRESENTATION('',(#2984),#2987);
#2984 = B_SPLINE_CURVE_WITH_KNOTS('',1,(#2985,#2986),.UNSPECIFIED.,.F.,
  .F.,(2,2),(69.25,100.0000006),.PIECEWISE_BEZIER_KNOTS.);
#2985 = CARTESIAN_POINT('',(105.98929279838,-129.25));
#2986 = CARTESIAN_POINT('',(105.98929279838,-160.0000006));
#2987 = ( GEOMETRIC_REPRESENTATION_CONTEXT(2) 
PARAMETRIC_REPRESENTATION_CONTEXT() REPRESENTATION_CONTEXT('2D SPACE',''
  ) );
#2988 = PCURVE('',#2989,#2994);
#2989 = CYLINDRICAL_SURFACE('',#2990,80.);
#2990 = AXIS2_PLACEMENT_3D('',#2991,#2992,#2993);
#2991 = CARTESIAN_POINT('',(-290.,208.,122.));
#2992 = DIRECTION('',(0.,0.,1.));
#2993 = DIRECTION('',(1.,0.,-0.));
#2994 = DEFINITIONAL_REPRESENTATION('',(#2995),#2998);
#2995 = B_SPLINE_CURVE_WITH_KNOTS('',1,(#2996,#2997),.UNSPECIFIED.,.F.,
  .F.,(2,2),(69.25,100.0000006),.PIECEWISE_BEZIER_KNOTS.);
#2996 = CARTESIAN_POINT('',(3.178422825363,69.25));
#2997 = CARTESIAN_POINT('',(3.178422825363,100.0000006));
#2998 = ( GEOMETRIC_REPRESENTATION_CONTEXT(2) 
PARAMETRIC_REPRESENTATION_CONTEXT() REPRESENTATION_CONTEXT('2D SPACE',''
  ) );
#2999 = ORIENTED_EDGE('',*,*,#3000,.F.);
#3000 = EDGE_CURVE('',#3001,#2975,#3003,.T.);
#3001 = VERTEX_POINT('',#3002);
#3002 = CARTESIAN_POINT('',(-295.,280.,222.));
#3003 = SURFACE_CURVE('',#3004,(#3008,#3014),.PCURVE_S1.);
#3004 = LINE('',#3005,#3006);
#3005 = CARTESIAN_POINT('',(-311.75,263.25,222.));
#3006 = VECTOR('',#3007,1.);
#3007 = DIRECTION('',(-0.707106781187,-0.707106781187,0.));
#3008 = PCURVE('',#2413,#3009);
#3009 = DEFINITIONAL_REPRESENTATION('',(#3010),#3013);
#3010 = B_SPLINE_CURVE_WITH_KNOTS('',1,(#3011,#3012),.UNSPECIFIED.,.F.,
  .F.,(2,2),(-23.68807716974,82.377940008233),.PIECEWISE_BEZIER_KNOTS.);
#3011 = CARTESIAN_POINT('',(0.,-160.));
#3012 = CARTESIAN_POINT('',(106.06601717798,-160.));
#3013 = ( GEOMETRIC_REPRESENTATION_CONTEXT(2) 
PARAMETRIC_REPRESENTATION_CONTEXT() REPRESENTATION_CONTEXT('2D SPACE',''
  ) );
#3014 = PCURVE('',#3015,#3020);
#3015 = PLANE('',#3016);
#3016 = AXIS2_PLACEMENT_3D('',#3017,#3018,#3019);
#3017 = CARTESIAN_POINT('',(-290.,208.,222.));
#3018 = DIRECTION('',(0.,0.,1.));
#3019 = DIRECTION('',(1.,0.,-0.));
#3020 = DEFINITIONAL_REPRESENTATION('',(#3021),#3024);
#3021 = B_SPLINE_CURVE_WITH_KNOTS('',1,(#3022,#3023),.UNSPECIFIED.,.F.,
  .F.,(2,2),(-23.68807716974,82.377940008233),.PIECEWISE_BEZIER_KNOTS.);
#3022 = CARTESIAN_POINT('',(-5.,72.));
#3023 = CARTESIAN_POINT('',(-80.,-3.));
#3024 = ( GEOMETRIC_REPRESENTATION_CONTEXT(2) 
PARAMETRIC_REPRESENTATION_CONTEXT() REPRESENTATION_CONTEXT('2D SPACE',''
  ) );
#3025 = ORIENTED_EDGE('',*,*,#3026,.T.);
#3026 = EDGE_CURVE('',#3001,#2370,#3027,.T.);
#3027 = SURFACE_CURVE('',#3028,(#3032,#3039),.PCURVE_S1.);
#3028 = LINE('',#3029,#3030);
#3029 = CARTESIAN_POINT('',(-295.,280.,62.));
#3030 = VECTOR('',#3031,1.);
#3031 = DIRECTION('',(0.,0.,1.));
#3032 = PCURVE('',#2413,#3033);
#3033 = DEFINITIONAL_REPRESENTATION('',(#3034),#3038);
#3034 = LINE('',#3035,#3036);
#3035 = CARTESIAN_POINT('',(0.,0.));
#3036 = VECTOR('',#3037,1.);
#3037 = DIRECTION('',(0.,-1.));
#3038 = ( GEOMETRIC_REPRESENTATION_CONTEXT(2) 
PARAMETRIC_REPRESENTATION_CONTEXT() REPRESENTATION_CONTEXT('2D SPACE',''
  ) );
#3039 = PCURVE('',#2385,#3040);
#3040 = DEFINITIONAL_REPRESENTATION('',(#3041),#3045);
#3041 = LINE('',#3042,#3043);
#3042 = CARTESIAN_POINT('',(590.,0.));
#3043 = VECTOR('',#3044,1.);
#3044 = DIRECTION('',(0.,-1.));
#3045 = ( GEOMETRIC_REPRESENTATION_CONTEXT(2) 
PARAMETRIC_REPRESENTATION_CONTEXT() REPRESENTATION_CONTEXT('2D SPACE',''
  ) );
#3046 = ORIENTED_EDGE('',*,*,#2397,.T.);
#3047 = ORIENTED_EDGE('',*,*,#2622,.F.);
#3048 = ADVANCED_FACE('',(#3049),#2385,.F.);
#3049 = FACE_BOUND('',#3050,.F.);
#3050 = EDGE_LOOP('',(#3051,#3072,#3073,#3074));
#3051 = ORIENTED_EDGE('',*,*,#3052,.T.);
#3052 = EDGE_CURVE('',#3053,#2344,#3055,.T.);
#3053 = VERTEX_POINT('',#3054);
#3054 = CARTESIAN_POINT('',(-260.,280.,222.));
#3055 = SURFACE_CURVE('',#3056,(#3060,#3066),.PCURVE_S1.);
#3056 = LINE('',#3057,#3058);
#3057 = CARTESIAN_POINT('',(-260.,280.,31.));
#3058 = VECTOR('',#3059,1.);
#3059 = DIRECTION('',(0.,0.,1.));
#3060 = PCURVE('',#2385,#3061);
#3061 = DEFINITIONAL_REPRESENTATION('',(#3062),#3065);
#3062 = B_SPLINE_CURVE_WITH_KNOTS('',1,(#3063,#3064),.UNSPECIFIED.,.F.,
  .F.,(2,2),(173.5,306.),.PIECEWISE_BEZIER_KNOTS.);
#3063 = CARTESIAN_POINT('',(555.,-142.5));
#3064 = CARTESIAN_POINT('',(555.,-275.));
#3065 = ( GEOMETRIC_REPRESENTATION_CONTEXT(2) 
PARAMETRIC_REPRESENTATION_CONTEXT() REPRESENTATION_CONTEXT('2D SPACE',''
  ) );
#3066 = PCURVE('',#2358,#3067);
#3067 = DEFINITIONAL_REPRESENTATION('',(#3068),#3071);
#3068 = B_SPLINE_CURVE_WITH_KNOTS('',1,(#3069,#3070),.UNSPECIFIED.,.F.,
  .F.,(2,2),(173.5,306.),.PIECEWISE_BEZIER_KNOTS.);
#3069 = CARTESIAN_POINT('',(204.5,-680.));
#3070 = CARTESIAN_POINT('',(337.,-680.));
#3071 = ( GEOMETRIC_REPRESENTATION_CONTEXT(2) 
PARAMETRIC_REPRESENTATION_CONTEXT() REPRESENTATION_CONTEXT('2D SPACE',''
  ) );
#3072 = ORIENTED_EDGE('',*,*,#2369,.T.);
#3073 = ORIENTED_EDGE('',*,*,#3026,.F.);
#3074 = ORIENTED_EDGE('',*,*,#3075,.F.);
#3075 = EDGE_CURVE('',#3053,#3001,#3076,.T.);
#3076 = SURFACE_CURVE('',#3077,(#3081,#3087),.PCURVE_S1.);
#3077 = LINE('',#3078,#3079);
#3078 = CARTESIAN_POINT('',(2.5,280.,222.));
#3079 = VECTOR('',#3080,1.);
#3080 = DIRECTION('',(-1.,0.,0.));
#3081 = PCURVE('',#2385,#3082);
#3082 = DEFINITIONAL_REPRESENTATION('',(#3083),#3086);
#3083 = B_SPLINE_CURVE_WITH_KNOTS('',1,(#3084,#3085),.UNSPECIFIED.,.F.,
  .F.,(2,2),(212.5,297.5),.PIECEWISE_BEZIER_KNOTS.);
#3084 = CARTESIAN_POINT('',(505.,-160.));
#3085 = CARTESIAN_POINT('',(590.,-160.));
#3086 = ( GEOMETRIC_REPRESENTATION_CONTEXT(2) 
PARAMETRIC_REPRESENTATION_CONTEXT() REPRESENTATION_CONTEXT('2D SPACE',''
  ) );
#3087 = PCURVE('',#3015,#3088);
#3088 = DEFINITIONAL_REPRESENTATION('',(#3089),#3092);
#3089 = B_SPLINE_CURVE_WITH_KNOTS('',1,(#3090,#3091),.UNSPECIFIED.,.F.,
  .F.,(2,2),(212.5,297.5),.PIECEWISE_BEZIER_KNOTS.);
#3090 = CARTESIAN_POINT('',(80.,72.));
#3091 = CARTESIAN_POINT('',(-5.,72.));
#3092 = ( GEOMETRIC_REPRESENTATION_CONTEXT(2) 
PARAMETRIC_REPRESENTATION_CONTEXT() REPRESENTATION_CONTEXT('2D SPACE',''
  ) );
#3093 = ADVANCED_FACE('',(#3094),#2358,.T.);
#3094 = FACE_BOUND('',#3095,.T.);
#3095 = EDGE_LOOP('',(#3096,#3097,#3118,#3137));
#3096 = ORIENTED_EDGE('',*,*,#2343,.F.);
#3097 = ORIENTED_EDGE('',*,*,#3098,.F.);
#3098 = EDGE_CURVE('',#3099,#2318,#3101,.T.);
#3099 = VERTEX_POINT('',#3100);
#3100 = CARTESIAN_POINT('',(-260.,278.,222.));
#3101 = SURFACE_CURVE('',#3102,(#3106,#3112),.PCURVE_S1.);
#3102 = LINE('',#3103,#3104);
#3103 = CARTESIAN_POINT('',(-260.,278.,30.5));
#3104 = VECTOR('',#3105,1.);
#3105 = DIRECTION('',(0.,0.,1.));
#3106 = PCURVE('',#2358,#3107);
#3107 = DEFINITIONAL_REPRESENTATION('',(#3108),#3111);
#3108 = B_SPLINE_CURVE_WITH_KNOTS('',1,(#3109,#3110),.UNSPECIFIED.,.F.,
  .F.,(2,2),(174.,306.5),.PIECEWISE_BEZIER_KNOTS.);
#3109 = CARTESIAN_POINT('',(204.5,-678.));
#3110 = CARTESIAN_POINT('',(337.,-678.));
#3111 = ( GEOMETRIC_REPRESENTATION_CONTEXT(2) 
PARAMETRIC_REPRESENTATION_CONTEXT() REPRESENTATION_CONTEXT('2D SPACE',''
  ) );
#3112 = PCURVE('',#2332,#3113);
#3113 = DEFINITIONAL_REPRESENTATION('',(#3114),#3117);
#3114 = B_SPLINE_CURVE_WITH_KNOTS('',1,(#3115,#3116),.UNSPECIFIED.,.F.,
  .F.,(2,2),(174.,306.5),.PIECEWISE_BEZIER_KNOTS.);
#3115 = CARTESIAN_POINT('',(553.82842712474,-143.5));
#3116 = CARTESIAN_POINT('',(553.82842712474,-276.));
#3117 = ( GEOMETRIC_REPRESENTATION_CONTEXT(2) 
PARAMETRIC_REPRESENTATION_CONTEXT() REPRESENTATION_CONTEXT('2D SPACE',''
  ) );
#3118 = ORIENTED_EDGE('',*,*,#3119,.T.);
#3119 = EDGE_CURVE('',#3099,#3053,#3120,.T.);
#3120 = SURFACE_CURVE('',#3121,(#3125,#3131),.PCURVE_S1.);
#3121 = LINE('',#3122,#3123);
#3122 = CARTESIAN_POINT('',(-260.,-96.,222.));
#3123 = VECTOR('',#3124,1.);
#3124 = DIRECTION('',(-0.,1.,0.));
#3125 = PCURVE('',#2358,#3126);
#3126 = DEFINITIONAL_REPRESENTATION('',(#3127),#3130);
#3127 = B_SPLINE_CURVE_WITH_KNOTS('',1,(#3128,#3129),.UNSPECIFIED.,.F.,
  .F.,(2,2),(298.04999961797,376.),.PIECEWISE_BEZIER_KNOTS.);
#3128 = CARTESIAN_POINT('',(222.,-602.0499996179));
#3129 = CARTESIAN_POINT('',(222.,-680.));
#3130 = ( GEOMETRIC_REPRESENTATION_CONTEXT(2) 
PARAMETRIC_REPRESENTATION_CONTEXT() REPRESENTATION_CONTEXT('2D SPACE',''
  ) );
#3131 = PCURVE('',#3015,#3132);
#3132 = DEFINITIONAL_REPRESENTATION('',(#3133),#3136);
#3133 = B_SPLINE_CURVE_WITH_KNOTS('',1,(#3134,#3135),.UNSPECIFIED.,.F.,
  .F.,(2,2),(298.04999961797,376.),.PIECEWISE_BEZIER_KNOTS.);
#3134 = CARTESIAN_POINT('',(30.,-5.950000382029));
#3135 = CARTESIAN_POINT('',(30.,72.));
#3136 = ( GEOMETRIC_REPRESENTATION_CONTEXT(2) 
PARAMETRIC_REPRESENTATION_CONTEXT() REPRESENTATION_CONTEXT('2D SPACE',''
  ) );
#3137 = ORIENTED_EDGE('',*,*,#3052,.T.);
#3138 = ADVANCED_FACE('',(#3139),#2332,.T.);
#3139 = FACE_BOUND('',#3140,.T.);
#3140 = EDGE_LOOP('',(#3141,#3164,#3183,#3184));
#3141 = ORIENTED_EDGE('',*,*,#3142,.F.);
#3142 = EDGE_CURVE('',#3143,#2292,#3145,.T.);
#3143 = VERTEX_POINT('',#3144);
#3144 = CARTESIAN_POINT('',(-293.8284271247,278.,222.));
#3145 = SURFACE_CURVE('',#3146,(#3150,#3157),.PCURVE_S1.);
#3146 = LINE('',#3147,#3148);
#3147 = CARTESIAN_POINT('',(-293.8284271247,278.,61.));
#3148 = VECTOR('',#3149,1.);
#3149 = DIRECTION('',(0.,0.,1.));
#3150 = PCURVE('',#2332,#3151);
#3151 = DEFINITIONAL_REPRESENTATION('',(#3152),#3156);
#3152 = LINE('',#3153,#3154);
#3153 = CARTESIAN_POINT('',(587.65685424949,0.));
#3154 = VECTOR('',#3155,1.);
#3155 = DIRECTION('',(0.,-1.));
#3156 = ( GEOMETRIC_REPRESENTATION_CONTEXT(2) 
PARAMETRIC_REPRESENTATION_CONTEXT() REPRESENTATION_CONTEXT('2D SPACE',''
  ) );
#3157 = PCURVE('',#2306,#3158);
#3158 = DEFINITIONAL_REPRESENTATION('',(#3159),#3163);
#3159 = LINE('',#3160,#3161);
#3160 = CARTESIAN_POINT('',(0.,0.));
#3161 = VECTOR('',#3162,1.);
#3162 = DIRECTION('',(0.,-1.));
#3163 = ( GEOMETRIC_REPRESENTATION_CONTEXT(2) 
PARAMETRIC_REPRESENTATION_CONTEXT() REPRESENTATION_CONTEXT('2D SPACE',''
  ) );
#3164 = ORIENTED_EDGE('',*,*,#3165,.F.);
#3165 = EDGE_CURVE('',#3099,#3143,#3166,.T.);
#3166 = SURFACE_CURVE('',#3167,(#3171,#3177),.PCURVE_S1.);
#3167 = LINE('',#3168,#3169);
#3168 = CARTESIAN_POINT('',(1.914213562373,278.,222.));
#3169 = VECTOR('',#3170,1.);
#3170 = DIRECTION('',(-1.,0.,0.));
#3171 = PCURVE('',#2332,#3172);
#3172 = DEFINITIONAL_REPRESENTATION('',(#3173),#3176);
#3173 = B_SPLINE_CURVE_WITH_KNOTS('',1,(#3174,#3175),.UNSPECIFIED.,.F.,
  .F.,(2,2),(211.91421356237,295.74264068711),.PIECEWISE_BEZIER_KNOTS.);
#3174 = CARTESIAN_POINT('',(503.82842712474,-161.));
#3175 = CARTESIAN_POINT('',(587.65685424949,-161.));
#3176 = ( GEOMETRIC_REPRESENTATION_CONTEXT(2) 
PARAMETRIC_REPRESENTATION_CONTEXT() REPRESENTATION_CONTEXT('2D SPACE',''
  ) );
#3177 = PCURVE('',#3015,#3178);
#3178 = DEFINITIONAL_REPRESENTATION('',(#3179),#3182);
#3179 = B_SPLINE_CURVE_WITH_KNOTS('',1,(#3180,#3181),.UNSPECIFIED.,.F.,
  .F.,(2,2),(211.91421356237,295.74264068711),.PIECEWISE_BEZIER_KNOTS.);
#3180 = CARTESIAN_POINT('',(80.,70.));
#3181 = CARTESIAN_POINT('',(-3.828427124746,70.));
#3182 = ( GEOMETRIC_REPRESENTATION_CONTEXT(2) 
PARAMETRIC_REPRESENTATION_CONTEXT() REPRESENTATION_CONTEXT('2D SPACE',''
  ) );
#3183 = ORIENTED_EDGE('',*,*,#3098,.T.);
#3184 = ORIENTED_EDGE('',*,*,#2317,.F.);
#3185 = ADVANCED_FACE('',(#3186),#2306,.T.);
#3186 = FACE_BOUND('',#3187,.T.);
#3187 = EDGE_LOOP('',(#3188,#3211,#3232,#3253,#3272,#3273));
#3188 = ORIENTED_EDGE('',*,*,#3189,.F.);
#3189 = EDGE_CURVE('',#3190,#2266,#3192,.T.);
#3190 = VERTEX_POINT('',#3191);
#3191 = CARTESIAN_POINT('',(-388.,183.82842712474,204.5));
#3192 = SURFACE_CURVE('',#3193,(#3197,#3204),.PCURVE_S1.);
#3193 = LINE('',#3194,#3195);
#3194 = CARTESIAN_POINT('',(-388.,183.82842712474,61.));
#3195 = VECTOR('',#3196,1.);
#3196 = DIRECTION('',(0.,0.,1.));
#3197 = PCURVE('',#2306,#3198);
#3198 = DEFINITIONAL_REPRESENTATION('',(#3199),#3203);
#3199 = LINE('',#3200,#3201);
#3200 = CARTESIAN_POINT('',(133.17871555019,0.));
#3201 = VECTOR('',#3202,1.);
#3202 = DIRECTION('',(0.,-1.));
#3203 = ( GEOMETRIC_REPRESENTATION_CONTEXT(2) 
PARAMETRIC_REPRESENTATION_CONTEXT() REPRESENTATION_CONTEXT('2D SPACE',''
  ) );
#3204 = PCURVE('',#2280,#3205);
#3205 = DEFINITIONAL_REPRESENTATION('',(#3206),#3210);
#3206 = LINE('',#3207,#3208);
#3207 = CARTESIAN_POINT('',(0.,0.));
#3208 = VECTOR('',#3209,1.);
#3209 = DIRECTION('',(0.,-1.));
#3210 = ( GEOMETRIC_REPRESENTATION_CONTEXT(2) 
PARAMETRIC_REPRESENTATION_CONTEXT() REPRESENTATION_CONTEXT('2D SPACE',''
  ) );
#3211 = ORIENTED_EDGE('',*,*,#3212,.F.);
#3212 = EDGE_CURVE('',#3213,#3190,#3215,.T.);
#3213 = VERTEX_POINT('',#3214);
#3214 = CARTESIAN_POINT('',(-369.7784275067,202.04999961797,204.5));
#3215 = SURFACE_CURVE('',#3216,(#3220,#3226),.PCURVE_S1.);
#3216 = LINE('',#3217,#3218);
#3217 = CARTESIAN_POINT('',(-514.8713203435,56.957106781187,204.5));
#3218 = VECTOR('',#3219,1.);
#3219 = DIRECTION('',(-0.707106781187,-0.707106781187,0.));
#3220 = PCURVE('',#2306,#3221);
#3221 = DEFINITIONAL_REPRESENTATION('',(#3222),#3225);
#3222 = B_SPLINE_CURVE_WITH_KNOTS('',1,(#3223,#3224),.UNSPECIFIED.,.F.,
  .F.,(2,2),(-312.6018574562,-179.423141906),.PIECEWISE_BEZIER_KNOTS.);
#3223 = CARTESIAN_POINT('',(0.,-143.5));
#3224 = CARTESIAN_POINT('',(133.17871555019,-143.5));
#3225 = ( GEOMETRIC_REPRESENTATION_CONTEXT(2) 
PARAMETRIC_REPRESENTATION_CONTEXT() REPRESENTATION_CONTEXT('2D SPACE',''
  ) );
#3226 = PCURVE('',#2499,#3227);
#3227 = DEFINITIONAL_REPRESENTATION('',(#3228),#3231);
#3228 = B_SPLINE_CURVE_WITH_KNOTS('',1,(#3229,#3230),.UNSPECIFIED.,.F.,
  .F.,(2,2),(-312.6018574562,-179.423141906),.PIECEWISE_BEZIER_KNOTS.);
#3229 = CARTESIAN_POINT('',(206.17157287525,678.));
#3230 = CARTESIAN_POINT('',(112.,583.82842712474));
#3231 = ( GEOMETRIC_REPRESENTATION_CONTEXT(2) 
PARAMETRIC_REPRESENTATION_CONTEXT() REPRESENTATION_CONTEXT('2D SPACE',''
  ) );
#3232 = ORIENTED_EDGE('',*,*,#3233,.T.);
#3233 = EDGE_CURVE('',#3213,#3234,#3236,.T.);
#3234 = VERTEX_POINT('',#3235);
#3235 = CARTESIAN_POINT('',(-369.7784275067,202.04999961797,222.));
#3236 = SURFACE_CURVE('',#3237,(#3241,#3247),.PCURVE_S1.);
#3237 = LINE('',#3238,#3239);
#3238 = CARTESIAN_POINT('',(-369.7784275067,202.04999961797,122.));
#3239 = VECTOR('',#3240,1.);
#3240 = DIRECTION('',(0.,0.,1.));
#3241 = PCURVE('',#2306,#3242);
#3242 = DEFINITIONAL_REPRESENTATION('',(#3243),#3246);
#3243 = B_SPLINE_CURVE_WITH_KNOTS('',1,(#3244,#3245),.UNSPECIFIED.,.F.,
  .F.,(2,2),(69.25,100.0000006),.PIECEWISE_BEZIER_KNOTS.);
#3244 = CARTESIAN_POINT('',(107.4095206025,-130.25));
#3245 = CARTESIAN_POINT('',(107.4095206025,-161.0000006));
#3246 = ( GEOMETRIC_REPRESENTATION_CONTEXT(2) 
PARAMETRIC_REPRESENTATION_CONTEXT() REPRESENTATION_CONTEXT('2D SPACE',''
  ) );
#3247 = PCURVE('',#2989,#3248);
#3248 = DEFINITIONAL_REPRESENTATION('',(#3249),#3252);
#3249 = B_SPLINE_CURVE_WITH_KNOTS('',1,(#3250,#3251),.UNSPECIFIED.,.F.,
  .F.,(2,2),(69.25,100.0000006),.PIECEWISE_BEZIER_KNOTS.);
#3250 = CARTESIAN_POINT('',(3.216036398923,69.25));
#3251 = CARTESIAN_POINT('',(3.216036398923,100.0000006));
#3252 = ( GEOMETRIC_REPRESENTATION_CONTEXT(2) 
PARAMETRIC_REPRESENTATION_CONTEXT() REPRESENTATION_CONTEXT('2D SPACE',''
  ) );
#3253 = ORIENTED_EDGE('',*,*,#3254,.F.);
#3254 = EDGE_CURVE('',#3143,#3234,#3255,.T.);
#3255 = SURFACE_CURVE('',#3256,(#3260,#3266),.PCURVE_S1.);
#3256 = LINE('',#3257,#3258);
#3257 = CARTESIAN_POINT('',(-310.3713203435,261.45710678118,222.));
#3258 = VECTOR('',#3259,1.);
#3259 = DIRECTION('',(-0.707106781187,-0.707106781187,0.));
#3260 = PCURVE('',#2306,#3261);
#3261 = DEFINITIONAL_REPRESENTATION('',(#3262),#3265);
#3262 = B_SPLINE_CURVE_WITH_KNOTS('',1,(#3263,#3264),.UNSPECIFIED.,.F.,
  .F.,(2,2),(-23.39518395093,84.327687476539),.PIECEWISE_BEZIER_KNOTS.);
#3263 = CARTESIAN_POINT('',(0.,-161.));
#3264 = CARTESIAN_POINT('',(107.72287142747,-161.));
#3265 = ( GEOMETRIC_REPRESENTATION_CONTEXT(2) 
PARAMETRIC_REPRESENTATION_CONTEXT() REPRESENTATION_CONTEXT('2D SPACE',''
  ) );
#3266 = PCURVE('',#3015,#3267);
#3267 = DEFINITIONAL_REPRESENTATION('',(#3268),#3271);
#3268 = B_SPLINE_CURVE_WITH_KNOTS('',1,(#3269,#3270),.UNSPECIFIED.,.F.,
  .F.,(2,2),(-23.39518395093,84.327687476539),.PIECEWISE_BEZIER_KNOTS.);
#3269 = CARTESIAN_POINT('',(-3.828427124746,70.));
#3270 = CARTESIAN_POINT('',(-80.,-6.171572875254));
#3271 = ( GEOMETRIC_REPRESENTATION_CONTEXT(2) 
PARAMETRIC_REPRESENTATION_CONTEXT() REPRESENTATION_CONTEXT('2D SPACE',''
  ) );
#3272 = ORIENTED_EDGE('',*,*,#3142,.T.);
#3273 = ORIENTED_EDGE('',*,*,#2291,.F.);
#3274 = ADVANCED_FACE('',(#3275,#3321,#3347,#3373,#3399,#3485),#2280,.T.
  );
#3275 = FACE_BOUND('',#3276,.T.);
#3276 = EDGE_LOOP('',(#3277,#3300,#3319,#3320));
#3277 = ORIENTED_EDGE('',*,*,#3278,.F.);
#3278 = EDGE_CURVE('',#3279,#2240,#3281,.T.);
#3279 = VERTEX_POINT('',#3280);
#3280 = CARTESIAN_POINT('',(-388.,-183.8284271247,204.5));
#3281 = SURFACE_CURVE('',#3282,(#3286,#3293),.PCURVE_S1.);
#3282 = LINE('',#3283,#3284);
#3283 = CARTESIAN_POINT('',(-388.,-183.8284271247,61.));
#3284 = VECTOR('',#3285,1.);
#3285 = DIRECTION('',(0.,0.,1.));
#3286 = PCURVE('',#2280,#3287);
#3287 = DEFINITIONAL_REPRESENTATION('',(#3288),#3292);
#3288 = LINE('',#3289,#3290);
#3289 = CARTESIAN_POINT('',(367.65685424949,0.));
#3290 = VECTOR('',#3291,1.);
#3291 = DIRECTION('',(0.,-1.));
#3292 = ( GEOMETRIC_REPRESENTATION_CONTEXT(2) 
PARAMETRIC_REPRESENTATION_CONTEXT() REPRESENTATION_CONTEXT('2D SPACE',''
  ) );
#3293 = PCURVE('',#2254,#3294);
#3294 = DEFINITIONAL_REPRESENTATION('',(#3295),#3299);
#3295 = LINE('',#3296,#3297);
#3296 = CARTESIAN_POINT('',(0.,0.));
#3297 = VECTOR('',#3298,1.);
#3298 = DIRECTION('',(0.,-1.));
#3299 = ( GEOMETRIC_REPRESENTATION_CONTEXT(2) 
PARAMETRIC_REPRESENTATION_CONTEXT() REPRESENTATION_CONTEXT('2D SPACE',''
  ) );
#3300 = ORIENTED_EDGE('',*,*,#3301,.F.);
#3301 = EDGE_CURVE('',#3190,#3279,#3302,.T.);
#3302 = SURFACE_CURVE('',#3303,(#3307,#3313),.PCURVE_S1.);
#3303 = LINE('',#3304,#3305);
#3304 = CARTESIAN_POINT('',(-388.,-108.0857864376,204.5));
#3305 = VECTOR('',#3306,1.);
#3306 = DIRECTION('',(0.,-1.,0.));
#3307 = PCURVE('',#2280,#3308);
#3308 = DEFINITIONAL_REPRESENTATION('',(#3309),#3312);
#3309 = B_SPLINE_CURVE_WITH_KNOTS('',1,(#3310,#3311),.UNSPECIFIED.,.F.,
  .F.,(2,2),(-291.9142135623,75.742640687119),.PIECEWISE_BEZIER_KNOTS.);
#3310 = CARTESIAN_POINT('',(0.,-143.5));
#3311 = CARTESIAN_POINT('',(367.65685424949,-143.5));
#3312 = ( GEOMETRIC_REPRESENTATION_CONTEXT(2) 
PARAMETRIC_REPRESENTATION_CONTEXT() REPRESENTATION_CONTEXT('2D SPACE',''
  ) );
#3313 = PCURVE('',#2499,#3314);
#3314 = DEFINITIONAL_REPRESENTATION('',(#3315),#3318);
#3315 = B_SPLINE_CURVE_WITH_KNOTS('',1,(#3316,#3317),.UNSPECIFIED.,.F.,
  .F.,(2,2),(-291.9142135623,75.742640687119),.PIECEWISE_BEZIER_KNOTS.);
#3316 = CARTESIAN_POINT('',(112.,583.82842712474));
#3317 = CARTESIAN_POINT('',(112.,216.17157287525));
#3318 = ( GEOMETRIC_REPRESENTATION_CONTEXT(2) 
PARAMETRIC_REPRESENTATION_CONTEXT() REPRESENTATION_CONTEXT('2D SPACE',''
  ) );
#3319 = ORIENTED_EDGE('',*,*,#3189,.T.);
#3320 = ORIENTED_EDGE('',*,*,#2265,.F.);
#3321 = FACE_BOUND('',#3322,.T.);
#3322 = EDGE_LOOP('',(#3323));
#3323 = ORIENTED_EDGE('',*,*,#3324,.F.);
#3324 = EDGE_CURVE('',#3325,#3325,#3327,.T.);
#3325 = VERTEX_POINT('',#3326);
#3326 = CARTESIAN_POINT('',(-388.,50.,334.));
#3327 = SURFACE_CURVE('',#3328,(#3333,#3340),.PCURVE_S1.);
#3328 = CIRCLE('',#3329,16.);
#3329 = AXIS2_PLACEMENT_3D('',#3330,#3331,#3332);
#3330 = CARTESIAN_POINT('',(-388.,50.,318.));
#3331 = DIRECTION('',(1.,0.,0.));
#3332 = DIRECTION('',(-0.,0.,1.));
#3333 = PCURVE('',#2280,#3334);
#3334 = DEFINITIONAL_REPRESENTATION('',(#3335),#3339);
#3335 = CIRCLE('',#3336,16.);
#3336 = AXIS2_PLACEMENT_2D('',#3337,#3338);
#3337 = CARTESIAN_POINT('',(133.82842712474,-257.));
#3338 = DIRECTION('',(0.,-1.));
#3339 = ( GEOMETRIC_REPRESENTATION_CONTEXT(2) 
PARAMETRIC_REPRESENTATION_CONTEXT() REPRESENTATION_CONTEXT('2D SPACE',''
  ) );
#3340 = PCURVE('',#2664,#3341);
#3341 = DEFINITIONAL_REPRESENTATION('',(#3342),#3346);
#3342 = LINE('',#3343,#3344);
#3343 = CARTESIAN_POINT('',(0.,7.));
#3344 = VECTOR('',#3345,1.);
#3345 = DIRECTION('',(1.,0.));
#3346 = ( GEOMETRIC_REPRESENTATION_CONTEXT(2) 
PARAMETRIC_REPRESENTATION_CONTEXT() REPRESENTATION_CONTEXT('2D SPACE',''
  ) );
#3347 = FACE_BOUND('',#3348,.T.);
#3348 = EDGE_LOOP('',(#3349));
#3349 = ORIENTED_EDGE('',*,*,#3350,.F.);
#3350 = EDGE_CURVE('',#3351,#3351,#3353,.T.);
#3351 = VERTEX_POINT('',#3352);
#3352 = CARTESIAN_POINT('',(-388.,3.918869757272E-15,334.));
#3353 = SURFACE_CURVE('',#3354,(#3359,#3366),.PCURVE_S1.);
#3354 = CIRCLE('',#3355,16.);
#3355 = AXIS2_PLACEMENT_3D('',#3356,#3357,#3358);
#3356 = CARTESIAN_POINT('',(-388.,0.,318.));
#3357 = DIRECTION('',(1.,0.,0.));
#3358 = DIRECTION('',(-0.,0.,1.));
#3359 = PCURVE('',#2280,#3360);
#3360 = DEFINITIONAL_REPRESENTATION('',(#3361),#3365);
#3361 = CIRCLE('',#3362,16.);
#3362 = AXIS2_PLACEMENT_2D('',#3363,#3364);
#3363 = CARTESIAN_POINT('',(183.82842712474,-257.));
#3364 = DIRECTION('',(0.,-1.));
#3365 = ( GEOMETRIC_REPRESENTATION_CONTEXT(2) 
PARAMETRIC_REPRESENTATION_CONTEXT() REPRESENTATION_CONTEXT('2D SPACE',''
  ) );
#3366 = PCURVE('',#2695,#3367);
#3367 = DEFINITIONAL_REPRESENTATION('',(#3368),#3372);
#3368 = LINE('',#3369,#3370);
#3369 = CARTESIAN_POINT('',(0.,7.));
#3370 = VECTOR('',#3371,1.);
#3371 = DIRECTION('',(1.,0.));
#3372 = ( GEOMETRIC_REPRESENTATION_CONTEXT(2) 
PARAMETRIC_REPRESENTATION_CONTEXT() REPRESENTATION_CONTEXT('2D SPACE',''
  ) );
#3373 = FACE_BOUND('',#3374,.T.);
#3374 = EDGE_LOOP('',(#3375));
#3375 = ORIENTED_EDGE('',*,*,#3376,.F.);
#3376 = EDGE_CURVE('',#3377,#3377,#3379,.T.);
#3377 = VERTEX_POINT('',#3378);
#3378 = CARTESIAN_POINT('',(-388.,-50.,334.));
#3379 = SURFACE_CURVE('',#3380,(#3385,#3392),.PCURVE_S1.);
#3380 = CIRCLE('',#3381,16.);
#3381 = AXIS2_PLACEMENT_3D('',#3382,#3383,#3384);
#3382 = CARTESIAN_POINT('',(-388.,-50.,318.));
#3383 = DIRECTION('',(1.,0.,0.));
#3384 = DIRECTION('',(-0.,0.,1.));
#3385 = PCURVE('',#2280,#3386);
#3386 = DEFINITIONAL_REPRESENTATION('',(#3387),#3391);
#3387 = CIRCLE('',#3388,16.);
#3388 = AXIS2_PLACEMENT_2D('',#3389,#3390);
#3389 = CARTESIAN_POINT('',(233.82842712474,-257.));
#3390 = DIRECTION('',(0.,-1.));
#3391 = ( GEOMETRIC_REPRESENTATION_CONTEXT(2) 
PARAMETRIC_REPRESENTATION_CONTEXT() REPRESENTATION_CONTEXT('2D SPACE',''
  ) );
#3392 = PCURVE('',#2726,#3393);
#3393 = DEFINITIONAL_REPRESENTATION('',(#3394),#3398);
#3394 = LINE('',#3395,#3396);
#3395 = CARTESIAN_POINT('',(0.,7.));
#3396 = VECTOR('',#3397,1.);
#3397 = DIRECTION('',(1.,0.));
#3398 = ( GEOMETRIC_REPRESENTATION_CONTEXT(2) 
PARAMETRIC_REPRESENTATION_CONTEXT() REPRESENTATION_CONTEXT('2D SPACE',''
  ) );
#3399 = FACE_BOUND('',#3400,.T.);
#3400 = EDGE_LOOP('',(#3401,#3424,#3445,#3466));
#3401 = ORIENTED_EDGE('',*,*,#3402,.T.);
#3402 = EDGE_CURVE('',#3403,#3405,#3407,.T.);
#3403 = VERTEX_POINT('',#3404);
#3404 = CARTESIAN_POINT('',(-388.,177.,240.));
#3405 = VERTEX_POINT('',#3406);
#3406 = CARTESIAN_POINT('',(-388.,127.,240.));
#3407 = SURFACE_CURVE('',#3408,(#3412,#3418),.PCURVE_S1.);
#3408 = LINE('',#3409,#3410);
#3409 = CARTESIAN_POINT('',(-388.,155.41421356237,240.));
#3410 = VECTOR('',#3411,1.);
#3411 = DIRECTION('',(0.,-1.,0.));
#3412 = PCURVE('',#2280,#3413);
#3413 = DEFINITIONAL_REPRESENTATION('',(#3414),#3417);
#3414 = B_SPLINE_CURVE_WITH_KNOTS('',1,(#3415,#3416),.UNSPECIFIED.,.F.,
  .F.,(2,2),(-21.58578643762,28.414213562373),.PIECEWISE_BEZIER_KNOTS.);
#3415 = CARTESIAN_POINT('',(6.828427124746,-179.));
#3416 = CARTESIAN_POINT('',(56.828427124746,-179.));
#3417 = ( GEOMETRIC_REPRESENTATION_CONTEXT(2) 
PARAMETRIC_REPRESENTATION_CONTEXT() REPRESENTATION_CONTEXT('2D SPACE',''
  ) );
#3418 = PCURVE('',#2757,#3419);
#3419 = DEFINITIONAL_REPRESENTATION('',(#3420),#3423);
#3420 = B_SPLINE_CURVE_WITH_KNOTS('',1,(#3421,#3422),.UNSPECIFIED.,.F.,
  .F.,(2,2),(-21.58578643762,28.414213562373),.PIECEWISE_BEZIER_KNOTS.);
#3421 = CARTESIAN_POINT('',(7.,50.));
#3422 = CARTESIAN_POINT('',(7.,0.));
#3423 = ( GEOMETRIC_REPRESENTATION_CONTEXT(2) 
PARAMETRIC_REPRESENTATION_CONTEXT() REPRESENTATION_CONTEXT('2D SPACE',''
  ) );
#3424 = ORIENTED_EDGE('',*,*,#3425,.T.);
#3425 = EDGE_CURVE('',#3405,#3426,#3428,.T.);
#3426 = VERTEX_POINT('',#3427);
#3427 = CARTESIAN_POINT('',(-388.,127.,290.));
#3428 = SURFACE_CURVE('',#3429,(#3433,#3439),.PCURVE_S1.);
#3429 = LINE('',#3430,#3431);
#3430 = CARTESIAN_POINT('',(-388.,127.,150.5));
#3431 = VECTOR('',#3432,1.);
#3432 = DIRECTION('',(0.,0.,1.));
#3433 = PCURVE('',#2280,#3434);
#3434 = DEFINITIONAL_REPRESENTATION('',(#3435),#3438);
#3435 = B_SPLINE_CURVE_WITH_KNOTS('',1,(#3436,#3437),.UNSPECIFIED.,.F.,
  .F.,(2,2),(89.5,139.5),.PIECEWISE_BEZIER_KNOTS.);
#3436 = CARTESIAN_POINT('',(56.828427124746,-179.));
#3437 = CARTESIAN_POINT('',(56.828427124746,-229.));
#3438 = ( GEOMETRIC_REPRESENTATION_CONTEXT(2) 
PARAMETRIC_REPRESENTATION_CONTEXT() REPRESENTATION_CONTEXT('2D SPACE',''
  ) );
#3439 = PCURVE('',#2783,#3440);
#3440 = DEFINITIONAL_REPRESENTATION('',(#3441),#3444);
#3441 = B_SPLINE_CURVE_WITH_KNOTS('',1,(#3442,#3443),.UNSPECIFIED.,.F.,
  .F.,(2,2),(89.5,139.5),.PIECEWISE_BEZIER_KNOTS.);
#3442 = CARTESIAN_POINT('',(0.,7.));
#3443 = CARTESIAN_POINT('',(50.,7.));
#3444 = ( GEOMETRIC_REPRESENTATION_CONTEXT(2) 
PARAMETRIC_REPRESENTATION_CONTEXT() REPRESENTATION_CONTEXT('2D SPACE',''
  ) );
#3445 = ORIENTED_EDGE('',*,*,#3446,.F.);
#3446 = EDGE_CURVE('',#3447,#3426,#3449,.T.);
#3447 = VERTEX_POINT('',#3448);
#3448 = CARTESIAN_POINT('',(-388.,177.,290.));
#3449 = SURFACE_CURVE('',#3450,(#3454,#3460),.PCURVE_S1.);
#3450 = LINE('',#3451,#3452);
#3451 = CARTESIAN_POINT('',(-388.,155.41421356237,290.));
#3452 = VECTOR('',#3453,1.);
#3453 = DIRECTION('',(0.,-1.,0.));
#3454 = PCURVE('',#2280,#3455);
#3455 = DEFINITIONAL_REPRESENTATION('',(#3456),#3459);
#3456 = B_SPLINE_CURVE_WITH_KNOTS('',1,(#3457,#3458),.UNSPECIFIED.,.F.,
  .F.,(2,2),(-21.58578643762,28.414213562373),.PIECEWISE_BEZIER_KNOTS.);
#3457 = CARTESIAN_POINT('',(6.828427124746,-229.));
#3458 = CARTESIAN_POINT('',(56.828427124746,-229.));
#3459 = ( GEOMETRIC_REPRESENTATION_CONTEXT(2) 
PARAMETRIC_REPRESENTATION_CONTEXT() REPRESENTATION_CONTEXT('2D SPACE',''
  ) );
#3460 = PCURVE('',#2809,#3461);
#3461 = DEFINITIONAL_REPRESENTATION('',(#3462),#3465);
#3462 = B_SPLINE_CURVE_WITH_KNOTS('',1,(#3463,#3464),.UNSPECIFIED.,.F.,
  .F.,(2,2),(-21.58578643762,28.414213562373),.PIECEWISE_BEZIER_KNOTS.);
#3463 = CARTESIAN_POINT('',(7.,50.));
#3464 = CARTESIAN_POINT('',(7.,0.));
#3465 = ( GEOMETRIC_REPRESENTATION_CONTEXT(2) 
PARAMETRIC_REPRESENTATION_CONTEXT() REPRESENTATION_CONTEXT('2D SPACE',''
  ) );
#3466 = ORIENTED_EDGE('',*,*,#3467,.F.);
#3467 = EDGE_CURVE('',#3403,#3447,#3468,.T.);
#3468 = SURFACE_CURVE('',#3469,(#3473,#3479),.PCURVE_S1.);
#3469 = LINE('',#3470,#3471);
#3470 = CARTESIAN_POINT('',(-388.,177.,150.5));
#3471 = VECTOR('',#3472,1.);
#3472 = DIRECTION('',(0.,0.,1.));
#3473 = PCURVE('',#2280,#3474);
#3474 = DEFINITIONAL_REPRESENTATION('',(#3475),#3478);
#3475 = B_SPLINE_CURVE_WITH_KNOTS('',1,(#3476,#3477),.UNSPECIFIED.,.F.,
  .F.,(2,2),(89.5,139.5),.PIECEWISE_BEZIER_KNOTS.);
#3476 = CARTESIAN_POINT('',(6.828427124746,-179.));
#3477 = CARTESIAN_POINT('',(6.828427124746,-229.));
#3478 = ( GEOMETRIC_REPRESENTATION_CONTEXT(2) 
PARAMETRIC_REPRESENTATION_CONTEXT() REPRESENTATION_CONTEXT('2D SPACE',''
  ) );
#3479 = PCURVE('',#2833,#3480);
#3480 = DEFINITIONAL_REPRESENTATION('',(#3481),#3484);
#3481 = B_SPLINE_CURVE_WITH_KNOTS('',1,(#3482,#3483),.UNSPECIFIED.,.F.,
  .F.,(2,2),(89.5,139.5),.PIECEWISE_BEZIER_KNOTS.);
#3482 = CARTESIAN_POINT('',(0.,7.));
#3483 = CARTESIAN_POINT('',(50.,7.));
#3484 = ( GEOMETRIC_REPRESENTATION_CONTEXT(2) 
PARAMETRIC_REPRESENTATION_CONTEXT() REPRESENTATION_CONTEXT('2D SPACE',''
  ) );
#3485 = FACE_BOUND('',#3486,.T.);
#3486 = EDGE_LOOP('',(#3487,#3510,#3531,#3552));
#3487 = ORIENTED_EDGE('',*,*,#3488,.T.);
#3488 = EDGE_CURVE('',#3489,#3491,#3493,.T.);
#3489 = VERTEX_POINT('',#3490);
#3490 = CARTESIAN_POINT('',(-388.,-127.,240.));
#3491 = VERTEX_POINT('',#3492);
#3492 = CARTESIAN_POINT('',(-388.,-177.,240.));
#3493 = SURFACE_CURVE('',#3494,(#3498,#3504),.PCURVE_S1.);
#3494 = LINE('',#3495,#3496);
#3495 = CARTESIAN_POINT('',(-388.,3.414213562373,240.));
#3496 = VECTOR('',#3497,1.);
#3497 = DIRECTION('',(0.,-1.,0.));
#3498 = PCURVE('',#2280,#3499);
#3499 = DEFINITIONAL_REPRESENTATION('',(#3500),#3503);
#3500 = B_SPLINE_CURVE_WITH_KNOTS('',1,(#3501,#3502),.UNSPECIFIED.,.F.,
  .F.,(2,2),(130.41421356237,180.41421356237),.PIECEWISE_BEZIER_KNOTS.);
#3501 = CARTESIAN_POINT('',(310.82842712474,-179.));
#3502 = CARTESIAN_POINT('',(360.82842712474,-179.));
#3503 = ( GEOMETRIC_REPRESENTATION_CONTEXT(2) 
PARAMETRIC_REPRESENTATION_CONTEXT() REPRESENTATION_CONTEXT('2D SPACE',''
  ) );
#3504 = PCURVE('',#2863,#3505);
#3505 = DEFINITIONAL_REPRESENTATION('',(#3506),#3509);
#3506 = B_SPLINE_CURVE_WITH_KNOTS('',1,(#3507,#3508),.UNSPECIFIED.,.F.,
  .F.,(2,2),(130.41421356237,180.41421356237),.PIECEWISE_BEZIER_KNOTS.);
#3507 = CARTESIAN_POINT('',(7.,50.));
#3508 = CARTESIAN_POINT('',(7.,0.));
#3509 = ( GEOMETRIC_REPRESENTATION_CONTEXT(2) 
PARAMETRIC_REPRESENTATION_CONTEXT() REPRESENTATION_CONTEXT('2D SPACE',''
  ) );
#3510 = ORIENTED_EDGE('',*,*,#3511,.T.);
#3511 = EDGE_CURVE('',#3491,#3512,#3514,.T.);
#3512 = VERTEX_POINT('',#3513);
#3513 = CARTESIAN_POINT('',(-388.,-177.,290.));
#3514 = SURFACE_CURVE('',#3515,(#3519,#3525),.PCURVE_S1.);
#3515 = LINE('',#3516,#3517);
#3516 = CARTESIAN_POINT('',(-388.,-177.,150.5));
#3517 = VECTOR('',#3518,1.);
#3518 = DIRECTION('',(0.,0.,1.));
#3519 = PCURVE('',#2280,#3520);
#3520 = DEFINITIONAL_REPRESENTATION('',(#3521),#3524);
#3521 = B_SPLINE_CURVE_WITH_KNOTS('',1,(#3522,#3523),.UNSPECIFIED.,.F.,
  .F.,(2,2),(89.5,139.5),.PIECEWISE_BEZIER_KNOTS.);
#3522 = CARTESIAN_POINT('',(360.82842712474,-179.));
#3523 = CARTESIAN_POINT('',(360.82842712474,-229.));
#3524 = ( GEOMETRIC_REPRESENTATION_CONTEXT(2) 
PARAMETRIC_REPRESENTATION_CONTEXT() REPRESENTATION_CONTEXT('2D SPACE',''
  ) );
#3525 = PCURVE('',#2889,#3526);
#3526 = DEFINITIONAL_REPRESENTATION('',(#3527),#3530);
#3527 = B_SPLINE_CURVE_WITH_KNOTS('',1,(#3528,#3529),.UNSPECIFIED.,.F.,
  .F.,(2,2),(89.5,139.5),.PIECEWISE_BEZIER_KNOTS.);
#3528 = CARTESIAN_POINT('',(0.,7.));
#3529 = CARTESIAN_POINT('',(50.,7.));
#3530 = ( GEOMETRIC_REPRESENTATION_CONTEXT(2) 
PARAMETRIC_REPRESENTATION_CONTEXT() REPRESENTATION_CONTEXT('2D SPACE',''
  ) );
#3531 = ORIENTED_EDGE('',*,*,#3532,.F.);
#3532 = EDGE_CURVE('',#3533,#3512,#3535,.T.);
#3533 = VERTEX_POINT('',#3534);
#3534 = CARTESIAN_POINT('',(-388.,-127.,290.));
#3535 = SURFACE_CURVE('',#3536,(#3540,#3546),.PCURVE_S1.);
#3536 = LINE('',#3537,#3538);
#3537 = CARTESIAN_POINT('',(-388.,3.414213562373,290.));
#3538 = VECTOR('',#3539,1.);
#3539 = DIRECTION('',(0.,-1.,0.));
#3540 = PCURVE('',#2280,#3541);
#3541 = DEFINITIONAL_REPRESENTATION('',(#3542),#3545);
#3542 = B_SPLINE_CURVE_WITH_KNOTS('',1,(#3543,#3544),.UNSPECIFIED.,.F.,
  .F.,(2,2),(130.41421356237,180.41421356237),.PIECEWISE_BEZIER_KNOTS.);
#3543 = CARTESIAN_POINT('',(310.82842712474,-229.));
#3544 = CARTESIAN_POINT('',(360.82842712474,-229.));
#3545 = ( GEOMETRIC_REPRESENTATION_CONTEXT(2) 
PARAMETRIC_REPRESENTATION_CONTEXT() REPRESENTATION_CONTEXT('2D SPACE',''
  ) );
#3546 = PCURVE('',#2915,#3547);
#3547 = DEFINITIONAL_REPRESENTATION('',(#3548),#3551);
#3548 = B_SPLINE_CURVE_WITH_KNOTS('',1,(#3549,#3550),.UNSPECIFIED.,.F.,
  .F.,(2,2),(130.41421356237,180.41421356237),.PIECEWISE_BEZIER_KNOTS.);
#3549 = CARTESIAN_POINT('',(7.,50.));
#3550 = CARTESIAN_POINT('',(7.,0.));
#3551 = ( GEOMETRIC_REPRESENTATION_CONTEXT(2) 
PARAMETRIC_REPRESENTATION_CONTEXT() REPRESENTATION_CONTEXT('2D SPACE',''
  ) );
#3552 = ORIENTED_EDGE('',*,*,#3553,.F.);
#3553 = EDGE_CURVE('',#3489,#3533,#3554,.T.);
#3554 = SURFACE_CURVE('',#3555,(#3559,#3565),.PCURVE_S1.);
#3555 = LINE('',#3556,#3557);
#3556 = CARTESIAN_POINT('',(-388.,-127.,150.5));
#3557 = VECTOR('',#3558,1.);
#3558 = DIRECTION('',(0.,0.,1.));
#3559 = PCURVE('',#2280,#3560);
#3560 = DEFINITIONAL_REPRESENTATION('',(#3561),#3564);
#3561 = B_SPLINE_CURVE_WITH_KNOTS('',1,(#3562,#3563),.UNSPECIFIED.,.F.,
  .F.,(2,2),(89.5,139.5),.PIECEWISE_BEZIER_KNOTS.);
#3562 = CARTESIAN_POINT('',(310.82842712474,-179.));
#3563 = CARTESIAN_POINT('',(310.82842712474,-229.));
#3564 = ( GEOMETRIC_REPRESENTATION_CONTEXT(2) 
PARAMETRIC_REPRESENTATION_CONTEXT() REPRESENTATION_CONTEXT('2D SPACE',''
  ) );
#3565 = PCURVE('',#2939,#3566);
#3566 = DEFINITIONAL_REPRESENTATION('',(#3567),#3570);
#3567 = B_SPLINE_CURVE_WITH_KNOTS('',1,(#3568,#3569),.UNSPECIFIED.,.F.,
  .F.,(2,2),(89.5,139.5),.PIECEWISE_BEZIER_KNOTS.);
#3568 = CARTESIAN_POINT('',(0.,7.));
#3569 = CARTESIAN_POINT('',(50.,7.));
#3570 = ( GEOMETRIC_REPRESENTATION_CONTEXT(2) 
PARAMETRIC_REPRESENTATION_CONTEXT() REPRESENTATION_CONTEXT('2D SPACE',''
  ) );
#3571 = ADVANCED_FACE('',(#3572),#2254,.T.);
#3572 = FACE_BOUND('',#3573,.T.);
#3573 = EDGE_LOOP('',(#3574,#3597,#3616,#3617));
#3574 = ORIENTED_EDGE('',*,*,#3575,.F.);
#3575 = EDGE_CURVE('',#3576,#2214,#3578,.T.);
#3576 = VERTEX_POINT('',#3577);
#3577 = CARTESIAN_POINT('',(-293.8284271247,-278.,204.5));
#3578 = SURFACE_CURVE('',#3579,(#3583,#3590),.PCURVE_S1.);
#3579 = LINE('',#3580,#3581);
#3580 = CARTESIAN_POINT('',(-293.8284271247,-278.,61.));
#3581 = VECTOR('',#3582,1.);
#3582 = DIRECTION('',(0.,0.,1.));
#3583 = PCURVE('',#2254,#3584);
#3584 = DEFINITIONAL_REPRESENTATION('',(#3585),#3589);
#3585 = LINE('',#3586,#3587);
#3586 = CARTESIAN_POINT('',(133.17871555019,0.));
#3587 = VECTOR('',#3588,1.);
#3588 = DIRECTION('',(0.,-1.));
#3589 = ( GEOMETRIC_REPRESENTATION_CONTEXT(2) 
PARAMETRIC_REPRESENTATION_CONTEXT() REPRESENTATION_CONTEXT('2D SPACE',''
  ) );
#3590 = PCURVE('',#2228,#3591);
#3591 = DEFINITIONAL_REPRESENTATION('',(#3592),#3596);
#3592 = LINE('',#3593,#3594);
#3593 = CARTESIAN_POINT('',(0.,0.));
#3594 = VECTOR('',#3595,1.);
#3595 = DIRECTION('',(0.,-1.));
#3596 = ( GEOMETRIC_REPRESENTATION_CONTEXT(2) 
PARAMETRIC_REPRESENTATION_CONTEXT() REPRESENTATION_CONTEXT('2D SPACE',''
  ) );
#3597 = ORIENTED_EDGE('',*,*,#3598,.F.);
#3598 = EDGE_CURVE('',#3279,#3576,#3599,.T.);
#3599 = SURFACE_CURVE('',#3600,(#3604,#3610),.PCURVE_S1.);
#3600 = LINE('',#3601,#3602);
#3601 = CARTESIAN_POINT('',(-361.9571067811,-209.8713203435,204.5));
#3602 = VECTOR('',#3603,1.);
#3603 = DIRECTION('',(0.707106781187,-0.707106781187,0.));
#3604 = PCURVE('',#2254,#3605);
#3605 = DEFINITIONAL_REPRESENTATION('',(#3606),#3609);
#3606 = B_SPLINE_CURVE_WITH_KNOTS('',1,(#3607,#3608),.UNSPECIFIED.,.F.,
  .F.,(2,2),(-36.83021279348,96.34850275671),.PIECEWISE_BEZIER_KNOTS.);
#3607 = CARTESIAN_POINT('',(0.,-143.5));
#3608 = CARTESIAN_POINT('',(133.17871555019,-143.5));
#3609 = ( GEOMETRIC_REPRESENTATION_CONTEXT(2) 
PARAMETRIC_REPRESENTATION_CONTEXT() REPRESENTATION_CONTEXT('2D SPACE',''
  ) );
#3610 = PCURVE('',#2499,#3611);
#3611 = DEFINITIONAL_REPRESENTATION('',(#3612),#3615);
#3612 = B_SPLINE_CURVE_WITH_KNOTS('',1,(#3613,#3614),.UNSPECIFIED.,.F.,
  .F.,(2,2),(-36.83021279348,96.34850275671),.PIECEWISE_BEZIER_KNOTS.);
#3613 = CARTESIAN_POINT('',(112.,216.17157287525));
#3614 = CARTESIAN_POINT('',(206.17157287525,122.));
#3615 = ( GEOMETRIC_REPRESENTATION_CONTEXT(2) 
PARAMETRIC_REPRESENTATION_CONTEXT() REPRESENTATION_CONTEXT('2D SPACE',''
  ) );
#3616 = ORIENTED_EDGE('',*,*,#3278,.T.);
#3617 = ORIENTED_EDGE('',*,*,#2239,.F.);
#3618 = ADVANCED_FACE('',(#3619),#2228,.T.);
#3619 = FACE_BOUND('',#3620,.T.);
#3620 = EDGE_LOOP('',(#3621,#3622,#3643,#3662));
#3621 = ORIENTED_EDGE('',*,*,#2213,.F.);
#3622 = ORIENTED_EDGE('',*,*,#3623,.T.);
#3623 = EDGE_CURVE('',#2188,#3624,#3626,.T.);
#3624 = VERTEX_POINT('',#3625);
#3625 = CARTESIAN_POINT('',(-260.,-278.,204.5));
#3626 = SURFACE_CURVE('',#3627,(#3631,#3637),.PCURVE_S1.);
#3627 = LINE('',#3628,#3629);
#3628 = CARTESIAN_POINT('',(-260.,-278.,30.5));
#3629 = VECTOR('',#3630,1.);
#3630 = DIRECTION('',(-0.,0.,-1.));
#3631 = PCURVE('',#2228,#3632);
#3632 = DEFINITIONAL_REPRESENTATION('',(#3633),#3636);
#3633 = B_SPLINE_CURVE_WITH_KNOTS('',1,(#3634,#3635),.UNSPECIFIED.,.F.,
  .F.,(2,2),(-306.5,-174.),.PIECEWISE_BEZIER_KNOTS.);
#3634 = CARTESIAN_POINT('',(33.828427124746,-276.));
#3635 = CARTESIAN_POINT('',(33.828427124746,-143.5));
#3636 = ( GEOMETRIC_REPRESENTATION_CONTEXT(2) 
PARAMETRIC_REPRESENTATION_CONTEXT() REPRESENTATION_CONTEXT('2D SPACE',''
  ) );
#3637 = PCURVE('',#2202,#3638);
#3638 = DEFINITIONAL_REPRESENTATION('',(#3639),#3642);
#3639 = B_SPLINE_CURVE_WITH_KNOTS('',1,(#3640,#3641),.UNSPECIFIED.,.F.,
  .F.,(2,2),(-306.5,-174.),.PIECEWISE_BEZIER_KNOTS.);
#3640 = CARTESIAN_POINT('',(337.,-122.));
#3641 = CARTESIAN_POINT('',(204.5,-122.));
#3642 = ( GEOMETRIC_REPRESENTATION_CONTEXT(2) 
PARAMETRIC_REPRESENTATION_CONTEXT() REPRESENTATION_CONTEXT('2D SPACE',''
  ) );
#3643 = ORIENTED_EDGE('',*,*,#3644,.F.);
#3644 = EDGE_CURVE('',#3576,#3624,#3645,.T.);
#3645 = SURFACE_CURVE('',#3646,(#3650,#3656),.PCURVE_S1.);
#3646 = LINE('',#3647,#3648);
#3647 = CARTESIAN_POINT('',(-396.9142135623,-278.,204.5));
#3648 = VECTOR('',#3649,1.);
#3649 = DIRECTION('',(1.,0.,0.));
#3650 = PCURVE('',#2228,#3651);
#3651 = DEFINITIONAL_REPRESENTATION('',(#3652),#3655);
#3652 = B_SPLINE_CURVE_WITH_KNOTS('',1,(#3653,#3654),.UNSPECIFIED.,.F.,
  .F.,(2,2),(103.08578643762,690.74264068711),.PIECEWISE_BEZIER_KNOTS.);
#3653 = CARTESIAN_POINT('',(0.,-143.5));
#3654 = CARTESIAN_POINT('',(587.65685424949,-143.5));
#3655 = ( GEOMETRIC_REPRESENTATION_CONTEXT(2) 
PARAMETRIC_REPRESENTATION_CONTEXT() REPRESENTATION_CONTEXT('2D SPACE',''
  ) );
#3656 = PCURVE('',#2499,#3657);
#3657 = DEFINITIONAL_REPRESENTATION('',(#3658),#3661);
#3658 = B_SPLINE_CURVE_WITH_KNOTS('',1,(#3659,#3660),.UNSPECIFIED.,.F.,
  .F.,(2,2),(103.08578643762,690.74264068711),.PIECEWISE_BEZIER_KNOTS.);
#3659 = CARTESIAN_POINT('',(206.17157287525,122.));
#3660 = CARTESIAN_POINT('',(793.82842712474,122.));
#3661 = ( GEOMETRIC_REPRESENTATION_CONTEXT(2) 
PARAMETRIC_REPRESENTATION_CONTEXT() REPRESENTATION_CONTEXT('2D SPACE',''
  ) );
#3662 = ORIENTED_EDGE('',*,*,#3575,.T.);
#3663 = ADVANCED_FACE('',(#3664),#2202,.T.);
#3664 = FACE_BOUND('',#3665,.T.);
#3665 = EDGE_LOOP('',(#3666,#3667,#3668,#3687));
#3666 = ORIENTED_EDGE('',*,*,#2187,.F.);
#3667 = ORIENTED_EDGE('',*,*,#2532,.T.);
#3668 = ORIENTED_EDGE('',*,*,#3669,.T.);
#3669 = EDGE_CURVE('',#2485,#3624,#3670,.T.);
#3670 = SURFACE_CURVE('',#3671,(#3675,#3681),.PCURVE_S1.);
#3671 = LINE('',#3672,#3673);
#3672 = CARTESIAN_POINT('',(-260.,-400.,204.5));
#3673 = VECTOR('',#3674,1.);
#3674 = DIRECTION('',(-0.,1.,0.));
#3675 = PCURVE('',#2202,#3676);
#3676 = DEFINITIONAL_REPRESENTATION('',(#3677),#3680);
#3677 = B_SPLINE_CURVE_WITH_KNOTS('',1,(#3678,#3679),.UNSPECIFIED.,.F.,
  .F.,(2,2),(120.,605.05425232909),.PIECEWISE_BEZIER_KNOTS.);
#3678 = CARTESIAN_POINT('',(204.5,-120.));
#3679 = CARTESIAN_POINT('',(204.5,-605.054252329));
#3680 = ( GEOMETRIC_REPRESENTATION_CONTEXT(2) 
PARAMETRIC_REPRESENTATION_CONTEXT() REPRESENTATION_CONTEXT('2D SPACE',''
  ) );
#3681 = PCURVE('',#2499,#3682);
#3682 = DEFINITIONAL_REPRESENTATION('',(#3683),#3686);
#3683 = B_SPLINE_CURVE_WITH_KNOTS('',1,(#3684,#3685),.UNSPECIFIED.,.F.,
  .F.,(2,2),(120.,605.05425232909),.PIECEWISE_BEZIER_KNOTS.);
#3684 = CARTESIAN_POINT('',(240.,120.));
#3685 = CARTESIAN_POINT('',(240.,605.05425232909));
#3686 = ( GEOMETRIC_REPRESENTATION_CONTEXT(2) 
PARAMETRIC_REPRESENTATION_CONTEXT() REPRESENTATION_CONTEXT('2D SPACE',''
  ) );
#3687 = ORIENTED_EDGE('',*,*,#3623,.F.);
#3688 = ADVANCED_FACE('',(#3689),#2499,.F.);
#3689 = FACE_BOUND('',#3690,.F.);
#3690 = EDGE_LOOP('',(#3691,#3713,#3714,#3715,#3716,#3717,#3718,#3719,
    #3720,#3721));
#3691 = ORIENTED_EDGE('',*,*,#3692,.F.);
#3692 = EDGE_CURVE('',#2954,#3213,#3693,.T.);
#3693 = SURFACE_CURVE('',#3694,(#3699,#3706),.PCURVE_S1.);
#3694 = CIRCLE('',#3695,80.);
#3695 = AXIS2_PLACEMENT_3D('',#3696,#3697,#3698);
#3696 = CARTESIAN_POINT('',(-290.,208.,204.5));
#3697 = DIRECTION('',(0.,0.,1.));
#3698 = DIRECTION('',(1.,0.,-0.));
#3699 = PCURVE('',#2499,#3700);
#3700 = DEFINITIONAL_REPRESENTATION('',(#3701),#3705);
#3701 = CIRCLE('',#3702,80.);
#3702 = AXIS2_PLACEMENT_2D('',#3703,#3704);
#3703 = CARTESIAN_POINT('',(210.,608.));
#3704 = DIRECTION('',(1.,0.));
#3705 = ( GEOMETRIC_REPRESENTATION_CONTEXT(2) 
PARAMETRIC_REPRESENTATION_CONTEXT() REPRESENTATION_CONTEXT('2D SPACE',''
  ) );
#3706 = PCURVE('',#2989,#3707);
#3707 = DEFINITIONAL_REPRESENTATION('',(#3708),#3712);
#3708 = LINE('',#3709,#3710);
#3709 = CARTESIAN_POINT('',(0.,82.5));
#3710 = VECTOR('',#3711,1.);
#3711 = DIRECTION('',(1.,0.));
#3712 = ( GEOMETRIC_REPRESENTATION_CONTEXT(2) 
PARAMETRIC_REPRESENTATION_CONTEXT() REPRESENTATION_CONTEXT('2D SPACE',''
  ) );
#3713 = ORIENTED_EDGE('',*,*,#2953,.T.);
#3714 = ORIENTED_EDGE('',*,*,#2601,.T.);
#3715 = ORIENTED_EDGE('',*,*,#2554,.T.);
#3716 = ORIENTED_EDGE('',*,*,#2482,.T.);
#3717 = ORIENTED_EDGE('',*,*,#3669,.T.);
#3718 = ORIENTED_EDGE('',*,*,#3644,.F.);
#3719 = ORIENTED_EDGE('',*,*,#3598,.F.);
#3720 = ORIENTED_EDGE('',*,*,#3301,.F.);
#3721 = ORIENTED_EDGE('',*,*,#3212,.F.);
#3722 = ADVANCED_FACE('',(#3723),#2664,.F.);
#3723 = FACE_BOUND('',#3724,.F.);
#3724 = EDGE_LOOP('',(#3725,#3726,#3747,#3748));
#3725 = ORIENTED_EDGE('',*,*,#3324,.F.);
#3726 = ORIENTED_EDGE('',*,*,#3727,.F.);
#3727 = EDGE_CURVE('',#2648,#3325,#3728,.T.);
#3728 = SEAM_CURVE('',#3729,(#3733,#3740),.PCURVE_S1.);
#3729 = LINE('',#3730,#3731);
#3730 = CARTESIAN_POINT('',(-395.,50.,334.));
#3731 = VECTOR('',#3732,1.);
#3732 = DIRECTION('',(1.,0.,0.));
#3733 = PCURVE('',#2664,#3734);
#3734 = DEFINITIONAL_REPRESENTATION('',(#3735),#3739);
#3735 = LINE('',#3736,#3737);
#3736 = CARTESIAN_POINT('',(6.28318530718,-0.));
#3737 = VECTOR('',#3738,1.);
#3738 = DIRECTION('',(0.,1.));
#3739 = ( GEOMETRIC_REPRESENTATION_CONTEXT(2) 
PARAMETRIC_REPRESENTATION_CONTEXT() REPRESENTATION_CONTEXT('2D SPACE',''
  ) );
#3740 = PCURVE('',#2664,#3741);
#3741 = DEFINITIONAL_REPRESENTATION('',(#3742),#3746);
#3742 = LINE('',#3743,#3744);
#3743 = CARTESIAN_POINT('',(0.,-0.));
#3744 = VECTOR('',#3745,1.);
#3745 = DIRECTION('',(0.,1.));
#3746 = ( GEOMETRIC_REPRESENTATION_CONTEXT(2) 
PARAMETRIC_REPRESENTATION_CONTEXT() REPRESENTATION_CONTEXT('2D SPACE',''
  ) );
#3747 = ORIENTED_EDGE('',*,*,#2647,.T.);
#3748 = ORIENTED_EDGE('',*,*,#3727,.T.);
#3749 = ADVANCED_FACE('',(#3750),#2695,.F.);
#3750 = FACE_BOUND('',#3751,.F.);
#3751 = EDGE_LOOP('',(#3752,#3753,#3774,#3775));
#3752 = ORIENTED_EDGE('',*,*,#3350,.F.);
#3753 = ORIENTED_EDGE('',*,*,#3754,.F.);
#3754 = EDGE_CURVE('',#2679,#3351,#3755,.T.);
#3755 = SEAM_CURVE('',#3756,(#3760,#3767),.PCURVE_S1.);
#3756 = LINE('',#3757,#3758);
#3757 = CARTESIAN_POINT('',(-395.,3.918869757272E-15,334.));
#3758 = VECTOR('',#3759,1.);
#3759 = DIRECTION('',(1.,0.,0.));
#3760 = PCURVE('',#2695,#3761);
#3761 = DEFINITIONAL_REPRESENTATION('',(#3762),#3766);
#3762 = LINE('',#3763,#3764);
#3763 = CARTESIAN_POINT('',(6.28318530718,-0.));
#3764 = VECTOR('',#3765,1.);
#3765 = DIRECTION('',(0.,1.));
#3766 = ( GEOMETRIC_REPRESENTATION_CONTEXT(2) 
PARAMETRIC_REPRESENTATION_CONTEXT() REPRESENTATION_CONTEXT('2D SPACE',''
  ) );
#3767 = PCURVE('',#2695,#3768);
#3768 = DEFINITIONAL_REPRESENTATION('',(#3769),#3773);
#3769 = LINE('',#3770,#3771);
#3770 = CARTESIAN_POINT('',(0.,-0.));
#3771 = VECTOR('',#3772,1.);
#3772 = DIRECTION('',(0.,1.));
#3773 = ( GEOMETRIC_REPRESENTATION_CONTEXT(2) 
PARAMETRIC_REPRESENTATION_CONTEXT() REPRESENTATION_CONTEXT('2D SPACE',''
  ) );
#3774 = ORIENTED_EDGE('',*,*,#2678,.T.);
#3775 = ORIENTED_EDGE('',*,*,#3754,.T.);
#3776 = ADVANCED_FACE('',(#3777),#2726,.F.);
#3777 = FACE_BOUND('',#3778,.F.);
#3778 = EDGE_LOOP('',(#3779,#3780,#3801,#3802));
#3779 = ORIENTED_EDGE('',*,*,#3376,.F.);
#3780 = ORIENTED_EDGE('',*,*,#3781,.F.);
#3781 = EDGE_CURVE('',#2710,#3377,#3782,.T.);
#3782 = SEAM_CURVE('',#3783,(#3787,#3794),.PCURVE_S1.);
#3783 = LINE('',#3784,#3785);
#3784 = CARTESIAN_POINT('',(-395.,-50.,334.));
#3785 = VECTOR('',#3786,1.);
#3786 = DIRECTION('',(1.,0.,0.));
#3787 = PCURVE('',#2726,#3788);
#3788 = DEFINITIONAL_REPRESENTATION('',(#3789),#3793);
#3789 = LINE('',#3790,#3791);
#3790 = CARTESIAN_POINT('',(6.28318530718,-0.));
#3791 = VECTOR('',#3792,1.);
#3792 = DIRECTION('',(0.,1.));
#3793 = ( GEOMETRIC_REPRESENTATION_CONTEXT(2) 
PARAMETRIC_REPRESENTATION_CONTEXT() REPRESENTATION_CONTEXT('2D SPACE',''
  ) );
#3794 = PCURVE('',#2726,#3795);
#3795 = DEFINITIONAL_REPRESENTATION('',(#3796),#3800);
#3796 = LINE('',#3797,#3798);
#3797 = CARTESIAN_POINT('',(0.,-0.));
#3798 = VECTOR('',#3799,1.);
#3799 = DIRECTION('',(0.,1.));
#3800 = ( GEOMETRIC_REPRESENTATION_CONTEXT(2) 
PARAMETRIC_REPRESENTATION_CONTEXT() REPRESENTATION_CONTEXT('2D SPACE',''
  ) );
#3801 = ORIENTED_EDGE('',*,*,#2709,.T.);
#3802 = ORIENTED_EDGE('',*,*,#3781,.T.);
#3803 = ADVANCED_FACE('',(#3804),#2757,.T.);
#3804 = FACE_BOUND('',#3805,.T.);
#3805 = EDGE_LOOP('',(#3806,#3827,#3828,#3849));
#3806 = ORIENTED_EDGE('',*,*,#3807,.F.);
#3807 = EDGE_CURVE('',#2741,#3403,#3808,.T.);
#3808 = SURFACE_CURVE('',#3809,(#3813,#3820),.PCURVE_S1.);
#3809 = LINE('',#3810,#3811);
#3810 = CARTESIAN_POINT('',(-395.,177.,240.));
#3811 = VECTOR('',#3812,1.);
#3812 = DIRECTION('',(1.,0.,-0.));
#3813 = PCURVE('',#2757,#3814);
#3814 = DEFINITIONAL_REPRESENTATION('',(#3815),#3819);
#3815 = LINE('',#3816,#3817);
#3816 = CARTESIAN_POINT('',(0.,50.));
#3817 = VECTOR('',#3818,1.);
#3818 = DIRECTION('',(1.,0.));
#3819 = ( GEOMETRIC_REPRESENTATION_CONTEXT(2) 
PARAMETRIC_REPRESENTATION_CONTEXT() REPRESENTATION_CONTEXT('2D SPACE',''
  ) );
#3820 = PCURVE('',#2833,#3821);
#3821 = DEFINITIONAL_REPRESENTATION('',(#3822),#3826);
#3822 = LINE('',#3823,#3824);
#3823 = CARTESIAN_POINT('',(0.,0.));
#3824 = VECTOR('',#3825,1.);
#3825 = DIRECTION('',(0.,1.));
#3826 = ( GEOMETRIC_REPRESENTATION_CONTEXT(2) 
PARAMETRIC_REPRESENTATION_CONTEXT() REPRESENTATION_CONTEXT('2D SPACE',''
  ) );
#3827 = ORIENTED_EDGE('',*,*,#2740,.T.);
#3828 = ORIENTED_EDGE('',*,*,#3829,.T.);
#3829 = EDGE_CURVE('',#2743,#3405,#3830,.T.);
#3830 = SURFACE_CURVE('',#3831,(#3835,#3842),.PCURVE_S1.);
#3831 = LINE('',#3832,#3833);
#3832 = CARTESIAN_POINT('',(-395.,127.,240.));
#3833 = VECTOR('',#3834,1.);
#3834 = DIRECTION('',(1.,0.,-0.));
#3835 = PCURVE('',#2757,#3836);
#3836 = DEFINITIONAL_REPRESENTATION('',(#3837),#3841);
#3837 = LINE('',#3838,#3839);
#3838 = CARTESIAN_POINT('',(0.,0.));
#3839 = VECTOR('',#3840,1.);
#3840 = DIRECTION('',(1.,0.));
#3841 = ( GEOMETRIC_REPRESENTATION_CONTEXT(2) 
PARAMETRIC_REPRESENTATION_CONTEXT() REPRESENTATION_CONTEXT('2D SPACE',''
  ) );
#3842 = PCURVE('',#2783,#3843);
#3843 = DEFINITIONAL_REPRESENTATION('',(#3844),#3848);
#3844 = LINE('',#3845,#3846);
#3845 = CARTESIAN_POINT('',(0.,0.));
#3846 = VECTOR('',#3847,1.);
#3847 = DIRECTION('',(0.,1.));
#3848 = ( GEOMETRIC_REPRESENTATION_CONTEXT(2) 
PARAMETRIC_REPRESENTATION_CONTEXT() REPRESENTATION_CONTEXT('2D SPACE',''
  ) );
#3849 = ORIENTED_EDGE('',*,*,#3402,.F.);
#3850 = ADVANCED_FACE('',(#3851),#2833,.F.);
#3851 = FACE_BOUND('',#3852,.F.);
#3852 = EDGE_LOOP('',(#3853,#3854,#3855,#3876));
#3853 = ORIENTED_EDGE('',*,*,#3807,.F.);
#3854 = ORIENTED_EDGE('',*,*,#2820,.T.);
#3855 = ORIENTED_EDGE('',*,*,#3856,.T.);
#3856 = EDGE_CURVE('',#2795,#3447,#3857,.T.);
#3857 = SURFACE_CURVE('',#3858,(#3862,#3869),.PCURVE_S1.);
#3858 = LINE('',#3859,#3860);
#3859 = CARTESIAN_POINT('',(-395.,177.,290.));
#3860 = VECTOR('',#3861,1.);
#3861 = DIRECTION('',(1.,0.,-0.));
#3862 = PCURVE('',#2833,#3863);
#3863 = DEFINITIONAL_REPRESENTATION('',(#3864),#3868);
#3864 = LINE('',#3865,#3866);
#3865 = CARTESIAN_POINT('',(50.,0.));
#3866 = VECTOR('',#3867,1.);
#3867 = DIRECTION('',(0.,1.));
#3868 = ( GEOMETRIC_REPRESENTATION_CONTEXT(2) 
PARAMETRIC_REPRESENTATION_CONTEXT() REPRESENTATION_CONTEXT('2D SPACE',''
  ) );
#3869 = PCURVE('',#2809,#3870);
#3870 = DEFINITIONAL_REPRESENTATION('',(#3871),#3875);
#3871 = LINE('',#3872,#3873);
#3872 = CARTESIAN_POINT('',(0.,50.));
#3873 = VECTOR('',#3874,1.);
#3874 = DIRECTION('',(1.,0.));
#3875 = ( GEOMETRIC_REPRESENTATION_CONTEXT(2) 
PARAMETRIC_REPRESENTATION_CONTEXT() REPRESENTATION_CONTEXT('2D SPACE',''
  ) );
#3876 = ORIENTED_EDGE('',*,*,#3467,.F.);
#3877 = ADVANCED_FACE('',(#3878),#2783,.T.);
#3878 = FACE_BOUND('',#3879,.T.);
#3879 = EDGE_LOOP('',(#3880,#3881,#3882,#3903));
#3880 = ORIENTED_EDGE('',*,*,#3829,.F.);
#3881 = ORIENTED_EDGE('',*,*,#2768,.T.);
#3882 = ORIENTED_EDGE('',*,*,#3883,.T.);
#3883 = EDGE_CURVE('',#2769,#3426,#3884,.T.);
#3884 = SURFACE_CURVE('',#3885,(#3889,#3896),.PCURVE_S1.);
#3885 = LINE('',#3886,#3887);
#3886 = CARTESIAN_POINT('',(-395.,127.,290.));
#3887 = VECTOR('',#3888,1.);
#3888 = DIRECTION('',(1.,0.,-0.));
#3889 = PCURVE('',#2783,#3890);
#3890 = DEFINITIONAL_REPRESENTATION('',(#3891),#3895);
#3891 = LINE('',#3892,#3893);
#3892 = CARTESIAN_POINT('',(50.,0.));
#3893 = VECTOR('',#3894,1.);
#3894 = DIRECTION('',(0.,1.));
#3895 = ( GEOMETRIC_REPRESENTATION_CONTEXT(2) 
PARAMETRIC_REPRESENTATION_CONTEXT() REPRESENTATION_CONTEXT('2D SPACE',''
  ) );
#3896 = PCURVE('',#2809,#3897);
#3897 = DEFINITIONAL_REPRESENTATION('',(#3898),#3902);
#3898 = LINE('',#3899,#3900);
#3899 = CARTESIAN_POINT('',(0.,0.));
#3900 = VECTOR('',#3901,1.);
#3901 = DIRECTION('',(1.,0.));
#3902 = ( GEOMETRIC_REPRESENTATION_CONTEXT(2) 
PARAMETRIC_REPRESENTATION_CONTEXT() REPRESENTATION_CONTEXT('2D SPACE',''
  ) );
#3903 = ORIENTED_EDGE('',*,*,#3425,.F.);
#3904 = ADVANCED_FACE('',(#3905),#2809,.F.);
#3905 = FACE_BOUND('',#3906,.F.);
#3906 = EDGE_LOOP('',(#3907,#3908,#3909,#3910));
#3907 = ORIENTED_EDGE('',*,*,#3856,.F.);
#3908 = ORIENTED_EDGE('',*,*,#2794,.T.);
#3909 = ORIENTED_EDGE('',*,*,#3883,.T.);
#3910 = ORIENTED_EDGE('',*,*,#3446,.F.);
#3911 = ADVANCED_FACE('',(#3912),#2863,.T.);
#3912 = FACE_BOUND('',#3913,.T.);
#3913 = EDGE_LOOP('',(#3914,#3935,#3936,#3957));
#3914 = ORIENTED_EDGE('',*,*,#3915,.F.);
#3915 = EDGE_CURVE('',#2847,#3489,#3916,.T.);
#3916 = SURFACE_CURVE('',#3917,(#3921,#3928),.PCURVE_S1.);
#3917 = LINE('',#3918,#3919);
#3918 = CARTESIAN_POINT('',(-395.,-127.,240.));
#3919 = VECTOR('',#3920,1.);
#3920 = DIRECTION('',(1.,0.,-0.));
#3921 = PCURVE('',#2863,#3922);
#3922 = DEFINITIONAL_REPRESENTATION('',(#3923),#3927);
#3923 = LINE('',#3924,#3925);
#3924 = CARTESIAN_POINT('',(0.,50.));
#3925 = VECTOR('',#3926,1.);
#3926 = DIRECTION('',(1.,0.));
#3927 = ( GEOMETRIC_REPRESENTATION_CONTEXT(2) 
PARAMETRIC_REPRESENTATION_CONTEXT() REPRESENTATION_CONTEXT('2D SPACE',''
  ) );
#3928 = PCURVE('',#2939,#3929);
#3929 = DEFINITIONAL_REPRESENTATION('',(#3930),#3934);
#3930 = LINE('',#3931,#3932);
#3931 = CARTESIAN_POINT('',(0.,0.));
#3932 = VECTOR('',#3933,1.);
#3933 = DIRECTION('',(0.,1.));
#3934 = ( GEOMETRIC_REPRESENTATION_CONTEXT(2) 
PARAMETRIC_REPRESENTATION_CONTEXT() REPRESENTATION_CONTEXT('2D SPACE',''
  ) );
#3935 = ORIENTED_EDGE('',*,*,#2846,.T.);
#3936 = ORIENTED_EDGE('',*,*,#3937,.T.);
#3937 = EDGE_CURVE('',#2849,#3491,#3938,.T.);
#3938 = SURFACE_CURVE('',#3939,(#3943,#3950),.PCURVE_S1.);
#3939 = LINE('',#3940,#3941);
#3940 = CARTESIAN_POINT('',(-395.,-177.,240.));
#3941 = VECTOR('',#3942,1.);
#3942 = DIRECTION('',(1.,0.,-0.));
#3943 = PCURVE('',#2863,#3944);
#3944 = DEFINITIONAL_REPRESENTATION('',(#3945),#3949);
#3945 = LINE('',#3946,#3947);
#3946 = CARTESIAN_POINT('',(0.,0.));
#3947 = VECTOR('',#3948,1.);
#3948 = DIRECTION('',(1.,0.));
#3949 = ( GEOMETRIC_REPRESENTATION_CONTEXT(2) 
PARAMETRIC_REPRESENTATION_CONTEXT() REPRESENTATION_CONTEXT('2D SPACE',''
  ) );
#3950 = PCURVE('',#2889,#3951);
#3951 = DEFINITIONAL_REPRESENTATION('',(#3952),#3956);
#3952 = LINE('',#3953,#3954);
#3953 = CARTESIAN_POINT('',(0.,0.));
#3954 = VECTOR('',#3955,1.);
#3955 = DIRECTION('',(0.,1.));
#3956 = ( GEOMETRIC_REPRESENTATION_CONTEXT(2) 
PARAMETRIC_REPRESENTATION_CONTEXT() REPRESENTATION_CONTEXT('2D SPACE',''
  ) );
#3957 = ORIENTED_EDGE('',*,*,#3488,.F.);
#3958 = ADVANCED_FACE('',(#3959),#2939,.F.);
#3959 = FACE_BOUND('',#3960,.F.);
#3960 = EDGE_LOOP('',(#3961,#3962,#3963,#3984));
#3961 = ORIENTED_EDGE('',*,*,#3915,.F.);
#3962 = ORIENTED_EDGE('',*,*,#2926,.T.);
#3963 = ORIENTED_EDGE('',*,*,#3964,.T.);
#3964 = EDGE_CURVE('',#2901,#3533,#3965,.T.);
#3965 = SURFACE_CURVE('',#3966,(#3970,#3977),.PCURVE_S1.);
#3966 = LINE('',#3967,#3968);
#3967 = CARTESIAN_POINT('',(-395.,-127.,290.));
#3968 = VECTOR('',#3969,1.);
#3969 = DIRECTION('',(1.,0.,-0.));
#3970 = PCURVE('',#2939,#3971);
#3971 = DEFINITIONAL_REPRESENTATION('',(#3972),#3976);
#3972 = LINE('',#3973,#3974);
#3973 = CARTESIAN_POINT('',(50.,0.));
#3974 = VECTOR('',#3975,1.);
#3975 = DIRECTION('',(0.,1.));
#3976 = ( GEOMETRIC_REPRESENTATION_CONTEXT(2) 
PARAMETRIC_REPRESENTATION_CONTEXT() REPRESENTATION_CONTEXT('2D SPACE',''
  ) );
#3977 = PCURVE('',#2915,#3978);
#3978 = DEFINITIONAL_REPRESENTATION('',(#3979),#3983);
#3979 = LINE('',#3980,#3981);
#3980 = CARTESIAN_POINT('',(0.,50.));
#3981 = VECTOR('',#3982,1.);
#3982 = DIRECTION('',(1.,0.));
#3983 = ( GEOMETRIC_REPRESENTATION_CONTEXT(2) 
PARAMETRIC_REPRESENTATION_CONTEXT() REPRESENTATION_CONTEXT('2D SPACE',''
  ) );
#3984 = ORIENTED_EDGE('',*,*,#3553,.F.);
#3985 = ADVANCED_FACE('',(#3986),#2915,.F.);
#3986 = FACE_BOUND('',#3987,.F.);
#3987 = EDGE_LOOP('',(#3988,#3989,#3990,#4011));
#3988 = ORIENTED_EDGE('',*,*,#3964,.F.);
#3989 = ORIENTED_EDGE('',*,*,#2900,.T.);
#3990 = ORIENTED_EDGE('',*,*,#3991,.T.);
#3991 = EDGE_CURVE('',#2875,#3512,#3992,.T.);
#3992 = SURFACE_CURVE('',#3993,(#3997,#4004),.PCURVE_S1.);
#3993 = LINE('',#3994,#3995);
#3994 = CARTESIAN_POINT('',(-395.,-177.,290.));
#3995 = VECTOR('',#3996,1.);
#3996 = DIRECTION('',(1.,0.,-0.));
#3997 = PCURVE('',#2915,#3998);
#3998 = DEFINITIONAL_REPRESENTATION('',(#3999),#4003);
#3999 = LINE('',#4000,#4001);
#4000 = CARTESIAN_POINT('',(0.,0.));
#4001 = VECTOR('',#4002,1.);
#4002 = DIRECTION('',(1.,0.));
#4003 = ( GEOMETRIC_REPRESENTATION_CONTEXT(2) 
PARAMETRIC_REPRESENTATION_CONTEXT() REPRESENTATION_CONTEXT('2D SPACE',''
  ) );
#4004 = PCURVE('',#2889,#4005);
#4005 = DEFINITIONAL_REPRESENTATION('',(#4006),#4010);
#4006 = LINE('',#4007,#4008);
#4007 = CARTESIAN_POINT('',(50.,0.));
#4008 = VECTOR('',#4009,1.);
#4009 = DIRECTION('',(0.,1.));
#4010 = ( GEOMETRIC_REPRESENTATION_CONTEXT(2) 
PARAMETRIC_REPRESENTATION_CONTEXT() REPRESENTATION_CONTEXT('2D SPACE',''
  ) );
#4011 = ORIENTED_EDGE('',*,*,#3532,.F.);
#4012 = ADVANCED_FACE('',(#4013),#2889,.T.);
#4013 = FACE_BOUND('',#4014,.T.);
#4014 = EDGE_LOOP('',(#4015,#4016,#4017,#4018));
#4015 = ORIENTED_EDGE('',*,*,#3937,.F.);
#4016 = ORIENTED_EDGE('',*,*,#2874,.T.);
#4017 = ORIENTED_EDGE('',*,*,#3991,.T.);
#4018 = ORIENTED_EDGE('',*,*,#3511,.F.);
#4019 = ADVANCED_FACE('',(#4020),#3015,.F.);
#4020 = FACE_BOUND('',#4021,.F.);
#4021 = EDGE_LOOP('',(#4022,#4023,#4024,#4025,#4026,#4048));
#4022 = ORIENTED_EDGE('',*,*,#3165,.F.);
#4023 = ORIENTED_EDGE('',*,*,#3119,.T.);
#4024 = ORIENTED_EDGE('',*,*,#3075,.T.);
#4025 = ORIENTED_EDGE('',*,*,#3000,.T.);
#4026 = ORIENTED_EDGE('',*,*,#4027,.T.);
#4027 = EDGE_CURVE('',#2975,#3234,#4028,.T.);
#4028 = SURFACE_CURVE('',#4029,(#4034,#4041),.PCURVE_S1.);
#4029 = CIRCLE('',#4030,80.);
#4030 = AXIS2_PLACEMENT_3D('',#4031,#4032,#4033);
#4031 = CARTESIAN_POINT('',(-290.,208.,222.));
#4032 = DIRECTION('',(0.,0.,1.));
#4033 = DIRECTION('',(1.,0.,-0.));
#4034 = PCURVE('',#3015,#4035);
#4035 = DEFINITIONAL_REPRESENTATION('',(#4036),#4040);
#4036 = CIRCLE('',#4037,80.);
#4037 = AXIS2_PLACEMENT_2D('',#4038,#4039);
#4038 = CARTESIAN_POINT('',(0.,0.));
#4039 = DIRECTION('',(1.,0.));
#4040 = ( GEOMETRIC_REPRESENTATION_CONTEXT(2) 
PARAMETRIC_REPRESENTATION_CONTEXT() REPRESENTATION_CONTEXT('2D SPACE',''
  ) );
#4041 = PCURVE('',#2989,#4042);
#4042 = DEFINITIONAL_REPRESENTATION('',(#4043),#4047);
#4043 = LINE('',#4044,#4045);
#4044 = CARTESIAN_POINT('',(0.,100.));
#4045 = VECTOR('',#4046,1.);
#4046 = DIRECTION('',(1.,0.));
#4047 = ( GEOMETRIC_REPRESENTATION_CONTEXT(2) 
PARAMETRIC_REPRESENTATION_CONTEXT() REPRESENTATION_CONTEXT('2D SPACE',''
  ) );
#4048 = ORIENTED_EDGE('',*,*,#3254,.F.);
#4049 = ADVANCED_FACE('',(#4050),#2989,.F.);
#4050 = FACE_BOUND('',#4051,.F.);
#4051 = EDGE_LOOP('',(#4052,#4053,#4054,#4055));
#4052 = ORIENTED_EDGE('',*,*,#3233,.T.);
#4053 = ORIENTED_EDGE('',*,*,#4027,.F.);
#4054 = ORIENTED_EDGE('',*,*,#2974,.F.);
#4055 = ORIENTED_EDGE('',*,*,#3692,.T.);
#4056 = ( GEOMETRIC_REPRESENTATION_CONTEXT(3) 
GLOBAL_UNCERTAINTY_ASSIGNED_CONTEXT((#4060)) 
GLOBAL_UNIT_ASSIGNED_CONTEXT((#4057,#4058,#4059)) REPRESENTATION_CONTEXT
('Context #1','3D Context with UNIT and UNCERTAINTY') );
#4057 = ( LENGTH_UNIT() NAMED_UNIT(*) SI_UNIT(.MILLI.,.METRE.) );
#4058 = ( NAMED_UNIT(*) PLANE_ANGLE_UNIT() SI_UNIT($,.RADIAN.) );
#4059 = ( NAMED_UNIT(*) SI_UNIT($,.STERADIAN.) SOLID_ANGLE_UNIT() );
#4060 = UNCERTAINTY_MEASURE_WITH_UNIT(LENGTH_MEASURE(2.E-07),#4057,
  'distance_accuracy_value','confusion accuracy');
#4061 = CONTEXT_DEPENDENT_SHAPE_REPRESENTATION(#4062,#4064);
#4062 = ( REPRESENTATION_RELATIONSHIP('','',#2145,#10) 
REPRESENTATION_RELATIONSHIP_WITH_TRANSFORMATION(#4063) 
SHAPE_REPRESENTATION_RELATIONSHIP() );
#4063 = ITEM_DEFINED_TRANSFORMATION('','',#11,#19);
#4064 = PRODUCT_DEFINITION_SHAPE('Placement','Placement of an item',
  #4065);
#4065 = NEXT_ASSEMBLY_USAGE_OCCURRENCE('22','','',#5,#2140,$);
#4066 = PRODUCT_RELATED_PRODUCT_CATEGORY('part',$,(#2142));
ENDSEC;
END-ISO-10303-21;
