ISO-10303-21;
HEADER;
FILE_DESCRIPTION(('Open CASCADE Model'),'2;1');
FILE_NAME('Open CASCADE Shape Model','2026-10-05T18:20:57',('Author'),(
    'Open CASCADE'),'Open CASCADE STEP processor 7.9','Open CASCADE 7.9'
  ,'Unknown');
FILE_SCHEMA(('AUTOMOTIVE_DESIGN { 1 0 10303 214 1 1 1 1 }'));
ENDSEC;
DATA;
#1 = APPLICATION_PROTOCOL_DEFINITION('international standard',
  'automotive_design',2000,#2);
#2 = APPLICATION_CONTEXT(
  'core data for automotive mechanical design processes');
#3 = SHAPE_DEFINITION_REPRESENTATION(#4,#10);
#4 = PRODUCT_DEFINITION_SHAPE('','',#5);
#5 = PRODUCT_DEFINITION('design','',#6,#9);
#6 = PRODUCT_DEFINITION_FORMATION('','',#7);
#7 = PRODUCT('Open CASCADE STEP translator 7.9 150',
  'Open CASCADE STEP translator 7.9 150','',(#8));
#8 = PRODUCT_CONTEXT('',#2,'mechanical');
#9 = PRODUCT_DEFINITION_CONTEXT('part definition',#2,'design');
#10 = SHAPE_REPRESENTATION('',(#11,#15,#19),#23);
#11 = AXIS2_PLACEMENT_3D('',#12,#13,#14);
#12 = CARTESIAN_POINT('',(0.,0.,0.));
#13 = DIRECTION('',(0.,0.,1.));
#14 = DIRECTION('',(1.,0.,-0.));
#15 = AXIS2_PLACEMENT_3D('',#16,#17,#18);
#16 = CARTESIAN_POINT('',(0.,0.,0.));
#17 = DIRECTION('',(0.,0.,1.));
#18 = DIRECTION('',(1.,0.,-0.));
#19 = AXIS2_PLACEMENT_3D('',#20,#21,#22);
#20 = CARTESIAN_POINT('',(0.,0.,0.));
#21 = DIRECTION('',(0.,0.,1.));
#22 = DIRECTION('',(1.,0.,-0.));
#23 = ( GEOMETRIC_REPRESENTATION_CONTEXT(3) 
GLOBAL_UNCERTAINTY_ASSIGNED_CONTEXT((#27)) GLOBAL_UNIT_ASSIGNED_CONTEXT(
(#24,#25,#26)) REPRESENTATION_CONTEXT('Context #1',
  '3D Context with UNIT and UNCERTAINTY') );
#24 = ( LENGTH_UNIT() NAMED_UNIT(*) SI_UNIT(.MILLI.,.METRE.) );
#25 = ( NAMED_UNIT(*) PLANE_ANGLE_UNIT() SI_UNIT($,.RADIAN.) );
#26 = ( NAMED_UNIT(*) SI_UNIT($,.STERADIAN.) SOLID_ANGLE_UNIT() );
#27 = UNCERTAINTY_MEASURE_WITH_UNIT(LENGTH_MEASURE(2.E-07),#24,
  'distance_accuracy_value','confusion accuracy');
#28 = PRODUCT_RELATED_PRODUCT_CATEGORY('part',$,(#7));
#29 = SHAPE_DEFINITION_REPRESENTATION(#30,#36);
#30 = PRODUCT_DEFINITION_SHAPE('','',#31);
#31 = PRODUCT_DEFINITION('design','',#32,#35);
#32 = PRODUCT_DEFINITION_FORMATION('','',#33);
#33 = PRODUCT('Open CASCADE STEP translator 7.9 150.1',
  'Open CASCADE STEP translator 7.9 150.1','',(#34));
#34 = PRODUCT_CONTEXT('',#2,'mechanical');
#35 = PRODUCT_DEFINITION_CONTEXT('part definition',#2,'design');
#36 = ADVANCED_BREP_SHAPE_REPRESENTATION('',(#11,#37),#1081);
#37 = MANIFOLD_SOLID_BREP('',#38);
#38 = CLOSED_SHELL('',(#39,#151,#221,#526,#573,#812,#837,#880,#908,#936,
    #961,#988,#995,#1022,#1049,#1074));
#39 = ADVANCED_FACE('',(#40),#54,.T.);
#40 = FACE_BOUND('',#41,.T.);
#41 = EDGE_LOOP('',(#42,#75,#101,#127));
#42 = ORIENTED_EDGE('',*,*,#43,.T.);
#43 = EDGE_CURVE('',#44,#46,#48,.T.);
#44 = VERTEX_POINT('',#45);
#45 = CARTESIAN_POINT('',(260.,278.,164.5));
#46 = VERTEX_POINT('',#47);
#47 = CARTESIAN_POINT('',(260.,280.,164.5));
#48 = SURFACE_CURVE('',#49,(#53,#64),.PCURVE_S1.);
#49 = LINE('',#50,#51);
#50 = CARTESIAN_POINT('',(260.,-200.,164.5));
#51 = VECTOR('',#52,1.);
#52 = DIRECTION('',(-0.,1.,0.));
#53 = PCURVE('',#54,#59);
#54 = PLANE('',#55);
#55 = AXIS2_PLACEMENT_3D('',#56,#57,#58);
#56 = CARTESIAN_POINT('',(-500.,-400.,164.5));
#57 = DIRECTION('',(0.,0.,1.));
#58 = DIRECTION('',(1.,0.,-0.));
#59 = DEFINITIONAL_REPRESENTATION('',(#60),#63);
#60 = B_SPLINE_CURVE_WITH_KNOTS('',1,(#61,#62),.UNSPECIFIED.,.F.,.F.,(2,
    2),(200.,480.),.PIECEWISE_BEZIER_KNOTS.);
#61 = CARTESIAN_POINT('',(760.,400.));
#62 = CARTESIAN_POINT('',(760.,680.));
#63 = ( GEOMETRIC_REPRESENTATION_CONTEXT(2) 
PARAMETRIC_REPRESENTATION_CONTEXT() REPRESENTATION_CONTEXT('2D SPACE',''
  ) );
#64 = PCURVE('',#65,#70);
#65 = PLANE('',#66);
#66 = AXIS2_PLACEMENT_3D('',#67,#68,#69);
#67 = CARTESIAN_POINT('',(260.,0.,0.));
#68 = DIRECTION('',(1.,0.,-0.));
#69 = DIRECTION('',(0.,0.,1.));
#70 = DEFINITIONAL_REPRESENTATION('',(#71),#74);
#71 = B_SPLINE_CURVE_WITH_KNOTS('',1,(#72,#73),.UNSPECIFIED.,.F.,.F.,(2,
    2),(200.,480.),.PIECEWISE_BEZIER_KNOTS.);
#72 = CARTESIAN_POINT('',(164.5,0.));
#73 = CARTESIAN_POINT('',(164.5,-280.));
#74 = ( GEOMETRIC_REPRESENTATION_CONTEXT(2) 
PARAMETRIC_REPRESENTATION_CONTEXT() REPRESENTATION_CONTEXT('2D SPACE',''
  ) );
#75 = ORIENTED_EDGE('',*,*,#76,.T.);
#76 = EDGE_CURVE('',#46,#77,#79,.T.);
#77 = VERTEX_POINT('',#78);
#78 = CARTESIAN_POINT('',(25.,280.,164.5));
#79 = SURFACE_CURVE('',#80,(#84,#90),.PCURVE_S1.);
#80 = LINE('',#81,#82);
#81 = CARTESIAN_POINT('',(-102.5,280.,164.5));
#82 = VECTOR('',#83,1.);
#83 = DIRECTION('',(-1.,0.,0.));
#84 = PCURVE('',#54,#85);
#85 = DEFINITIONAL_REPRESENTATION('',(#86),#89);
#86 = B_SPLINE_CURVE_WITH_KNOTS('',1,(#87,#88),.UNSPECIFIED.,.F.,.F.,(2,
    2),(-397.5,192.5),.PIECEWISE_BEZIER_KNOTS.);
#87 = CARTESIAN_POINT('',(795.,680.));
#88 = CARTESIAN_POINT('',(205.,680.));
#89 = ( GEOMETRIC_REPRESENTATION_CONTEXT(2) 
PARAMETRIC_REPRESENTATION_CONTEXT() REPRESENTATION_CONTEXT('2D SPACE',''
  ) );
#90 = PCURVE('',#91,#96);
#91 = PLANE('',#92);
#92 = AXIS2_PLACEMENT_3D('',#93,#94,#95);
#93 = CARTESIAN_POINT('',(295.,280.,62.));
#94 = DIRECTION('',(0.,-1.,0.));
#95 = DIRECTION('',(-1.,0.,0.));
#96 = DEFINITIONAL_REPRESENTATION('',(#97),#100);
#97 = B_SPLINE_CURVE_WITH_KNOTS('',1,(#98,#99),.UNSPECIFIED.,.F.,.F.,(2,
    2),(-397.5,192.5),.PIECEWISE_BEZIER_KNOTS.);
#98 = CARTESIAN_POINT('',(0.,-102.5));
#99 = CARTESIAN_POINT('',(590.,-102.5));
#100 = ( GEOMETRIC_REPRESENTATION_CONTEXT(2) 
PARAMETRIC_REPRESENTATION_CONTEXT() REPRESENTATION_CONTEXT('2D SPACE',''
  ) );
#101 = ORIENTED_EDGE('',*,*,#102,.F.);
#102 = EDGE_CURVE('',#103,#77,#105,.T.);
#103 = VERTEX_POINT('',#104);
#104 = CARTESIAN_POINT('',(25.,278.,164.5));
#105 = SURFACE_CURVE('',#106,(#110,#116),.PCURVE_S1.);
#106 = LINE('',#107,#108);
#107 = CARTESIAN_POINT('',(25.,-65.,164.5));
#108 = VECTOR('',#109,1.);
#109 = DIRECTION('',(-0.,1.,0.));
#110 = PCURVE('',#54,#111);
#111 = DEFINITIONAL_REPRESENTATION('',(#112),#115);
#112 = B_SPLINE_CURVE_WITH_KNOTS('',1,(#113,#114),.UNSPECIFIED.,.F.,.F.,
  (2,2),(335.,345.),.PIECEWISE_BEZIER_KNOTS.);
#113 = CARTESIAN_POINT('',(525.,670.));
#114 = CARTESIAN_POINT('',(525.,680.));
#115 = ( GEOMETRIC_REPRESENTATION_CONTEXT(2) 
PARAMETRIC_REPRESENTATION_CONTEXT() REPRESENTATION_CONTEXT('2D SPACE',''
  ) );
#116 = PCURVE('',#117,#122);
#117 = PLANE('',#118);
#118 = AXIS2_PLACEMENT_3D('',#119,#120,#121);
#119 = CARTESIAN_POINT('',(25.,270.,155.));
#120 = DIRECTION('',(1.,0.,-0.));
#121 = DIRECTION('',(0.,0.,1.));
#122 = DEFINITIONAL_REPRESENTATION('',(#123),#126);
#123 = B_SPLINE_CURVE_WITH_KNOTS('',1,(#124,#125),.UNSPECIFIED.,.F.,.F.,
  (2,2),(335.,345.),.PIECEWISE_BEZIER_KNOTS.);
#124 = CARTESIAN_POINT('',(9.5,0.));
#125 = CARTESIAN_POINT('',(9.5,-10.));
#126 = ( GEOMETRIC_REPRESENTATION_CONTEXT(2) 
PARAMETRIC_REPRESENTATION_CONTEXT() REPRESENTATION_CONTEXT('2D SPACE',''
  ) );
#127 = ORIENTED_EDGE('',*,*,#128,.F.);
#128 = EDGE_CURVE('',#44,#103,#129,.T.);
#129 = SURFACE_CURVE('',#130,(#134,#140),.PCURVE_S1.);
#130 = LINE('',#131,#132);
#131 = CARTESIAN_POINT('',(-103.0857864376,278.,164.5));
#132 = VECTOR('',#133,1.);
#133 = DIRECTION('',(-1.,0.,0.));
#134 = PCURVE('',#54,#135);
#135 = DEFINITIONAL_REPRESENTATION('',(#136),#139);
#136 = B_SPLINE_CURVE_WITH_KNOTS('',1,(#137,#138),.UNSPECIFIED.,.F.,.F.,
  (2,2),(-396.9142135623,190.74264068711),.PIECEWISE_BEZIER_KNOTS.);
#137 = CARTESIAN_POINT('',(793.82842712474,678.));
#138 = CARTESIAN_POINT('',(206.17157287525,678.));
#139 = ( GEOMETRIC_REPRESENTATION_CONTEXT(2) 
PARAMETRIC_REPRESENTATION_CONTEXT() REPRESENTATION_CONTEXT('2D SPACE',''
  ) );
#140 = PCURVE('',#141,#146);
#141 = PLANE('',#142);
#142 = AXIS2_PLACEMENT_3D('',#143,#144,#145);
#143 = CARTESIAN_POINT('',(293.82842712474,278.,61.));
#144 = DIRECTION('',(0.,-1.,0.));
#145 = DIRECTION('',(-1.,0.,0.));
#146 = DEFINITIONAL_REPRESENTATION('',(#147),#150);
#147 = B_SPLINE_CURVE_WITH_KNOTS('',1,(#148,#149),.UNSPECIFIED.,.F.,.F.,
  (2,2),(-396.9142135623,190.74264068711),.PIECEWISE_BEZIER_KNOTS.);
#148 = CARTESIAN_POINT('',(0.,-103.5));
#149 = CARTESIAN_POINT('',(587.65685424949,-103.5));
#150 = ( GEOMETRIC_REPRESENTATION_CONTEXT(2) 
PARAMETRIC_REPRESENTATION_CONTEXT() REPRESENTATION_CONTEXT('2D SPACE',''
  ) );
#151 = ADVANCED_FACE('',(#152),#65,.T.);
#152 = FACE_BOUND('',#153,.T.);
#153 = EDGE_LOOP('',(#154,#155,#176,#202));
#154 = ORIENTED_EDGE('',*,*,#43,.F.);
#155 = ORIENTED_EDGE('',*,*,#156,.F.);
#156 = EDGE_CURVE('',#157,#44,#159,.T.);
#157 = VERTEX_POINT('',#158);
#158 = CARTESIAN_POINT('',(260.,278.,62.));
#159 = SURFACE_CURVE('',#160,(#164,#170),.PCURVE_S1.);
#160 = LINE('',#161,#162);
#161 = CARTESIAN_POINT('',(260.,278.,30.5));
#162 = VECTOR('',#163,1.);
#163 = DIRECTION('',(0.,0.,1.));
#164 = PCURVE('',#65,#165);
#165 = DEFINITIONAL_REPRESENTATION('',(#166),#169);
#166 = B_SPLINE_CURVE_WITH_KNOTS('',1,(#167,#168),.UNSPECIFIED.,.F.,.F.,
  (2,2),(31.5,134.),.PIECEWISE_BEZIER_KNOTS.);
#167 = CARTESIAN_POINT('',(62.,-278.));
#168 = CARTESIAN_POINT('',(164.5,-278.));
#169 = ( GEOMETRIC_REPRESENTATION_CONTEXT(2) 
PARAMETRIC_REPRESENTATION_CONTEXT() REPRESENTATION_CONTEXT('2D SPACE',''
  ) );
#170 = PCURVE('',#141,#171);
#171 = DEFINITIONAL_REPRESENTATION('',(#172),#175);
#172 = B_SPLINE_CURVE_WITH_KNOTS('',1,(#173,#174),.UNSPECIFIED.,.F.,.F.,
  (2,2),(31.5,134.),.PIECEWISE_BEZIER_KNOTS.);
#173 = CARTESIAN_POINT('',(33.828427124746,-1.));
#174 = CARTESIAN_POINT('',(33.828427124746,-103.5));
#175 = ( GEOMETRIC_REPRESENTATION_CONTEXT(2) 
PARAMETRIC_REPRESENTATION_CONTEXT() REPRESENTATION_CONTEXT('2D SPACE',''
  ) );
#176 = ORIENTED_EDGE('',*,*,#177,.T.);
#177 = EDGE_CURVE('',#157,#178,#180,.T.);
#178 = VERTEX_POINT('',#179);
#179 = CARTESIAN_POINT('',(260.,280.,62.));
#180 = SURFACE_CURVE('',#181,(#185,#191),.PCURVE_S1.);
#181 = LINE('',#182,#183);
#182 = CARTESIAN_POINT('',(260.,0.,62.));
#183 = VECTOR('',#184,1.);
#184 = DIRECTION('',(-0.,1.,0.));
#185 = PCURVE('',#65,#186);
#186 = DEFINITIONAL_REPRESENTATION('',(#187),#190);
#187 = B_SPLINE_CURVE_WITH_KNOTS('',1,(#188,#189),.UNSPECIFIED.,.F.,.F.,
  (2,2),(249.89949493661,280.),.PIECEWISE_BEZIER_KNOTS.);
#188 = CARTESIAN_POINT('',(62.,-249.8994949366));
#189 = CARTESIAN_POINT('',(62.,-280.));
#190 = ( GEOMETRIC_REPRESENTATION_CONTEXT(2) 
PARAMETRIC_REPRESENTATION_CONTEXT() REPRESENTATION_CONTEXT('2D SPACE',''
  ) );
#191 = PCURVE('',#192,#197);
#192 = PLANE('',#193);
#193 = AXIS2_PLACEMENT_3D('',#194,#195,#196);
#194 = CARTESIAN_POINT('',(1.776500577423E-14,0.,62.));
#195 = DIRECTION('',(0.,0.,1.));
#196 = DIRECTION('',(1.,0.,-0.));
#197 = DEFINITIONAL_REPRESENTATION('',(#198),#201);
#198 = B_SPLINE_CURVE_WITH_KNOTS('',1,(#199,#200),.UNSPECIFIED.,.F.,.F.,
  (2,2),(249.89949493661,280.),.PIECEWISE_BEZIER_KNOTS.);
#199 = CARTESIAN_POINT('',(260.,249.89949493661));
#200 = CARTESIAN_POINT('',(260.,280.));
#201 = ( GEOMETRIC_REPRESENTATION_CONTEXT(2) 
PARAMETRIC_REPRESENTATION_CONTEXT() REPRESENTATION_CONTEXT('2D SPACE',''
  ) );
#202 = ORIENTED_EDGE('',*,*,#203,.T.);
#203 = EDGE_CURVE('',#178,#46,#204,.T.);
#204 = SURFACE_CURVE('',#205,(#209,#215),.PCURVE_S1.);
#205 = LINE('',#206,#207);
#206 = CARTESIAN_POINT('',(260.,280.,31.));
#207 = VECTOR('',#208,1.);
#208 = DIRECTION('',(0.,0.,1.));
#209 = PCURVE('',#65,#210);
#210 = DEFINITIONAL_REPRESENTATION('',(#211),#214);
#211 = B_SPLINE_CURVE_WITH_KNOTS('',1,(#212,#213),.UNSPECIFIED.,.F.,.F.,
  (2,2),(31.,133.5),.PIECEWISE_BEZIER_KNOTS.);
#212 = CARTESIAN_POINT('',(62.,-280.));
#213 = CARTESIAN_POINT('',(164.5,-280.));
#214 = ( GEOMETRIC_REPRESENTATION_CONTEXT(2) 
PARAMETRIC_REPRESENTATION_CONTEXT() REPRESENTATION_CONTEXT('2D SPACE',''
  ) );
#215 = PCURVE('',#91,#216);
#216 = DEFINITIONAL_REPRESENTATION('',(#217),#220);
#217 = B_SPLINE_CURVE_WITH_KNOTS('',1,(#218,#219),.UNSPECIFIED.,.F.,.F.,
  (2,2),(31.,133.5),.PIECEWISE_BEZIER_KNOTS.);
#218 = CARTESIAN_POINT('',(35.,0.));
#219 = CARTESIAN_POINT('',(35.,-102.5));
#220 = ( GEOMETRIC_REPRESENTATION_CONTEXT(2) 
PARAMETRIC_REPRESENTATION_CONTEXT() REPRESENTATION_CONTEXT('2D SPACE',''
  ) );
#221 = ADVANCED_FACE('',(#222),#141,.T.);
#222 = FACE_BOUND('',#223,.T.);
#223 = EDGE_LOOP('',(#224,#252,#278,#304,#330,#356,#375,#376,#377,#398,
    #424,#450,#476,#502));
#224 = ORIENTED_EDGE('',*,*,#225,.F.);
#225 = EDGE_CURVE('',#226,#228,#230,.T.);
#226 = VERTEX_POINT('',#227);
#227 = CARTESIAN_POINT('',(-260.,278.,62.));
#228 = VERTEX_POINT('',#229);
#229 = CARTESIAN_POINT('',(-260.,278.,122.));
#230 = SURFACE_CURVE('',#231,(#235,#241),.PCURVE_S1.);
#231 = LINE('',#232,#233);
#232 = CARTESIAN_POINT('',(-260.,278.,30.5));
#233 = VECTOR('',#234,1.);
#234 = DIRECTION('',(0.,0.,1.));
#235 = PCURVE('',#141,#236);
#236 = DEFINITIONAL_REPRESENTATION('',(#237),#240);
#237 = B_SPLINE_CURVE_WITH_KNOTS('',1,(#238,#239),.UNSPECIFIED.,.F.,.F.,
  (2,2),(31.5,134.),.PIECEWISE_BEZIER_KNOTS.);
#238 = CARTESIAN_POINT('',(553.82842712474,-1.));
#239 = CARTESIAN_POINT('',(553.82842712474,-103.5));
#240 = ( GEOMETRIC_REPRESENTATION_CONTEXT(2) 
PARAMETRIC_REPRESENTATION_CONTEXT() REPRESENTATION_CONTEXT('2D SPACE',''
  ) );
#241 = PCURVE('',#242,#247);
#242 = PLANE('',#243);
#243 = AXIS2_PLACEMENT_3D('',#244,#245,#246);
#244 = CARTESIAN_POINT('',(-260.,0.,0.));
#245 = DIRECTION('',(1.,0.,-0.));
#246 = DIRECTION('',(0.,0.,1.));
#247 = DEFINITIONAL_REPRESENTATION('',(#248),#251);
#248 = B_SPLINE_CURVE_WITH_KNOTS('',1,(#249,#250),.UNSPECIFIED.,.F.,.F.,
  (2,2),(31.5,134.),.PIECEWISE_BEZIER_KNOTS.);
#249 = CARTESIAN_POINT('',(62.,-278.));
#250 = CARTESIAN_POINT('',(164.5,-278.));
#251 = ( GEOMETRIC_REPRESENTATION_CONTEXT(2) 
PARAMETRIC_REPRESENTATION_CONTEXT() REPRESENTATION_CONTEXT('2D SPACE',''
  ) );
#252 = ORIENTED_EDGE('',*,*,#253,.T.);
#253 = EDGE_CURVE('',#226,#254,#256,.T.);
#254 = VERTEX_POINT('',#255);
#255 = CARTESIAN_POINT('',(-74.5,278.,62.));
#256 = SURFACE_CURVE('',#257,(#261,#267),.PCURVE_S1.);
#257 = LINE('',#258,#259);
#258 = CARTESIAN_POINT('',(146.91421356237,278.,62.));
#259 = VECTOR('',#260,1.);
#260 = DIRECTION('',(1.,0.,-0.));
#261 = PCURVE('',#141,#262);
#262 = DEFINITIONAL_REPRESENTATION('',(#263),#266);
#263 = B_SPLINE_CURVE_WITH_KNOTS('',1,(#264,#265),.UNSPECIFIED.,.F.,.F.,
  (2,2),(-440.7426406871,146.91421356237),.PIECEWISE_BEZIER_KNOTS.);
#264 = CARTESIAN_POINT('',(587.65685424949,-1.));
#265 = CARTESIAN_POINT('',(0.,-1.));
#266 = ( GEOMETRIC_REPRESENTATION_CONTEXT(2) 
PARAMETRIC_REPRESENTATION_CONTEXT() REPRESENTATION_CONTEXT('2D SPACE',''
  ) );
#267 = PCURVE('',#268,#273);
#268 = PLANE('',#269);
#269 = AXIS2_PLACEMENT_3D('',#270,#271,#272);
#270 = CARTESIAN_POINT('',(1.776500577423E-14,0.,62.));
#271 = DIRECTION('',(0.,0.,1.));
#272 = DIRECTION('',(1.,0.,-0.));
#273 = DEFINITIONAL_REPRESENTATION('',(#274),#277);
#274 = B_SPLINE_CURVE_WITH_KNOTS('',1,(#275,#276),.UNSPECIFIED.,.F.,.F.,
  (2,2),(-440.7426406871,146.91421356237),.PIECEWISE_BEZIER_KNOTS.);
#275 = CARTESIAN_POINT('',(-293.8284271247,278.));
#276 = CARTESIAN_POINT('',(293.82842712474,278.));
#277 = ( GEOMETRIC_REPRESENTATION_CONTEXT(2) 
PARAMETRIC_REPRESENTATION_CONTEXT() REPRESENTATION_CONTEXT('2D SPACE',''
  ) );
#278 = ORIENTED_EDGE('',*,*,#279,.T.);
#279 = EDGE_CURVE('',#254,#280,#282,.T.);
#280 = VERTEX_POINT('',#281);
#281 = CARTESIAN_POINT('',(-74.5,278.,131.));
#282 = SURFACE_CURVE('',#283,(#287,#293),.PCURVE_S1.);
#283 = LINE('',#284,#285);
#284 = CARTESIAN_POINT('',(-74.5,278.,61.));
#285 = VECTOR('',#286,1.);
#286 = DIRECTION('',(0.,0.,1.));
#287 = PCURVE('',#141,#288);
#288 = DEFINITIONAL_REPRESENTATION('',(#289),#292);
#289 = B_SPLINE_CURVE_WITH_KNOTS('',1,(#290,#291),.UNSPECIFIED.,.F.,.F.,
  (2,2),(1.,70.),.PIECEWISE_BEZIER_KNOTS.);
#290 = CARTESIAN_POINT('',(368.32842712474,-1.));
#291 = CARTESIAN_POINT('',(368.32842712474,-70.));
#292 = ( GEOMETRIC_REPRESENTATION_CONTEXT(2) 
PARAMETRIC_REPRESENTATION_CONTEXT() REPRESENTATION_CONTEXT('2D SPACE',''
  ) );
#293 = PCURVE('',#294,#299);
#294 = PLANE('',#295);
#295 = AXIS2_PLACEMENT_3D('',#296,#297,#298);
#296 = CARTESIAN_POINT('',(-74.5,270.,61.));
#297 = DIRECTION('',(1.,0.,-0.));
#298 = DIRECTION('',(0.,0.,1.));
#299 = DEFINITIONAL_REPRESENTATION('',(#300),#303);
#300 = B_SPLINE_CURVE_WITH_KNOTS('',1,(#301,#302),.UNSPECIFIED.,.F.,.F.,
  (2,2),(1.,70.),.PIECEWISE_BEZIER_KNOTS.);
#301 = CARTESIAN_POINT('',(1.,-8.));
#302 = CARTESIAN_POINT('',(70.,-8.));
#303 = ( GEOMETRIC_REPRESENTATION_CONTEXT(2) 
PARAMETRIC_REPRESENTATION_CONTEXT() REPRESENTATION_CONTEXT('2D SPACE',''
  ) );
#304 = ORIENTED_EDGE('',*,*,#305,.F.);
#305 = EDGE_CURVE('',#306,#280,#308,.T.);
#306 = VERTEX_POINT('',#307);
#307 = CARTESIAN_POINT('',(74.5,278.,131.));
#308 = SURFACE_CURVE('',#309,(#313,#319),.PCURVE_S1.);
#309 = LINE('',#310,#311);
#310 = CARTESIAN_POINT('',(109.66421356237,278.,131.));
#311 = VECTOR('',#312,1.);
#312 = DIRECTION('',(-1.,0.,0.));
#313 = PCURVE('',#141,#314);
#314 = DEFINITIONAL_REPRESENTATION('',(#315),#318);
#315 = B_SPLINE_CURVE_WITH_KNOTS('',1,(#316,#317),.UNSPECIFIED.,.F.,.F.,
  (2,2),(35.164213562373,184.16421356237),.PIECEWISE_BEZIER_KNOTS.);
#316 = CARTESIAN_POINT('',(219.32842712474,-70.));
#317 = CARTESIAN_POINT('',(368.32842712474,-70.));
#318 = ( GEOMETRIC_REPRESENTATION_CONTEXT(2) 
PARAMETRIC_REPRESENTATION_CONTEXT() REPRESENTATION_CONTEXT('2D SPACE',''
  ) );
#319 = PCURVE('',#320,#325);
#320 = PLANE('',#321);
#321 = AXIS2_PLACEMENT_3D('',#322,#323,#324);
#322 = CARTESIAN_POINT('',(-74.5,270.,131.));
#323 = DIRECTION('',(0.,0.,1.));
#324 = DIRECTION('',(1.,0.,-0.));
#325 = DEFINITIONAL_REPRESENTATION('',(#326),#329);
#326 = B_SPLINE_CURVE_WITH_KNOTS('',1,(#327,#328),.UNSPECIFIED.,.F.,.F.,
  (2,2),(35.164213562373,184.16421356237),.PIECEWISE_BEZIER_KNOTS.);
#327 = CARTESIAN_POINT('',(149.,8.));
#328 = CARTESIAN_POINT('',(0.,8.));
#329 = ( GEOMETRIC_REPRESENTATION_CONTEXT(2) 
PARAMETRIC_REPRESENTATION_CONTEXT() REPRESENTATION_CONTEXT('2D SPACE',''
  ) );
#330 = ORIENTED_EDGE('',*,*,#331,.F.);
#331 = EDGE_CURVE('',#332,#306,#334,.T.);
#332 = VERTEX_POINT('',#333);
#333 = CARTESIAN_POINT('',(74.5,278.,62.));
#334 = SURFACE_CURVE('',#335,(#339,#345),.PCURVE_S1.);
#335 = LINE('',#336,#337);
#336 = CARTESIAN_POINT('',(74.5,278.,61.));
#337 = VECTOR('',#338,1.);
#338 = DIRECTION('',(0.,0.,1.));
#339 = PCURVE('',#141,#340);
#340 = DEFINITIONAL_REPRESENTATION('',(#341),#344);
#341 = B_SPLINE_CURVE_WITH_KNOTS('',1,(#342,#343),.UNSPECIFIED.,.F.,.F.,
  (2,2),(1.,70.),.PIECEWISE_BEZIER_KNOTS.);
#342 = CARTESIAN_POINT('',(219.32842712474,-1.));
#343 = CARTESIAN_POINT('',(219.32842712474,-70.));
#344 = ( GEOMETRIC_REPRESENTATION_CONTEXT(2) 
PARAMETRIC_REPRESENTATION_CONTEXT() REPRESENTATION_CONTEXT('2D SPACE',''
  ) );
#345 = PCURVE('',#346,#351);
#346 = PLANE('',#347);
#347 = AXIS2_PLACEMENT_3D('',#348,#349,#350);
#348 = CARTESIAN_POINT('',(74.5,270.,61.));
#349 = DIRECTION('',(1.,0.,-0.));
#350 = DIRECTION('',(0.,0.,1.));
#351 = DEFINITIONAL_REPRESENTATION('',(#352),#355);
#352 = B_SPLINE_CURVE_WITH_KNOTS('',1,(#353,#354),.UNSPECIFIED.,.F.,.F.,
  (2,2),(1.,70.),.PIECEWISE_BEZIER_KNOTS.);
#353 = CARTESIAN_POINT('',(1.,-8.));
#354 = CARTESIAN_POINT('',(70.,-8.));
#355 = ( GEOMETRIC_REPRESENTATION_CONTEXT(2) 
PARAMETRIC_REPRESENTATION_CONTEXT() REPRESENTATION_CONTEXT('2D SPACE',''
  ) );
#356 = ORIENTED_EDGE('',*,*,#357,.T.);
#357 = EDGE_CURVE('',#332,#157,#358,.T.);
#358 = SURFACE_CURVE('',#359,(#363,#369),.PCURVE_S1.);
#359 = LINE('',#360,#361);
#360 = CARTESIAN_POINT('',(146.91421356237,278.,62.));
#361 = VECTOR('',#362,1.);
#362 = DIRECTION('',(1.,0.,-0.));
#363 = PCURVE('',#141,#364);
#364 = DEFINITIONAL_REPRESENTATION('',(#365),#368);
#365 = B_SPLINE_CURVE_WITH_KNOTS('',1,(#366,#367),.UNSPECIFIED.,.F.,.F.,
  (2,2),(-440.7426406871,146.91421356237),.PIECEWISE_BEZIER_KNOTS.);
#366 = CARTESIAN_POINT('',(587.65685424949,-1.));
#367 = CARTESIAN_POINT('',(0.,-1.));
#368 = ( GEOMETRIC_REPRESENTATION_CONTEXT(2) 
PARAMETRIC_REPRESENTATION_CONTEXT() REPRESENTATION_CONTEXT('2D SPACE',''
  ) );
#369 = PCURVE('',#192,#370);
#370 = DEFINITIONAL_REPRESENTATION('',(#371),#374);
#371 = B_SPLINE_CURVE_WITH_KNOTS('',1,(#372,#373),.UNSPECIFIED.,.F.,.F.,
  (2,2),(-440.7426406871,146.91421356237),.PIECEWISE_BEZIER_KNOTS.);
#372 = CARTESIAN_POINT('',(-293.8284271247,278.));
#373 = CARTESIAN_POINT('',(293.82842712474,278.));
#374 = ( GEOMETRIC_REPRESENTATION_CONTEXT(2) 
PARAMETRIC_REPRESENTATION_CONTEXT() REPRESENTATION_CONTEXT('2D SPACE',''
  ) );
#375 = ORIENTED_EDGE('',*,*,#156,.T.);
#376 = ORIENTED_EDGE('',*,*,#128,.T.);
#377 = ORIENTED_EDGE('',*,*,#378,.F.);
#378 = EDGE_CURVE('',#379,#103,#381,.T.);
#379 = VERTEX_POINT('',#380);
#380 = CARTESIAN_POINT('',(25.,278.,155.));
#381 = SURFACE_CURVE('',#382,(#386,#392),.PCURVE_S1.);
#382 = LINE('',#383,#384);
#383 = CARTESIAN_POINT('',(25.,278.,108.));
#384 = VECTOR('',#385,1.);
#385 = DIRECTION('',(0.,0.,1.));
#386 = PCURVE('',#141,#387);
#387 = DEFINITIONAL_REPRESENTATION('',(#388),#391);
#388 = B_SPLINE_CURVE_WITH_KNOTS('',1,(#389,#390),.UNSPECIFIED.,.F.,.F.,
  (2,2),(47.,56.5),.PIECEWISE_BEZIER_KNOTS.);
#389 = CARTESIAN_POINT('',(268.82842712474,-94.));
#390 = CARTESIAN_POINT('',(268.82842712474,-103.5));
#391 = ( GEOMETRIC_REPRESENTATION_CONTEXT(2) 
PARAMETRIC_REPRESENTATION_CONTEXT() REPRESENTATION_CONTEXT('2D SPACE',''
  ) );
#392 = PCURVE('',#117,#393);
#393 = DEFINITIONAL_REPRESENTATION('',(#394),#397);
#394 = B_SPLINE_CURVE_WITH_KNOTS('',1,(#395,#396),.UNSPECIFIED.,.F.,.F.,
  (2,2),(47.,56.5),.PIECEWISE_BEZIER_KNOTS.);
#395 = CARTESIAN_POINT('',(0.,-8.));
#396 = CARTESIAN_POINT('',(9.5,-8.));
#397 = ( GEOMETRIC_REPRESENTATION_CONTEXT(2) 
PARAMETRIC_REPRESENTATION_CONTEXT() REPRESENTATION_CONTEXT('2D SPACE',''
  ) );
#398 = ORIENTED_EDGE('',*,*,#399,.T.);
#399 = EDGE_CURVE('',#379,#400,#402,.T.);
#400 = VERTEX_POINT('',#401);
#401 = CARTESIAN_POINT('',(-25.,278.,155.));
#402 = SURFACE_CURVE('',#403,(#407,#413),.PCURVE_S1.);
#403 = LINE('',#404,#405);
#404 = CARTESIAN_POINT('',(134.41421356237,278.,155.));
#405 = VECTOR('',#406,1.);
#406 = DIRECTION('',(-1.,0.,0.));
#407 = PCURVE('',#141,#408);
#408 = DEFINITIONAL_REPRESENTATION('',(#409),#412);
#409 = B_SPLINE_CURVE_WITH_KNOTS('',1,(#410,#411),.UNSPECIFIED.,.F.,.F.,
  (2,2),(109.41421356237,159.41421356237),.PIECEWISE_BEZIER_KNOTS.);
#410 = CARTESIAN_POINT('',(268.82842712474,-94.));
#411 = CARTESIAN_POINT('',(318.82842712474,-94.));
#412 = ( GEOMETRIC_REPRESENTATION_CONTEXT(2) 
PARAMETRIC_REPRESENTATION_CONTEXT() REPRESENTATION_CONTEXT('2D SPACE',''
  ) );
#413 = PCURVE('',#414,#419);
#414 = PLANE('',#415);
#415 = AXIS2_PLACEMENT_3D('',#416,#417,#418);
#416 = CARTESIAN_POINT('',(-25.,270.,155.));
#417 = DIRECTION('',(0.,0.,1.));
#418 = DIRECTION('',(1.,0.,-0.));
#419 = DEFINITIONAL_REPRESENTATION('',(#420),#423);
#420 = B_SPLINE_CURVE_WITH_KNOTS('',1,(#421,#422),.UNSPECIFIED.,.F.,.F.,
  (2,2),(109.41421356237,159.41421356237),.PIECEWISE_BEZIER_KNOTS.);
#421 = CARTESIAN_POINT('',(50.,8.));
#422 = CARTESIAN_POINT('',(0.,8.));
#423 = ( GEOMETRIC_REPRESENTATION_CONTEXT(2) 
PARAMETRIC_REPRESENTATION_CONTEXT() REPRESENTATION_CONTEXT('2D SPACE',''
  ) );
#424 = ORIENTED_EDGE('',*,*,#425,.T.);
#425 = EDGE_CURVE('',#400,#426,#428,.T.);
#426 = VERTEX_POINT('',#427);
#427 = CARTESIAN_POINT('',(-25.,278.,164.5));
#428 = SURFACE_CURVE('',#429,(#433,#439),.PCURVE_S1.);
#429 = LINE('',#430,#431);
#430 = CARTESIAN_POINT('',(-25.,278.,108.));
#431 = VECTOR('',#432,1.);
#432 = DIRECTION('',(0.,0.,1.));
#433 = PCURVE('',#141,#434);
#434 = DEFINITIONAL_REPRESENTATION('',(#435),#438);
#435 = B_SPLINE_CURVE_WITH_KNOTS('',1,(#436,#437),.UNSPECIFIED.,.F.,.F.,
  (2,2),(47.,56.5),.PIECEWISE_BEZIER_KNOTS.);
#436 = CARTESIAN_POINT('',(318.82842712474,-94.));
#437 = CARTESIAN_POINT('',(318.82842712474,-103.5));
#438 = ( GEOMETRIC_REPRESENTATION_CONTEXT(2) 
PARAMETRIC_REPRESENTATION_CONTEXT() REPRESENTATION_CONTEXT('2D SPACE',''
  ) );
#439 = PCURVE('',#440,#445);
#440 = PLANE('',#441);
#441 = AXIS2_PLACEMENT_3D('',#442,#443,#444);
#442 = CARTESIAN_POINT('',(-25.,270.,155.));
#443 = DIRECTION('',(1.,0.,-0.));
#444 = DIRECTION('',(0.,0.,1.));
#445 = DEFINITIONAL_REPRESENTATION('',(#446),#449);
#446 = B_SPLINE_CURVE_WITH_KNOTS('',1,(#447,#448),.UNSPECIFIED.,.F.,.F.,
  (2,2),(47.,56.5),.PIECEWISE_BEZIER_KNOTS.);
#447 = CARTESIAN_POINT('',(0.,-8.));
#448 = CARTESIAN_POINT('',(9.5,-8.));
#449 = ( GEOMETRIC_REPRESENTATION_CONTEXT(2) 
PARAMETRIC_REPRESENTATION_CONTEXT() REPRESENTATION_CONTEXT('2D SPACE',''
  ) );
#450 = ORIENTED_EDGE('',*,*,#451,.T.);
#451 = EDGE_CURVE('',#426,#452,#454,.T.);
#452 = VERTEX_POINT('',#453);
#453 = CARTESIAN_POINT('',(-251.2701665379,278.,164.5));
#454 = SURFACE_CURVE('',#455,(#459,#465),.PCURVE_S1.);
#455 = LINE('',#456,#457);
#456 = CARTESIAN_POINT('',(-103.0857864376,278.,164.5));
#457 = VECTOR('',#458,1.);
#458 = DIRECTION('',(-1.,0.,0.));
#459 = PCURVE('',#141,#460);
#460 = DEFINITIONAL_REPRESENTATION('',(#461),#464);
#461 = B_SPLINE_CURVE_WITH_KNOTS('',1,(#462,#463),.UNSPECIFIED.,.F.,.F.,
  (2,2),(-396.9142135623,190.74264068711),.PIECEWISE_BEZIER_KNOTS.);
#462 = CARTESIAN_POINT('',(0.,-103.5));
#463 = CARTESIAN_POINT('',(587.65685424949,-103.5));
#464 = ( GEOMETRIC_REPRESENTATION_CONTEXT(2) 
PARAMETRIC_REPRESENTATION_CONTEXT() REPRESENTATION_CONTEXT('2D SPACE',''
  ) );
#465 = PCURVE('',#466,#471);
#466 = PLANE('',#467);
#467 = AXIS2_PLACEMENT_3D('',#468,#469,#470);
#468 = CARTESIAN_POINT('',(-500.,-400.,164.5));
#469 = DIRECTION('',(0.,0.,1.));
#470 = DIRECTION('',(1.,0.,-0.));
#471 = DEFINITIONAL_REPRESENTATION('',(#472),#475);
#472 = B_SPLINE_CURVE_WITH_KNOTS('',1,(#473,#474),.UNSPECIFIED.,.F.,.F.,
  (2,2),(-396.9142135623,190.74264068711),.PIECEWISE_BEZIER_KNOTS.);
#473 = CARTESIAN_POINT('',(793.82842712474,678.));
#474 = CARTESIAN_POINT('',(206.17157287525,678.));
#475 = ( GEOMETRIC_REPRESENTATION_CONTEXT(2) 
PARAMETRIC_REPRESENTATION_CONTEXT() REPRESENTATION_CONTEXT('2D SPACE',''
  ) );
#476 = ORIENTED_EDGE('',*,*,#477,.F.);
#477 = EDGE_CURVE('',#478,#452,#480,.T.);
#478 = VERTEX_POINT('',#479);
#479 = CARTESIAN_POINT('',(-251.2701665379,278.,122.));
#480 = SURFACE_CURVE('',#481,(#485,#491),.PCURVE_S1.);
#481 = LINE('',#482,#483);
#482 = CARTESIAN_POINT('',(-251.2701665379,278.,122.));
#483 = VECTOR('',#484,1.);
#484 = DIRECTION('',(0.,0.,1.));
#485 = PCURVE('',#141,#486);
#486 = DEFINITIONAL_REPRESENTATION('',(#487),#490);
#487 = B_SPLINE_CURVE_WITH_KNOTS('',1,(#488,#489),.UNSPECIFIED.,.F.,.F.,
  (2,2),(-6.000000070117E-07,52.75),.PIECEWISE_BEZIER_KNOTS.);
#488 = CARTESIAN_POINT('',(545.09859366267,-60.9999994));
#489 = CARTESIAN_POINT('',(545.09859366267,-113.75));
#490 = ( GEOMETRIC_REPRESENTATION_CONTEXT(2) 
PARAMETRIC_REPRESENTATION_CONTEXT() REPRESENTATION_CONTEXT('2D SPACE',''
  ) );
#491 = PCURVE('',#492,#497);
#492 = CYLINDRICAL_SURFACE('',#493,80.);
#493 = AXIS2_PLACEMENT_3D('',#494,#495,#496);
#494 = CARTESIAN_POINT('',(-290.,208.,122.));
#495 = DIRECTION('',(0.,0.,1.));
#496 = DIRECTION('',(1.,0.,-0.));
#497 = DEFINITIONAL_REPRESENTATION('',(#498),#501);
#498 = B_SPLINE_CURVE_WITH_KNOTS('',1,(#499,#500),.UNSPECIFIED.,.F.,.F.,
  (2,2),(-6.000000070117E-07,52.75),.PIECEWISE_BEZIER_KNOTS.);
#499 = CARTESIAN_POINT('',(1.065435816511,-6.000000070117E-07));
#500 = CARTESIAN_POINT('',(1.065435816511,52.75));
#501 = ( GEOMETRIC_REPRESENTATION_CONTEXT(2) 
PARAMETRIC_REPRESENTATION_CONTEXT() REPRESENTATION_CONTEXT('2D SPACE',''
  ) );
#502 = ORIENTED_EDGE('',*,*,#503,.T.);
#503 = EDGE_CURVE('',#478,#228,#504,.T.);
#504 = SURFACE_CURVE('',#505,(#509,#515),.PCURVE_S1.);
#505 = LINE('',#506,#507);
#506 = CARTESIAN_POINT('',(1.914213562373,278.,122.));
#507 = VECTOR('',#508,1.);
#508 = DIRECTION('',(-1.,0.,0.));
#509 = PCURVE('',#141,#510);
#510 = DEFINITIONAL_REPRESENTATION('',(#511),#514);
#511 = B_SPLINE_CURVE_WITH_KNOTS('',1,(#512,#513),.UNSPECIFIED.,.F.,.F.,
  (2,2),(211.91421356237,295.74264068711),.PIECEWISE_BEZIER_KNOTS.);
#512 = CARTESIAN_POINT('',(503.82842712474,-61.));
#513 = CARTESIAN_POINT('',(587.65685424949,-61.));
#514 = ( GEOMETRIC_REPRESENTATION_CONTEXT(2) 
PARAMETRIC_REPRESENTATION_CONTEXT() REPRESENTATION_CONTEXT('2D SPACE',''
  ) );
#515 = PCURVE('',#516,#521);
#516 = PLANE('',#517);
#517 = AXIS2_PLACEMENT_3D('',#518,#519,#520);
#518 = CARTESIAN_POINT('',(-290.,208.,122.));
#519 = DIRECTION('',(0.,0.,1.));
#520 = DIRECTION('',(1.,0.,-0.));
#521 = DEFINITIONAL_REPRESENTATION('',(#522),#525);
#522 = B_SPLINE_CURVE_WITH_KNOTS('',1,(#523,#524),.UNSPECIFIED.,.F.,.F.,
  (2,2),(211.91421356237,295.74264068711),.PIECEWISE_BEZIER_KNOTS.);
#523 = CARTESIAN_POINT('',(80.,70.));
#524 = CARTESIAN_POINT('',(-3.828427124746,70.));
#525 = ( GEOMETRIC_REPRESENTATION_CONTEXT(2) 
PARAMETRIC_REPRESENTATION_CONTEXT() REPRESENTATION_CONTEXT('2D SPACE',''
  ) );
#526 = ADVANCED_FACE('',(#527),#117,.F.);
#527 = FACE_BOUND('',#528,.F.);
#528 = EDGE_LOOP('',(#529,#530,#553,#572));
#529 = ORIENTED_EDGE('',*,*,#378,.F.);
#530 = ORIENTED_EDGE('',*,*,#531,.T.);
#531 = EDGE_CURVE('',#379,#532,#534,.T.);
#532 = VERTEX_POINT('',#533);
#533 = CARTESIAN_POINT('',(25.,280.,155.));
#534 = SURFACE_CURVE('',#535,(#539,#546),.PCURVE_S1.);
#535 = LINE('',#536,#537);
#536 = CARTESIAN_POINT('',(25.,270.,155.));
#537 = VECTOR('',#538,1.);
#538 = DIRECTION('',(-0.,1.,0.));
#539 = PCURVE('',#117,#540);
#540 = DEFINITIONAL_REPRESENTATION('',(#541),#545);
#541 = LINE('',#542,#543);
#542 = CARTESIAN_POINT('',(0.,0.));
#543 = VECTOR('',#544,1.);
#544 = DIRECTION('',(0.,-1.));
#545 = ( GEOMETRIC_REPRESENTATION_CONTEXT(2) 
PARAMETRIC_REPRESENTATION_CONTEXT() REPRESENTATION_CONTEXT('2D SPACE',''
  ) );
#546 = PCURVE('',#414,#547);
#547 = DEFINITIONAL_REPRESENTATION('',(#548),#552);
#548 = LINE('',#549,#550);
#549 = CARTESIAN_POINT('',(50.,0.));
#550 = VECTOR('',#551,1.);
#551 = DIRECTION('',(0.,1.));
#552 = ( GEOMETRIC_REPRESENTATION_CONTEXT(2) 
PARAMETRIC_REPRESENTATION_CONTEXT() REPRESENTATION_CONTEXT('2D SPACE',''
  ) );
#553 = ORIENTED_EDGE('',*,*,#554,.T.);
#554 = EDGE_CURVE('',#532,#77,#555,.T.);
#555 = SURFACE_CURVE('',#556,(#560,#566),.PCURVE_S1.);
#556 = LINE('',#557,#558);
#557 = CARTESIAN_POINT('',(25.,280.,108.5));
#558 = VECTOR('',#559,1.);
#559 = DIRECTION('',(0.,0.,1.));
#560 = PCURVE('',#117,#561);
#561 = DEFINITIONAL_REPRESENTATION('',(#562),#565);
#562 = B_SPLINE_CURVE_WITH_KNOTS('',1,(#563,#564),.UNSPECIFIED.,.F.,.F.,
  (2,2),(46.5,56.),.PIECEWISE_BEZIER_KNOTS.);
#563 = CARTESIAN_POINT('',(0.,-10.));
#564 = CARTESIAN_POINT('',(9.5,-10.));
#565 = ( GEOMETRIC_REPRESENTATION_CONTEXT(2) 
PARAMETRIC_REPRESENTATION_CONTEXT() REPRESENTATION_CONTEXT('2D SPACE',''
  ) );
#566 = PCURVE('',#91,#567);
#567 = DEFINITIONAL_REPRESENTATION('',(#568),#571);
#568 = B_SPLINE_CURVE_WITH_KNOTS('',1,(#569,#570),.UNSPECIFIED.,.F.,.F.,
  (2,2),(46.5,56.),.PIECEWISE_BEZIER_KNOTS.);
#569 = CARTESIAN_POINT('',(270.,-93.));
#570 = CARTESIAN_POINT('',(270.,-102.5));
#571 = ( GEOMETRIC_REPRESENTATION_CONTEXT(2) 
PARAMETRIC_REPRESENTATION_CONTEXT() REPRESENTATION_CONTEXT('2D SPACE',''
  ) );
#572 = ORIENTED_EDGE('',*,*,#102,.F.);
#573 = ADVANCED_FACE('',(#574),#91,.F.);
#574 = FACE_BOUND('',#575,.F.);
#575 = EDGE_LOOP('',(#576,#599,#600,#601,#602,#623,#644,#665,#686,#707,
    #728,#751,#772,#793));
#576 = ORIENTED_EDGE('',*,*,#577,.F.);
#577 = EDGE_CURVE('',#178,#578,#580,.T.);
#578 = VERTEX_POINT('',#579);
#579 = CARTESIAN_POINT('',(74.5,280.,62.));
#580 = SURFACE_CURVE('',#581,(#585,#592),.PCURVE_S1.);
#581 = LINE('',#582,#583);
#582 = CARTESIAN_POINT('',(295.,280.,62.));
#583 = VECTOR('',#584,1.);
#584 = DIRECTION('',(-1.,0.,0.));
#585 = PCURVE('',#91,#586);
#586 = DEFINITIONAL_REPRESENTATION('',(#587),#591);
#587 = LINE('',#588,#589);
#588 = CARTESIAN_POINT('',(0.,-0.));
#589 = VECTOR('',#590,1.);
#590 = DIRECTION('',(1.,0.));
#591 = ( GEOMETRIC_REPRESENTATION_CONTEXT(2) 
PARAMETRIC_REPRESENTATION_CONTEXT() REPRESENTATION_CONTEXT('2D SPACE',''
  ) );
#592 = PCURVE('',#192,#593);
#593 = DEFINITIONAL_REPRESENTATION('',(#594),#598);
#594 = LINE('',#595,#596);
#595 = CARTESIAN_POINT('',(295.,280.));
#596 = VECTOR('',#597,1.);
#597 = DIRECTION('',(-1.,0.));
#598 = ( GEOMETRIC_REPRESENTATION_CONTEXT(2) 
PARAMETRIC_REPRESENTATION_CONTEXT() REPRESENTATION_CONTEXT('2D SPACE',''
  ) );
#599 = ORIENTED_EDGE('',*,*,#203,.T.);
#600 = ORIENTED_EDGE('',*,*,#76,.T.);
#601 = ORIENTED_EDGE('',*,*,#554,.F.);
#602 = ORIENTED_EDGE('',*,*,#603,.T.);
#603 = EDGE_CURVE('',#532,#604,#606,.T.);
#604 = VERTEX_POINT('',#605);
#605 = CARTESIAN_POINT('',(-25.,280.,155.));
#606 = SURFACE_CURVE('',#607,(#611,#617),.PCURVE_S1.);
#607 = LINE('',#608,#609);
#608 = CARTESIAN_POINT('',(135.,280.,155.));
#609 = VECTOR('',#610,1.);
#610 = DIRECTION('',(-1.,0.,0.));
#611 = PCURVE('',#91,#612);
#612 = DEFINITIONAL_REPRESENTATION('',(#613),#616);
#613 = B_SPLINE_CURVE_WITH_KNOTS('',1,(#614,#615),.UNSPECIFIED.,.F.,.F.,
  (2,2),(110.,160.),.PIECEWISE_BEZIER_KNOTS.);
#614 = CARTESIAN_POINT('',(270.,-93.));
#615 = CARTESIAN_POINT('',(320.,-93.));
#616 = ( GEOMETRIC_REPRESENTATION_CONTEXT(2) 
PARAMETRIC_REPRESENTATION_CONTEXT() REPRESENTATION_CONTEXT('2D SPACE',''
  ) );
#617 = PCURVE('',#414,#618);
#618 = DEFINITIONAL_REPRESENTATION('',(#619),#622);
#619 = B_SPLINE_CURVE_WITH_KNOTS('',1,(#620,#621),.UNSPECIFIED.,.F.,.F.,
  (2,2),(110.,160.),.PIECEWISE_BEZIER_KNOTS.);
#620 = CARTESIAN_POINT('',(50.,10.));
#621 = CARTESIAN_POINT('',(0.,10.));
#622 = ( GEOMETRIC_REPRESENTATION_CONTEXT(2) 
PARAMETRIC_REPRESENTATION_CONTEXT() REPRESENTATION_CONTEXT('2D SPACE',''
  ) );
#623 = ORIENTED_EDGE('',*,*,#624,.T.);
#624 = EDGE_CURVE('',#604,#625,#627,.T.);
#625 = VERTEX_POINT('',#626);
#626 = CARTESIAN_POINT('',(-25.,280.,164.5));
#627 = SURFACE_CURVE('',#628,(#632,#638),.PCURVE_S1.);
#628 = LINE('',#629,#630);
#629 = CARTESIAN_POINT('',(-25.,280.,108.5));
#630 = VECTOR('',#631,1.);
#631 = DIRECTION('',(0.,0.,1.));
#632 = PCURVE('',#91,#633);
#633 = DEFINITIONAL_REPRESENTATION('',(#634),#637);
#634 = B_SPLINE_CURVE_WITH_KNOTS('',1,(#635,#636),.UNSPECIFIED.,.F.,.F.,
  (2,2),(46.5,56.),.PIECEWISE_BEZIER_KNOTS.);
#635 = CARTESIAN_POINT('',(320.,-93.));
#636 = CARTESIAN_POINT('',(320.,-102.5));
#637 = ( GEOMETRIC_REPRESENTATION_CONTEXT(2) 
PARAMETRIC_REPRESENTATION_CONTEXT() REPRESENTATION_CONTEXT('2D SPACE',''
  ) );
#638 = PCURVE('',#440,#639);
#639 = DEFINITIONAL_REPRESENTATION('',(#640),#643);
#640 = B_SPLINE_CURVE_WITH_KNOTS('',1,(#641,#642),.UNSPECIFIED.,.F.,.F.,
  (2,2),(46.5,56.),.PIECEWISE_BEZIER_KNOTS.);
#641 = CARTESIAN_POINT('',(0.,-10.));
#642 = CARTESIAN_POINT('',(9.5,-10.));
#643 = ( GEOMETRIC_REPRESENTATION_CONTEXT(2) 
PARAMETRIC_REPRESENTATION_CONTEXT() REPRESENTATION_CONTEXT('2D SPACE',''
  ) );
#644 = ORIENTED_EDGE('',*,*,#645,.T.);
#645 = EDGE_CURVE('',#625,#646,#648,.T.);
#646 = VERTEX_POINT('',#647);
#647 = CARTESIAN_POINT('',(-255.1288084516,280.,164.5));
#648 = SURFACE_CURVE('',#649,(#653,#659),.PCURVE_S1.);
#649 = LINE('',#650,#651);
#650 = CARTESIAN_POINT('',(-102.5,280.,164.5));
#651 = VECTOR('',#652,1.);
#652 = DIRECTION('',(-1.,0.,0.));
#653 = PCURVE('',#91,#654);
#654 = DEFINITIONAL_REPRESENTATION('',(#655),#658);
#655 = B_SPLINE_CURVE_WITH_KNOTS('',1,(#656,#657),.UNSPECIFIED.,.F.,.F.,
  (2,2),(-397.5,192.5),.PIECEWISE_BEZIER_KNOTS.);
#656 = CARTESIAN_POINT('',(0.,-102.5));
#657 = CARTESIAN_POINT('',(590.,-102.5));
#658 = ( GEOMETRIC_REPRESENTATION_CONTEXT(2) 
PARAMETRIC_REPRESENTATION_CONTEXT() REPRESENTATION_CONTEXT('2D SPACE',''
  ) );
#659 = PCURVE('',#466,#660);
#660 = DEFINITIONAL_REPRESENTATION('',(#661),#664);
#661 = B_SPLINE_CURVE_WITH_KNOTS('',1,(#662,#663),.UNSPECIFIED.,.F.,.F.,
  (2,2),(-397.5,192.5),.PIECEWISE_BEZIER_KNOTS.);
#662 = CARTESIAN_POINT('',(795.,680.));
#663 = CARTESIAN_POINT('',(205.,680.));
#664 = ( GEOMETRIC_REPRESENTATION_CONTEXT(2) 
PARAMETRIC_REPRESENTATION_CONTEXT() REPRESENTATION_CONTEXT('2D SPACE',''
  ) );
#665 = ORIENTED_EDGE('',*,*,#666,.F.);
#666 = EDGE_CURVE('',#667,#646,#669,.T.);
#667 = VERTEX_POINT('',#668);
#668 = CARTESIAN_POINT('',(-255.1288084516,280.,122.));
#669 = SURFACE_CURVE('',#670,(#674,#680),.PCURVE_S1.);
#670 = LINE('',#671,#672);
#671 = CARTESIAN_POINT('',(-255.1288084516,280.,122.));
#672 = VECTOR('',#673,1.);
#673 = DIRECTION('',(0.,0.,1.));
#674 = PCURVE('',#91,#675);
#675 = DEFINITIONAL_REPRESENTATION('',(#676),#679);
#676 = B_SPLINE_CURVE_WITH_KNOTS('',1,(#677,#678),.UNSPECIFIED.,.F.,.F.,
  (2,2),(-6.000000070117E-07,52.75),.PIECEWISE_BEZIER_KNOTS.);
#677 = CARTESIAN_POINT('',(550.12880845167,-59.9999994));
#678 = CARTESIAN_POINT('',(550.12880845167,-112.75));
#679 = ( GEOMETRIC_REPRESENTATION_CONTEXT(2) 
PARAMETRIC_REPRESENTATION_CONTEXT() REPRESENTATION_CONTEXT('2D SPACE',''
  ) );
#680 = PCURVE('',#492,#681);
#681 = DEFINITIONAL_REPRESENTATION('',(#682),#685);
#682 = B_SPLINE_CURVE_WITH_KNOTS('',1,(#683,#684),.UNSPECIFIED.,.F.,.F.,
  (2,2),(-6.000000070117E-07,52.75),.PIECEWISE_BEZIER_KNOTS.);
#683 = CARTESIAN_POINT('',(1.119769514999,-6.000000070117E-07));
#684 = CARTESIAN_POINT('',(1.119769514999,52.75));
#685 = ( GEOMETRIC_REPRESENTATION_CONTEXT(2) 
PARAMETRIC_REPRESENTATION_CONTEXT() REPRESENTATION_CONTEXT('2D SPACE',''
  ) );
#686 = ORIENTED_EDGE('',*,*,#687,.T.);
#687 = EDGE_CURVE('',#667,#688,#690,.T.);
#688 = VERTEX_POINT('',#689);
#689 = CARTESIAN_POINT('',(-260.,280.,122.));
#690 = SURFACE_CURVE('',#691,(#695,#701),.PCURVE_S1.);
#691 = LINE('',#692,#693);
#692 = CARTESIAN_POINT('',(2.5,280.,122.));
#693 = VECTOR('',#694,1.);
#694 = DIRECTION('',(-1.,0.,0.));
#695 = PCURVE('',#91,#696);
#696 = DEFINITIONAL_REPRESENTATION('',(#697),#700);
#697 = B_SPLINE_CURVE_WITH_KNOTS('',1,(#698,#699),.UNSPECIFIED.,.F.,.F.,
  (2,2),(212.5,297.5),.PIECEWISE_BEZIER_KNOTS.);
#698 = CARTESIAN_POINT('',(505.,-60.));
#699 = CARTESIAN_POINT('',(590.,-60.));
#700 = ( GEOMETRIC_REPRESENTATION_CONTEXT(2) 
PARAMETRIC_REPRESENTATION_CONTEXT() REPRESENTATION_CONTEXT('2D SPACE',''
  ) );
#701 = PCURVE('',#516,#702);
#702 = DEFINITIONAL_REPRESENTATION('',(#703),#706);
#703 = B_SPLINE_CURVE_WITH_KNOTS('',1,(#704,#705),.UNSPECIFIED.,.F.,.F.,
  (2,2),(212.5,297.5),.PIECEWISE_BEZIER_KNOTS.);
#704 = CARTESIAN_POINT('',(80.,72.));
#705 = CARTESIAN_POINT('',(-5.,72.));
#706 = ( GEOMETRIC_REPRESENTATION_CONTEXT(2) 
PARAMETRIC_REPRESENTATION_CONTEXT() REPRESENTATION_CONTEXT('2D SPACE',''
  ) );
#707 = ORIENTED_EDGE('',*,*,#708,.F.);
#708 = EDGE_CURVE('',#709,#688,#711,.T.);
#709 = VERTEX_POINT('',#710);
#710 = CARTESIAN_POINT('',(-260.,280.,62.));
#711 = SURFACE_CURVE('',#712,(#716,#722),.PCURVE_S1.);
#712 = LINE('',#713,#714);
#713 = CARTESIAN_POINT('',(-260.,280.,31.));
#714 = VECTOR('',#715,1.);
#715 = DIRECTION('',(0.,0.,1.));
#716 = PCURVE('',#91,#717);
#717 = DEFINITIONAL_REPRESENTATION('',(#718),#721);
#718 = B_SPLINE_CURVE_WITH_KNOTS('',1,(#719,#720),.UNSPECIFIED.,.F.,.F.,
  (2,2),(31.,133.5),.PIECEWISE_BEZIER_KNOTS.);
#719 = CARTESIAN_POINT('',(555.,0.));
#720 = CARTESIAN_POINT('',(555.,-102.5));
#721 = ( GEOMETRIC_REPRESENTATION_CONTEXT(2) 
PARAMETRIC_REPRESENTATION_CONTEXT() REPRESENTATION_CONTEXT('2D SPACE',''
  ) );
#722 = PCURVE('',#242,#723);
#723 = DEFINITIONAL_REPRESENTATION('',(#724),#727);
#724 = B_SPLINE_CURVE_WITH_KNOTS('',1,(#725,#726),.UNSPECIFIED.,.F.,.F.,
  (2,2),(31.,133.5),.PIECEWISE_BEZIER_KNOTS.);
#725 = CARTESIAN_POINT('',(62.,-280.));
#726 = CARTESIAN_POINT('',(164.5,-280.));
#727 = ( GEOMETRIC_REPRESENTATION_CONTEXT(2) 
PARAMETRIC_REPRESENTATION_CONTEXT() REPRESENTATION_CONTEXT('2D SPACE',''
  ) );
#728 = ORIENTED_EDGE('',*,*,#729,.F.);
#729 = EDGE_CURVE('',#730,#709,#732,.T.);
#730 = VERTEX_POINT('',#731);
#731 = CARTESIAN_POINT('',(-74.5,280.,62.));
#732 = SURFACE_CURVE('',#733,(#737,#744),.PCURVE_S1.);
#733 = LINE('',#734,#735);
#734 = CARTESIAN_POINT('',(295.,280.,62.));
#735 = VECTOR('',#736,1.);
#736 = DIRECTION('',(-1.,0.,0.));
#737 = PCURVE('',#91,#738);
#738 = DEFINITIONAL_REPRESENTATION('',(#739),#743);
#739 = LINE('',#740,#741);
#740 = CARTESIAN_POINT('',(0.,-0.));
#741 = VECTOR('',#742,1.);
#742 = DIRECTION('',(1.,0.));
#743 = ( GEOMETRIC_REPRESENTATION_CONTEXT(2) 
PARAMETRIC_REPRESENTATION_CONTEXT() REPRESENTATION_CONTEXT('2D SPACE',''
  ) );
#744 = PCURVE('',#268,#745);
#745 = DEFINITIONAL_REPRESENTATION('',(#746),#750);
#746 = LINE('',#747,#748);
#747 = CARTESIAN_POINT('',(295.,280.));
#748 = VECTOR('',#749,1.);
#749 = DIRECTION('',(-1.,0.));
#750 = ( GEOMETRIC_REPRESENTATION_CONTEXT(2) 
PARAMETRIC_REPRESENTATION_CONTEXT() REPRESENTATION_CONTEXT('2D SPACE',''
  ) );
#751 = ORIENTED_EDGE('',*,*,#752,.T.);
#752 = EDGE_CURVE('',#730,#753,#755,.T.);
#753 = VERTEX_POINT('',#754);
#754 = CARTESIAN_POINT('',(-74.5,280.,131.));
#755 = SURFACE_CURVE('',#756,(#760,#766),.PCURVE_S1.);
#756 = LINE('',#757,#758);
#757 = CARTESIAN_POINT('',(-74.5,280.,61.5));
#758 = VECTOR('',#759,1.);
#759 = DIRECTION('',(0.,0.,1.));
#760 = PCURVE('',#91,#761);
#761 = DEFINITIONAL_REPRESENTATION('',(#762),#765);
#762 = B_SPLINE_CURVE_WITH_KNOTS('',1,(#763,#764),.UNSPECIFIED.,.F.,.F.,
  (2,2),(0.5,69.5),.PIECEWISE_BEZIER_KNOTS.);
#763 = CARTESIAN_POINT('',(369.5,0.));
#764 = CARTESIAN_POINT('',(369.5,-69.));
#765 = ( GEOMETRIC_REPRESENTATION_CONTEXT(2) 
PARAMETRIC_REPRESENTATION_CONTEXT() REPRESENTATION_CONTEXT('2D SPACE',''
  ) );
#766 = PCURVE('',#294,#767);
#767 = DEFINITIONAL_REPRESENTATION('',(#768),#771);
#768 = B_SPLINE_CURVE_WITH_KNOTS('',1,(#769,#770),.UNSPECIFIED.,.F.,.F.,
  (2,2),(0.5,69.5),.PIECEWISE_BEZIER_KNOTS.);
#769 = CARTESIAN_POINT('',(1.,-10.));
#770 = CARTESIAN_POINT('',(70.,-10.));
#771 = ( GEOMETRIC_REPRESENTATION_CONTEXT(2) 
PARAMETRIC_REPRESENTATION_CONTEXT() REPRESENTATION_CONTEXT('2D SPACE',''
  ) );
#772 = ORIENTED_EDGE('',*,*,#773,.F.);
#773 = EDGE_CURVE('',#774,#753,#776,.T.);
#774 = VERTEX_POINT('',#775);
#775 = CARTESIAN_POINT('',(74.5,280.,131.));
#776 = SURFACE_CURVE('',#777,(#781,#787),.PCURVE_S1.);
#777 = LINE('',#778,#779);
#778 = CARTESIAN_POINT('',(110.25,280.,131.));
#779 = VECTOR('',#780,1.);
#780 = DIRECTION('',(-1.,0.,0.));
#781 = PCURVE('',#91,#782);
#782 = DEFINITIONAL_REPRESENTATION('',(#783),#786);
#783 = B_SPLINE_CURVE_WITH_KNOTS('',1,(#784,#785),.UNSPECIFIED.,.F.,.F.,
  (2,2),(35.75,184.75),.PIECEWISE_BEZIER_KNOTS.);
#784 = CARTESIAN_POINT('',(220.5,-69.));
#785 = CARTESIAN_POINT('',(369.5,-69.));
#786 = ( GEOMETRIC_REPRESENTATION_CONTEXT(2) 
PARAMETRIC_REPRESENTATION_CONTEXT() REPRESENTATION_CONTEXT('2D SPACE',''
  ) );
#787 = PCURVE('',#320,#788);
#788 = DEFINITIONAL_REPRESENTATION('',(#789),#792);
#789 = B_SPLINE_CURVE_WITH_KNOTS('',1,(#790,#791),.UNSPECIFIED.,.F.,.F.,
  (2,2),(35.75,184.75),.PIECEWISE_BEZIER_KNOTS.);
#790 = CARTESIAN_POINT('',(149.,10.));
#791 = CARTESIAN_POINT('',(0.,10.));
#792 = ( GEOMETRIC_REPRESENTATION_CONTEXT(2) 
PARAMETRIC_REPRESENTATION_CONTEXT() REPRESENTATION_CONTEXT('2D SPACE',''
  ) );
#793 = ORIENTED_EDGE('',*,*,#794,.F.);
#794 = EDGE_CURVE('',#578,#774,#795,.T.);
#795 = SURFACE_CURVE('',#796,(#800,#806),.PCURVE_S1.);
#796 = LINE('',#797,#798);
#797 = CARTESIAN_POINT('',(74.5,280.,61.5));
#798 = VECTOR('',#799,1.);
#799 = DIRECTION('',(0.,0.,1.));
#800 = PCURVE('',#91,#801);
#801 = DEFINITIONAL_REPRESENTATION('',(#802),#805);
#802 = B_SPLINE_CURVE_WITH_KNOTS('',1,(#803,#804),.UNSPECIFIED.,.F.,.F.,
  (2,2),(0.5,69.5),.PIECEWISE_BEZIER_KNOTS.);
#803 = CARTESIAN_POINT('',(220.5,0.));
#804 = CARTESIAN_POINT('',(220.5,-69.));
#805 = ( GEOMETRIC_REPRESENTATION_CONTEXT(2) 
PARAMETRIC_REPRESENTATION_CONTEXT() REPRESENTATION_CONTEXT('2D SPACE',''
  ) );
#806 = PCURVE('',#346,#807);
#807 = DEFINITIONAL_REPRESENTATION('',(#808),#811);
#808 = B_SPLINE_CURVE_WITH_KNOTS('',1,(#809,#810),.UNSPECIFIED.,.F.,.F.,
  (2,2),(0.5,69.5),.PIECEWISE_BEZIER_KNOTS.);
#809 = CARTESIAN_POINT('',(1.,-10.));
#810 = CARTESIAN_POINT('',(70.,-10.));
#811 = ( GEOMETRIC_REPRESENTATION_CONTEXT(2) 
PARAMETRIC_REPRESENTATION_CONTEXT() REPRESENTATION_CONTEXT('2D SPACE',''
  ) );
#812 = ADVANCED_FACE('',(#813),#192,.F.);
#813 = FACE_BOUND('',#814,.F.);
#814 = EDGE_LOOP('',(#815,#816,#817,#836));
#815 = ORIENTED_EDGE('',*,*,#177,.T.);
#816 = ORIENTED_EDGE('',*,*,#577,.T.);
#817 = ORIENTED_EDGE('',*,*,#818,.F.);
#818 = EDGE_CURVE('',#332,#578,#819,.T.);
#819 = SURFACE_CURVE('',#820,(#824,#830),.PCURVE_S1.);
#820 = LINE('',#821,#822);
#821 = CARTESIAN_POINT('',(74.5,135.,62.));
#822 = VECTOR('',#823,1.);
#823 = DIRECTION('',(-0.,1.,0.));
#824 = PCURVE('',#192,#825);
#825 = DEFINITIONAL_REPRESENTATION('',(#826),#829);
#826 = B_SPLINE_CURVE_WITH_KNOTS('',1,(#827,#828),.UNSPECIFIED.,.F.,.F.,
  (2,2),(135.,145.),.PIECEWISE_BEZIER_KNOTS.);
#827 = CARTESIAN_POINT('',(74.5,270.));
#828 = CARTESIAN_POINT('',(74.5,280.));
#829 = ( GEOMETRIC_REPRESENTATION_CONTEXT(2) 
PARAMETRIC_REPRESENTATION_CONTEXT() REPRESENTATION_CONTEXT('2D SPACE',''
  ) );
#830 = PCURVE('',#346,#831);
#831 = DEFINITIONAL_REPRESENTATION('',(#832),#835);
#832 = B_SPLINE_CURVE_WITH_KNOTS('',1,(#833,#834),.UNSPECIFIED.,.F.,.F.,
  (2,2),(135.,145.),.PIECEWISE_BEZIER_KNOTS.);
#833 = CARTESIAN_POINT('',(1.,0.));
#834 = CARTESIAN_POINT('',(1.,-10.));
#835 = ( GEOMETRIC_REPRESENTATION_CONTEXT(2) 
PARAMETRIC_REPRESENTATION_CONTEXT() REPRESENTATION_CONTEXT('2D SPACE',''
  ) );
#836 = ORIENTED_EDGE('',*,*,#357,.T.);
#837 = ADVANCED_FACE('',(#838),#242,.F.);
#838 = FACE_BOUND('',#839,.F.);
#839 = EDGE_LOOP('',(#840,#859,#860,#879));
#840 = ORIENTED_EDGE('',*,*,#841,.T.);
#841 = EDGE_CURVE('',#226,#709,#842,.T.);
#842 = SURFACE_CURVE('',#843,(#847,#853),.PCURVE_S1.);
#843 = LINE('',#844,#845);
#844 = CARTESIAN_POINT('',(-260.,0.,62.));
#845 = VECTOR('',#846,1.);
#846 = DIRECTION('',(-0.,1.,0.));
#847 = PCURVE('',#242,#848);
#848 = DEFINITIONAL_REPRESENTATION('',(#849),#852);
#849 = B_SPLINE_CURVE_WITH_KNOTS('',1,(#850,#851),.UNSPECIFIED.,.F.,.F.,
  (2,2),(249.89949493661,280.),.PIECEWISE_BEZIER_KNOTS.);
#850 = CARTESIAN_POINT('',(62.,-249.8994949366));
#851 = CARTESIAN_POINT('',(62.,-280.));
#852 = ( GEOMETRIC_REPRESENTATION_CONTEXT(2) 
PARAMETRIC_REPRESENTATION_CONTEXT() REPRESENTATION_CONTEXT('2D SPACE',''
  ) );
#853 = PCURVE('',#268,#854);
#854 = DEFINITIONAL_REPRESENTATION('',(#855),#858);
#855 = B_SPLINE_CURVE_WITH_KNOTS('',1,(#856,#857),.UNSPECIFIED.,.F.,.F.,
  (2,2),(249.89949493661,280.),.PIECEWISE_BEZIER_KNOTS.);
#856 = CARTESIAN_POINT('',(-260.,249.89949493661));
#857 = CARTESIAN_POINT('',(-260.,280.));
#858 = ( GEOMETRIC_REPRESENTATION_CONTEXT(2) 
PARAMETRIC_REPRESENTATION_CONTEXT() REPRESENTATION_CONTEXT('2D SPACE',''
  ) );
#859 = ORIENTED_EDGE('',*,*,#708,.T.);
#860 = ORIENTED_EDGE('',*,*,#861,.F.);
#861 = EDGE_CURVE('',#228,#688,#862,.T.);
#862 = SURFACE_CURVE('',#863,(#867,#873),.PCURVE_S1.);
#863 = LINE('',#864,#865);
#864 = CARTESIAN_POINT('',(-260.,104.,122.));
#865 = VECTOR('',#866,1.);
#866 = DIRECTION('',(-0.,1.,0.));
#867 = PCURVE('',#242,#868);
#868 = DEFINITIONAL_REPRESENTATION('',(#869),#872);
#869 = B_SPLINE_CURVE_WITH_KNOTS('',1,(#870,#871),.UNSPECIFIED.,.F.,.F.,
  (2,2),(98.049999617971,176.),.PIECEWISE_BEZIER_KNOTS.);
#870 = CARTESIAN_POINT('',(122.,-202.0499996179));
#871 = CARTESIAN_POINT('',(122.,-280.));
#872 = ( GEOMETRIC_REPRESENTATION_CONTEXT(2) 
PARAMETRIC_REPRESENTATION_CONTEXT() REPRESENTATION_CONTEXT('2D SPACE',''
  ) );
#873 = PCURVE('',#516,#874);
#874 = DEFINITIONAL_REPRESENTATION('',(#875),#878);
#875 = B_SPLINE_CURVE_WITH_KNOTS('',1,(#876,#877),.UNSPECIFIED.,.F.,.F.,
  (2,2),(98.049999617971,176.),.PIECEWISE_BEZIER_KNOTS.);
#876 = CARTESIAN_POINT('',(30.,-5.950000382029));
#877 = CARTESIAN_POINT('',(30.,72.));
#878 = ( GEOMETRIC_REPRESENTATION_CONTEXT(2) 
PARAMETRIC_REPRESENTATION_CONTEXT() REPRESENTATION_CONTEXT('2D SPACE',''
  ) );
#879 = ORIENTED_EDGE('',*,*,#225,.F.);
#880 = ADVANCED_FACE('',(#881),#516,.T.);
#881 = FACE_BOUND('',#882,.T.);
#882 = EDGE_LOOP('',(#883,#884,#906,#907));
#883 = ORIENTED_EDGE('',*,*,#503,.F.);
#884 = ORIENTED_EDGE('',*,*,#885,.T.);
#885 = EDGE_CURVE('',#478,#667,#886,.T.);
#886 = SURFACE_CURVE('',#887,(#892,#899),.PCURVE_S1.);
#887 = CIRCLE('',#888,80.);
#888 = AXIS2_PLACEMENT_3D('',#889,#890,#891);
#889 = CARTESIAN_POINT('',(-290.,208.,122.));
#890 = DIRECTION('',(0.,0.,1.));
#891 = DIRECTION('',(1.,0.,-0.));
#892 = PCURVE('',#516,#893);
#893 = DEFINITIONAL_REPRESENTATION('',(#894),#898);
#894 = CIRCLE('',#895,80.);
#895 = AXIS2_PLACEMENT_2D('',#896,#897);
#896 = CARTESIAN_POINT('',(0.,0.));
#897 = DIRECTION('',(1.,0.));
#898 = ( GEOMETRIC_REPRESENTATION_CONTEXT(2) 
PARAMETRIC_REPRESENTATION_CONTEXT() REPRESENTATION_CONTEXT('2D SPACE',''
  ) );
#899 = PCURVE('',#492,#900);
#900 = DEFINITIONAL_REPRESENTATION('',(#901),#905);
#901 = LINE('',#902,#903);
#902 = CARTESIAN_POINT('',(0.,0.));
#903 = VECTOR('',#904,1.);
#904 = DIRECTION('',(1.,0.));
#905 = ( GEOMETRIC_REPRESENTATION_CONTEXT(2) 
PARAMETRIC_REPRESENTATION_CONTEXT() REPRESENTATION_CONTEXT('2D SPACE',''
  ) );
#906 = ORIENTED_EDGE('',*,*,#687,.T.);
#907 = ORIENTED_EDGE('',*,*,#861,.F.);
#908 = ADVANCED_FACE('',(#909),#492,.F.);
#909 = FACE_BOUND('',#910,.F.);
#910 = EDGE_LOOP('',(#911,#912,#913,#914));
#911 = ORIENTED_EDGE('',*,*,#477,.F.);
#912 = ORIENTED_EDGE('',*,*,#885,.T.);
#913 = ORIENTED_EDGE('',*,*,#666,.T.);
#914 = ORIENTED_EDGE('',*,*,#915,.F.);
#915 = EDGE_CURVE('',#452,#646,#916,.T.);
#916 = SURFACE_CURVE('',#917,(#922,#929),.PCURVE_S1.);
#917 = CIRCLE('',#918,80.);
#918 = AXIS2_PLACEMENT_3D('',#919,#920,#921);
#919 = CARTESIAN_POINT('',(-290.,208.,164.5));
#920 = DIRECTION('',(0.,0.,1.));
#921 = DIRECTION('',(1.,0.,-0.));
#922 = PCURVE('',#492,#923);
#923 = DEFINITIONAL_REPRESENTATION('',(#924),#928);
#924 = LINE('',#925,#926);
#925 = CARTESIAN_POINT('',(0.,42.5));
#926 = VECTOR('',#927,1.);
#927 = DIRECTION('',(1.,0.));
#928 = ( GEOMETRIC_REPRESENTATION_CONTEXT(2) 
PARAMETRIC_REPRESENTATION_CONTEXT() REPRESENTATION_CONTEXT('2D SPACE',''
  ) );
#929 = PCURVE('',#466,#930);
#930 = DEFINITIONAL_REPRESENTATION('',(#931),#935);
#931 = CIRCLE('',#932,80.);
#932 = AXIS2_PLACEMENT_2D('',#933,#934);
#933 = CARTESIAN_POINT('',(210.,608.));
#934 = DIRECTION('',(1.,0.));
#935 = ( GEOMETRIC_REPRESENTATION_CONTEXT(2) 
PARAMETRIC_REPRESENTATION_CONTEXT() REPRESENTATION_CONTEXT('2D SPACE',''
  ) );
#936 = ADVANCED_FACE('',(#937),#466,.T.);
#937 = FACE_BOUND('',#938,.T.);
#938 = EDGE_LOOP('',(#939,#958,#959,#960));
#939 = ORIENTED_EDGE('',*,*,#940,.T.);
#940 = EDGE_CURVE('',#426,#625,#941,.T.);
#941 = SURFACE_CURVE('',#942,(#946,#952),.PCURVE_S1.);
#942 = LINE('',#943,#944);
#943 = CARTESIAN_POINT('',(-25.,-65.,164.5));
#944 = VECTOR('',#945,1.);
#945 = DIRECTION('',(-0.,1.,0.));
#946 = PCURVE('',#466,#947);
#947 = DEFINITIONAL_REPRESENTATION('',(#948),#951);
#948 = B_SPLINE_CURVE_WITH_KNOTS('',1,(#949,#950),.UNSPECIFIED.,.F.,.F.,
  (2,2),(335.,345.),.PIECEWISE_BEZIER_KNOTS.);
#949 = CARTESIAN_POINT('',(475.,670.));
#950 = CARTESIAN_POINT('',(475.,680.));
#951 = ( GEOMETRIC_REPRESENTATION_CONTEXT(2) 
PARAMETRIC_REPRESENTATION_CONTEXT() REPRESENTATION_CONTEXT('2D SPACE',''
  ) );
#952 = PCURVE('',#440,#953);
#953 = DEFINITIONAL_REPRESENTATION('',(#954),#957);
#954 = B_SPLINE_CURVE_WITH_KNOTS('',1,(#955,#956),.UNSPECIFIED.,.F.,.F.,
  (2,2),(335.,345.),.PIECEWISE_BEZIER_KNOTS.);
#955 = CARTESIAN_POINT('',(9.5,0.));
#956 = CARTESIAN_POINT('',(9.5,-10.));
#957 = ( GEOMETRIC_REPRESENTATION_CONTEXT(2) 
PARAMETRIC_REPRESENTATION_CONTEXT() REPRESENTATION_CONTEXT('2D SPACE',''
  ) );
#958 = ORIENTED_EDGE('',*,*,#645,.T.);
#959 = ORIENTED_EDGE('',*,*,#915,.F.);
#960 = ORIENTED_EDGE('',*,*,#451,.F.);
#961 = ADVANCED_FACE('',(#962),#440,.T.);
#962 = FACE_BOUND('',#963,.T.);
#963 = EDGE_LOOP('',(#964,#965,#986,#987));
#964 = ORIENTED_EDGE('',*,*,#425,.F.);
#965 = ORIENTED_EDGE('',*,*,#966,.T.);
#966 = EDGE_CURVE('',#400,#604,#967,.T.);
#967 = SURFACE_CURVE('',#968,(#972,#979),.PCURVE_S1.);
#968 = LINE('',#969,#970);
#969 = CARTESIAN_POINT('',(-25.,270.,155.));
#970 = VECTOR('',#971,1.);
#971 = DIRECTION('',(-0.,1.,0.));
#972 = PCURVE('',#440,#973);
#973 = DEFINITIONAL_REPRESENTATION('',(#974),#978);
#974 = LINE('',#975,#976);
#975 = CARTESIAN_POINT('',(0.,0.));
#976 = VECTOR('',#977,1.);
#977 = DIRECTION('',(0.,-1.));
#978 = ( GEOMETRIC_REPRESENTATION_CONTEXT(2) 
PARAMETRIC_REPRESENTATION_CONTEXT() REPRESENTATION_CONTEXT('2D SPACE',''
  ) );
#979 = PCURVE('',#414,#980);
#980 = DEFINITIONAL_REPRESENTATION('',(#981),#985);
#981 = LINE('',#982,#983);
#982 = CARTESIAN_POINT('',(0.,0.));
#983 = VECTOR('',#984,1.);
#984 = DIRECTION('',(0.,1.));
#985 = ( GEOMETRIC_REPRESENTATION_CONTEXT(2) 
PARAMETRIC_REPRESENTATION_CONTEXT() REPRESENTATION_CONTEXT('2D SPACE',''
  ) );
#986 = ORIENTED_EDGE('',*,*,#624,.T.);
#987 = ORIENTED_EDGE('',*,*,#940,.F.);
#988 = ADVANCED_FACE('',(#989),#414,.T.);
#989 = FACE_BOUND('',#990,.T.);
#990 = EDGE_LOOP('',(#991,#992,#993,#994));
#991 = ORIENTED_EDGE('',*,*,#966,.F.);
#992 = ORIENTED_EDGE('',*,*,#399,.F.);
#993 = ORIENTED_EDGE('',*,*,#531,.T.);
#994 = ORIENTED_EDGE('',*,*,#603,.T.);
#995 = ADVANCED_FACE('',(#996),#346,.F.);
#996 = FACE_BOUND('',#997,.F.);
#997 = EDGE_LOOP('',(#998,#1019,#1020,#1021));
#998 = ORIENTED_EDGE('',*,*,#999,.F.);
#999 = EDGE_CURVE('',#306,#774,#1000,.T.);
#1000 = SURFACE_CURVE('',#1001,(#1005,#1012),.PCURVE_S1.);
#1001 = LINE('',#1002,#1003);
#1002 = CARTESIAN_POINT('',(74.5,270.,131.));
#1003 = VECTOR('',#1004,1.);
#1004 = DIRECTION('',(-0.,1.,0.));
#1005 = PCURVE('',#346,#1006);
#1006 = DEFINITIONAL_REPRESENTATION('',(#1007),#1011);
#1007 = LINE('',#1008,#1009);
#1008 = CARTESIAN_POINT('',(70.,0.));
#1009 = VECTOR('',#1010,1.);
#1010 = DIRECTION('',(0.,-1.));
#1011 = ( GEOMETRIC_REPRESENTATION_CONTEXT(2) 
PARAMETRIC_REPRESENTATION_CONTEXT() REPRESENTATION_CONTEXT('2D SPACE',''
  ) );
#1012 = PCURVE('',#320,#1013);
#1013 = DEFINITIONAL_REPRESENTATION('',(#1014),#1018);
#1014 = LINE('',#1015,#1016);
#1015 = CARTESIAN_POINT('',(149.,0.));
#1016 = VECTOR('',#1017,1.);
#1017 = DIRECTION('',(0.,1.));
#1018 = ( GEOMETRIC_REPRESENTATION_CONTEXT(2) 
PARAMETRIC_REPRESENTATION_CONTEXT() REPRESENTATION_CONTEXT('2D SPACE',''
  ) );
#1019 = ORIENTED_EDGE('',*,*,#331,.F.);
#1020 = ORIENTED_EDGE('',*,*,#818,.T.);
#1021 = ORIENTED_EDGE('',*,*,#794,.T.);
#1022 = ADVANCED_FACE('',(#1023),#320,.F.);
#1023 = FACE_BOUND('',#1024,.F.);
#1024 = EDGE_LOOP('',(#1025,#1046,#1047,#1048));
#1025 = ORIENTED_EDGE('',*,*,#1026,.F.);
#1026 = EDGE_CURVE('',#280,#753,#1027,.T.);
#1027 = SURFACE_CURVE('',#1028,(#1032,#1039),.PCURVE_S1.);
#1028 = LINE('',#1029,#1030);
#1029 = CARTESIAN_POINT('',(-74.5,270.,131.));
#1030 = VECTOR('',#1031,1.);
#1031 = DIRECTION('',(-0.,1.,0.));
#1032 = PCURVE('',#320,#1033);
#1033 = DEFINITIONAL_REPRESENTATION('',(#1034),#1038);
#1034 = LINE('',#1035,#1036);
#1035 = CARTESIAN_POINT('',(0.,0.));
#1036 = VECTOR('',#1037,1.);
#1037 = DIRECTION('',(0.,1.));
#1038 = ( GEOMETRIC_REPRESENTATION_CONTEXT(2) 
PARAMETRIC_REPRESENTATION_CONTEXT() REPRESENTATION_CONTEXT('2D SPACE',''
  ) );
#1039 = PCURVE('',#294,#1040);
#1040 = DEFINITIONAL_REPRESENTATION('',(#1041),#1045);
#1041 = LINE('',#1042,#1043);
#1042 = CARTESIAN_POINT('',(70.,0.));
#1043 = VECTOR('',#1044,1.);
#1044 = DIRECTION('',(0.,-1.));
#1045 = ( GEOMETRIC_REPRESENTATION_CONTEXT(2) 
PARAMETRIC_REPRESENTATION_CONTEXT() REPRESENTATION_CONTEXT('2D SPACE',''
  ) );
#1046 = ORIENTED_EDGE('',*,*,#305,.F.);
#1047 = ORIENTED_EDGE('',*,*,#999,.T.);
#1048 = ORIENTED_EDGE('',*,*,#773,.T.);
#1049 = ADVANCED_FACE('',(#1050),#294,.T.);
#1050 = FACE_BOUND('',#1051,.T.);
#1051 = EDGE_LOOP('',(#1052,#1053,#1054,#1073));
#1052 = ORIENTED_EDGE('',*,*,#1026,.F.);
#1053 = ORIENTED_EDGE('',*,*,#279,.F.);
#1054 = ORIENTED_EDGE('',*,*,#1055,.T.);
#1055 = EDGE_CURVE('',#254,#730,#1056,.T.);
#1056 = SURFACE_CURVE('',#1057,(#1061,#1067),.PCURVE_S1.);
#1057 = LINE('',#1058,#1059);
#1058 = CARTESIAN_POINT('',(-74.5,135.,62.));
#1059 = VECTOR('',#1060,1.);
#1060 = DIRECTION('',(-0.,1.,0.));
#1061 = PCURVE('',#294,#1062);
#1062 = DEFINITIONAL_REPRESENTATION('',(#1063),#1066);
#1063 = B_SPLINE_CURVE_WITH_KNOTS('',1,(#1064,#1065),.UNSPECIFIED.,.F.,
  .F.,(2,2),(135.,145.),.PIECEWISE_BEZIER_KNOTS.);
#1064 = CARTESIAN_POINT('',(1.,0.));
#1065 = CARTESIAN_POINT('',(1.,-10.));
#1066 = ( GEOMETRIC_REPRESENTATION_CONTEXT(2) 
PARAMETRIC_REPRESENTATION_CONTEXT() REPRESENTATION_CONTEXT('2D SPACE',''
  ) );
#1067 = PCURVE('',#268,#1068);
#1068 = DEFINITIONAL_REPRESENTATION('',(#1069),#1072);
#1069 = B_SPLINE_CURVE_WITH_KNOTS('',1,(#1070,#1071),.UNSPECIFIED.,.F.,
  .F.,(2,2),(135.,145.),.PIECEWISE_BEZIER_KNOTS.);
#1070 = CARTESIAN_POINT('',(-74.5,270.));
#1071 = CARTESIAN_POINT('',(-74.5,280.));
#1072 = ( GEOMETRIC_REPRESENTATION_CONTEXT(2) 
PARAMETRIC_REPRESENTATION_CONTEXT() REPRESENTATION_CONTEXT('2D SPACE',''
  ) );
#1073 = ORIENTED_EDGE('',*,*,#752,.T.);
#1074 = ADVANCED_FACE('',(#1075),#268,.F.);
#1075 = FACE_BOUND('',#1076,.F.);
#1076 = EDGE_LOOP('',(#1077,#1078,#1079,#1080));
#1077 = ORIENTED_EDGE('',*,*,#841,.F.);
#1078 = ORIENTED_EDGE('',*,*,#253,.T.);
#1079 = ORIENTED_EDGE('',*,*,#1055,.T.);
#1080 = ORIENTED_EDGE('',*,*,#729,.T.);
#1081 = ( GEOMETRIC_REPRESENTATION_CONTEXT(3) 
GLOBAL_UNCERTAINTY_ASSIGNED_CONTEXT((#1085)) 
GLOBAL_UNIT_ASSIGNED_CONTEXT((#1082,#1083,#1084)) REPRESENTATION_CONTEXT
('Context #1','3D Context with UNIT and UNCERTAINTY') );
#1082 = ( LENGTH_UNIT() NAMED_UNIT(*) SI_UNIT(.MILLI.,.METRE.) );
#1083 = ( NAMED_UNIT(*) PLANE_ANGLE_UNIT() SI_UNIT($,.RADIAN.) );
#1084 = ( NAMED_UNIT(*) SI_UNIT($,.STERADIAN.) SOLID_ANGLE_UNIT() );
#1085 = UNCERTAINTY_MEASURE_WITH_UNIT(LENGTH_MEASURE(2.E-07),#1082,
  'distance_accuracy_value','confusion accuracy');
#1086 = CONTEXT_DEPENDENT_SHAPE_REPRESENTATION(#1087,#1089);
#1087 = ( REPRESENTATION_RELATIONSHIP('','',#36,#10) 
REPRESENTATION_RELATIONSHIP_WITH_TRANSFORMATION(#1088) 
SHAPE_REPRESENTATION_RELATIONSHIP() );
#1088 = ITEM_DEFINED_TRANSFORMATION('','',#11,#15);
#1089 = PRODUCT_DEFINITION_SHAPE('Placement','Placement of an item',
  #1090);
#1090 = NEXT_ASSEMBLY_USAGE_OCCURRENCE('23','','',#5,#31,$);
#1091 = PRODUCT_RELATED_PRODUCT_CATEGORY('part',$,(#33));
#1092 = SHAPE_DEFINITION_REPRESENTATION(#1093,#1099);
#1093 = PRODUCT_DEFINITION_SHAPE('','',#1094);
#1094 = PRODUCT_DEFINITION('design','',#1095,#1098);
#1095 = PRODUCT_DEFINITION_FORMATION('','',#1096);
#1096 = PRODUCT('Open CASCADE STEP translator 7.9 150.2',
  'Open CASCADE STEP translator 7.9 150.2','',(#1097));
#1097 = PRODUCT_CONTEXT('',#2,'mechanical');
#1098 = PRODUCT_DEFINITION_CONTEXT('part definition',#2,'design');
#1099 = ADVANCED_BREP_SHAPE_REPRESENTATION('',(#11,#1100),#1942);
#1100 = MANIFOLD_SOLID_BREP('',#1101);
#1101 = CLOSED_SHELL('',(#1102,#1214,#1284,#1520,#1567,#1750,#1775,#1800
    ,#1827,#1852,#1880,#1908,#1915));
#1102 = ADVANCED_FACE('',(#1103),#1117,.F.);
#1103 = FACE_BOUND('',#1104,.F.);
#1104 = EDGE_LOOP('',(#1105,#1138,#1164,#1190));
#1105 = ORIENTED_EDGE('',*,*,#1106,.T.);
#1106 = EDGE_CURVE('',#1107,#1109,#1111,.T.);
#1107 = VERTEX_POINT('',#1108);
#1108 = CARTESIAN_POINT('',(260.,278.,204.5));
#1109 = VERTEX_POINT('',#1110);
#1110 = CARTESIAN_POINT('',(260.,280.,204.5));
#1111 = SURFACE_CURVE('',#1112,(#1116,#1127),.PCURVE_S1.);
#1112 = LINE('',#1113,#1114);
#1113 = CARTESIAN_POINT('',(260.,-200.,204.5));
#1114 = VECTOR('',#1115,1.);
#1115 = DIRECTION('',(-0.,1.,0.));
#1116 = PCURVE('',#1117,#1122);
#1117 = PLANE('',#1118);
#1118 = AXIS2_PLACEMENT_3D('',#1119,#1120,#1121);
#1119 = CARTESIAN_POINT('',(-500.,-400.,204.5));
#1120 = DIRECTION('',(0.,0.,1.));
#1121 = DIRECTION('',(1.,0.,-0.));
#1122 = DEFINITIONAL_REPRESENTATION('',(#1123),#1126);
#1123 = B_SPLINE_CURVE_WITH_KNOTS('',1,(#1124,#1125),.UNSPECIFIED.,.F.,
  .F.,(2,2),(200.,480.),.PIECEWISE_BEZIER_KNOTS.);
#1124 = CARTESIAN_POINT('',(760.,400.));
#1125 = CARTESIAN_POINT('',(760.,680.));
#1126 = ( GEOMETRIC_REPRESENTATION_CONTEXT(2) 
PARAMETRIC_REPRESENTATION_CONTEXT() REPRESENTATION_CONTEXT('2D SPACE',''
  ) );
#1127 = PCURVE('',#1128,#1133);
#1128 = PLANE('',#1129);
#1129 = AXIS2_PLACEMENT_3D('',#1130,#1131,#1132);
#1130 = CARTESIAN_POINT('',(260.,0.,0.));
#1131 = DIRECTION('',(1.,0.,-0.));
#1132 = DIRECTION('',(0.,0.,1.));
#1133 = DEFINITIONAL_REPRESENTATION('',(#1134),#1137);
#1134 = B_SPLINE_CURVE_WITH_KNOTS('',1,(#1135,#1136),.UNSPECIFIED.,.F.,
  .F.,(2,2),(200.,480.),.PIECEWISE_BEZIER_KNOTS.);
#1135 = CARTESIAN_POINT('',(204.5,0.));
#1136 = CARTESIAN_POINT('',(204.5,-280.));
#1137 = ( GEOMETRIC_REPRESENTATION_CONTEXT(2) 
PARAMETRIC_REPRESENTATION_CONTEXT() REPRESENTATION_CONTEXT('2D SPACE',''
  ) );
#1138 = ORIENTED_EDGE('',*,*,#1139,.T.);
#1139 = EDGE_CURVE('',#1109,#1140,#1142,.T.);
#1140 = VERTEX_POINT('',#1141);
#1141 = CARTESIAN_POINT('',(25.,280.,204.5));
#1142 = SURFACE_CURVE('',#1143,(#1147,#1153),.PCURVE_S1.);
#1143 = LINE('',#1144,#1145);
#1144 = CARTESIAN_POINT('',(-102.5,280.,204.5));
#1145 = VECTOR('',#1146,1.);
#1146 = DIRECTION('',(-1.,0.,0.));
#1147 = PCURVE('',#1117,#1148);
#1148 = DEFINITIONAL_REPRESENTATION('',(#1149),#1152);
#1149 = B_SPLINE_CURVE_WITH_KNOTS('',1,(#1150,#1151),.UNSPECIFIED.,.F.,
  .F.,(2,2),(-397.5,192.5),.PIECEWISE_BEZIER_KNOTS.);
#1150 = CARTESIAN_POINT('',(795.,680.));
#1151 = CARTESIAN_POINT('',(205.,680.));
#1152 = ( GEOMETRIC_REPRESENTATION_CONTEXT(2) 
PARAMETRIC_REPRESENTATION_CONTEXT() REPRESENTATION_CONTEXT('2D SPACE',''
  ) );
#1153 = PCURVE('',#1154,#1159);
#1154 = PLANE('',#1155);
#1155 = AXIS2_PLACEMENT_3D('',#1156,#1157,#1158);
#1156 = CARTESIAN_POINT('',(295.,280.,62.));
#1157 = DIRECTION('',(0.,-1.,0.));
#1158 = DIRECTION('',(-1.,0.,0.));
#1159 = DEFINITIONAL_REPRESENTATION('',(#1160),#1163);
#1160 = B_SPLINE_CURVE_WITH_KNOTS('',1,(#1161,#1162),.UNSPECIFIED.,.F.,
  .F.,(2,2),(-397.5,192.5),.PIECEWISE_BEZIER_KNOTS.);
#1161 = CARTESIAN_POINT('',(0.,-142.5));
#1162 = CARTESIAN_POINT('',(590.,-142.5));
#1163 = ( GEOMETRIC_REPRESENTATION_CONTEXT(2) 
PARAMETRIC_REPRESENTATION_CONTEXT() REPRESENTATION_CONTEXT('2D SPACE',''
  ) );
#1164 = ORIENTED_EDGE('',*,*,#1165,.F.);
#1165 = EDGE_CURVE('',#1166,#1140,#1168,.T.);
#1166 = VERTEX_POINT('',#1167);
#1167 = CARTESIAN_POINT('',(25.,278.,204.5));
#1168 = SURFACE_CURVE('',#1169,(#1173,#1179),.PCURVE_S1.);
#1169 = LINE('',#1170,#1171);
#1170 = CARTESIAN_POINT('',(25.,-65.,204.5));
#1171 = VECTOR('',#1172,1.);
#1172 = DIRECTION('',(-0.,1.,0.));
#1173 = PCURVE('',#1117,#1174);
#1174 = DEFINITIONAL_REPRESENTATION('',(#1175),#1178);
#1175 = B_SPLINE_CURVE_WITH_KNOTS('',1,(#1176,#1177),.UNSPECIFIED.,.F.,
  .F.,(2,2),(335.,345.),.PIECEWISE_BEZIER_KNOTS.);
#1176 = CARTESIAN_POINT('',(525.,670.));
#1177 = CARTESIAN_POINT('',(525.,680.));
#1178 = ( GEOMETRIC_REPRESENTATION_CONTEXT(2) 
PARAMETRIC_REPRESENTATION_CONTEXT() REPRESENTATION_CONTEXT('2D SPACE',''
  ) );
#1179 = PCURVE('',#1180,#1185);
#1180 = PLANE('',#1181);
#1181 = AXIS2_PLACEMENT_3D('',#1182,#1183,#1184);
#1182 = CARTESIAN_POINT('',(25.,270.,155.));
#1183 = DIRECTION('',(1.,0.,-0.));
#1184 = DIRECTION('',(0.,0.,1.));
#1185 = DEFINITIONAL_REPRESENTATION('',(#1186),#1189);
#1186 = B_SPLINE_CURVE_WITH_KNOTS('',1,(#1187,#1188),.UNSPECIFIED.,.F.,
  .F.,(2,2),(335.,345.),.PIECEWISE_BEZIER_KNOTS.);
#1187 = CARTESIAN_POINT('',(49.5,0.));
#1188 = CARTESIAN_POINT('',(49.5,-10.));
#1189 = ( GEOMETRIC_REPRESENTATION_CONTEXT(2) 
PARAMETRIC_REPRESENTATION_CONTEXT() REPRESENTATION_CONTEXT('2D SPACE',''
  ) );
#1190 = ORIENTED_EDGE('',*,*,#1191,.F.);
#1191 = EDGE_CURVE('',#1107,#1166,#1192,.T.);
#1192 = SURFACE_CURVE('',#1193,(#1197,#1203),.PCURVE_S1.);
#1193 = LINE('',#1194,#1195);
#1194 = CARTESIAN_POINT('',(-103.0857864376,278.,204.5));
#1195 = VECTOR('',#1196,1.);
#1196 = DIRECTION('',(-1.,0.,0.));
#1197 = PCURVE('',#1117,#1198);
#1198 = DEFINITIONAL_REPRESENTATION('',(#1199),#1202);
#1199 = B_SPLINE_CURVE_WITH_KNOTS('',1,(#1200,#1201),.UNSPECIFIED.,.F.,
  .F.,(2,2),(-396.9142135623,190.74264068711),.PIECEWISE_BEZIER_KNOTS.);
#1200 = CARTESIAN_POINT('',(793.82842712474,678.));
#1201 = CARTESIAN_POINT('',(206.17157287525,678.));
#1202 = ( GEOMETRIC_REPRESENTATION_CONTEXT(2) 
PARAMETRIC_REPRESENTATION_CONTEXT() REPRESENTATION_CONTEXT('2D SPACE',''
  ) );
#1203 = PCURVE('',#1204,#1209);
#1204 = PLANE('',#1205);
#1205 = AXIS2_PLACEMENT_3D('',#1206,#1207,#1208);
#1206 = CARTESIAN_POINT('',(293.82842712474,278.,61.));
#1207 = DIRECTION('',(0.,-1.,0.));
#1208 = DIRECTION('',(-1.,0.,0.));
#1209 = DEFINITIONAL_REPRESENTATION('',(#1210),#1213);
#1210 = B_SPLINE_CURVE_WITH_KNOTS('',1,(#1211,#1212),.UNSPECIFIED.,.F.,
  .F.,(2,2),(-396.9142135623,190.74264068711),.PIECEWISE_BEZIER_KNOTS.);
#1211 = CARTESIAN_POINT('',(0.,-143.5));
#1212 = CARTESIAN_POINT('',(587.65685424949,-143.5));
#1213 = ( GEOMETRIC_REPRESENTATION_CONTEXT(2) 
PARAMETRIC_REPRESENTATION_CONTEXT() REPRESENTATION_CONTEXT('2D SPACE',''
  ) );
#1214 = ADVANCED_FACE('',(#1215),#1128,.T.);
#1215 = FACE_BOUND('',#1216,.T.);
#1216 = EDGE_LOOP('',(#1217,#1238,#1239,#1260));
#1217 = ORIENTED_EDGE('',*,*,#1218,.F.);
#1218 = EDGE_CURVE('',#1107,#1219,#1221,.T.);
#1219 = VERTEX_POINT('',#1220);
#1220 = CARTESIAN_POINT('',(260.,278.,337.));
#1221 = SURFACE_CURVE('',#1222,(#1226,#1232),.PCURVE_S1.);
#1222 = LINE('',#1223,#1224);
#1223 = CARTESIAN_POINT('',(260.,278.,30.5));
#1224 = VECTOR('',#1225,1.);
#1225 = DIRECTION('',(0.,0.,1.));
#1226 = PCURVE('',#1128,#1227);
#1227 = DEFINITIONAL_REPRESENTATION('',(#1228),#1231);
#1228 = B_SPLINE_CURVE_WITH_KNOTS('',1,(#1229,#1230),.UNSPECIFIED.,.F.,
  .F.,(2,2),(174.,306.5),.PIECEWISE_BEZIER_KNOTS.);
#1229 = CARTESIAN_POINT('',(204.5,-278.));
#1230 = CARTESIAN_POINT('',(337.,-278.));
#1231 = ( GEOMETRIC_REPRESENTATION_CONTEXT(2) 
PARAMETRIC_REPRESENTATION_CONTEXT() REPRESENTATION_CONTEXT('2D SPACE',''
  ) );
#1232 = PCURVE('',#1204,#1233);
#1233 = DEFINITIONAL_REPRESENTATION('',(#1234),#1237);
#1234 = B_SPLINE_CURVE_WITH_KNOTS('',1,(#1235,#1236),.UNSPECIFIED.,.F.,
  .F.,(2,2),(174.,306.5),.PIECEWISE_BEZIER_KNOTS.);
#1235 = CARTESIAN_POINT('',(33.828427124746,-143.5));
#1236 = CARTESIAN_POINT('',(33.828427124746,-276.));
#1237 = ( GEOMETRIC_REPRESENTATION_CONTEXT(2) 
PARAMETRIC_REPRESENTATION_CONTEXT() REPRESENTATION_CONTEXT('2D SPACE',''
  ) );
#1238 = ORIENTED_EDGE('',*,*,#1106,.T.);
#1239 = ORIENTED_EDGE('',*,*,#1240,.T.);
#1240 = EDGE_CURVE('',#1109,#1241,#1243,.T.);
#1241 = VERTEX_POINT('',#1242);
#1242 = CARTESIAN_POINT('',(260.,280.,337.));
#1243 = SURFACE_CURVE('',#1244,(#1248,#1254),.PCURVE_S1.);
#1244 = LINE('',#1245,#1246);
#1245 = CARTESIAN_POINT('',(260.,280.,31.));
#1246 = VECTOR('',#1247,1.);
#1247 = DIRECTION('',(0.,0.,1.));
#1248 = PCURVE('',#1128,#1249);
#1249 = DEFINITIONAL_REPRESENTATION('',(#1250),#1253);
#1250 = B_SPLINE_CURVE_WITH_KNOTS('',1,(#1251,#1252),.UNSPECIFIED.,.F.,
  .F.,(2,2),(173.5,306.),.PIECEWISE_BEZIER_KNOTS.);
#1251 = CARTESIAN_POINT('',(204.5,-280.));
#1252 = CARTESIAN_POINT('',(337.,-280.));
#1253 = ( GEOMETRIC_REPRESENTATION_CONTEXT(2) 
PARAMETRIC_REPRESENTATION_CONTEXT() REPRESENTATION_CONTEXT('2D SPACE',''
  ) );
#1254 = PCURVE('',#1154,#1255);
#1255 = DEFINITIONAL_REPRESENTATION('',(#1256),#1259);
#1256 = B_SPLINE_CURVE_WITH_KNOTS('',1,(#1257,#1258),.UNSPECIFIED.,.F.,
  .F.,(2,2),(173.5,306.),.PIECEWISE_BEZIER_KNOTS.);
#1257 = CARTESIAN_POINT('',(35.,-142.5));
#1258 = CARTESIAN_POINT('',(35.,-275.));
#1259 = ( GEOMETRIC_REPRESENTATION_CONTEXT(2) 
PARAMETRIC_REPRESENTATION_CONTEXT() REPRESENTATION_CONTEXT('2D SPACE',''
  ) );
#1260 = ORIENTED_EDGE('',*,*,#1261,.F.);
#1261 = EDGE_CURVE('',#1219,#1241,#1262,.T.);
#1262 = SURFACE_CURVE('',#1263,(#1267,#1273),.PCURVE_S1.);
#1263 = LINE('',#1264,#1265);
#1264 = CARTESIAN_POINT('',(260.,0.,337.));
#1265 = VECTOR('',#1266,1.);
#1266 = DIRECTION('',(-0.,1.,0.));
#1267 = PCURVE('',#1128,#1268);
#1268 = DEFINITIONAL_REPRESENTATION('',(#1269),#1272);
#1269 = B_SPLINE_CURVE_WITH_KNOTS('',1,(#1270,#1271),.UNSPECIFIED.,.F.,
  .F.,(2,2),(0.,280.),.PIECEWISE_BEZIER_KNOTS.);
#1270 = CARTESIAN_POINT('',(337.,0.));
#1271 = CARTESIAN_POINT('',(337.,-280.));
#1272 = ( GEOMETRIC_REPRESENTATION_CONTEXT(2) 
PARAMETRIC_REPRESENTATION_CONTEXT() REPRESENTATION_CONTEXT('2D SPACE',''
  ) );
#1273 = PCURVE('',#1274,#1279);
#1274 = PLANE('',#1275);
#1275 = AXIS2_PLACEMENT_3D('',#1276,#1277,#1278);
#1276 = CARTESIAN_POINT('',(1.776500577423E-14,0.,337.));
#1277 = DIRECTION('',(0.,0.,1.));
#1278 = DIRECTION('',(1.,0.,-0.));
#1279 = DEFINITIONAL_REPRESENTATION('',(#1280),#1283);
#1280 = B_SPLINE_CURVE_WITH_KNOTS('',1,(#1281,#1282),.UNSPECIFIED.,.F.,
  .F.,(2,2),(0.,280.),.PIECEWISE_BEZIER_KNOTS.);
#1281 = CARTESIAN_POINT('',(260.,0.));
#1282 = CARTESIAN_POINT('',(260.,280.));
#1283 = ( GEOMETRIC_REPRESENTATION_CONTEXT(2) 
PARAMETRIC_REPRESENTATION_CONTEXT() REPRESENTATION_CONTEXT('2D SPACE',''
  ) );
#1284 = ADVANCED_FACE('',(#1285,#1485),#1204,.T.);
#1285 = FACE_BOUND('',#1286,.T.);
#1286 = EDGE_LOOP('',(#1287,#1315,#1341,#1367,#1393,#1419,#1445,#1464,
    #1465,#1466));
#1287 = ORIENTED_EDGE('',*,*,#1288,.F.);
#1288 = EDGE_CURVE('',#1289,#1291,#1293,.T.);
#1289 = VERTEX_POINT('',#1290);
#1290 = CARTESIAN_POINT('',(-260.,278.,222.));
#1291 = VERTEX_POINT('',#1292);
#1292 = CARTESIAN_POINT('',(-260.,278.,337.));
#1293 = SURFACE_CURVE('',#1294,(#1298,#1304),.PCURVE_S1.);
#1294 = LINE('',#1295,#1296);
#1295 = CARTESIAN_POINT('',(-260.,278.,30.5));
#1296 = VECTOR('',#1297,1.);
#1297 = DIRECTION('',(0.,0.,1.));
#1298 = PCURVE('',#1204,#1299);
#1299 = DEFINITIONAL_REPRESENTATION('',(#1300),#1303);
#1300 = B_SPLINE_CURVE_WITH_KNOTS('',1,(#1301,#1302),.UNSPECIFIED.,.F.,
  .F.,(2,2),(174.,306.5),.PIECEWISE_BEZIER_KNOTS.);
#1301 = CARTESIAN_POINT('',(553.82842712474,-143.5));
#1302 = CARTESIAN_POINT('',(553.82842712474,-276.));
#1303 = ( GEOMETRIC_REPRESENTATION_CONTEXT(2) 
PARAMETRIC_REPRESENTATION_CONTEXT() REPRESENTATION_CONTEXT('2D SPACE',''
  ) );
#1304 = PCURVE('',#1305,#1310);
#1305 = PLANE('',#1306);
#1306 = AXIS2_PLACEMENT_3D('',#1307,#1308,#1309);
#1307 = CARTESIAN_POINT('',(-260.,0.,0.));
#1308 = DIRECTION('',(1.,0.,-0.));
#1309 = DIRECTION('',(0.,0.,1.));
#1310 = DEFINITIONAL_REPRESENTATION('',(#1311),#1314);
#1311 = B_SPLINE_CURVE_WITH_KNOTS('',1,(#1312,#1313),.UNSPECIFIED.,.F.,
  .F.,(2,2),(174.,306.5),.PIECEWISE_BEZIER_KNOTS.);
#1312 = CARTESIAN_POINT('',(204.5,-278.));
#1313 = CARTESIAN_POINT('',(337.,-278.));
#1314 = ( GEOMETRIC_REPRESENTATION_CONTEXT(2) 
PARAMETRIC_REPRESENTATION_CONTEXT() REPRESENTATION_CONTEXT('2D SPACE',''
  ) );
#1315 = ORIENTED_EDGE('',*,*,#1316,.F.);
#1316 = EDGE_CURVE('',#1317,#1289,#1319,.T.);
#1317 = VERTEX_POINT('',#1318);
#1318 = CARTESIAN_POINT('',(-251.2701665379,278.,222.));
#1319 = SURFACE_CURVE('',#1320,(#1324,#1330),.PCURVE_S1.);
#1320 = LINE('',#1321,#1322);
#1321 = CARTESIAN_POINT('',(1.914213562373,278.,222.));
#1322 = VECTOR('',#1323,1.);
#1323 = DIRECTION('',(-1.,0.,0.));
#1324 = PCURVE('',#1204,#1325);
#1325 = DEFINITIONAL_REPRESENTATION('',(#1326),#1329);
#1326 = B_SPLINE_CURVE_WITH_KNOTS('',1,(#1327,#1328),.UNSPECIFIED.,.F.,
  .F.,(2,2),(211.91421356237,295.74264068711),.PIECEWISE_BEZIER_KNOTS.);
#1327 = CARTESIAN_POINT('',(503.82842712474,-161.));
#1328 = CARTESIAN_POINT('',(587.65685424949,-161.));
#1329 = ( GEOMETRIC_REPRESENTATION_CONTEXT(2) 
PARAMETRIC_REPRESENTATION_CONTEXT() REPRESENTATION_CONTEXT('2D SPACE',''
  ) );
#1330 = PCURVE('',#1331,#1336);
#1331 = PLANE('',#1332);
#1332 = AXIS2_PLACEMENT_3D('',#1333,#1334,#1335);
#1333 = CARTESIAN_POINT('',(-290.,208.,222.));
#1334 = DIRECTION('',(0.,0.,1.));
#1335 = DIRECTION('',(1.,0.,-0.));
#1336 = DEFINITIONAL_REPRESENTATION('',(#1337),#1340);
#1337 = B_SPLINE_CURVE_WITH_KNOTS('',1,(#1338,#1339),.UNSPECIFIED.,.F.,
  .F.,(2,2),(211.91421356237,295.74264068711),.PIECEWISE_BEZIER_KNOTS.);
#1338 = CARTESIAN_POINT('',(80.,70.));
#1339 = CARTESIAN_POINT('',(-3.828427124746,70.));
#1340 = ( GEOMETRIC_REPRESENTATION_CONTEXT(2) 
PARAMETRIC_REPRESENTATION_CONTEXT() REPRESENTATION_CONTEXT('2D SPACE',''
  ) );
#1341 = ORIENTED_EDGE('',*,*,#1342,.F.);
#1342 = EDGE_CURVE('',#1343,#1317,#1345,.T.);
#1343 = VERTEX_POINT('',#1344);
#1344 = CARTESIAN_POINT('',(-251.2701665379,278.,204.5));
#1345 = SURFACE_CURVE('',#1346,(#1350,#1356),.PCURVE_S1.);
#1346 = LINE('',#1347,#1348);
#1347 = CARTESIAN_POINT('',(-251.2701665379,278.,122.));
#1348 = VECTOR('',#1349,1.);
#1349 = DIRECTION('',(0.,0.,1.));
#1350 = PCURVE('',#1204,#1351);
#1351 = DEFINITIONAL_REPRESENTATION('',(#1352),#1355);
#1352 = B_SPLINE_CURVE_WITH_KNOTS('',1,(#1353,#1354),.UNSPECIFIED.,.F.,
  .F.,(2,2),(69.25,100.0000006),.PIECEWISE_BEZIER_KNOTS.);
#1353 = CARTESIAN_POINT('',(545.09859366267,-130.25));
#1354 = CARTESIAN_POINT('',(545.09859366267,-161.0000006));
#1355 = ( GEOMETRIC_REPRESENTATION_CONTEXT(2) 
PARAMETRIC_REPRESENTATION_CONTEXT() REPRESENTATION_CONTEXT('2D SPACE',''
  ) );
#1356 = PCURVE('',#1357,#1362);
#1357 = CYLINDRICAL_SURFACE('',#1358,80.);
#1358 = AXIS2_PLACEMENT_3D('',#1359,#1360,#1361);
#1359 = CARTESIAN_POINT('',(-290.,208.,122.));
#1360 = DIRECTION('',(0.,0.,1.));
#1361 = DIRECTION('',(1.,0.,-0.));
#1362 = DEFINITIONAL_REPRESENTATION('',(#1363),#1366);
#1363 = B_SPLINE_CURVE_WITH_KNOTS('',1,(#1364,#1365),.UNSPECIFIED.,.F.,
  .F.,(2,2),(69.25,100.0000006),.PIECEWISE_BEZIER_KNOTS.);
#1364 = CARTESIAN_POINT('',(1.065435816511,69.25));
#1365 = CARTESIAN_POINT('',(1.065435816511,100.0000006));
#1366 = ( GEOMETRIC_REPRESENTATION_CONTEXT(2) 
PARAMETRIC_REPRESENTATION_CONTEXT() REPRESENTATION_CONTEXT('2D SPACE',''
  ) );
#1367 = ORIENTED_EDGE('',*,*,#1368,.F.);
#1368 = EDGE_CURVE('',#1369,#1343,#1371,.T.);
#1369 = VERTEX_POINT('',#1370);
#1370 = CARTESIAN_POINT('',(-25.,278.,204.5));
#1371 = SURFACE_CURVE('',#1372,(#1376,#1382),.PCURVE_S1.);
#1372 = LINE('',#1373,#1374);
#1373 = CARTESIAN_POINT('',(-103.0857864376,278.,204.5));
#1374 = VECTOR('',#1375,1.);
#1375 = DIRECTION('',(-1.,0.,0.));
#1376 = PCURVE('',#1204,#1377);
#1377 = DEFINITIONAL_REPRESENTATION('',(#1378),#1381);
#1378 = B_SPLINE_CURVE_WITH_KNOTS('',1,(#1379,#1380),.UNSPECIFIED.,.F.,
  .F.,(2,2),(-396.9142135623,190.74264068711),.PIECEWISE_BEZIER_KNOTS.);
#1379 = CARTESIAN_POINT('',(0.,-143.5));
#1380 = CARTESIAN_POINT('',(587.65685424949,-143.5));
#1381 = ( GEOMETRIC_REPRESENTATION_CONTEXT(2) 
PARAMETRIC_REPRESENTATION_CONTEXT() REPRESENTATION_CONTEXT('2D SPACE',''
  ) );
#1382 = PCURVE('',#1383,#1388);
#1383 = PLANE('',#1384);
#1384 = AXIS2_PLACEMENT_3D('',#1385,#1386,#1387);
#1385 = CARTESIAN_POINT('',(-500.,-400.,204.5));
#1386 = DIRECTION('',(0.,0.,1.));
#1387 = DIRECTION('',(1.,0.,-0.));
#1388 = DEFINITIONAL_REPRESENTATION('',(#1389),#1392);
#1389 = B_SPLINE_CURVE_WITH_KNOTS('',1,(#1390,#1391),.UNSPECIFIED.,.F.,
  .F.,(2,2),(-396.9142135623,190.74264068711),.PIECEWISE_BEZIER_KNOTS.);
#1390 = CARTESIAN_POINT('',(793.82842712474,678.));
#1391 = CARTESIAN_POINT('',(206.17157287525,678.));
#1392 = ( GEOMETRIC_REPRESENTATION_CONTEXT(2) 
PARAMETRIC_REPRESENTATION_CONTEXT() REPRESENTATION_CONTEXT('2D SPACE',''
  ) );
#1393 = ORIENTED_EDGE('',*,*,#1394,.T.);
#1394 = EDGE_CURVE('',#1369,#1395,#1397,.T.);
#1395 = VERTEX_POINT('',#1396);
#1396 = CARTESIAN_POINT('',(-25.,278.,205.));
#1397 = SURFACE_CURVE('',#1398,(#1402,#1408),.PCURVE_S1.);
#1398 = LINE('',#1399,#1400);
#1399 = CARTESIAN_POINT('',(-25.,278.,108.));
#1400 = VECTOR('',#1401,1.);
#1401 = DIRECTION('',(0.,0.,1.));
#1402 = PCURVE('',#1204,#1403);
#1403 = DEFINITIONAL_REPRESENTATION('',(#1404),#1407);
#1404 = B_SPLINE_CURVE_WITH_KNOTS('',1,(#1405,#1406),.UNSPECIFIED.,.F.,
  .F.,(2,2),(96.5,97.),.PIECEWISE_BEZIER_KNOTS.);
#1405 = CARTESIAN_POINT('',(318.82842712474,-143.5));
#1406 = CARTESIAN_POINT('',(318.82842712474,-144.));
#1407 = ( GEOMETRIC_REPRESENTATION_CONTEXT(2) 
PARAMETRIC_REPRESENTATION_CONTEXT() REPRESENTATION_CONTEXT('2D SPACE',''
  ) );
#1408 = PCURVE('',#1409,#1414);
#1409 = PLANE('',#1410);
#1410 = AXIS2_PLACEMENT_3D('',#1411,#1412,#1413);
#1411 = CARTESIAN_POINT('',(-25.,270.,155.));
#1412 = DIRECTION('',(1.,0.,-0.));
#1413 = DIRECTION('',(0.,0.,1.));
#1414 = DEFINITIONAL_REPRESENTATION('',(#1415),#1418);
#1415 = B_SPLINE_CURVE_WITH_KNOTS('',1,(#1416,#1417),.UNSPECIFIED.,.F.,
  .F.,(2,2),(96.5,97.),.PIECEWISE_BEZIER_KNOTS.);
#1416 = CARTESIAN_POINT('',(49.5,-8.));
#1417 = CARTESIAN_POINT('',(50.,-8.));
#1418 = ( GEOMETRIC_REPRESENTATION_CONTEXT(2) 
PARAMETRIC_REPRESENTATION_CONTEXT() REPRESENTATION_CONTEXT('2D SPACE',''
  ) );
#1419 = ORIENTED_EDGE('',*,*,#1420,.F.);
#1420 = EDGE_CURVE('',#1421,#1395,#1423,.T.);
#1421 = VERTEX_POINT('',#1422);
#1422 = CARTESIAN_POINT('',(25.,278.,205.));
#1423 = SURFACE_CURVE('',#1424,(#1428,#1434),.PCURVE_S1.);
#1424 = LINE('',#1425,#1426);
#1425 = CARTESIAN_POINT('',(134.41421356237,278.,205.));
#1426 = VECTOR('',#1427,1.);
#1427 = DIRECTION('',(-1.,0.,0.));
#1428 = PCURVE('',#1204,#1429);
#1429 = DEFINITIONAL_REPRESENTATION('',(#1430),#1433);
#1430 = B_SPLINE_CURVE_WITH_KNOTS('',1,(#1431,#1432),.UNSPECIFIED.,.F.,
  .F.,(2,2),(109.41421356237,159.41421356237),.PIECEWISE_BEZIER_KNOTS.);
#1431 = CARTESIAN_POINT('',(268.82842712474,-144.));
#1432 = CARTESIAN_POINT('',(318.82842712474,-144.));
#1433 = ( GEOMETRIC_REPRESENTATION_CONTEXT(2) 
PARAMETRIC_REPRESENTATION_CONTEXT() REPRESENTATION_CONTEXT('2D SPACE',''
  ) );
#1434 = PCURVE('',#1435,#1440);
#1435 = PLANE('',#1436);
#1436 = AXIS2_PLACEMENT_3D('',#1437,#1438,#1439);
#1437 = CARTESIAN_POINT('',(-25.,270.,205.));
#1438 = DIRECTION('',(0.,0.,1.));
#1439 = DIRECTION('',(1.,0.,-0.));
#1440 = DEFINITIONAL_REPRESENTATION('',(#1441),#1444);
#1441 = B_SPLINE_CURVE_WITH_KNOTS('',1,(#1442,#1443),.UNSPECIFIED.,.F.,
  .F.,(2,2),(109.41421356237,159.41421356237),.PIECEWISE_BEZIER_KNOTS.);
#1442 = CARTESIAN_POINT('',(50.,8.));
#1443 = CARTESIAN_POINT('',(0.,8.));
#1444 = ( GEOMETRIC_REPRESENTATION_CONTEXT(2) 
PARAMETRIC_REPRESENTATION_CONTEXT() REPRESENTATION_CONTEXT('2D SPACE',''
  ) );
#1445 = ORIENTED_EDGE('',*,*,#1446,.F.);
#1446 = EDGE_CURVE('',#1166,#1421,#1447,.T.);
#1447 = SURFACE_CURVE('',#1448,(#1452,#1458),.PCURVE_S1.);
#1448 = LINE('',#1449,#1450);
#1449 = CARTESIAN_POINT('',(25.,278.,108.));
#1450 = VECTOR('',#1451,1.);
#1451 = DIRECTION('',(0.,0.,1.));
#1452 = PCURVE('',#1204,#1453);
#1453 = DEFINITIONAL_REPRESENTATION('',(#1454),#1457);
#1454 = B_SPLINE_CURVE_WITH_KNOTS('',1,(#1455,#1456),.UNSPECIFIED.,.F.,
  .F.,(2,2),(96.5,97.),.PIECEWISE_BEZIER_KNOTS.);
#1455 = CARTESIAN_POINT('',(268.82842712474,-143.5));
#1456 = CARTESIAN_POINT('',(268.82842712474,-144.));
#1457 = ( GEOMETRIC_REPRESENTATION_CONTEXT(2) 
PARAMETRIC_REPRESENTATION_CONTEXT() REPRESENTATION_CONTEXT('2D SPACE',''
  ) );
#1458 = PCURVE('',#1180,#1459);
#1459 = DEFINITIONAL_REPRESENTATION('',(#1460),#1463);
#1460 = B_SPLINE_CURVE_WITH_KNOTS('',1,(#1461,#1462),.UNSPECIFIED.,.F.,
  .F.,(2,2),(96.5,97.),.PIECEWISE_BEZIER_KNOTS.);
#1461 = CARTESIAN_POINT('',(49.5,-8.));
#1462 = CARTESIAN_POINT('',(50.,-8.));
#1463 = ( GEOMETRIC_REPRESENTATION_CONTEXT(2) 
PARAMETRIC_REPRESENTATION_CONTEXT() REPRESENTATION_CONTEXT('2D SPACE',''
  ) );
#1464 = ORIENTED_EDGE('',*,*,#1191,.F.);
#1465 = ORIENTED_EDGE('',*,*,#1218,.T.);
#1466 = ORIENTED_EDGE('',*,*,#1467,.F.);
#1467 = EDGE_CURVE('',#1291,#1219,#1468,.T.);
#1468 = SURFACE_CURVE('',#1469,(#1473,#1479),.PCURVE_S1.);
#1469 = LINE('',#1470,#1471);
#1470 = CARTESIAN_POINT('',(146.91421356237,278.,337.));
#1471 = VECTOR('',#1472,1.);
#1472 = DIRECTION('',(1.,0.,-0.));
#1473 = PCURVE('',#1204,#1474);
#1474 = DEFINITIONAL_REPRESENTATION('',(#1475),#1478);
#1475 = B_SPLINE_CURVE_WITH_KNOTS('',1,(#1476,#1477),.UNSPECIFIED.,.F.,
  .F.,(2,2),(-440.7426406871,146.91421356237),.PIECEWISE_BEZIER_KNOTS.);
#1476 = CARTESIAN_POINT('',(587.65685424949,-276.));
#1477 = CARTESIAN_POINT('',(0.,-276.));
#1478 = ( GEOMETRIC_REPRESENTATION_CONTEXT(2) 
PARAMETRIC_REPRESENTATION_CONTEXT() REPRESENTATION_CONTEXT('2D SPACE',''
  ) );
#1479 = PCURVE('',#1274,#1480);
#1480 = DEFINITIONAL_REPRESENTATION('',(#1481),#1484);
#1481 = B_SPLINE_CURVE_WITH_KNOTS('',1,(#1482,#1483),.UNSPECIFIED.,.F.,
  .F.,(2,2),(-440.7426406871,146.91421356237),.PIECEWISE_BEZIER_KNOTS.);
#1482 = CARTESIAN_POINT('',(-293.8284271247,278.));
#1483 = CARTESIAN_POINT('',(293.82842712474,278.));
#1484 = ( GEOMETRIC_REPRESENTATION_CONTEXT(2) 
PARAMETRIC_REPRESENTATION_CONTEXT() REPRESENTATION_CONTEXT('2D SPACE',''
  ) );
#1485 = FACE_BOUND('',#1486,.T.);
#1486 = EDGE_LOOP('',(#1487));
#1487 = ORIENTED_EDGE('',*,*,#1488,.T.);
#1488 = EDGE_CURVE('',#1489,#1489,#1491,.T.);
#1489 = VERTEX_POINT('',#1490);
#1490 = CARTESIAN_POINT('',(60.,278.,289.));
#1491 = SURFACE_CURVE('',#1492,(#1497,#1508),.PCURVE_S1.);
#1492 = CIRCLE('',#1493,21.);
#1493 = AXIS2_PLACEMENT_3D('',#1494,#1495,#1496);
#1494 = CARTESIAN_POINT('',(60.,278.,268.));
#1495 = DIRECTION('',(0.,1.,0.));
#1496 = DIRECTION('',(0.,-0.,1.));
#1497 = PCURVE('',#1204,#1498);
#1498 = DEFINITIONAL_REPRESENTATION('',(#1499),#1507);
#1499 = ( BOUNDED_CURVE() B_SPLINE_CURVE(2,(#1500,#1501,#1502,#1503,
#1504,#1505,#1506),.UNSPECIFIED.,.T.,.F.) B_SPLINE_CURVE_WITH_KNOTS((1,2
    ,2,2,2,1),(-2.094395102393,0.,2.094395102393,4.188790204786,
6.28318530718,8.377580409573),.UNSPECIFIED.) CURVE() 
GEOMETRIC_REPRESENTATION_ITEM() RATIONAL_B_SPLINE_CURVE((1.,0.5,1.,0.5,
1.,0.5,1.)) REPRESENTATION_ITEM('') );
#1500 = CARTESIAN_POINT('',(233.82842712474,-228.));
#1501 = CARTESIAN_POINT('',(197.4553601658,-228.));
#1502 = CARTESIAN_POINT('',(215.64189364527,-196.5));
#1503 = CARTESIAN_POINT('',(233.82842712474,-165.));
#1504 = CARTESIAN_POINT('',(252.01496060421,-196.5));
#1505 = CARTESIAN_POINT('',(270.20149408369,-228.));
#1506 = CARTESIAN_POINT('',(233.82842712474,-228.));
#1507 = ( GEOMETRIC_REPRESENTATION_CONTEXT(2) 
PARAMETRIC_REPRESENTATION_CONTEXT() REPRESENTATION_CONTEXT('2D SPACE',''
  ) );
#1508 = PCURVE('',#1509,#1514);
#1509 = CYLINDRICAL_SURFACE('',#1510,21.);
#1510 = AXIS2_PLACEMENT_3D('',#1511,#1512,#1513);
#1511 = CARTESIAN_POINT('',(60.,270.,268.));
#1512 = DIRECTION('',(0.,1.,0.));
#1513 = DIRECTION('',(0.,-0.,1.));
#1514 = DEFINITIONAL_REPRESENTATION('',(#1515),#1519);
#1515 = LINE('',#1516,#1517);
#1516 = CARTESIAN_POINT('',(0.,8.));
#1517 = VECTOR('',#1518,1.);
#1518 = DIRECTION('',(1.,0.));
#1519 = ( GEOMETRIC_REPRESENTATION_CONTEXT(2) 
PARAMETRIC_REPRESENTATION_CONTEXT() REPRESENTATION_CONTEXT('2D SPACE',''
  ) );
#1520 = ADVANCED_FACE('',(#1521),#1180,.F.);
#1521 = FACE_BOUND('',#1522,.F.);
#1522 = EDGE_LOOP('',(#1523,#1546,#1547,#1548));
#1523 = ORIENTED_EDGE('',*,*,#1524,.F.);
#1524 = EDGE_CURVE('',#1421,#1525,#1527,.T.);
#1525 = VERTEX_POINT('',#1526);
#1526 = CARTESIAN_POINT('',(25.,280.,205.));
#1527 = SURFACE_CURVE('',#1528,(#1532,#1539),.PCURVE_S1.);
#1528 = LINE('',#1529,#1530);
#1529 = CARTESIAN_POINT('',(25.,270.,205.));
#1530 = VECTOR('',#1531,1.);
#1531 = DIRECTION('',(-0.,1.,0.));
#1532 = PCURVE('',#1180,#1533);
#1533 = DEFINITIONAL_REPRESENTATION('',(#1534),#1538);
#1534 = LINE('',#1535,#1536);
#1535 = CARTESIAN_POINT('',(50.,0.));
#1536 = VECTOR('',#1537,1.);
#1537 = DIRECTION('',(0.,-1.));
#1538 = ( GEOMETRIC_REPRESENTATION_CONTEXT(2) 
PARAMETRIC_REPRESENTATION_CONTEXT() REPRESENTATION_CONTEXT('2D SPACE',''
  ) );
#1539 = PCURVE('',#1435,#1540);
#1540 = DEFINITIONAL_REPRESENTATION('',(#1541),#1545);
#1541 = LINE('',#1542,#1543);
#1542 = CARTESIAN_POINT('',(50.,0.));
#1543 = VECTOR('',#1544,1.);
#1544 = DIRECTION('',(0.,1.));
#1545 = ( GEOMETRIC_REPRESENTATION_CONTEXT(2) 
PARAMETRIC_REPRESENTATION_CONTEXT() REPRESENTATION_CONTEXT('2D SPACE',''
  ) );
#1546 = ORIENTED_EDGE('',*,*,#1446,.F.);
#1547 = ORIENTED_EDGE('',*,*,#1165,.T.);
#1548 = ORIENTED_EDGE('',*,*,#1549,.T.);
#1549 = EDGE_CURVE('',#1140,#1525,#1550,.T.);
#1550 = SURFACE_CURVE('',#1551,(#1555,#1561),.PCURVE_S1.);
#1551 = LINE('',#1552,#1553);
#1552 = CARTESIAN_POINT('',(25.,280.,108.5));
#1553 = VECTOR('',#1554,1.);
#1554 = DIRECTION('',(0.,0.,1.));
#1555 = PCURVE('',#1180,#1556);
#1556 = DEFINITIONAL_REPRESENTATION('',(#1557),#1560);
#1557 = B_SPLINE_CURVE_WITH_KNOTS('',1,(#1558,#1559),.UNSPECIFIED.,.F.,
  .F.,(2,2),(96.,96.5),.PIECEWISE_BEZIER_KNOTS.);
#1558 = CARTESIAN_POINT('',(49.5,-10.));
#1559 = CARTESIAN_POINT('',(50.,-10.));
#1560 = ( GEOMETRIC_REPRESENTATION_CONTEXT(2) 
PARAMETRIC_REPRESENTATION_CONTEXT() REPRESENTATION_CONTEXT('2D SPACE',''
  ) );
#1561 = PCURVE('',#1154,#1562);
#1562 = DEFINITIONAL_REPRESENTATION('',(#1563),#1566);
#1563 = B_SPLINE_CURVE_WITH_KNOTS('',1,(#1564,#1565),.UNSPECIFIED.,.F.,
  .F.,(2,2),(96.,96.5),.PIECEWISE_BEZIER_KNOTS.);
#1564 = CARTESIAN_POINT('',(270.,-142.5));
#1565 = CARTESIAN_POINT('',(270.,-143.));
#1566 = ( GEOMETRIC_REPRESENTATION_CONTEXT(2) 
PARAMETRIC_REPRESENTATION_CONTEXT() REPRESENTATION_CONTEXT('2D SPACE',''
  ) );
#1567 = ADVANCED_FACE('',(#1568,#1720),#1154,.F.);
#1568 = FACE_BOUND('',#1569,.F.);
#1569 = EDGE_LOOP('',(#1570,#1571,#1572,#1595,#1616,#1637,#1658,#1679,
    #1700,#1719));
#1570 = ORIENTED_EDGE('',*,*,#1139,.F.);
#1571 = ORIENTED_EDGE('',*,*,#1240,.T.);
#1572 = ORIENTED_EDGE('',*,*,#1573,.T.);
#1573 = EDGE_CURVE('',#1241,#1574,#1576,.T.);
#1574 = VERTEX_POINT('',#1575);
#1575 = CARTESIAN_POINT('',(-260.,280.,337.));
#1576 = SURFACE_CURVE('',#1577,(#1581,#1588),.PCURVE_S1.);
#1577 = LINE('',#1578,#1579);
#1578 = CARTESIAN_POINT('',(295.,280.,337.));
#1579 = VECTOR('',#1580,1.);
#1580 = DIRECTION('',(-1.,0.,0.));
#1581 = PCURVE('',#1154,#1582);
#1582 = DEFINITIONAL_REPRESENTATION('',(#1583),#1587);
#1583 = LINE('',#1584,#1585);
#1584 = CARTESIAN_POINT('',(0.,-275.));
#1585 = VECTOR('',#1586,1.);
#1586 = DIRECTION('',(1.,0.));
#1587 = ( GEOMETRIC_REPRESENTATION_CONTEXT(2) 
PARAMETRIC_REPRESENTATION_CONTEXT() REPRESENTATION_CONTEXT('2D SPACE',''
  ) );
#1588 = PCURVE('',#1274,#1589);
#1589 = DEFINITIONAL_REPRESENTATION('',(#1590),#1594);
#1590 = LINE('',#1591,#1592);
#1591 = CARTESIAN_POINT('',(295.,280.));
#1592 = VECTOR('',#1593,1.);
#1593 = DIRECTION('',(-1.,0.));
#1594 = ( GEOMETRIC_REPRESENTATION_CONTEXT(2) 
PARAMETRIC_REPRESENTATION_CONTEXT() REPRESENTATION_CONTEXT('2D SPACE',''
  ) );
#1595 = ORIENTED_EDGE('',*,*,#1596,.F.);
#1596 = EDGE_CURVE('',#1597,#1574,#1599,.T.);
#1597 = VERTEX_POINT('',#1598);
#1598 = CARTESIAN_POINT('',(-260.,280.,222.));
#1599 = SURFACE_CURVE('',#1600,(#1604,#1610),.PCURVE_S1.);
#1600 = LINE('',#1601,#1602);
#1601 = CARTESIAN_POINT('',(-260.,280.,31.));
#1602 = VECTOR('',#1603,1.);
#1603 = DIRECTION('',(0.,0.,1.));
#1604 = PCURVE('',#1154,#1605);
#1605 = DEFINITIONAL_REPRESENTATION('',(#1606),#1609);
#1606 = B_SPLINE_CURVE_WITH_KNOTS('',1,(#1607,#1608),.UNSPECIFIED.,.F.,
  .F.,(2,2),(173.5,306.),.PIECEWISE_BEZIER_KNOTS.);
#1607 = CARTESIAN_POINT('',(555.,-142.5));
#1608 = CARTESIAN_POINT('',(555.,-275.));
#1609 = ( GEOMETRIC_REPRESENTATION_CONTEXT(2) 
PARAMETRIC_REPRESENTATION_CONTEXT() REPRESENTATION_CONTEXT('2D SPACE',''
  ) );
#1610 = PCURVE('',#1305,#1611);
#1611 = DEFINITIONAL_REPRESENTATION('',(#1612),#1615);
#1612 = B_SPLINE_CURVE_WITH_KNOTS('',1,(#1613,#1614),.UNSPECIFIED.,.F.,
  .F.,(2,2),(173.5,306.),.PIECEWISE_BEZIER_KNOTS.);
#1613 = CARTESIAN_POINT('',(204.5,-280.));
#1614 = CARTESIAN_POINT('',(337.,-280.));
#1615 = ( GEOMETRIC_REPRESENTATION_CONTEXT(2) 
PARAMETRIC_REPRESENTATION_CONTEXT() REPRESENTATION_CONTEXT('2D SPACE',''
  ) );
#1616 = ORIENTED_EDGE('',*,*,#1617,.F.);
#1617 = EDGE_CURVE('',#1618,#1597,#1620,.T.);
#1618 = VERTEX_POINT('',#1619);
#1619 = CARTESIAN_POINT('',(-255.1288084516,280.,222.));
#1620 = SURFACE_CURVE('',#1621,(#1625,#1631),.PCURVE_S1.);
#1621 = LINE('',#1622,#1623);
#1622 = CARTESIAN_POINT('',(2.5,280.,222.));
#1623 = VECTOR('',#1624,1.);
#1624 = DIRECTION('',(-1.,0.,0.));
#1625 = PCURVE('',#1154,#1626);
#1626 = DEFINITIONAL_REPRESENTATION('',(#1627),#1630);
#1627 = B_SPLINE_CURVE_WITH_KNOTS('',1,(#1628,#1629),.UNSPECIFIED.,.F.,
  .F.,(2,2),(212.5,297.5),.PIECEWISE_BEZIER_KNOTS.);
#1628 = CARTESIAN_POINT('',(505.,-160.));
#1629 = CARTESIAN_POINT('',(590.,-160.));
#1630 = ( GEOMETRIC_REPRESENTATION_CONTEXT(2) 
PARAMETRIC_REPRESENTATION_CONTEXT() REPRESENTATION_CONTEXT('2D SPACE',''
  ) );
#1631 = PCURVE('',#1331,#1632);
#1632 = DEFINITIONAL_REPRESENTATION('',(#1633),#1636);
#1633 = B_SPLINE_CURVE_WITH_KNOTS('',1,(#1634,#1635),.UNSPECIFIED.,.F.,
  .F.,(2,2),(212.5,297.5),.PIECEWISE_BEZIER_KNOTS.);
#1634 = CARTESIAN_POINT('',(80.,72.));
#1635 = CARTESIAN_POINT('',(-5.,72.));
#1636 = ( GEOMETRIC_REPRESENTATION_CONTEXT(2) 
PARAMETRIC_REPRESENTATION_CONTEXT() REPRESENTATION_CONTEXT('2D SPACE',''
  ) );
#1637 = ORIENTED_EDGE('',*,*,#1638,.F.);
#1638 = EDGE_CURVE('',#1639,#1618,#1641,.T.);
#1639 = VERTEX_POINT('',#1640);
#1640 = CARTESIAN_POINT('',(-255.1288084516,280.,204.5));
#1641 = SURFACE_CURVE('',#1642,(#1646,#1652),.PCURVE_S1.);
#1642 = LINE('',#1643,#1644);
#1643 = CARTESIAN_POINT('',(-255.1288084516,280.,122.));
#1644 = VECTOR('',#1645,1.);
#1645 = DIRECTION('',(0.,0.,1.));
#1646 = PCURVE('',#1154,#1647);
#1647 = DEFINITIONAL_REPRESENTATION('',(#1648),#1651);
#1648 = B_SPLINE_CURVE_WITH_KNOTS('',1,(#1649,#1650),.UNSPECIFIED.,.F.,
  .F.,(2,2),(69.25,100.0000006),.PIECEWISE_BEZIER_KNOTS.);
#1649 = CARTESIAN_POINT('',(550.12880845167,-129.25));
#1650 = CARTESIAN_POINT('',(550.12880845167,-160.0000006));
#1651 = ( GEOMETRIC_REPRESENTATION_CONTEXT(2) 
PARAMETRIC_REPRESENTATION_CONTEXT() REPRESENTATION_CONTEXT('2D SPACE',''
  ) );
#1652 = PCURVE('',#1357,#1653);
#1653 = DEFINITIONAL_REPRESENTATION('',(#1654),#1657);
#1654 = B_SPLINE_CURVE_WITH_KNOTS('',1,(#1655,#1656),.UNSPECIFIED.,.F.,
  .F.,(2,2),(69.25,100.0000006),.PIECEWISE_BEZIER_KNOTS.);
#1655 = CARTESIAN_POINT('',(1.119769514999,69.25));
#1656 = CARTESIAN_POINT('',(1.119769514999,100.0000006));
#1657 = ( GEOMETRIC_REPRESENTATION_CONTEXT(2) 
PARAMETRIC_REPRESENTATION_CONTEXT() REPRESENTATION_CONTEXT('2D SPACE',''
  ) );
#1658 = ORIENTED_EDGE('',*,*,#1659,.F.);
#1659 = EDGE_CURVE('',#1660,#1639,#1662,.T.);
#1660 = VERTEX_POINT('',#1661);
#1661 = CARTESIAN_POINT('',(-25.,280.,204.5));
#1662 = SURFACE_CURVE('',#1663,(#1667,#1673),.PCURVE_S1.);
#1663 = LINE('',#1664,#1665);
#1664 = CARTESIAN_POINT('',(-102.5,280.,204.5));
#1665 = VECTOR('',#1666,1.);
#1666 = DIRECTION('',(-1.,0.,0.));
#1667 = PCURVE('',#1154,#1668);
#1668 = DEFINITIONAL_REPRESENTATION('',(#1669),#1672);
#1669 = B_SPLINE_CURVE_WITH_KNOTS('',1,(#1670,#1671),.UNSPECIFIED.,.F.,
  .F.,(2,2),(-397.5,192.5),.PIECEWISE_BEZIER_KNOTS.);
#1670 = CARTESIAN_POINT('',(0.,-142.5));
#1671 = CARTESIAN_POINT('',(590.,-142.5));
#1672 = ( GEOMETRIC_REPRESENTATION_CONTEXT(2) 
PARAMETRIC_REPRESENTATION_CONTEXT() REPRESENTATION_CONTEXT('2D SPACE',''
  ) );
#1673 = PCURVE('',#1383,#1674);
#1674 = DEFINITIONAL_REPRESENTATION('',(#1675),#1678);
#1675 = B_SPLINE_CURVE_WITH_KNOTS('',1,(#1676,#1677),.UNSPECIFIED.,.F.,
  .F.,(2,2),(-397.5,192.5),.PIECEWISE_BEZIER_KNOTS.);
#1676 = CARTESIAN_POINT('',(795.,680.));
#1677 = CARTESIAN_POINT('',(205.,680.));
#1678 = ( GEOMETRIC_REPRESENTATION_CONTEXT(2) 
PARAMETRIC_REPRESENTATION_CONTEXT() REPRESENTATION_CONTEXT('2D SPACE',''
  ) );
#1679 = ORIENTED_EDGE('',*,*,#1680,.T.);
#1680 = EDGE_CURVE('',#1660,#1681,#1683,.T.);
#1681 = VERTEX_POINT('',#1682);
#1682 = CARTESIAN_POINT('',(-25.,280.,205.));
#1683 = SURFACE_CURVE('',#1684,(#1688,#1694),.PCURVE_S1.);
#1684 = LINE('',#1685,#1686);
#1685 = CARTESIAN_POINT('',(-25.,280.,108.5));
#1686 = VECTOR('',#1687,1.);
#1687 = DIRECTION('',(0.,0.,1.));
#1688 = PCURVE('',#1154,#1689);
#1689 = DEFINITIONAL_REPRESENTATION('',(#1690),#1693);
#1690 = B_SPLINE_CURVE_WITH_KNOTS('',1,(#1691,#1692),.UNSPECIFIED.,.F.,
  .F.,(2,2),(96.,96.5),.PIECEWISE_BEZIER_KNOTS.);
#1691 = CARTESIAN_POINT('',(320.,-142.5));
#1692 = CARTESIAN_POINT('',(320.,-143.));
#1693 = ( GEOMETRIC_REPRESENTATION_CONTEXT(2) 
PARAMETRIC_REPRESENTATION_CONTEXT() REPRESENTATION_CONTEXT('2D SPACE',''
  ) );
#1694 = PCURVE('',#1409,#1695);
#1695 = DEFINITIONAL_REPRESENTATION('',(#1696),#1699);
#1696 = B_SPLINE_CURVE_WITH_KNOTS('',1,(#1697,#1698),.UNSPECIFIED.,.F.,
  .F.,(2,2),(96.,96.5),.PIECEWISE_BEZIER_KNOTS.);
#1697 = CARTESIAN_POINT('',(49.5,-10.));
#1698 = CARTESIAN_POINT('',(50.,-10.));
#1699 = ( GEOMETRIC_REPRESENTATION_CONTEXT(2) 
PARAMETRIC_REPRESENTATION_CONTEXT() REPRESENTATION_CONTEXT('2D SPACE',''
  ) );
#1700 = ORIENTED_EDGE('',*,*,#1701,.F.);
#1701 = EDGE_CURVE('',#1525,#1681,#1702,.T.);
#1702 = SURFACE_CURVE('',#1703,(#1707,#1713),.PCURVE_S1.);
#1703 = LINE('',#1704,#1705);
#1704 = CARTESIAN_POINT('',(135.,280.,205.));
#1705 = VECTOR('',#1706,1.);
#1706 = DIRECTION('',(-1.,0.,0.));
#1707 = PCURVE('',#1154,#1708);
#1708 = DEFINITIONAL_REPRESENTATION('',(#1709),#1712);
#1709 = B_SPLINE_CURVE_WITH_KNOTS('',1,(#1710,#1711),.UNSPECIFIED.,.F.,
  .F.,(2,2),(110.,160.),.PIECEWISE_BEZIER_KNOTS.);
#1710 = CARTESIAN_POINT('',(270.,-143.));
#1711 = CARTESIAN_POINT('',(320.,-143.));
#1712 = ( GEOMETRIC_REPRESENTATION_CONTEXT(2) 
PARAMETRIC_REPRESENTATION_CONTEXT() REPRESENTATION_CONTEXT('2D SPACE',''
  ) );
#1713 = PCURVE('',#1435,#1714);
#1714 = DEFINITIONAL_REPRESENTATION('',(#1715),#1718);
#1715 = B_SPLINE_CURVE_WITH_KNOTS('',1,(#1716,#1717),.UNSPECIFIED.,.F.,
  .F.,(2,2),(110.,160.),.PIECEWISE_BEZIER_KNOTS.);
#1716 = CARTESIAN_POINT('',(50.,10.));
#1717 = CARTESIAN_POINT('',(0.,10.));
#1718 = ( GEOMETRIC_REPRESENTATION_CONTEXT(2) 
PARAMETRIC_REPRESENTATION_CONTEXT() REPRESENTATION_CONTEXT('2D SPACE',''
  ) );
#1719 = ORIENTED_EDGE('',*,*,#1549,.F.);
#1720 = FACE_BOUND('',#1721,.F.);
#1721 = EDGE_LOOP('',(#1722));
#1722 = ORIENTED_EDGE('',*,*,#1723,.T.);
#1723 = EDGE_CURVE('',#1724,#1724,#1726,.T.);
#1724 = VERTEX_POINT('',#1725);
#1725 = CARTESIAN_POINT('',(60.,280.,289.));
#1726 = SURFACE_CURVE('',#1727,(#1732,#1743),.PCURVE_S1.);
#1727 = CIRCLE('',#1728,21.);
#1728 = AXIS2_PLACEMENT_3D('',#1729,#1730,#1731);
#1729 = CARTESIAN_POINT('',(60.,280.,268.));
#1730 = DIRECTION('',(0.,1.,0.));
#1731 = DIRECTION('',(0.,-0.,1.));
#1732 = PCURVE('',#1154,#1733);
#1733 = DEFINITIONAL_REPRESENTATION('',(#1734),#1742);
#1734 = ( BOUNDED_CURVE() B_SPLINE_CURVE(2,(#1735,#1736,#1737,#1738,
#1739,#1740,#1741),.UNSPECIFIED.,.T.,.F.) B_SPLINE_CURVE_WITH_KNOTS((1,2
    ,2,2,2,1),(-2.094395102393,0.,2.094395102393,4.188790204786,
6.28318530718,8.377580409573),.UNSPECIFIED.) CURVE() 
GEOMETRIC_REPRESENTATION_ITEM() RATIONAL_B_SPLINE_CURVE((1.,0.5,1.,0.5,
1.,0.5,1.)) REPRESENTATION_ITEM('') );
#1735 = CARTESIAN_POINT('',(235.,-227.));
#1736 = CARTESIAN_POINT('',(198.62693304105,-227.));
#1737 = CARTESIAN_POINT('',(216.81346652052,-195.5));
#1738 = CARTESIAN_POINT('',(235.,-164.));
#1739 = CARTESIAN_POINT('',(253.18653347947,-195.5));
#1740 = CARTESIAN_POINT('',(271.37306695894,-227.));
#1741 = CARTESIAN_POINT('',(235.,-227.));
#1742 = ( GEOMETRIC_REPRESENTATION_CONTEXT(2) 
PARAMETRIC_REPRESENTATION_CONTEXT() REPRESENTATION_CONTEXT('2D SPACE',''
  ) );
#1743 = PCURVE('',#1509,#1744);
#1744 = DEFINITIONAL_REPRESENTATION('',(#1745),#1749);
#1745 = LINE('',#1746,#1747);
#1746 = CARTESIAN_POINT('',(0.,10.));
#1747 = VECTOR('',#1748,1.);
#1748 = DIRECTION('',(1.,0.));
#1749 = ( GEOMETRIC_REPRESENTATION_CONTEXT(2) 
PARAMETRIC_REPRESENTATION_CONTEXT() REPRESENTATION_CONTEXT('2D SPACE',''
  ) );
#1750 = ADVANCED_FACE('',(#1751),#1274,.T.);
#1751 = FACE_BOUND('',#1752,.T.);
#1752 = EDGE_LOOP('',(#1753,#1754,#1755,#1774));
#1753 = ORIENTED_EDGE('',*,*,#1261,.T.);
#1754 = ORIENTED_EDGE('',*,*,#1573,.T.);
#1755 = ORIENTED_EDGE('',*,*,#1756,.F.);
#1756 = EDGE_CURVE('',#1291,#1574,#1757,.T.);
#1757 = SURFACE_CURVE('',#1758,(#1762,#1768),.PCURVE_S1.);
#1758 = LINE('',#1759,#1760);
#1759 = CARTESIAN_POINT('',(-260.,0.,337.));
#1760 = VECTOR('',#1761,1.);
#1761 = DIRECTION('',(-0.,1.,0.));
#1762 = PCURVE('',#1274,#1763);
#1763 = DEFINITIONAL_REPRESENTATION('',(#1764),#1767);
#1764 = B_SPLINE_CURVE_WITH_KNOTS('',1,(#1765,#1766),.UNSPECIFIED.,.F.,
  .F.,(2,2),(0.,280.),.PIECEWISE_BEZIER_KNOTS.);
#1765 = CARTESIAN_POINT('',(-260.,0.));
#1766 = CARTESIAN_POINT('',(-260.,280.));
#1767 = ( GEOMETRIC_REPRESENTATION_CONTEXT(2) 
PARAMETRIC_REPRESENTATION_CONTEXT() REPRESENTATION_CONTEXT('2D SPACE',''
  ) );
#1768 = PCURVE('',#1305,#1769);
#1769 = DEFINITIONAL_REPRESENTATION('',(#1770),#1773);
#1770 = B_SPLINE_CURVE_WITH_KNOTS('',1,(#1771,#1772),.UNSPECIFIED.,.F.,
  .F.,(2,2),(0.,280.),.PIECEWISE_BEZIER_KNOTS.);
#1771 = CARTESIAN_POINT('',(337.,0.));
#1772 = CARTESIAN_POINT('',(337.,-280.));
#1773 = ( GEOMETRIC_REPRESENTATION_CONTEXT(2) 
PARAMETRIC_REPRESENTATION_CONTEXT() REPRESENTATION_CONTEXT('2D SPACE',''
  ) );
#1774 = ORIENTED_EDGE('',*,*,#1467,.T.);
#1775 = ADVANCED_FACE('',(#1776),#1305,.F.);
#1776 = FACE_BOUND('',#1777,.F.);
#1777 = EDGE_LOOP('',(#1778,#1779,#1780,#1799));
#1778 = ORIENTED_EDGE('',*,*,#1756,.F.);
#1779 = ORIENTED_EDGE('',*,*,#1288,.F.);
#1780 = ORIENTED_EDGE('',*,*,#1781,.T.);
#1781 = EDGE_CURVE('',#1289,#1597,#1782,.T.);
#1782 = SURFACE_CURVE('',#1783,(#1787,#1793),.PCURVE_S1.);
#1783 = LINE('',#1784,#1785);
#1784 = CARTESIAN_POINT('',(-260.,104.,222.));
#1785 = VECTOR('',#1786,1.);
#1786 = DIRECTION('',(-0.,1.,0.));
#1787 = PCURVE('',#1305,#1788);
#1788 = DEFINITIONAL_REPRESENTATION('',(#1789),#1792);
#1789 = B_SPLINE_CURVE_WITH_KNOTS('',1,(#1790,#1791),.UNSPECIFIED.,.F.,
  .F.,(2,2),(98.049999617971,176.),.PIECEWISE_BEZIER_KNOTS.);
#1790 = CARTESIAN_POINT('',(222.,-202.0499996179));
#1791 = CARTESIAN_POINT('',(222.,-280.));
#1792 = ( GEOMETRIC_REPRESENTATION_CONTEXT(2) 
PARAMETRIC_REPRESENTATION_CONTEXT() REPRESENTATION_CONTEXT('2D SPACE',''
  ) );
#1793 = PCURVE('',#1331,#1794);
#1794 = DEFINITIONAL_REPRESENTATION('',(#1795),#1798);
#1795 = B_SPLINE_CURVE_WITH_KNOTS('',1,(#1796,#1797),.UNSPECIFIED.,.F.,
  .F.,(2,2),(98.049999617971,176.),.PIECEWISE_BEZIER_KNOTS.);
#1796 = CARTESIAN_POINT('',(30.,-5.950000382029));
#1797 = CARTESIAN_POINT('',(30.,72.));
#1798 = ( GEOMETRIC_REPRESENTATION_CONTEXT(2) 
PARAMETRIC_REPRESENTATION_CONTEXT() REPRESENTATION_CONTEXT('2D SPACE',''
  ) );
#1799 = ORIENTED_EDGE('',*,*,#1596,.T.);
#1800 = ADVANCED_FACE('',(#1801),#1435,.F.);
#1801 = FACE_BOUND('',#1802,.F.);
#1802 = EDGE_LOOP('',(#1803,#1824,#1825,#1826));
#1803 = ORIENTED_EDGE('',*,*,#1804,.F.);
#1804 = EDGE_CURVE('',#1395,#1681,#1805,.T.);
#1805 = SURFACE_CURVE('',#1806,(#1810,#1817),.PCURVE_S1.);
#1806 = LINE('',#1807,#1808);
#1807 = CARTESIAN_POINT('',(-25.,270.,205.));
#1808 = VECTOR('',#1809,1.);
#1809 = DIRECTION('',(-0.,1.,0.));
#1810 = PCURVE('',#1435,#1811);
#1811 = DEFINITIONAL_REPRESENTATION('',(#1812),#1816);
#1812 = LINE('',#1813,#1814);
#1813 = CARTESIAN_POINT('',(0.,0.));
#1814 = VECTOR('',#1815,1.);
#1815 = DIRECTION('',(0.,1.));
#1816 = ( GEOMETRIC_REPRESENTATION_CONTEXT(2) 
PARAMETRIC_REPRESENTATION_CONTEXT() REPRESENTATION_CONTEXT('2D SPACE',''
  ) );
#1817 = PCURVE('',#1409,#1818);
#1818 = DEFINITIONAL_REPRESENTATION('',(#1819),#1823);
#1819 = LINE('',#1820,#1821);
#1820 = CARTESIAN_POINT('',(50.,0.));
#1821 = VECTOR('',#1822,1.);
#1822 = DIRECTION('',(0.,-1.));
#1823 = ( GEOMETRIC_REPRESENTATION_CONTEXT(2) 
PARAMETRIC_REPRESENTATION_CONTEXT() REPRESENTATION_CONTEXT('2D SPACE',''
  ) );
#1824 = ORIENTED_EDGE('',*,*,#1420,.F.);
#1825 = ORIENTED_EDGE('',*,*,#1524,.T.);
#1826 = ORIENTED_EDGE('',*,*,#1701,.T.);
#1827 = ADVANCED_FACE('',(#1828),#1409,.T.);
#1828 = FACE_BOUND('',#1829,.T.);
#1829 = EDGE_LOOP('',(#1830,#1831,#1832,#1851));
#1830 = ORIENTED_EDGE('',*,*,#1804,.F.);
#1831 = ORIENTED_EDGE('',*,*,#1394,.F.);
#1832 = ORIENTED_EDGE('',*,*,#1833,.T.);
#1833 = EDGE_CURVE('',#1369,#1660,#1834,.T.);
#1834 = SURFACE_CURVE('',#1835,(#1839,#1845),.PCURVE_S1.);
#1835 = LINE('',#1836,#1837);
#1836 = CARTESIAN_POINT('',(-25.,-65.,204.5));
#1837 = VECTOR('',#1838,1.);
#1838 = DIRECTION('',(-0.,1.,0.));
#1839 = PCURVE('',#1409,#1840);
#1840 = DEFINITIONAL_REPRESENTATION('',(#1841),#1844);
#1841 = B_SPLINE_CURVE_WITH_KNOTS('',1,(#1842,#1843),.UNSPECIFIED.,.F.,
  .F.,(2,2),(335.,345.),.PIECEWISE_BEZIER_KNOTS.);
#1842 = CARTESIAN_POINT('',(49.5,0.));
#1843 = CARTESIAN_POINT('',(49.5,-10.));
#1844 = ( GEOMETRIC_REPRESENTATION_CONTEXT(2) 
PARAMETRIC_REPRESENTATION_CONTEXT() REPRESENTATION_CONTEXT('2D SPACE',''
  ) );
#1845 = PCURVE('',#1383,#1846);
#1846 = DEFINITIONAL_REPRESENTATION('',(#1847),#1850);
#1847 = B_SPLINE_CURVE_WITH_KNOTS('',1,(#1848,#1849),.UNSPECIFIED.,.F.,
  .F.,(2,2),(335.,345.),.PIECEWISE_BEZIER_KNOTS.);
#1848 = CARTESIAN_POINT('',(475.,670.));
#1849 = CARTESIAN_POINT('',(475.,680.));
#1850 = ( GEOMETRIC_REPRESENTATION_CONTEXT(2) 
PARAMETRIC_REPRESENTATION_CONTEXT() REPRESENTATION_CONTEXT('2D SPACE',''
  ) );
#1851 = ORIENTED_EDGE('',*,*,#1680,.T.);
#1852 = ADVANCED_FACE('',(#1853),#1383,.F.);
#1853 = FACE_BOUND('',#1854,.F.);
#1854 = EDGE_LOOP('',(#1855,#1856,#1857,#1879));
#1855 = ORIENTED_EDGE('',*,*,#1833,.T.);
#1856 = ORIENTED_EDGE('',*,*,#1659,.T.);
#1857 = ORIENTED_EDGE('',*,*,#1858,.F.);
#1858 = EDGE_CURVE('',#1343,#1639,#1859,.T.);
#1859 = SURFACE_CURVE('',#1860,(#1865,#1872),.PCURVE_S1.);
#1860 = CIRCLE('',#1861,80.);
#1861 = AXIS2_PLACEMENT_3D('',#1862,#1863,#1864);
#1862 = CARTESIAN_POINT('',(-290.,208.,204.5));
#1863 = DIRECTION('',(0.,0.,1.));
#1864 = DIRECTION('',(1.,0.,-0.));
#1865 = PCURVE('',#1383,#1866);
#1866 = DEFINITIONAL_REPRESENTATION('',(#1867),#1871);
#1867 = CIRCLE('',#1868,80.);
#1868 = AXIS2_PLACEMENT_2D('',#1869,#1870);
#1869 = CARTESIAN_POINT('',(210.,608.));
#1870 = DIRECTION('',(1.,0.));
#1871 = ( GEOMETRIC_REPRESENTATION_CONTEXT(2) 
PARAMETRIC_REPRESENTATION_CONTEXT() REPRESENTATION_CONTEXT('2D SPACE',''
  ) );
#1872 = PCURVE('',#1357,#1873);
#1873 = DEFINITIONAL_REPRESENTATION('',(#1874),#1878);
#1874 = LINE('',#1875,#1876);
#1875 = CARTESIAN_POINT('',(0.,82.5));
#1876 = VECTOR('',#1877,1.);
#1877 = DIRECTION('',(1.,0.));
#1878 = ( GEOMETRIC_REPRESENTATION_CONTEXT(2) 
PARAMETRIC_REPRESENTATION_CONTEXT() REPRESENTATION_CONTEXT('2D SPACE',''
  ) );
#1879 = ORIENTED_EDGE('',*,*,#1368,.F.);
#1880 = ADVANCED_FACE('',(#1881),#1357,.F.);
#1881 = FACE_BOUND('',#1882,.F.);
#1882 = EDGE_LOOP('',(#1883,#1905,#1906,#1907));
#1883 = ORIENTED_EDGE('',*,*,#1884,.F.);
#1884 = EDGE_CURVE('',#1317,#1618,#1885,.T.);
#1885 = SURFACE_CURVE('',#1886,(#1891,#1898),.PCURVE_S1.);
#1886 = CIRCLE('',#1887,80.);
#1887 = AXIS2_PLACEMENT_3D('',#1888,#1889,#1890);
#1888 = CARTESIAN_POINT('',(-290.,208.,222.));
#1889 = DIRECTION('',(0.,0.,1.));
#1890 = DIRECTION('',(1.,0.,-0.));
#1891 = PCURVE('',#1357,#1892);
#1892 = DEFINITIONAL_REPRESENTATION('',(#1893),#1897);
#1893 = LINE('',#1894,#1895);
#1894 = CARTESIAN_POINT('',(0.,100.));
#1895 = VECTOR('',#1896,1.);
#1896 = DIRECTION('',(1.,0.));
#1897 = ( GEOMETRIC_REPRESENTATION_CONTEXT(2) 
PARAMETRIC_REPRESENTATION_CONTEXT() REPRESENTATION_CONTEXT('2D SPACE',''
  ) );
#1898 = PCURVE('',#1331,#1899);
#1899 = DEFINITIONAL_REPRESENTATION('',(#1900),#1904);
#1900 = CIRCLE('',#1901,80.);
#1901 = AXIS2_PLACEMENT_2D('',#1902,#1903);
#1902 = CARTESIAN_POINT('',(0.,0.));
#1903 = DIRECTION('',(1.,0.));
#1904 = ( GEOMETRIC_REPRESENTATION_CONTEXT(2) 
PARAMETRIC_REPRESENTATION_CONTEXT() REPRESENTATION_CONTEXT('2D SPACE',''
  ) );
#1905 = ORIENTED_EDGE('',*,*,#1342,.F.);
#1906 = ORIENTED_EDGE('',*,*,#1858,.T.);
#1907 = ORIENTED_EDGE('',*,*,#1638,.T.);
#1908 = ADVANCED_FACE('',(#1909),#1331,.F.);
#1909 = FACE_BOUND('',#1910,.F.);
#1910 = EDGE_LOOP('',(#1911,#1912,#1913,#1914));
#1911 = ORIENTED_EDGE('',*,*,#1316,.F.);
#1912 = ORIENTED_EDGE('',*,*,#1884,.T.);
#1913 = ORIENTED_EDGE('',*,*,#1617,.T.);
#1914 = ORIENTED_EDGE('',*,*,#1781,.F.);
#1915 = ADVANCED_FACE('',(#1916),#1509,.F.);
#1916 = FACE_BOUND('',#1917,.F.);
#1917 = EDGE_LOOP('',(#1918,#1919,#1940,#1941));
#1918 = ORIENTED_EDGE('',*,*,#1723,.F.);
#1919 = ORIENTED_EDGE('',*,*,#1920,.F.);
#1920 = EDGE_CURVE('',#1489,#1724,#1921,.T.);
#1921 = SEAM_CURVE('',#1922,(#1926,#1933),.PCURVE_S1.);
#1922 = LINE('',#1923,#1924);
#1923 = CARTESIAN_POINT('',(60.,270.,289.));
#1924 = VECTOR('',#1925,1.);
#1925 = DIRECTION('',(0.,1.,0.));
#1926 = PCURVE('',#1509,#1927);
#1927 = DEFINITIONAL_REPRESENTATION('',(#1928),#1932);
#1928 = LINE('',#1929,#1930);
#1929 = CARTESIAN_POINT('',(6.28318530718,-0.));
#1930 = VECTOR('',#1931,1.);
#1931 = DIRECTION('',(0.,1.));
#1932 = ( GEOMETRIC_REPRESENTATION_CONTEXT(2) 
PARAMETRIC_REPRESENTATION_CONTEXT() REPRESENTATION_CONTEXT('2D SPACE',''
  ) );
#1933 = PCURVE('',#1509,#1934);
#1934 = DEFINITIONAL_REPRESENTATION('',(#1935),#1939);
#1935 = LINE('',#1936,#1937);
#1936 = CARTESIAN_POINT('',(0.,-0.));
#1937 = VECTOR('',#1938,1.);
#1938 = DIRECTION('',(0.,1.));
#1939 = ( GEOMETRIC_REPRESENTATION_CONTEXT(2) 
PARAMETRIC_REPRESENTATION_CONTEXT() REPRESENTATION_CONTEXT('2D SPACE',''
  ) );
#1940 = ORIENTED_EDGE('',*,*,#1488,.T.);
#1941 = ORIENTED_EDGE('',*,*,#1920,.T.);
#1942 = ( GEOMETRIC_REPRESENTATION_CONTEXT(3) 
GLOBAL_UNCERTAINTY_ASSIGNED_CONTEXT((#1946)) 
GLOBAL_UNIT_ASSIGNED_CONTEXT((#1943,#1944,#1945)) REPRESENTATION_CONTEXT
('Context #1','3D Context with UNIT and UNCERTAINTY') );
#1943 = ( LENGTH_UNIT() NAMED_UNIT(*) SI_UNIT(.MILLI.,.METRE.) );
#1944 = ( NAMED_UNIT(*) PLANE_ANGLE_UNIT() SI_UNIT($,.RADIAN.) );
#1945 = ( NAMED_UNIT(*) SI_UNIT($,.STERADIAN.) SOLID_ANGLE_UNIT() );
#1946 = UNCERTAINTY_MEASURE_WITH_UNIT(LENGTH_MEASURE(2.E-07),#1943,
  'distance_accuracy_value','confusion accuracy');
#1947 = CONTEXT_DEPENDENT_SHAPE_REPRESENTATION(#1948,#1950);
#1948 = ( REPRESENTATION_RELATIONSHIP('','',#1099,#10) 
REPRESENTATION_RELATIONSHIP_WITH_TRANSFORMATION(#1949) 
SHAPE_REPRESENTATION_RELATIONSHIP() );
#1949 = ITEM_DEFINED_TRANSFORMATION('','',#11,#19);
#1950 = PRODUCT_DEFINITION_SHAPE('Placement','Placement of an item',
  #1951);
#1951 = NEXT_ASSEMBLY_USAGE_OCCURRENCE('24','','',#5,#1094,$);
#1952 = PRODUCT_RELATED_PRODUCT_CATEGORY('part',$,(#1096));
ENDSEC;
END-ISO-10303-21;
