ISO-10303-21;
HEADER;
FILE_DESCRIPTION(('Open CASCADE Model'),'2;1');
FILE_NAME('Open CASCADE Shape Model','2026-10-05T18:20:57',('Author'),(
    'Open CASCADE'),'Open CASCADE STEP processor 7.9','Open CASCADE 7.9'
  ,'Unknown');
FILE_SCHEMA(('AUTOMOTIVE_DESIGN { 1 0 10303 214 1 1 1 1 }'));
ENDSEC;
DATA;
#1 = APPLICATION_PROTOCOL_DEFINITION('international standard',
  'automotive_design',2000,#2);
#2 = APPLICATION_CONTEXT(
  'core data for automotive mechanical design processes');
#3 = SHAPE_DEFINITION_REPRESENTATION(#4,#10);
#4 = PRODUCT_DEFINITION_SHAPE('','',#5);
#5 = PRODUCT_DEFINITION('design','',#6,#9);
#6 = PRODUCT_DEFINITION_FORMATION('','',#7);
#7 = PRODUCT('Open CASCADE STEP translator 7.9 153',
  'Open CASCADE STEP translator 7.9 153','',(#8));
#8 = PRODUCT_CONTEXT('',#2,'mechanical');
#9 = PRODUCT_DEFINITION_CONTEXT('part definition',#2,'design');
#10 = ADVANCED_BREP_SHAPE_REPRESENTATION('',(#11,#15),#2995);
#11 = AXIS2_PLACEMENT_3D('',#12,#13,#14);
#12 = CARTESIAN_POINT('',(0.,0.,0.));
#13 = DIRECTION('',(0.,0.,1.));
#14 = DIRECTION('',(1.,0.,-0.));
#15 = MANIFOLD_SOLID_BREP('',#16);
#16 = CLOSED_SHELL('',(#17,#137,#246,#327,#431,#519,#600,#654,#730,#779,
    #806,#887,#963,#1045,#1126,#1203,#1487,#1514,#1696,#1744,#2023,#2050
    ,#2098,#2125,#2132,#2181,#2208,#2215,#2269,#2318,#2367,#2414,#2463,
    #2491,#2591,#2619,#2675,#2700,#2754,#2803,#2852,#2879,#2930,#2979,
    #2986));
#17 = ADVANCED_FACE('',(#18),#32,.F.);
#18 = FACE_BOUND('',#19,.F.);
#19 = EDGE_LOOP('',(#20,#55,#83,#111));
#20 = ORIENTED_EDGE('',*,*,#21,.F.);
#21 = EDGE_CURVE('',#22,#24,#26,.T.);
#22 = VERTEX_POINT('',#23);
#23 = CARTESIAN_POINT('',(-698.,-300.,0.));
#24 = VERTEX_POINT('',#25);
#25 = CARTESIAN_POINT('',(-698.,-300.,6.));
#26 = SURFACE_CURVE('',#27,(#31,#43),.PCURVE_S1.);
#27 = LINE('',#28,#29);
#28 = CARTESIAN_POINT('',(-698.,-300.,0.));
#29 = VECTOR('',#30,1.);
#30 = DIRECTION('',(0.,0.,1.));
#31 = PCURVE('',#32,#37);
#32 = PLANE('',#33);
#33 = AXIS2_PLACEMENT_3D('',#34,#35,#36);
#34 = CARTESIAN_POINT('',(-698.,-300.,0.));
#35 = DIRECTION('',(1.,0.,-0.));
#36 = DIRECTION('',(0.,0.,1.));
#37 = DEFINITIONAL_REPRESENTATION('',(#38),#42);
#38 = LINE('',#39,#40);
#39 = CARTESIAN_POINT('',(0.,0.));
#40 = VECTOR('',#41,1.);
#41 = DIRECTION('',(1.,0.));
#42 = ( GEOMETRIC_REPRESENTATION_CONTEXT(2) 
PARAMETRIC_REPRESENTATION_CONTEXT() REPRESENTATION_CONTEXT('2D SPACE',''
  ) );
#43 = PCURVE('',#44,#49);
#44 = PLANE('',#45);
#45 = AXIS2_PLACEMENT_3D('',#46,#47,#48);
#46 = CARTESIAN_POINT('',(-698.,-300.,0.));
#47 = DIRECTION('',(-0.,1.,0.));
#48 = DIRECTION('',(0.,0.,1.));
#49 = DEFINITIONAL_REPRESENTATION('',(#50),#54);
#50 = LINE('',#51,#52);
#51 = CARTESIAN_POINT('',(0.,0.));
#52 = VECTOR('',#53,1.);
#53 = DIRECTION('',(1.,0.));
#54 = ( GEOMETRIC_REPRESENTATION_CONTEXT(2) 
PARAMETRIC_REPRESENTATION_CONTEXT() REPRESENTATION_CONTEXT('2D SPACE',''
  ) );
#55 = ORIENTED_EDGE('',*,*,#56,.T.);
#56 = EDGE_CURVE('',#22,#57,#59,.T.);
#57 = VERTEX_POINT('',#58);
#58 = CARTESIAN_POINT('',(-698.,300.,0.));
#59 = SURFACE_CURVE('',#60,(#64,#71),.PCURVE_S1.);
#60 = LINE('',#61,#62);
#61 = CARTESIAN_POINT('',(-698.,-300.,0.));
#62 = VECTOR('',#63,1.);
#63 = DIRECTION('',(-0.,1.,0.));
#64 = PCURVE('',#32,#65);
#65 = DEFINITIONAL_REPRESENTATION('',(#66),#70);
#66 = LINE('',#67,#68);
#67 = CARTESIAN_POINT('',(0.,0.));
#68 = VECTOR('',#69,1.);
#69 = DIRECTION('',(0.,-1.));
#70 = ( GEOMETRIC_REPRESENTATION_CONTEXT(2) 
PARAMETRIC_REPRESENTATION_CONTEXT() REPRESENTATION_CONTEXT('2D SPACE',''
  ) );
#71 = PCURVE('',#72,#77);
#72 = PLANE('',#73);
#73 = AXIS2_PLACEMENT_3D('',#74,#75,#76);
#74 = CARTESIAN_POINT('',(-698.,-300.,0.));
#75 = DIRECTION('',(0.,0.,1.));
#76 = DIRECTION('',(1.,0.,-0.));
#77 = DEFINITIONAL_REPRESENTATION('',(#78),#82);
#78 = LINE('',#79,#80);
#79 = CARTESIAN_POINT('',(0.,0.));
#80 = VECTOR('',#81,1.);
#81 = DIRECTION('',(0.,1.));
#82 = ( GEOMETRIC_REPRESENTATION_CONTEXT(2) 
PARAMETRIC_REPRESENTATION_CONTEXT() REPRESENTATION_CONTEXT('2D SPACE',''
  ) );
#83 = ORIENTED_EDGE('',*,*,#84,.T.);
#84 = EDGE_CURVE('',#57,#85,#87,.T.);
#85 = VERTEX_POINT('',#86);
#86 = CARTESIAN_POINT('',(-698.,300.,6.));
#87 = SURFACE_CURVE('',#88,(#92,#99),.PCURVE_S1.);
#88 = LINE('',#89,#90);
#89 = CARTESIAN_POINT('',(-698.,300.,0.));
#90 = VECTOR('',#91,1.);
#91 = DIRECTION('',(0.,0.,1.));
#92 = PCURVE('',#32,#93);
#93 = DEFINITIONAL_REPRESENTATION('',(#94),#98);
#94 = LINE('',#95,#96);
#95 = CARTESIAN_POINT('',(0.,-600.));
#96 = VECTOR('',#97,1.);
#97 = DIRECTION('',(1.,0.));
#98 = ( GEOMETRIC_REPRESENTATION_CONTEXT(2) 
PARAMETRIC_REPRESENTATION_CONTEXT() REPRESENTATION_CONTEXT('2D SPACE',''
  ) );
#99 = PCURVE('',#100,#105);
#100 = PLANE('',#101);
#101 = AXIS2_PLACEMENT_3D('',#102,#103,#104);
#102 = CARTESIAN_POINT('',(-698.,300.,0.));
#103 = DIRECTION('',(-0.,1.,0.));
#104 = DIRECTION('',(0.,0.,1.));
#105 = DEFINITIONAL_REPRESENTATION('',(#106),#110);
#106 = LINE('',#107,#108);
#107 = CARTESIAN_POINT('',(0.,0.));
#108 = VECTOR('',#109,1.);
#109 = DIRECTION('',(1.,0.));
#110 = ( GEOMETRIC_REPRESENTATION_CONTEXT(2) 
PARAMETRIC_REPRESENTATION_CONTEXT() REPRESENTATION_CONTEXT('2D SPACE',''
  ) );
#111 = ORIENTED_EDGE('',*,*,#112,.F.);
#112 = EDGE_CURVE('',#24,#85,#113,.T.);
#113 = SURFACE_CURVE('',#114,(#118,#125),.PCURVE_S1.);
#114 = LINE('',#115,#116);
#115 = CARTESIAN_POINT('',(-698.,-300.,6.));
#116 = VECTOR('',#117,1.);
#117 = DIRECTION('',(-0.,1.,0.));
#118 = PCURVE('',#32,#119);
#119 = DEFINITIONAL_REPRESENTATION('',(#120),#124);
#120 = LINE('',#121,#122);
#121 = CARTESIAN_POINT('',(6.,0.));
#122 = VECTOR('',#123,1.);
#123 = DIRECTION('',(0.,-1.));
#124 = ( GEOMETRIC_REPRESENTATION_CONTEXT(2) 
PARAMETRIC_REPRESENTATION_CONTEXT() REPRESENTATION_CONTEXT('2D SPACE',''
  ) );
#125 = PCURVE('',#126,#131);
#126 = PLANE('',#127);
#127 = AXIS2_PLACEMENT_3D('',#128,#129,#130);
#128 = CARTESIAN_POINT('',(-698.,-300.,6.));
#129 = DIRECTION('',(1.,0.,-0.));
#130 = DIRECTION('',(0.,0.,1.));
#131 = DEFINITIONAL_REPRESENTATION('',(#132),#136);
#132 = LINE('',#133,#134);
#133 = CARTESIAN_POINT('',(0.,0.));
#134 = VECTOR('',#135,1.);
#135 = DIRECTION('',(0.,-1.));
#136 = ( GEOMETRIC_REPRESENTATION_CONTEXT(2) 
PARAMETRIC_REPRESENTATION_CONTEXT() REPRESENTATION_CONTEXT('2D SPACE',''
  ) );
#137 = ADVANCED_FACE('',(#138),#44,.F.);
#138 = FACE_BOUND('',#139,.F.);
#139 = EDGE_LOOP('',(#140,#163,#164,#192,#220));
#140 = ORIENTED_EDGE('',*,*,#141,.F.);
#141 = EDGE_CURVE('',#22,#142,#144,.T.);
#142 = VERTEX_POINT('',#143);
#143 = CARTESIAN_POINT('',(-418.,-300.,0.));
#144 = SURFACE_CURVE('',#145,(#149,#156),.PCURVE_S1.);
#145 = LINE('',#146,#147);
#146 = CARTESIAN_POINT('',(-698.,-300.,0.));
#147 = VECTOR('',#148,1.);
#148 = DIRECTION('',(1.,0.,-0.));
#149 = PCURVE('',#44,#150);
#150 = DEFINITIONAL_REPRESENTATION('',(#151),#155);
#151 = LINE('',#152,#153);
#152 = CARTESIAN_POINT('',(0.,0.));
#153 = VECTOR('',#154,1.);
#154 = DIRECTION('',(0.,1.));
#155 = ( GEOMETRIC_REPRESENTATION_CONTEXT(2) 
PARAMETRIC_REPRESENTATION_CONTEXT() REPRESENTATION_CONTEXT('2D SPACE',''
  ) );
#156 = PCURVE('',#72,#157);
#157 = DEFINITIONAL_REPRESENTATION('',(#158),#162);
#158 = LINE('',#159,#160);
#159 = CARTESIAN_POINT('',(0.,0.));
#160 = VECTOR('',#161,1.);
#161 = DIRECTION('',(1.,0.));
#162 = ( GEOMETRIC_REPRESENTATION_CONTEXT(2) 
PARAMETRIC_REPRESENTATION_CONTEXT() REPRESENTATION_CONTEXT('2D SPACE',''
  ) );
#163 = ORIENTED_EDGE('',*,*,#21,.T.);
#164 = ORIENTED_EDGE('',*,*,#165,.T.);
#165 = EDGE_CURVE('',#24,#166,#168,.T.);
#166 = VERTEX_POINT('',#167);
#167 = CARTESIAN_POINT('',(-694.,-300.,6.));
#168 = SURFACE_CURVE('',#169,(#173,#180),.PCURVE_S1.);
#169 = LINE('',#170,#171);
#170 = CARTESIAN_POINT('',(-698.,-300.,6.));
#171 = VECTOR('',#172,1.);
#172 = DIRECTION('',(1.,0.,-0.));
#173 = PCURVE('',#44,#174);
#174 = DEFINITIONAL_REPRESENTATION('',(#175),#179);
#175 = LINE('',#176,#177);
#176 = CARTESIAN_POINT('',(6.,0.));
#177 = VECTOR('',#178,1.);
#178 = DIRECTION('',(0.,1.));
#179 = ( GEOMETRIC_REPRESENTATION_CONTEXT(2) 
PARAMETRIC_REPRESENTATION_CONTEXT() REPRESENTATION_CONTEXT('2D SPACE',''
  ) );
#180 = PCURVE('',#181,#186);
#181 = PLANE('',#182);
#182 = AXIS2_PLACEMENT_3D('',#183,#184,#185);
#183 = CARTESIAN_POINT('',(-698.,-300.,6.));
#184 = DIRECTION('',(-0.,1.,0.));
#185 = DIRECTION('',(0.,0.,1.));
#186 = DEFINITIONAL_REPRESENTATION('',(#187),#191);
#187 = LINE('',#188,#189);
#188 = CARTESIAN_POINT('',(0.,0.));
#189 = VECTOR('',#190,1.);
#190 = DIRECTION('',(0.,1.));
#191 = ( GEOMETRIC_REPRESENTATION_CONTEXT(2) 
PARAMETRIC_REPRESENTATION_CONTEXT() REPRESENTATION_CONTEXT('2D SPACE',''
  ) );
#192 = ORIENTED_EDGE('',*,*,#193,.T.);
#193 = EDGE_CURVE('',#166,#194,#196,.T.);
#194 = VERTEX_POINT('',#195);
#195 = CARTESIAN_POINT('',(-418.,-300.,6.));
#196 = SURFACE_CURVE('',#197,(#201,#208),.PCURVE_S1.);
#197 = LINE('',#198,#199);
#198 = CARTESIAN_POINT('',(-698.,-300.,6.));
#199 = VECTOR('',#200,1.);
#200 = DIRECTION('',(1.,0.,-0.));
#201 = PCURVE('',#44,#202);
#202 = DEFINITIONAL_REPRESENTATION('',(#203),#207);
#203 = LINE('',#204,#205);
#204 = CARTESIAN_POINT('',(6.,0.));
#205 = VECTOR('',#206,1.);
#206 = DIRECTION('',(0.,1.));
#207 = ( GEOMETRIC_REPRESENTATION_CONTEXT(2) 
PARAMETRIC_REPRESENTATION_CONTEXT() REPRESENTATION_CONTEXT('2D SPACE',''
  ) );
#208 = PCURVE('',#209,#214);
#209 = PLANE('',#210);
#210 = AXIS2_PLACEMENT_3D('',#211,#212,#213);
#211 = CARTESIAN_POINT('',(-698.,-300.,6.));
#212 = DIRECTION('',(0.,0.,1.));
#213 = DIRECTION('',(1.,0.,-0.));
#214 = DEFINITIONAL_REPRESENTATION('',(#215),#219);
#215 = LINE('',#216,#217);
#216 = CARTESIAN_POINT('',(0.,0.));
#217 = VECTOR('',#218,1.);
#218 = DIRECTION('',(1.,0.));
#219 = ( GEOMETRIC_REPRESENTATION_CONTEXT(2) 
PARAMETRIC_REPRESENTATION_CONTEXT() REPRESENTATION_CONTEXT('2D SPACE',''
  ) );
#220 = ORIENTED_EDGE('',*,*,#221,.F.);
#221 = EDGE_CURVE('',#142,#194,#222,.T.);
#222 = SURFACE_CURVE('',#223,(#227,#234),.PCURVE_S1.);
#223 = LINE('',#224,#225);
#224 = CARTESIAN_POINT('',(-418.,-300.,0.));
#225 = VECTOR('',#226,1.);
#226 = DIRECTION('',(0.,0.,1.));
#227 = PCURVE('',#44,#228);
#228 = DEFINITIONAL_REPRESENTATION('',(#229),#233);
#229 = LINE('',#230,#231);
#230 = CARTESIAN_POINT('',(0.,280.));
#231 = VECTOR('',#232,1.);
#232 = DIRECTION('',(1.,0.));
#233 = ( GEOMETRIC_REPRESENTATION_CONTEXT(2) 
PARAMETRIC_REPRESENTATION_CONTEXT() REPRESENTATION_CONTEXT('2D SPACE',''
  ) );
#234 = PCURVE('',#235,#240);
#235 = PLANE('',#236);
#236 = AXIS2_PLACEMENT_3D('',#237,#238,#239);
#237 = CARTESIAN_POINT('',(-418.,-362.,0.));
#238 = DIRECTION('',(1.,0.,-0.));
#239 = DIRECTION('',(0.,0.,1.));
#240 = DEFINITIONAL_REPRESENTATION('',(#241),#245);
#241 = LINE('',#242,#243);
#242 = CARTESIAN_POINT('',(0.,-62.));
#243 = VECTOR('',#244,1.);
#244 = DIRECTION('',(1.,0.));
#245 = ( GEOMETRIC_REPRESENTATION_CONTEXT(2) 
PARAMETRIC_REPRESENTATION_CONTEXT() REPRESENTATION_CONTEXT('2D SPACE',''
  ) );
#246 = ADVANCED_FACE('',(#247),#126,.F.);
#247 = FACE_BOUND('',#248,.F.);
#248 = EDGE_LOOP('',(#249,#272,#273,#301));
#249 = ORIENTED_EDGE('',*,*,#250,.F.);
#250 = EDGE_CURVE('',#24,#251,#253,.T.);
#251 = VERTEX_POINT('',#252);
#252 = CARTESIAN_POINT('',(-698.,-300.,520.));
#253 = SURFACE_CURVE('',#254,(#258,#265),.PCURVE_S1.);
#254 = LINE('',#255,#256);
#255 = CARTESIAN_POINT('',(-698.,-300.,6.));
#256 = VECTOR('',#257,1.);
#257 = DIRECTION('',(0.,0.,1.));
#258 = PCURVE('',#126,#259);
#259 = DEFINITIONAL_REPRESENTATION('',(#260),#264);
#260 = LINE('',#261,#262);
#261 = CARTESIAN_POINT('',(0.,0.));
#262 = VECTOR('',#263,1.);
#263 = DIRECTION('',(1.,0.));
#264 = ( GEOMETRIC_REPRESENTATION_CONTEXT(2) 
PARAMETRIC_REPRESENTATION_CONTEXT() REPRESENTATION_CONTEXT('2D SPACE',''
  ) );
#265 = PCURVE('',#181,#266);
#266 = DEFINITIONAL_REPRESENTATION('',(#267),#271);
#267 = LINE('',#268,#269);
#268 = CARTESIAN_POINT('',(0.,0.));
#269 = VECTOR('',#270,1.);
#270 = DIRECTION('',(1.,0.));
#271 = ( GEOMETRIC_REPRESENTATION_CONTEXT(2) 
PARAMETRIC_REPRESENTATION_CONTEXT() REPRESENTATION_CONTEXT('2D SPACE',''
  ) );
#272 = ORIENTED_EDGE('',*,*,#112,.T.);
#273 = ORIENTED_EDGE('',*,*,#274,.T.);
#274 = EDGE_CURVE('',#85,#275,#277,.T.);
#275 = VERTEX_POINT('',#276);
#276 = CARTESIAN_POINT('',(-698.,300.,520.));
#277 = SURFACE_CURVE('',#278,(#282,#289),.PCURVE_S1.);
#278 = LINE('',#279,#280);
#279 = CARTESIAN_POINT('',(-698.,300.,6.));
#280 = VECTOR('',#281,1.);
#281 = DIRECTION('',(0.,0.,1.));
#282 = PCURVE('',#126,#283);
#283 = DEFINITIONAL_REPRESENTATION('',(#284),#288);
#284 = LINE('',#285,#286);
#285 = CARTESIAN_POINT('',(0.,-600.));
#286 = VECTOR('',#287,1.);
#287 = DIRECTION('',(1.,0.));
#288 = ( GEOMETRIC_REPRESENTATION_CONTEXT(2) 
PARAMETRIC_REPRESENTATION_CONTEXT() REPRESENTATION_CONTEXT('2D SPACE',''
  ) );
#289 = PCURVE('',#290,#295);
#290 = PLANE('',#291);
#291 = AXIS2_PLACEMENT_3D('',#292,#293,#294);
#292 = CARTESIAN_POINT('',(-698.,300.,6.));
#293 = DIRECTION('',(-0.,1.,0.));
#294 = DIRECTION('',(0.,0.,1.));
#295 = DEFINITIONAL_REPRESENTATION('',(#296),#300);
#296 = LINE('',#297,#298);
#297 = CARTESIAN_POINT('',(0.,0.));
#298 = VECTOR('',#299,1.);
#299 = DIRECTION('',(1.,0.));
#300 = ( GEOMETRIC_REPRESENTATION_CONTEXT(2) 
PARAMETRIC_REPRESENTATION_CONTEXT() REPRESENTATION_CONTEXT('2D SPACE',''
  ) );
#301 = ORIENTED_EDGE('',*,*,#302,.F.);
#302 = EDGE_CURVE('',#251,#275,#303,.T.);
#303 = SURFACE_CURVE('',#304,(#308,#315),.PCURVE_S1.);
#304 = LINE('',#305,#306);
#305 = CARTESIAN_POINT('',(-698.,-300.,520.));
#306 = VECTOR('',#307,1.);
#307 = DIRECTION('',(-0.,1.,0.));
#308 = PCURVE('',#126,#309);
#309 = DEFINITIONAL_REPRESENTATION('',(#310),#314);
#310 = LINE('',#311,#312);
#311 = CARTESIAN_POINT('',(514.,0.));
#312 = VECTOR('',#313,1.);
#313 = DIRECTION('',(0.,-1.));
#314 = ( GEOMETRIC_REPRESENTATION_CONTEXT(2) 
PARAMETRIC_REPRESENTATION_CONTEXT() REPRESENTATION_CONTEXT('2D SPACE',''
  ) );
#315 = PCURVE('',#316,#321);
#316 = PLANE('',#317);
#317 = AXIS2_PLACEMENT_3D('',#318,#319,#320);
#318 = CARTESIAN_POINT('',(-698.,-300.,520.));
#319 = DIRECTION('',(0.,0.,1.));
#320 = DIRECTION('',(1.,0.,-0.));
#321 = DEFINITIONAL_REPRESENTATION('',(#322),#326);
#322 = LINE('',#323,#324);
#323 = CARTESIAN_POINT('',(0.,0.));
#324 = VECTOR('',#325,1.);
#325 = DIRECTION('',(0.,1.));
#326 = ( GEOMETRIC_REPRESENTATION_CONTEXT(2) 
PARAMETRIC_REPRESENTATION_CONTEXT() REPRESENTATION_CONTEXT('2D SPACE',''
  ) );
#327 = ADVANCED_FACE('',(#328),#100,.T.);
#328 = FACE_BOUND('',#329,.T.);
#329 = EDGE_LOOP('',(#330,#353,#354,#377,#405));
#330 = ORIENTED_EDGE('',*,*,#331,.F.);
#331 = EDGE_CURVE('',#57,#332,#334,.T.);
#332 = VERTEX_POINT('',#333);
#333 = CARTESIAN_POINT('',(-418.,300.,0.));
#334 = SURFACE_CURVE('',#335,(#339,#346),.PCURVE_S1.);
#335 = LINE('',#336,#337);
#336 = CARTESIAN_POINT('',(-698.,300.,0.));
#337 = VECTOR('',#338,1.);
#338 = DIRECTION('',(1.,0.,-0.));
#339 = PCURVE('',#100,#340);
#340 = DEFINITIONAL_REPRESENTATION('',(#341),#345);
#341 = LINE('',#342,#343);
#342 = CARTESIAN_POINT('',(0.,0.));
#343 = VECTOR('',#344,1.);
#344 = DIRECTION('',(0.,1.));
#345 = ( GEOMETRIC_REPRESENTATION_CONTEXT(2) 
PARAMETRIC_REPRESENTATION_CONTEXT() REPRESENTATION_CONTEXT('2D SPACE',''
  ) );
#346 = PCURVE('',#72,#347);
#347 = DEFINITIONAL_REPRESENTATION('',(#348),#352);
#348 = LINE('',#349,#350);
#349 = CARTESIAN_POINT('',(0.,600.));
#350 = VECTOR('',#351,1.);
#351 = DIRECTION('',(1.,0.));
#352 = ( GEOMETRIC_REPRESENTATION_CONTEXT(2) 
PARAMETRIC_REPRESENTATION_CONTEXT() REPRESENTATION_CONTEXT('2D SPACE',''
  ) );
#353 = ORIENTED_EDGE('',*,*,#84,.T.);
#354 = ORIENTED_EDGE('',*,*,#355,.T.);
#355 = EDGE_CURVE('',#85,#356,#358,.T.);
#356 = VERTEX_POINT('',#357);
#357 = CARTESIAN_POINT('',(-694.,300.,6.));
#358 = SURFACE_CURVE('',#359,(#363,#370),.PCURVE_S1.);
#359 = LINE('',#360,#361);
#360 = CARTESIAN_POINT('',(-698.,300.,6.));
#361 = VECTOR('',#362,1.);
#362 = DIRECTION('',(1.,0.,-0.));
#363 = PCURVE('',#100,#364);
#364 = DEFINITIONAL_REPRESENTATION('',(#365),#369);
#365 = LINE('',#366,#367);
#366 = CARTESIAN_POINT('',(6.,0.));
#367 = VECTOR('',#368,1.);
#368 = DIRECTION('',(0.,1.));
#369 = ( GEOMETRIC_REPRESENTATION_CONTEXT(2) 
PARAMETRIC_REPRESENTATION_CONTEXT() REPRESENTATION_CONTEXT('2D SPACE',''
  ) );
#370 = PCURVE('',#290,#371);
#371 = DEFINITIONAL_REPRESENTATION('',(#372),#376);
#372 = LINE('',#373,#374);
#373 = CARTESIAN_POINT('',(0.,0.));
#374 = VECTOR('',#375,1.);
#375 = DIRECTION('',(0.,1.));
#376 = ( GEOMETRIC_REPRESENTATION_CONTEXT(2) 
PARAMETRIC_REPRESENTATION_CONTEXT() REPRESENTATION_CONTEXT('2D SPACE',''
  ) );
#377 = ORIENTED_EDGE('',*,*,#378,.T.);
#378 = EDGE_CURVE('',#356,#379,#381,.T.);
#379 = VERTEX_POINT('',#380);
#380 = CARTESIAN_POINT('',(-418.,300.,6.));
#381 = SURFACE_CURVE('',#382,(#386,#393),.PCURVE_S1.);
#382 = LINE('',#383,#384);
#383 = CARTESIAN_POINT('',(-698.,300.,6.));
#384 = VECTOR('',#385,1.);
#385 = DIRECTION('',(1.,0.,-0.));
#386 = PCURVE('',#100,#387);
#387 = DEFINITIONAL_REPRESENTATION('',(#388),#392);
#388 = LINE('',#389,#390);
#389 = CARTESIAN_POINT('',(6.,0.));
#390 = VECTOR('',#391,1.);
#391 = DIRECTION('',(0.,1.));
#392 = ( GEOMETRIC_REPRESENTATION_CONTEXT(2) 
PARAMETRIC_REPRESENTATION_CONTEXT() REPRESENTATION_CONTEXT('2D SPACE',''
  ) );
#393 = PCURVE('',#394,#399);
#394 = PLANE('',#395);
#395 = AXIS2_PLACEMENT_3D('',#396,#397,#398);
#396 = CARTESIAN_POINT('',(-698.,-300.,6.));
#397 = DIRECTION('',(0.,0.,1.));
#398 = DIRECTION('',(1.,0.,-0.));
#399 = DEFINITIONAL_REPRESENTATION('',(#400),#404);
#400 = LINE('',#401,#402);
#401 = CARTESIAN_POINT('',(0.,600.));
#402 = VECTOR('',#403,1.);
#403 = DIRECTION('',(1.,0.));
#404 = ( GEOMETRIC_REPRESENTATION_CONTEXT(2) 
PARAMETRIC_REPRESENTATION_CONTEXT() REPRESENTATION_CONTEXT('2D SPACE',''
  ) );
#405 = ORIENTED_EDGE('',*,*,#406,.F.);
#406 = EDGE_CURVE('',#332,#379,#407,.T.);
#407 = SURFACE_CURVE('',#408,(#412,#419),.PCURVE_S1.);
#408 = LINE('',#409,#410);
#409 = CARTESIAN_POINT('',(-418.,300.,0.));
#410 = VECTOR('',#411,1.);
#411 = DIRECTION('',(0.,0.,1.));
#412 = PCURVE('',#100,#413);
#413 = DEFINITIONAL_REPRESENTATION('',(#414),#418);
#414 = LINE('',#415,#416);
#415 = CARTESIAN_POINT('',(0.,280.));
#416 = VECTOR('',#417,1.);
#417 = DIRECTION('',(1.,0.));
#418 = ( GEOMETRIC_REPRESENTATION_CONTEXT(2) 
PARAMETRIC_REPRESENTATION_CONTEXT() REPRESENTATION_CONTEXT('2D SPACE',''
  ) );
#419 = PCURVE('',#420,#425);
#420 = PLANE('',#421);
#421 = AXIS2_PLACEMENT_3D('',#422,#423,#424);
#422 = CARTESIAN_POINT('',(-418.,288.,0.));
#423 = DIRECTION('',(1.,0.,-0.));
#424 = DIRECTION('',(0.,0.,1.));
#425 = DEFINITIONAL_REPRESENTATION('',(#426),#430);
#426 = LINE('',#427,#428);
#427 = CARTESIAN_POINT('',(0.,-12.));
#428 = VECTOR('',#429,1.);
#429 = DIRECTION('',(1.,0.));
#430 = ( GEOMETRIC_REPRESENTATION_CONTEXT(2) 
PARAMETRIC_REPRESENTATION_CONTEXT() REPRESENTATION_CONTEXT('2D SPACE',''
  ) );
#431 = ADVANCED_FACE('',(#432),#72,.F.);
#432 = FACE_BOUND('',#433,.F.);
#433 = EDGE_LOOP('',(#434,#435,#436,#464,#492,#518));
#434 = ORIENTED_EDGE('',*,*,#56,.F.);
#435 = ORIENTED_EDGE('',*,*,#141,.T.);
#436 = ORIENTED_EDGE('',*,*,#437,.T.);
#437 = EDGE_CURVE('',#142,#438,#440,.T.);
#438 = VERTEX_POINT('',#439);
#439 = CARTESIAN_POINT('',(-418.,-288.,0.));
#440 = SURFACE_CURVE('',#441,(#445,#452),.PCURVE_S1.);
#441 = LINE('',#442,#443);
#442 = CARTESIAN_POINT('',(-418.,-300.,0.));
#443 = VECTOR('',#444,1.);
#444 = DIRECTION('',(-0.,1.,0.));
#445 = PCURVE('',#72,#446);
#446 = DEFINITIONAL_REPRESENTATION('',(#447),#451);
#447 = LINE('',#448,#449);
#448 = CARTESIAN_POINT('',(280.,0.));
#449 = VECTOR('',#450,1.);
#450 = DIRECTION('',(0.,1.));
#451 = ( GEOMETRIC_REPRESENTATION_CONTEXT(2) 
PARAMETRIC_REPRESENTATION_CONTEXT() REPRESENTATION_CONTEXT('2D SPACE',''
  ) );
#452 = PCURVE('',#453,#458);
#453 = PLANE('',#454);
#454 = AXIS2_PLACEMENT_3D('',#455,#456,#457);
#455 = CARTESIAN_POINT('',(-418.,-362.,0.));
#456 = DIRECTION('',(0.,0.,1.));
#457 = DIRECTION('',(1.,0.,-0.));
#458 = DEFINITIONAL_REPRESENTATION('',(#459),#463);
#459 = LINE('',#460,#461);
#460 = CARTESIAN_POINT('',(0.,62.));
#461 = VECTOR('',#462,1.);
#462 = DIRECTION('',(0.,1.));
#463 = ( GEOMETRIC_REPRESENTATION_CONTEXT(2) 
PARAMETRIC_REPRESENTATION_CONTEXT() REPRESENTATION_CONTEXT('2D SPACE',''
  ) );
#464 = ORIENTED_EDGE('',*,*,#465,.T.);
#465 = EDGE_CURVE('',#438,#466,#468,.T.);
#466 = VERTEX_POINT('',#467);
#467 = CARTESIAN_POINT('',(-418.,288.,0.));
#468 = SURFACE_CURVE('',#469,(#473,#480),.PCURVE_S1.);
#469 = LINE('',#470,#471);
#470 = CARTESIAN_POINT('',(-418.,-300.,0.));
#471 = VECTOR('',#472,1.);
#472 = DIRECTION('',(-0.,1.,0.));
#473 = PCURVE('',#72,#474);
#474 = DEFINITIONAL_REPRESENTATION('',(#475),#479);
#475 = LINE('',#476,#477);
#476 = CARTESIAN_POINT('',(280.,0.));
#477 = VECTOR('',#478,1.);
#478 = DIRECTION('',(0.,1.));
#479 = ( GEOMETRIC_REPRESENTATION_CONTEXT(2) 
PARAMETRIC_REPRESENTATION_CONTEXT() REPRESENTATION_CONTEXT('2D SPACE',''
  ) );
#480 = PCURVE('',#481,#486);
#481 = PLANE('',#482);
#482 = AXIS2_PLACEMENT_3D('',#483,#484,#485);
#483 = CARTESIAN_POINT('',(-418.,-300.,0.));
#484 = DIRECTION('',(1.,0.,-0.));
#485 = DIRECTION('',(0.,0.,1.));
#486 = DEFINITIONAL_REPRESENTATION('',(#487),#491);
#487 = LINE('',#488,#489);
#488 = CARTESIAN_POINT('',(0.,0.));
#489 = VECTOR('',#490,1.);
#490 = DIRECTION('',(0.,-1.));
#491 = ( GEOMETRIC_REPRESENTATION_CONTEXT(2) 
PARAMETRIC_REPRESENTATION_CONTEXT() REPRESENTATION_CONTEXT('2D SPACE',''
  ) );
#492 = ORIENTED_EDGE('',*,*,#493,.T.);
#493 = EDGE_CURVE('',#466,#332,#494,.T.);
#494 = SURFACE_CURVE('',#495,(#499,#506),.PCURVE_S1.);
#495 = LINE('',#496,#497);
#496 = CARTESIAN_POINT('',(-418.,-300.,0.));
#497 = VECTOR('',#498,1.);
#498 = DIRECTION('',(-0.,1.,0.));
#499 = PCURVE('',#72,#500);
#500 = DEFINITIONAL_REPRESENTATION('',(#501),#505);
#501 = LINE('',#502,#503);
#502 = CARTESIAN_POINT('',(280.,0.));
#503 = VECTOR('',#504,1.);
#504 = DIRECTION('',(0.,1.));
#505 = ( GEOMETRIC_REPRESENTATION_CONTEXT(2) 
PARAMETRIC_REPRESENTATION_CONTEXT() REPRESENTATION_CONTEXT('2D SPACE',''
  ) );
#506 = PCURVE('',#507,#512);
#507 = PLANE('',#508);
#508 = AXIS2_PLACEMENT_3D('',#509,#510,#511);
#509 = CARTESIAN_POINT('',(-418.,288.,0.));
#510 = DIRECTION('',(0.,0.,1.));
#511 = DIRECTION('',(1.,0.,-0.));
#512 = DEFINITIONAL_REPRESENTATION('',(#513),#517);
#513 = LINE('',#514,#515);
#514 = CARTESIAN_POINT('',(0.,-588.));
#515 = VECTOR('',#516,1.);
#516 = DIRECTION('',(0.,1.));
#517 = ( GEOMETRIC_REPRESENTATION_CONTEXT(2) 
PARAMETRIC_REPRESENTATION_CONTEXT() REPRESENTATION_CONTEXT('2D SPACE',''
  ) );
#518 = ORIENTED_EDGE('',*,*,#331,.F.);
#519 = ADVANCED_FACE('',(#520),#235,.F.);
#520 = FACE_BOUND('',#521,.F.);
#521 = EDGE_LOOP('',(#522,#550,#578,#599));
#522 = ORIENTED_EDGE('',*,*,#523,.F.);
#523 = EDGE_CURVE('',#524,#194,#526,.T.);
#524 = VERTEX_POINT('',#525);
#525 = CARTESIAN_POINT('',(-418.,-362.,6.));
#526 = SURFACE_CURVE('',#527,(#531,#538),.PCURVE_S1.);
#527 = LINE('',#528,#529);
#528 = CARTESIAN_POINT('',(-418.,-362.,6.));
#529 = VECTOR('',#530,1.);
#530 = DIRECTION('',(-0.,1.,0.));
#531 = PCURVE('',#235,#532);
#532 = DEFINITIONAL_REPRESENTATION('',(#533),#537);
#533 = LINE('',#534,#535);
#534 = CARTESIAN_POINT('',(6.,0.));
#535 = VECTOR('',#536,1.);
#536 = DIRECTION('',(0.,-1.));
#537 = ( GEOMETRIC_REPRESENTATION_CONTEXT(2) 
PARAMETRIC_REPRESENTATION_CONTEXT() REPRESENTATION_CONTEXT('2D SPACE',''
  ) );
#538 = PCURVE('',#539,#544);
#539 = PLANE('',#540);
#540 = AXIS2_PLACEMENT_3D('',#541,#542,#543);
#541 = CARTESIAN_POINT('',(-418.,-362.,6.));
#542 = DIRECTION('',(0.,0.,1.));
#543 = DIRECTION('',(1.,0.,-0.));
#544 = DEFINITIONAL_REPRESENTATION('',(#545),#549);
#545 = LINE('',#546,#547);
#546 = CARTESIAN_POINT('',(0.,0.));
#547 = VECTOR('',#548,1.);
#548 = DIRECTION('',(0.,1.));
#549 = ( GEOMETRIC_REPRESENTATION_CONTEXT(2) 
PARAMETRIC_REPRESENTATION_CONTEXT() REPRESENTATION_CONTEXT('2D SPACE',''
  ) );
#550 = ORIENTED_EDGE('',*,*,#551,.F.);
#551 = EDGE_CURVE('',#552,#524,#554,.T.);
#552 = VERTEX_POINT('',#553);
#553 = CARTESIAN_POINT('',(-418.,-362.,0.));
#554 = SURFACE_CURVE('',#555,(#559,#566),.PCURVE_S1.);
#555 = LINE('',#556,#557);
#556 = CARTESIAN_POINT('',(-418.,-362.,0.));
#557 = VECTOR('',#558,1.);
#558 = DIRECTION('',(0.,0.,1.));
#559 = PCURVE('',#235,#560);
#560 = DEFINITIONAL_REPRESENTATION('',(#561),#565);
#561 = LINE('',#562,#563);
#562 = CARTESIAN_POINT('',(0.,0.));
#563 = VECTOR('',#564,1.);
#564 = DIRECTION('',(1.,0.));
#565 = ( GEOMETRIC_REPRESENTATION_CONTEXT(2) 
PARAMETRIC_REPRESENTATION_CONTEXT() REPRESENTATION_CONTEXT('2D SPACE',''
  ) );
#566 = PCURVE('',#567,#572);
#567 = PLANE('',#568);
#568 = AXIS2_PLACEMENT_3D('',#569,#570,#571);
#569 = CARTESIAN_POINT('',(-418.,-362.,0.));
#570 = DIRECTION('',(-0.,1.,0.));
#571 = DIRECTION('',(0.,0.,1.));
#572 = DEFINITIONAL_REPRESENTATION('',(#573),#577);
#573 = LINE('',#574,#575);
#574 = CARTESIAN_POINT('',(0.,0.));
#575 = VECTOR('',#576,1.);
#576 = DIRECTION('',(1.,0.));
#577 = ( GEOMETRIC_REPRESENTATION_CONTEXT(2) 
PARAMETRIC_REPRESENTATION_CONTEXT() REPRESENTATION_CONTEXT('2D SPACE',''
  ) );
#578 = ORIENTED_EDGE('',*,*,#579,.T.);
#579 = EDGE_CURVE('',#552,#142,#580,.T.);
#580 = SURFACE_CURVE('',#581,(#585,#592),.PCURVE_S1.);
#581 = LINE('',#582,#583);
#582 = CARTESIAN_POINT('',(-418.,-362.,0.));
#583 = VECTOR('',#584,1.);
#584 = DIRECTION('',(-0.,1.,0.));
#585 = PCURVE('',#235,#586);
#586 = DEFINITIONAL_REPRESENTATION('',(#587),#591);
#587 = LINE('',#588,#589);
#588 = CARTESIAN_POINT('',(0.,0.));
#589 = VECTOR('',#590,1.);
#590 = DIRECTION('',(0.,-1.));
#591 = ( GEOMETRIC_REPRESENTATION_CONTEXT(2) 
PARAMETRIC_REPRESENTATION_CONTEXT() REPRESENTATION_CONTEXT('2D SPACE',''
  ) );
#592 = PCURVE('',#453,#593);
#593 = DEFINITIONAL_REPRESENTATION('',(#594),#598);
#594 = LINE('',#595,#596);
#595 = CARTESIAN_POINT('',(0.,0.));
#596 = VECTOR('',#597,1.);
#597 = DIRECTION('',(0.,1.));
#598 = ( GEOMETRIC_REPRESENTATION_CONTEXT(2) 
PARAMETRIC_REPRESENTATION_CONTEXT() REPRESENTATION_CONTEXT('2D SPACE',''
  ) );
#599 = ORIENTED_EDGE('',*,*,#221,.T.);
#600 = ADVANCED_FACE('',(#601),#181,.F.);
#601 = FACE_BOUND('',#602,.F.);
#602 = EDGE_LOOP('',(#603,#604,#605,#628));
#603 = ORIENTED_EDGE('',*,*,#165,.F.);
#604 = ORIENTED_EDGE('',*,*,#250,.T.);
#605 = ORIENTED_EDGE('',*,*,#606,.T.);
#606 = EDGE_CURVE('',#251,#607,#609,.T.);
#607 = VERTEX_POINT('',#608);
#608 = CARTESIAN_POINT('',(-694.,-300.,520.));
#609 = SURFACE_CURVE('',#610,(#614,#621),.PCURVE_S1.);
#610 = LINE('',#611,#612);
#611 = CARTESIAN_POINT('',(-698.,-300.,520.));
#612 = VECTOR('',#613,1.);
#613 = DIRECTION('',(1.,0.,-0.));
#614 = PCURVE('',#181,#615);
#615 = DEFINITIONAL_REPRESENTATION('',(#616),#620);
#616 = LINE('',#617,#618);
#617 = CARTESIAN_POINT('',(514.,0.));
#618 = VECTOR('',#619,1.);
#619 = DIRECTION('',(0.,1.));
#620 = ( GEOMETRIC_REPRESENTATION_CONTEXT(2) 
PARAMETRIC_REPRESENTATION_CONTEXT() REPRESENTATION_CONTEXT('2D SPACE',''
  ) );
#621 = PCURVE('',#316,#622);
#622 = DEFINITIONAL_REPRESENTATION('',(#623),#627);
#623 = LINE('',#624,#625);
#624 = CARTESIAN_POINT('',(0.,0.));
#625 = VECTOR('',#626,1.);
#626 = DIRECTION('',(1.,0.));
#627 = ( GEOMETRIC_REPRESENTATION_CONTEXT(2) 
PARAMETRIC_REPRESENTATION_CONTEXT() REPRESENTATION_CONTEXT('2D SPACE',''
  ) );
#628 = ORIENTED_EDGE('',*,*,#629,.F.);
#629 = EDGE_CURVE('',#166,#607,#630,.T.);
#630 = SURFACE_CURVE('',#631,(#635,#642),.PCURVE_S1.);
#631 = LINE('',#632,#633);
#632 = CARTESIAN_POINT('',(-694.,-300.,6.));
#633 = VECTOR('',#634,1.);
#634 = DIRECTION('',(0.,0.,1.));
#635 = PCURVE('',#181,#636);
#636 = DEFINITIONAL_REPRESENTATION('',(#637),#641);
#637 = LINE('',#638,#639);
#638 = CARTESIAN_POINT('',(0.,4.));
#639 = VECTOR('',#640,1.);
#640 = DIRECTION('',(1.,0.));
#641 = ( GEOMETRIC_REPRESENTATION_CONTEXT(2) 
PARAMETRIC_REPRESENTATION_CONTEXT() REPRESENTATION_CONTEXT('2D SPACE',''
  ) );
#642 = PCURVE('',#643,#648);
#643 = PLANE('',#644);
#644 = AXIS2_PLACEMENT_3D('',#645,#646,#647);
#645 = CARTESIAN_POINT('',(-694.,-300.,6.));
#646 = DIRECTION('',(1.,0.,-0.));
#647 = DIRECTION('',(0.,0.,1.));
#648 = DEFINITIONAL_REPRESENTATION('',(#649),#653);
#649 = LINE('',#650,#651);
#650 = CARTESIAN_POINT('',(0.,0.));
#651 = VECTOR('',#652,1.);
#652 = DIRECTION('',(1.,0.));
#653 = ( GEOMETRIC_REPRESENTATION_CONTEXT(2) 
PARAMETRIC_REPRESENTATION_CONTEXT() REPRESENTATION_CONTEXT('2D SPACE',''
  ) );
#654 = ADVANCED_FACE('',(#655),#209,.T.);
#655 = FACE_BOUND('',#656,.T.);
#656 = EDGE_LOOP('',(#657,#680,#681,#704));
#657 = ORIENTED_EDGE('',*,*,#658,.F.);
#658 = EDGE_CURVE('',#166,#659,#661,.T.);
#659 = VERTEX_POINT('',#660);
#660 = CARTESIAN_POINT('',(-694.,-296.,6.));
#661 = SURFACE_CURVE('',#662,(#666,#673),.PCURVE_S1.);
#662 = LINE('',#663,#664);
#663 = CARTESIAN_POINT('',(-694.,-300.,6.));
#664 = VECTOR('',#665,1.);
#665 = DIRECTION('',(-0.,1.,0.));
#666 = PCURVE('',#209,#667);
#667 = DEFINITIONAL_REPRESENTATION('',(#668),#672);
#668 = LINE('',#669,#670);
#669 = CARTESIAN_POINT('',(4.,0.));
#670 = VECTOR('',#671,1.);
#671 = DIRECTION('',(0.,1.));
#672 = ( GEOMETRIC_REPRESENTATION_CONTEXT(2) 
PARAMETRIC_REPRESENTATION_CONTEXT() REPRESENTATION_CONTEXT('2D SPACE',''
  ) );
#673 = PCURVE('',#643,#674);
#674 = DEFINITIONAL_REPRESENTATION('',(#675),#679);
#675 = LINE('',#676,#677);
#676 = CARTESIAN_POINT('',(0.,0.));
#677 = VECTOR('',#678,1.);
#678 = DIRECTION('',(0.,-1.));
#679 = ( GEOMETRIC_REPRESENTATION_CONTEXT(2) 
PARAMETRIC_REPRESENTATION_CONTEXT() REPRESENTATION_CONTEXT('2D SPACE',''
  ) );
#680 = ORIENTED_EDGE('',*,*,#193,.T.);
#681 = ORIENTED_EDGE('',*,*,#682,.T.);
#682 = EDGE_CURVE('',#194,#683,#685,.T.);
#683 = VERTEX_POINT('',#684);
#684 = CARTESIAN_POINT('',(-418.,-296.,6.));
#685 = SURFACE_CURVE('',#686,(#690,#697),.PCURVE_S1.);
#686 = LINE('',#687,#688);
#687 = CARTESIAN_POINT('',(-418.,-300.,6.));
#688 = VECTOR('',#689,1.);
#689 = DIRECTION('',(-0.,1.,0.));
#690 = PCURVE('',#209,#691);
#691 = DEFINITIONAL_REPRESENTATION('',(#692),#696);
#692 = LINE('',#693,#694);
#693 = CARTESIAN_POINT('',(280.,0.));
#694 = VECTOR('',#695,1.);
#695 = DIRECTION('',(0.,1.));
#696 = ( GEOMETRIC_REPRESENTATION_CONTEXT(2) 
PARAMETRIC_REPRESENTATION_CONTEXT() REPRESENTATION_CONTEXT('2D SPACE',''
  ) );
#697 = PCURVE('',#539,#698);
#698 = DEFINITIONAL_REPRESENTATION('',(#699),#703);
#699 = LINE('',#700,#701);
#700 = CARTESIAN_POINT('',(0.,62.));
#701 = VECTOR('',#702,1.);
#702 = DIRECTION('',(0.,1.));
#703 = ( GEOMETRIC_REPRESENTATION_CONTEXT(2) 
PARAMETRIC_REPRESENTATION_CONTEXT() REPRESENTATION_CONTEXT('2D SPACE',''
  ) );
#704 = ORIENTED_EDGE('',*,*,#705,.F.);
#705 = EDGE_CURVE('',#659,#683,#706,.T.);
#706 = SURFACE_CURVE('',#707,(#711,#718),.PCURVE_S1.);
#707 = LINE('',#708,#709);
#708 = CARTESIAN_POINT('',(-694.,-296.,6.));
#709 = VECTOR('',#710,1.);
#710 = DIRECTION('',(1.,0.,-0.));
#711 = PCURVE('',#209,#712);
#712 = DEFINITIONAL_REPRESENTATION('',(#713),#717);
#713 = LINE('',#714,#715);
#714 = CARTESIAN_POINT('',(4.,4.));
#715 = VECTOR('',#716,1.);
#716 = DIRECTION('',(1.,0.));
#717 = ( GEOMETRIC_REPRESENTATION_CONTEXT(2) 
PARAMETRIC_REPRESENTATION_CONTEXT() REPRESENTATION_CONTEXT('2D SPACE',''
  ) );
#718 = PCURVE('',#719,#724);
#719 = PLANE('',#720);
#720 = AXIS2_PLACEMENT_3D('',#721,#722,#723);
#721 = CARTESIAN_POINT('',(-694.,-296.,6.));
#722 = DIRECTION('',(-0.,1.,0.));
#723 = DIRECTION('',(0.,0.,1.));
#724 = DEFINITIONAL_REPRESENTATION('',(#725),#729);
#725 = LINE('',#726,#727);
#726 = CARTESIAN_POINT('',(0.,0.));
#727 = VECTOR('',#728,1.);
#728 = DIRECTION('',(0.,1.));
#729 = ( GEOMETRIC_REPRESENTATION_CONTEXT(2) 
PARAMETRIC_REPRESENTATION_CONTEXT() REPRESENTATION_CONTEXT('2D SPACE',''
  ) );
#730 = ADVANCED_FACE('',(#731),#316,.T.);
#731 = FACE_BOUND('',#732,.T.);
#732 = EDGE_LOOP('',(#733,#734,#735,#758));
#733 = ORIENTED_EDGE('',*,*,#302,.F.);
#734 = ORIENTED_EDGE('',*,*,#606,.T.);
#735 = ORIENTED_EDGE('',*,*,#736,.T.);
#736 = EDGE_CURVE('',#607,#737,#739,.T.);
#737 = VERTEX_POINT('',#738);
#738 = CARTESIAN_POINT('',(-694.,300.,520.));
#739 = SURFACE_CURVE('',#740,(#744,#751),.PCURVE_S1.);
#740 = LINE('',#741,#742);
#741 = CARTESIAN_POINT('',(-694.,-300.,520.));
#742 = VECTOR('',#743,1.);
#743 = DIRECTION('',(-0.,1.,0.));
#744 = PCURVE('',#316,#745);
#745 = DEFINITIONAL_REPRESENTATION('',(#746),#750);
#746 = LINE('',#747,#748);
#747 = CARTESIAN_POINT('',(4.,0.));
#748 = VECTOR('',#749,1.);
#749 = DIRECTION('',(0.,1.));
#750 = ( GEOMETRIC_REPRESENTATION_CONTEXT(2) 
PARAMETRIC_REPRESENTATION_CONTEXT() REPRESENTATION_CONTEXT('2D SPACE',''
  ) );
#751 = PCURVE('',#643,#752);
#752 = DEFINITIONAL_REPRESENTATION('',(#753),#757);
#753 = LINE('',#754,#755);
#754 = CARTESIAN_POINT('',(514.,0.));
#755 = VECTOR('',#756,1.);
#756 = DIRECTION('',(0.,-1.));
#757 = ( GEOMETRIC_REPRESENTATION_CONTEXT(2) 
PARAMETRIC_REPRESENTATION_CONTEXT() REPRESENTATION_CONTEXT('2D SPACE',''
  ) );
#758 = ORIENTED_EDGE('',*,*,#759,.F.);
#759 = EDGE_CURVE('',#275,#737,#760,.T.);
#760 = SURFACE_CURVE('',#761,(#765,#772),.PCURVE_S1.);
#761 = LINE('',#762,#763);
#762 = CARTESIAN_POINT('',(-698.,300.,520.));
#763 = VECTOR('',#764,1.);
#764 = DIRECTION('',(1.,0.,-0.));
#765 = PCURVE('',#316,#766);
#766 = DEFINITIONAL_REPRESENTATION('',(#767),#771);
#767 = LINE('',#768,#769);
#768 = CARTESIAN_POINT('',(0.,600.));
#769 = VECTOR('',#770,1.);
#770 = DIRECTION('',(1.,0.));
#771 = ( GEOMETRIC_REPRESENTATION_CONTEXT(2) 
PARAMETRIC_REPRESENTATION_CONTEXT() REPRESENTATION_CONTEXT('2D SPACE',''
  ) );
#772 = PCURVE('',#290,#773);
#773 = DEFINITIONAL_REPRESENTATION('',(#774),#778);
#774 = LINE('',#775,#776);
#775 = CARTESIAN_POINT('',(514.,0.));
#776 = VECTOR('',#777,1.);
#777 = DIRECTION('',(0.,1.));
#778 = ( GEOMETRIC_REPRESENTATION_CONTEXT(2) 
PARAMETRIC_REPRESENTATION_CONTEXT() REPRESENTATION_CONTEXT('2D SPACE',''
  ) );
#779 = ADVANCED_FACE('',(#780),#290,.T.);
#780 = FACE_BOUND('',#781,.T.);
#781 = EDGE_LOOP('',(#782,#783,#784,#785));
#782 = ORIENTED_EDGE('',*,*,#355,.F.);
#783 = ORIENTED_EDGE('',*,*,#274,.T.);
#784 = ORIENTED_EDGE('',*,*,#759,.T.);
#785 = ORIENTED_EDGE('',*,*,#786,.F.);
#786 = EDGE_CURVE('',#356,#737,#787,.T.);
#787 = SURFACE_CURVE('',#788,(#792,#799),.PCURVE_S1.);
#788 = LINE('',#789,#790);
#789 = CARTESIAN_POINT('',(-694.,300.,6.));
#790 = VECTOR('',#791,1.);
#791 = DIRECTION('',(0.,0.,1.));
#792 = PCURVE('',#290,#793);
#793 = DEFINITIONAL_REPRESENTATION('',(#794),#798);
#794 = LINE('',#795,#796);
#795 = CARTESIAN_POINT('',(0.,4.));
#796 = VECTOR('',#797,1.);
#797 = DIRECTION('',(1.,0.));
#798 = ( GEOMETRIC_REPRESENTATION_CONTEXT(2) 
PARAMETRIC_REPRESENTATION_CONTEXT() REPRESENTATION_CONTEXT('2D SPACE',''
  ) );
#799 = PCURVE('',#643,#800);
#800 = DEFINITIONAL_REPRESENTATION('',(#801),#805);
#801 = LINE('',#802,#803);
#802 = CARTESIAN_POINT('',(0.,-600.));
#803 = VECTOR('',#804,1.);
#804 = DIRECTION('',(1.,0.));
#805 = ( GEOMETRIC_REPRESENTATION_CONTEXT(2) 
PARAMETRIC_REPRESENTATION_CONTEXT() REPRESENTATION_CONTEXT('2D SPACE',''
  ) );
#806 = ADVANCED_FACE('',(#807),#420,.F.);
#807 = FACE_BOUND('',#808,.F.);
#808 = EDGE_LOOP('',(#809,#810,#833,#861));
#809 = ORIENTED_EDGE('',*,*,#406,.F.);
#810 = ORIENTED_EDGE('',*,*,#811,.T.);
#811 = EDGE_CURVE('',#332,#812,#814,.T.);
#812 = VERTEX_POINT('',#813);
#813 = CARTESIAN_POINT('',(-418.,362.,0.));
#814 = SURFACE_CURVE('',#815,(#819,#826),.PCURVE_S1.);
#815 = LINE('',#816,#817);
#816 = CARTESIAN_POINT('',(-418.,288.,0.));
#817 = VECTOR('',#818,1.);
#818 = DIRECTION('',(-0.,1.,0.));
#819 = PCURVE('',#420,#820);
#820 = DEFINITIONAL_REPRESENTATION('',(#821),#825);
#821 = LINE('',#822,#823);
#822 = CARTESIAN_POINT('',(0.,0.));
#823 = VECTOR('',#824,1.);
#824 = DIRECTION('',(0.,-1.));
#825 = ( GEOMETRIC_REPRESENTATION_CONTEXT(2) 
PARAMETRIC_REPRESENTATION_CONTEXT() REPRESENTATION_CONTEXT('2D SPACE',''
  ) );
#826 = PCURVE('',#507,#827);
#827 = DEFINITIONAL_REPRESENTATION('',(#828),#832);
#828 = LINE('',#829,#830);
#829 = CARTESIAN_POINT('',(0.,0.));
#830 = VECTOR('',#831,1.);
#831 = DIRECTION('',(0.,1.));
#832 = ( GEOMETRIC_REPRESENTATION_CONTEXT(2) 
PARAMETRIC_REPRESENTATION_CONTEXT() REPRESENTATION_CONTEXT('2D SPACE',''
  ) );
#833 = ORIENTED_EDGE('',*,*,#834,.T.);
#834 = EDGE_CURVE('',#812,#835,#837,.T.);
#835 = VERTEX_POINT('',#836);
#836 = CARTESIAN_POINT('',(-418.,362.,6.));
#837 = SURFACE_CURVE('',#838,(#842,#849),.PCURVE_S1.);
#838 = LINE('',#839,#840);
#839 = CARTESIAN_POINT('',(-418.,362.,0.));
#840 = VECTOR('',#841,1.);
#841 = DIRECTION('',(0.,0.,1.));
#842 = PCURVE('',#420,#843);
#843 = DEFINITIONAL_REPRESENTATION('',(#844),#848);
#844 = LINE('',#845,#846);
#845 = CARTESIAN_POINT('',(0.,-74.));
#846 = VECTOR('',#847,1.);
#847 = DIRECTION('',(1.,0.));
#848 = ( GEOMETRIC_REPRESENTATION_CONTEXT(2) 
PARAMETRIC_REPRESENTATION_CONTEXT() REPRESENTATION_CONTEXT('2D SPACE',''
  ) );
#849 = PCURVE('',#850,#855);
#850 = PLANE('',#851);
#851 = AXIS2_PLACEMENT_3D('',#852,#853,#854);
#852 = CARTESIAN_POINT('',(-418.,362.,0.));
#853 = DIRECTION('',(-0.,1.,0.));
#854 = DIRECTION('',(0.,0.,1.));
#855 = DEFINITIONAL_REPRESENTATION('',(#856),#860);
#856 = LINE('',#857,#858);
#857 = CARTESIAN_POINT('',(0.,0.));
#858 = VECTOR('',#859,1.);
#859 = DIRECTION('',(1.,0.));
#860 = ( GEOMETRIC_REPRESENTATION_CONTEXT(2) 
PARAMETRIC_REPRESENTATION_CONTEXT() REPRESENTATION_CONTEXT('2D SPACE',''
  ) );
#861 = ORIENTED_EDGE('',*,*,#862,.F.);
#862 = EDGE_CURVE('',#379,#835,#863,.T.);
#863 = SURFACE_CURVE('',#864,(#868,#875),.PCURVE_S1.);
#864 = LINE('',#865,#866);
#865 = CARTESIAN_POINT('',(-418.,288.,6.));
#866 = VECTOR('',#867,1.);
#867 = DIRECTION('',(-0.,1.,0.));
#868 = PCURVE('',#420,#869);
#869 = DEFINITIONAL_REPRESENTATION('',(#870),#874);
#870 = LINE('',#871,#872);
#871 = CARTESIAN_POINT('',(6.,0.));
#872 = VECTOR('',#873,1.);
#873 = DIRECTION('',(0.,-1.));
#874 = ( GEOMETRIC_REPRESENTATION_CONTEXT(2) 
PARAMETRIC_REPRESENTATION_CONTEXT() REPRESENTATION_CONTEXT('2D SPACE',''
  ) );
#875 = PCURVE('',#876,#881);
#876 = PLANE('',#877);
#877 = AXIS2_PLACEMENT_3D('',#878,#879,#880);
#878 = CARTESIAN_POINT('',(-418.,288.,6.));
#879 = DIRECTION('',(0.,0.,1.));
#880 = DIRECTION('',(1.,0.,-0.));
#881 = DEFINITIONAL_REPRESENTATION('',(#882),#886);
#882 = LINE('',#883,#884);
#883 = CARTESIAN_POINT('',(0.,0.));
#884 = VECTOR('',#885,1.);
#885 = DIRECTION('',(0.,1.));
#886 = ( GEOMETRIC_REPRESENTATION_CONTEXT(2) 
PARAMETRIC_REPRESENTATION_CONTEXT() REPRESENTATION_CONTEXT('2D SPACE',''
  ) );
#887 = ADVANCED_FACE('',(#888),#394,.T.);
#888 = FACE_BOUND('',#889,.T.);
#889 = EDGE_LOOP('',(#890,#913,#941,#962));
#890 = ORIENTED_EDGE('',*,*,#891,.F.);
#891 = EDGE_CURVE('',#892,#356,#894,.T.);
#892 = VERTEX_POINT('',#893);
#893 = CARTESIAN_POINT('',(-694.,296.,6.));
#894 = SURFACE_CURVE('',#895,(#899,#906),.PCURVE_S1.);
#895 = LINE('',#896,#897);
#896 = CARTESIAN_POINT('',(-694.,-300.,6.));
#897 = VECTOR('',#898,1.);
#898 = DIRECTION('',(-0.,1.,0.));
#899 = PCURVE('',#394,#900);
#900 = DEFINITIONAL_REPRESENTATION('',(#901),#905);
#901 = LINE('',#902,#903);
#902 = CARTESIAN_POINT('',(4.,0.));
#903 = VECTOR('',#904,1.);
#904 = DIRECTION('',(0.,1.));
#905 = ( GEOMETRIC_REPRESENTATION_CONTEXT(2) 
PARAMETRIC_REPRESENTATION_CONTEXT() REPRESENTATION_CONTEXT('2D SPACE',''
  ) );
#906 = PCURVE('',#643,#907);
#907 = DEFINITIONAL_REPRESENTATION('',(#908),#912);
#908 = LINE('',#909,#910);
#909 = CARTESIAN_POINT('',(0.,0.));
#910 = VECTOR('',#911,1.);
#911 = DIRECTION('',(0.,-1.));
#912 = ( GEOMETRIC_REPRESENTATION_CONTEXT(2) 
PARAMETRIC_REPRESENTATION_CONTEXT() REPRESENTATION_CONTEXT('2D SPACE',''
  ) );
#913 = ORIENTED_EDGE('',*,*,#914,.T.);
#914 = EDGE_CURVE('',#892,#915,#917,.T.);
#915 = VERTEX_POINT('',#916);
#916 = CARTESIAN_POINT('',(-418.,296.,6.));
#917 = SURFACE_CURVE('',#918,(#922,#929),.PCURVE_S1.);
#918 = LINE('',#919,#920);
#919 = CARTESIAN_POINT('',(-694.,296.,6.));
#920 = VECTOR('',#921,1.);
#921 = DIRECTION('',(1.,0.,-0.));
#922 = PCURVE('',#394,#923);
#923 = DEFINITIONAL_REPRESENTATION('',(#924),#928);
#924 = LINE('',#925,#926);
#925 = CARTESIAN_POINT('',(4.,596.));
#926 = VECTOR('',#927,1.);
#927 = DIRECTION('',(1.,0.));
#928 = ( GEOMETRIC_REPRESENTATION_CONTEXT(2) 
PARAMETRIC_REPRESENTATION_CONTEXT() REPRESENTATION_CONTEXT('2D SPACE',''
  ) );
#929 = PCURVE('',#930,#935);
#930 = PLANE('',#931);
#931 = AXIS2_PLACEMENT_3D('',#932,#933,#934);
#932 = CARTESIAN_POINT('',(-694.,296.,6.));
#933 = DIRECTION('',(-0.,1.,0.));
#934 = DIRECTION('',(0.,0.,1.));
#935 = DEFINITIONAL_REPRESENTATION('',(#936),#940);
#936 = LINE('',#937,#938);
#937 = CARTESIAN_POINT('',(0.,0.));
#938 = VECTOR('',#939,1.);
#939 = DIRECTION('',(0.,1.));
#940 = ( GEOMETRIC_REPRESENTATION_CONTEXT(2) 
PARAMETRIC_REPRESENTATION_CONTEXT() REPRESENTATION_CONTEXT('2D SPACE',''
  ) );
#941 = ORIENTED_EDGE('',*,*,#942,.T.);
#942 = EDGE_CURVE('',#915,#379,#943,.T.);
#943 = SURFACE_CURVE('',#944,(#948,#955),.PCURVE_S1.);
#944 = LINE('',#945,#946);
#945 = CARTESIAN_POINT('',(-418.,-300.,6.));
#946 = VECTOR('',#947,1.);
#947 = DIRECTION('',(-0.,1.,0.));
#948 = PCURVE('',#394,#949);
#949 = DEFINITIONAL_REPRESENTATION('',(#950),#954);
#950 = LINE('',#951,#952);
#951 = CARTESIAN_POINT('',(280.,0.));
#952 = VECTOR('',#953,1.);
#953 = DIRECTION('',(0.,1.));
#954 = ( GEOMETRIC_REPRESENTATION_CONTEXT(2) 
PARAMETRIC_REPRESENTATION_CONTEXT() REPRESENTATION_CONTEXT('2D SPACE',''
  ) );
#955 = PCURVE('',#876,#956);
#956 = DEFINITIONAL_REPRESENTATION('',(#957),#961);
#957 = LINE('',#958,#959);
#958 = CARTESIAN_POINT('',(0.,-588.));
#959 = VECTOR('',#960,1.);
#960 = DIRECTION('',(0.,1.));
#961 = ( GEOMETRIC_REPRESENTATION_CONTEXT(2) 
PARAMETRIC_REPRESENTATION_CONTEXT() REPRESENTATION_CONTEXT('2D SPACE',''
  ) );
#962 = ORIENTED_EDGE('',*,*,#378,.F.);
#963 = ADVANCED_FACE('',(#964),#453,.F.);
#964 = FACE_BOUND('',#965,.F.);
#965 = EDGE_LOOP('',(#966,#967,#990,#1018,#1044));
#966 = ORIENTED_EDGE('',*,*,#579,.F.);
#967 = ORIENTED_EDGE('',*,*,#968,.T.);
#968 = EDGE_CURVE('',#552,#969,#971,.T.);
#969 = VERTEX_POINT('',#970);
#970 = CARTESIAN_POINT('',(-208.,-362.,0.));
#971 = SURFACE_CURVE('',#972,(#976,#983),.PCURVE_S1.);
#972 = LINE('',#973,#974);
#973 = CARTESIAN_POINT('',(-418.,-362.,0.));
#974 = VECTOR('',#975,1.);
#975 = DIRECTION('',(1.,0.,-0.));
#976 = PCURVE('',#453,#977);
#977 = DEFINITIONAL_REPRESENTATION('',(#978),#982);
#978 = LINE('',#979,#980);
#979 = CARTESIAN_POINT('',(0.,0.));
#980 = VECTOR('',#981,1.);
#981 = DIRECTION('',(1.,0.));
#982 = ( GEOMETRIC_REPRESENTATION_CONTEXT(2) 
PARAMETRIC_REPRESENTATION_CONTEXT() REPRESENTATION_CONTEXT('2D SPACE',''
  ) );
#983 = PCURVE('',#567,#984);
#984 = DEFINITIONAL_REPRESENTATION('',(#985),#989);
#985 = LINE('',#986,#987);
#986 = CARTESIAN_POINT('',(0.,0.));
#987 = VECTOR('',#988,1.);
#988 = DIRECTION('',(0.,1.));
#989 = ( GEOMETRIC_REPRESENTATION_CONTEXT(2) 
PARAMETRIC_REPRESENTATION_CONTEXT() REPRESENTATION_CONTEXT('2D SPACE',''
  ) );
#990 = ORIENTED_EDGE('',*,*,#991,.T.);
#991 = EDGE_CURVE('',#969,#992,#994,.T.);
#992 = VERTEX_POINT('',#993);
#993 = CARTESIAN_POINT('',(-208.,-288.,0.));
#994 = SURFACE_CURVE('',#995,(#999,#1006),.PCURVE_S1.);
#995 = LINE('',#996,#997);
#996 = CARTESIAN_POINT('',(-208.,-362.,0.));
#997 = VECTOR('',#998,1.);
#998 = DIRECTION('',(-0.,1.,0.));
#999 = PCURVE('',#453,#1000);
#1000 = DEFINITIONAL_REPRESENTATION('',(#1001),#1005);
#1001 = LINE('',#1002,#1003);
#1002 = CARTESIAN_POINT('',(210.,0.));
#1003 = VECTOR('',#1004,1.);
#1004 = DIRECTION('',(0.,1.));
#1005 = ( GEOMETRIC_REPRESENTATION_CONTEXT(2) 
PARAMETRIC_REPRESENTATION_CONTEXT() REPRESENTATION_CONTEXT('2D SPACE',''
  ) );
#1006 = PCURVE('',#1007,#1012);
#1007 = PLANE('',#1008);
#1008 = AXIS2_PLACEMENT_3D('',#1009,#1010,#1011);
#1009 = CARTESIAN_POINT('',(-208.,-362.,0.));
#1010 = DIRECTION('',(1.,0.,-0.));
#1011 = DIRECTION('',(0.,0.,1.));
#1012 = DEFINITIONAL_REPRESENTATION('',(#1013),#1017);
#1013 = LINE('',#1014,#1015);
#1014 = CARTESIAN_POINT('',(0.,0.));
#1015 = VECTOR('',#1016,1.);
#1016 = DIRECTION('',(0.,-1.));
#1017 = ( GEOMETRIC_REPRESENTATION_CONTEXT(2) 
PARAMETRIC_REPRESENTATION_CONTEXT() REPRESENTATION_CONTEXT('2D SPACE',''
  ) );
#1018 = ORIENTED_EDGE('',*,*,#1019,.F.);
#1019 = EDGE_CURVE('',#438,#992,#1020,.T.);
#1020 = SURFACE_CURVE('',#1021,(#1025,#1032),.PCURVE_S1.);
#1021 = LINE('',#1022,#1023);
#1022 = CARTESIAN_POINT('',(-418.,-288.,0.));
#1023 = VECTOR('',#1024,1.);
#1024 = DIRECTION('',(1.,0.,-0.));
#1025 = PCURVE('',#453,#1026);
#1026 = DEFINITIONAL_REPRESENTATION('',(#1027),#1031);
#1027 = LINE('',#1028,#1029);
#1028 = CARTESIAN_POINT('',(0.,74.));
#1029 = VECTOR('',#1030,1.);
#1030 = DIRECTION('',(1.,0.));
#1031 = ( GEOMETRIC_REPRESENTATION_CONTEXT(2) 
PARAMETRIC_REPRESENTATION_CONTEXT() REPRESENTATION_CONTEXT('2D SPACE',''
  ) );
#1032 = PCURVE('',#1033,#1038);
#1033 = PLANE('',#1034);
#1034 = AXIS2_PLACEMENT_3D('',#1035,#1036,#1037);
#1035 = CARTESIAN_POINT('',(-418.,-288.,0.));
#1036 = DIRECTION('',(-0.,1.,0.));
#1037 = DIRECTION('',(0.,0.,1.));
#1038 = DEFINITIONAL_REPRESENTATION('',(#1039),#1043);
#1039 = LINE('',#1040,#1041);
#1040 = CARTESIAN_POINT('',(0.,0.));
#1041 = VECTOR('',#1042,1.);
#1042 = DIRECTION('',(0.,1.));
#1043 = ( GEOMETRIC_REPRESENTATION_CONTEXT(2) 
PARAMETRIC_REPRESENTATION_CONTEXT() REPRESENTATION_CONTEXT('2D SPACE',''
  ) );
#1044 = ORIENTED_EDGE('',*,*,#437,.F.);
#1045 = ADVANCED_FACE('',(#1046),#481,.T.);
#1046 = FACE_BOUND('',#1047,.T.);
#1047 = EDGE_LOOP('',(#1048,#1078,#1099,#1100));
#1048 = ORIENTED_EDGE('',*,*,#1049,.F.);
#1049 = EDGE_CURVE('',#1050,#1052,#1054,.T.);
#1050 = VERTEX_POINT('',#1051);
#1051 = CARTESIAN_POINT('',(-418.,-288.,6.));
#1052 = VERTEX_POINT('',#1053);
#1053 = CARTESIAN_POINT('',(-418.,288.,6.));
#1054 = SURFACE_CURVE('',#1055,(#1059,#1066),.PCURVE_S1.);
#1055 = LINE('',#1056,#1057);
#1056 = CARTESIAN_POINT('',(-418.,-300.,6.));
#1057 = VECTOR('',#1058,1.);
#1058 = DIRECTION('',(-0.,1.,0.));
#1059 = PCURVE('',#481,#1060);
#1060 = DEFINITIONAL_REPRESENTATION('',(#1061),#1065);
#1061 = LINE('',#1062,#1063);
#1062 = CARTESIAN_POINT('',(6.,0.));
#1063 = VECTOR('',#1064,1.);
#1064 = DIRECTION('',(0.,-1.));
#1065 = ( GEOMETRIC_REPRESENTATION_CONTEXT(2) 
PARAMETRIC_REPRESENTATION_CONTEXT() REPRESENTATION_CONTEXT('2D SPACE',''
  ) );
#1066 = PCURVE('',#1067,#1072);
#1067 = PLANE('',#1068);
#1068 = AXIS2_PLACEMENT_3D('',#1069,#1070,#1071);
#1069 = CARTESIAN_POINT('',(-698.,-300.,6.));
#1070 = DIRECTION('',(0.,0.,1.));
#1071 = DIRECTION('',(1.,0.,-0.));
#1072 = DEFINITIONAL_REPRESENTATION('',(#1073),#1077);
#1073 = LINE('',#1074,#1075);
#1074 = CARTESIAN_POINT('',(280.,0.));
#1075 = VECTOR('',#1076,1.);
#1076 = DIRECTION('',(0.,1.));
#1077 = ( GEOMETRIC_REPRESENTATION_CONTEXT(2) 
PARAMETRIC_REPRESENTATION_CONTEXT() REPRESENTATION_CONTEXT('2D SPACE',''
  ) );
#1078 = ORIENTED_EDGE('',*,*,#1079,.F.);
#1079 = EDGE_CURVE('',#438,#1050,#1080,.T.);
#1080 = SURFACE_CURVE('',#1081,(#1085,#1092),.PCURVE_S1.);
#1081 = LINE('',#1082,#1083);
#1082 = CARTESIAN_POINT('',(-418.,-288.,0.));
#1083 = VECTOR('',#1084,1.);
#1084 = DIRECTION('',(0.,0.,1.));
#1085 = PCURVE('',#481,#1086);
#1086 = DEFINITIONAL_REPRESENTATION('',(#1087),#1091);
#1087 = LINE('',#1088,#1089);
#1088 = CARTESIAN_POINT('',(0.,-12.));
#1089 = VECTOR('',#1090,1.);
#1090 = DIRECTION('',(1.,0.));
#1091 = ( GEOMETRIC_REPRESENTATION_CONTEXT(2) 
PARAMETRIC_REPRESENTATION_CONTEXT() REPRESENTATION_CONTEXT('2D SPACE',''
  ) );
#1092 = PCURVE('',#1033,#1093);
#1093 = DEFINITIONAL_REPRESENTATION('',(#1094),#1098);
#1094 = LINE('',#1095,#1096);
#1095 = CARTESIAN_POINT('',(0.,0.));
#1096 = VECTOR('',#1097,1.);
#1097 = DIRECTION('',(1.,0.));
#1098 = ( GEOMETRIC_REPRESENTATION_CONTEXT(2) 
PARAMETRIC_REPRESENTATION_CONTEXT() REPRESENTATION_CONTEXT('2D SPACE',''
  ) );
#1099 = ORIENTED_EDGE('',*,*,#465,.T.);
#1100 = ORIENTED_EDGE('',*,*,#1101,.T.);
#1101 = EDGE_CURVE('',#466,#1052,#1102,.T.);
#1102 = SURFACE_CURVE('',#1103,(#1107,#1114),.PCURVE_S1.);
#1103 = LINE('',#1104,#1105);
#1104 = CARTESIAN_POINT('',(-418.,288.,0.));
#1105 = VECTOR('',#1106,1.);
#1106 = DIRECTION('',(0.,0.,1.));
#1107 = PCURVE('',#481,#1108);
#1108 = DEFINITIONAL_REPRESENTATION('',(#1109),#1113);
#1109 = LINE('',#1110,#1111);
#1110 = CARTESIAN_POINT('',(0.,-588.));
#1111 = VECTOR('',#1112,1.);
#1112 = DIRECTION('',(1.,0.));
#1113 = ( GEOMETRIC_REPRESENTATION_CONTEXT(2) 
PARAMETRIC_REPRESENTATION_CONTEXT() REPRESENTATION_CONTEXT('2D SPACE',''
  ) );
#1114 = PCURVE('',#1115,#1120);
#1115 = PLANE('',#1116);
#1116 = AXIS2_PLACEMENT_3D('',#1117,#1118,#1119);
#1117 = CARTESIAN_POINT('',(-418.,288.,0.));
#1118 = DIRECTION('',(-0.,1.,0.));
#1119 = DIRECTION('',(0.,0.,1.));
#1120 = DEFINITIONAL_REPRESENTATION('',(#1121),#1125);
#1121 = LINE('',#1122,#1123);
#1122 = CARTESIAN_POINT('',(0.,0.));
#1123 = VECTOR('',#1124,1.);
#1124 = DIRECTION('',(1.,0.));
#1125 = ( GEOMETRIC_REPRESENTATION_CONTEXT(2) 
PARAMETRIC_REPRESENTATION_CONTEXT() REPRESENTATION_CONTEXT('2D SPACE',''
  ) );
#1126 = ADVANCED_FACE('',(#1127),#507,.F.);
#1127 = FACE_BOUND('',#1128,.F.);
#1128 = EDGE_LOOP('',(#1129,#1130,#1153,#1181,#1202));
#1129 = ORIENTED_EDGE('',*,*,#493,.F.);
#1130 = ORIENTED_EDGE('',*,*,#1131,.T.);
#1131 = EDGE_CURVE('',#466,#1132,#1134,.T.);
#1132 = VERTEX_POINT('',#1133);
#1133 = CARTESIAN_POINT('',(-208.,288.,0.));
#1134 = SURFACE_CURVE('',#1135,(#1139,#1146),.PCURVE_S1.);
#1135 = LINE('',#1136,#1137);
#1136 = CARTESIAN_POINT('',(-418.,288.,0.));
#1137 = VECTOR('',#1138,1.);
#1138 = DIRECTION('',(1.,0.,-0.));
#1139 = PCURVE('',#507,#1140);
#1140 = DEFINITIONAL_REPRESENTATION('',(#1141),#1145);
#1141 = LINE('',#1142,#1143);
#1142 = CARTESIAN_POINT('',(0.,0.));
#1143 = VECTOR('',#1144,1.);
#1144 = DIRECTION('',(1.,0.));
#1145 = ( GEOMETRIC_REPRESENTATION_CONTEXT(2) 
PARAMETRIC_REPRESENTATION_CONTEXT() REPRESENTATION_CONTEXT('2D SPACE',''
  ) );
#1146 = PCURVE('',#1115,#1147);
#1147 = DEFINITIONAL_REPRESENTATION('',(#1148),#1152);
#1148 = LINE('',#1149,#1150);
#1149 = CARTESIAN_POINT('',(0.,0.));
#1150 = VECTOR('',#1151,1.);
#1151 = DIRECTION('',(0.,1.));
#1152 = ( GEOMETRIC_REPRESENTATION_CONTEXT(2) 
PARAMETRIC_REPRESENTATION_CONTEXT() REPRESENTATION_CONTEXT('2D SPACE',''
  ) );
#1153 = ORIENTED_EDGE('',*,*,#1154,.T.);
#1154 = EDGE_CURVE('',#1132,#1155,#1157,.T.);
#1155 = VERTEX_POINT('',#1156);
#1156 = CARTESIAN_POINT('',(-208.,362.,0.));
#1157 = SURFACE_CURVE('',#1158,(#1162,#1169),.PCURVE_S1.);
#1158 = LINE('',#1159,#1160);
#1159 = CARTESIAN_POINT('',(-208.,288.,0.));
#1160 = VECTOR('',#1161,1.);
#1161 = DIRECTION('',(-0.,1.,0.));
#1162 = PCURVE('',#507,#1163);
#1163 = DEFINITIONAL_REPRESENTATION('',(#1164),#1168);
#1164 = LINE('',#1165,#1166);
#1165 = CARTESIAN_POINT('',(210.,0.));
#1166 = VECTOR('',#1167,1.);
#1167 = DIRECTION('',(0.,1.));
#1168 = ( GEOMETRIC_REPRESENTATION_CONTEXT(2) 
PARAMETRIC_REPRESENTATION_CONTEXT() REPRESENTATION_CONTEXT('2D SPACE',''
  ) );
#1169 = PCURVE('',#1170,#1175);
#1170 = PLANE('',#1171);
#1171 = AXIS2_PLACEMENT_3D('',#1172,#1173,#1174);
#1172 = CARTESIAN_POINT('',(-208.,288.,0.));
#1173 = DIRECTION('',(1.,0.,-0.));
#1174 = DIRECTION('',(0.,0.,1.));
#1175 = DEFINITIONAL_REPRESENTATION('',(#1176),#1180);
#1176 = LINE('',#1177,#1178);
#1177 = CARTESIAN_POINT('',(0.,0.));
#1178 = VECTOR('',#1179,1.);
#1179 = DIRECTION('',(0.,-1.));
#1180 = ( GEOMETRIC_REPRESENTATION_CONTEXT(2) 
PARAMETRIC_REPRESENTATION_CONTEXT() REPRESENTATION_CONTEXT('2D SPACE',''
  ) );
#1181 = ORIENTED_EDGE('',*,*,#1182,.F.);
#1182 = EDGE_CURVE('',#812,#1155,#1183,.T.);
#1183 = SURFACE_CURVE('',#1184,(#1188,#1195),.PCURVE_S1.);
#1184 = LINE('',#1185,#1186);
#1185 = CARTESIAN_POINT('',(-418.,362.,0.));
#1186 = VECTOR('',#1187,1.);
#1187 = DIRECTION('',(1.,0.,-0.));
#1188 = PCURVE('',#507,#1189);
#1189 = DEFINITIONAL_REPRESENTATION('',(#1190),#1194);
#1190 = LINE('',#1191,#1192);
#1191 = CARTESIAN_POINT('',(0.,74.));
#1192 = VECTOR('',#1193,1.);
#1193 = DIRECTION('',(1.,0.));
#1194 = ( GEOMETRIC_REPRESENTATION_CONTEXT(2) 
PARAMETRIC_REPRESENTATION_CONTEXT() REPRESENTATION_CONTEXT('2D SPACE',''
  ) );
#1195 = PCURVE('',#850,#1196);
#1196 = DEFINITIONAL_REPRESENTATION('',(#1197),#1201);
#1197 = LINE('',#1198,#1199);
#1198 = CARTESIAN_POINT('',(0.,0.));
#1199 = VECTOR('',#1200,1.);
#1200 = DIRECTION('',(0.,1.));
#1201 = ( GEOMETRIC_REPRESENTATION_CONTEXT(2) 
PARAMETRIC_REPRESENTATION_CONTEXT() REPRESENTATION_CONTEXT('2D SPACE',''
  ) );
#1202 = ORIENTED_EDGE('',*,*,#811,.F.);
#1203 = ADVANCED_FACE('',(#1204),#539,.T.);
#1204 = FACE_BOUND('',#1205,.T.);
#1205 = EDGE_LOOP('',(#1206,#1207,#1230,#1253,#1274,#1297,#1325,#1353,
    #1381,#1409,#1437,#1465,#1486));
#1206 = ORIENTED_EDGE('',*,*,#523,.F.);
#1207 = ORIENTED_EDGE('',*,*,#1208,.T.);
#1208 = EDGE_CURVE('',#524,#1209,#1211,.T.);
#1209 = VERTEX_POINT('',#1210);
#1210 = CARTESIAN_POINT('',(-208.,-362.,6.));
#1211 = SURFACE_CURVE('',#1212,(#1216,#1223),.PCURVE_S1.);
#1212 = LINE('',#1213,#1214);
#1213 = CARTESIAN_POINT('',(-418.,-362.,6.));
#1214 = VECTOR('',#1215,1.);
#1215 = DIRECTION('',(1.,0.,-0.));
#1216 = PCURVE('',#539,#1217);
#1217 = DEFINITIONAL_REPRESENTATION('',(#1218),#1222);
#1218 = LINE('',#1219,#1220);
#1219 = CARTESIAN_POINT('',(0.,0.));
#1220 = VECTOR('',#1221,1.);
#1221 = DIRECTION('',(1.,0.));
#1222 = ( GEOMETRIC_REPRESENTATION_CONTEXT(2) 
PARAMETRIC_REPRESENTATION_CONTEXT() REPRESENTATION_CONTEXT('2D SPACE',''
  ) );
#1223 = PCURVE('',#567,#1224);
#1224 = DEFINITIONAL_REPRESENTATION('',(#1225),#1229);
#1225 = LINE('',#1226,#1227);
#1226 = CARTESIAN_POINT('',(6.,0.));
#1227 = VECTOR('',#1228,1.);
#1228 = DIRECTION('',(0.,1.));
#1229 = ( GEOMETRIC_REPRESENTATION_CONTEXT(2) 
PARAMETRIC_REPRESENTATION_CONTEXT() REPRESENTATION_CONTEXT('2D SPACE',''
  ) );
#1230 = ORIENTED_EDGE('',*,*,#1231,.T.);
#1231 = EDGE_CURVE('',#1209,#1232,#1234,.T.);
#1232 = VERTEX_POINT('',#1233);
#1233 = CARTESIAN_POINT('',(-208.,-288.,6.));
#1234 = SURFACE_CURVE('',#1235,(#1239,#1246),.PCURVE_S1.);
#1235 = LINE('',#1236,#1237);
#1236 = CARTESIAN_POINT('',(-208.,-362.,6.));
#1237 = VECTOR('',#1238,1.);
#1238 = DIRECTION('',(-0.,1.,0.));
#1239 = PCURVE('',#539,#1240);
#1240 = DEFINITIONAL_REPRESENTATION('',(#1241),#1245);
#1241 = LINE('',#1242,#1243);
#1242 = CARTESIAN_POINT('',(210.,0.));
#1243 = VECTOR('',#1244,1.);
#1244 = DIRECTION('',(0.,1.));
#1245 = ( GEOMETRIC_REPRESENTATION_CONTEXT(2) 
PARAMETRIC_REPRESENTATION_CONTEXT() REPRESENTATION_CONTEXT('2D SPACE',''
  ) );
#1246 = PCURVE('',#1007,#1247);
#1247 = DEFINITIONAL_REPRESENTATION('',(#1248),#1252);
#1248 = LINE('',#1249,#1250);
#1249 = CARTESIAN_POINT('',(6.,0.));
#1250 = VECTOR('',#1251,1.);
#1251 = DIRECTION('',(0.,-1.));
#1252 = ( GEOMETRIC_REPRESENTATION_CONTEXT(2) 
PARAMETRIC_REPRESENTATION_CONTEXT() REPRESENTATION_CONTEXT('2D SPACE',''
  ) );
#1253 = ORIENTED_EDGE('',*,*,#1254,.F.);
#1254 = EDGE_CURVE('',#1050,#1232,#1255,.T.);
#1255 = SURFACE_CURVE('',#1256,(#1260,#1267),.PCURVE_S1.);
#1256 = LINE('',#1257,#1258);
#1257 = CARTESIAN_POINT('',(-418.,-288.,6.));
#1258 = VECTOR('',#1259,1.);
#1259 = DIRECTION('',(1.,0.,-0.));
#1260 = PCURVE('',#539,#1261);
#1261 = DEFINITIONAL_REPRESENTATION('',(#1262),#1266);
#1262 = LINE('',#1263,#1264);
#1263 = CARTESIAN_POINT('',(0.,74.));
#1264 = VECTOR('',#1265,1.);
#1265 = DIRECTION('',(1.,0.));
#1266 = ( GEOMETRIC_REPRESENTATION_CONTEXT(2) 
PARAMETRIC_REPRESENTATION_CONTEXT() REPRESENTATION_CONTEXT('2D SPACE',''
  ) );
#1267 = PCURVE('',#1033,#1268);
#1268 = DEFINITIONAL_REPRESENTATION('',(#1269),#1273);
#1269 = LINE('',#1270,#1271);
#1270 = CARTESIAN_POINT('',(6.,0.));
#1271 = VECTOR('',#1272,1.);
#1272 = DIRECTION('',(0.,1.));
#1273 = ( GEOMETRIC_REPRESENTATION_CONTEXT(2) 
PARAMETRIC_REPRESENTATION_CONTEXT() REPRESENTATION_CONTEXT('2D SPACE',''
  ) );
#1274 = ORIENTED_EDGE('',*,*,#1275,.F.);
#1275 = EDGE_CURVE('',#1276,#1050,#1278,.T.);
#1276 = VERTEX_POINT('',#1277);
#1277 = CARTESIAN_POINT('',(-418.,-292.,6.));
#1278 = SURFACE_CURVE('',#1279,(#1283,#1290),.PCURVE_S1.);
#1279 = LINE('',#1280,#1281);
#1280 = CARTESIAN_POINT('',(-418.,-300.,6.));
#1281 = VECTOR('',#1282,1.);
#1282 = DIRECTION('',(-0.,1.,0.));
#1283 = PCURVE('',#539,#1284);
#1284 = DEFINITIONAL_REPRESENTATION('',(#1285),#1289);
#1285 = LINE('',#1286,#1287);
#1286 = CARTESIAN_POINT('',(0.,62.));
#1287 = VECTOR('',#1288,1.);
#1288 = DIRECTION('',(0.,1.));
#1289 = ( GEOMETRIC_REPRESENTATION_CONTEXT(2) 
PARAMETRIC_REPRESENTATION_CONTEXT() REPRESENTATION_CONTEXT('2D SPACE',''
  ) );
#1290 = PCURVE('',#1067,#1291);
#1291 = DEFINITIONAL_REPRESENTATION('',(#1292),#1296);
#1292 = LINE('',#1293,#1294);
#1293 = CARTESIAN_POINT('',(280.,0.));
#1294 = VECTOR('',#1295,1.);
#1295 = DIRECTION('',(0.,1.));
#1296 = ( GEOMETRIC_REPRESENTATION_CONTEXT(2) 
PARAMETRIC_REPRESENTATION_CONTEXT() REPRESENTATION_CONTEXT('2D SPACE',''
  ) );
#1297 = ORIENTED_EDGE('',*,*,#1298,.T.);
#1298 = EDGE_CURVE('',#1276,#1299,#1301,.T.);
#1299 = VERTEX_POINT('',#1300);
#1300 = CARTESIAN_POINT('',(-338.,-292.,6.));
#1301 = SURFACE_CURVE('',#1302,(#1306,#1313),.PCURVE_S1.);
#1302 = LINE('',#1303,#1304);
#1303 = CARTESIAN_POINT('',(-694.,-292.,6.));
#1304 = VECTOR('',#1305,1.);
#1305 = DIRECTION('',(1.,0.,-0.));
#1306 = PCURVE('',#539,#1307);
#1307 = DEFINITIONAL_REPRESENTATION('',(#1308),#1312);
#1308 = LINE('',#1309,#1310);
#1309 = CARTESIAN_POINT('',(-276.,70.));
#1310 = VECTOR('',#1311,1.);
#1311 = DIRECTION('',(1.,0.));
#1312 = ( GEOMETRIC_REPRESENTATION_CONTEXT(2) 
PARAMETRIC_REPRESENTATION_CONTEXT() REPRESENTATION_CONTEXT('2D SPACE',''
  ) );
#1313 = PCURVE('',#1314,#1319);
#1314 = PLANE('',#1315);
#1315 = AXIS2_PLACEMENT_3D('',#1316,#1317,#1318);
#1316 = CARTESIAN_POINT('',(-694.,-292.,6.));
#1317 = DIRECTION('',(-0.,1.,0.));
#1318 = DIRECTION('',(0.,0.,1.));
#1319 = DEFINITIONAL_REPRESENTATION('',(#1320),#1324);
#1320 = LINE('',#1321,#1322);
#1321 = CARTESIAN_POINT('',(0.,0.));
#1322 = VECTOR('',#1323,1.);
#1323 = DIRECTION('',(0.,1.));
#1324 = ( GEOMETRIC_REPRESENTATION_CONTEXT(2) 
PARAMETRIC_REPRESENTATION_CONTEXT() REPRESENTATION_CONTEXT('2D SPACE',''
  ) );
#1325 = ORIENTED_EDGE('',*,*,#1326,.F.);
#1326 = EDGE_CURVE('',#1327,#1299,#1329,.T.);
#1327 = VERTEX_POINT('',#1328);
#1328 = CARTESIAN_POINT('',(-338.,-294.,6.));
#1329 = SURFACE_CURVE('',#1330,(#1334,#1341),.PCURVE_S1.);
#1330 = LINE('',#1331,#1332);
#1331 = CARTESIAN_POINT('',(-338.,-296.,6.));
#1332 = VECTOR('',#1333,1.);
#1333 = DIRECTION('',(-0.,1.,0.));
#1334 = PCURVE('',#539,#1335);
#1335 = DEFINITIONAL_REPRESENTATION('',(#1336),#1340);
#1336 = LINE('',#1337,#1338);
#1337 = CARTESIAN_POINT('',(80.,66.));
#1338 = VECTOR('',#1339,1.);
#1339 = DIRECTION('',(0.,1.));
#1340 = ( GEOMETRIC_REPRESENTATION_CONTEXT(2) 
PARAMETRIC_REPRESENTATION_CONTEXT() REPRESENTATION_CONTEXT('2D SPACE',''
  ) );
#1341 = PCURVE('',#1342,#1347);
#1342 = PLANE('',#1343);
#1343 = AXIS2_PLACEMENT_3D('',#1344,#1345,#1346);
#1344 = CARTESIAN_POINT('',(-338.,-296.,6.));
#1345 = DIRECTION('',(1.,0.,-0.));
#1346 = DIRECTION('',(0.,0.,1.));
#1347 = DEFINITIONAL_REPRESENTATION('',(#1348),#1352);
#1348 = LINE('',#1349,#1350);
#1349 = CARTESIAN_POINT('',(0.,0.));
#1350 = VECTOR('',#1351,1.);
#1351 = DIRECTION('',(0.,-1.));
#1352 = ( GEOMETRIC_REPRESENTATION_CONTEXT(2) 
PARAMETRIC_REPRESENTATION_CONTEXT() REPRESENTATION_CONTEXT('2D SPACE',''
  ) );
#1353 = ORIENTED_EDGE('',*,*,#1354,.T.);
#1354 = EDGE_CURVE('',#1327,#1355,#1357,.T.);
#1355 = VERTEX_POINT('',#1356);
#1356 = CARTESIAN_POINT('',(-337.1542290693,-292.18763372,6.));
#1357 = SURFACE_CURVE('',#1358,(#1362,#1369),.PCURVE_S1.);
#1358 = LINE('',#1359,#1360);
#1359 = CARTESIAN_POINT('',(-338.8457709306,-295.8123662799,6.));
#1360 = VECTOR('',#1361,1.);
#1361 = DIRECTION('',(0.422885465331,0.906183139995,0.));
#1362 = PCURVE('',#539,#1363);
#1363 = DEFINITIONAL_REPRESENTATION('',(#1364),#1368);
#1364 = LINE('',#1365,#1366);
#1365 = CARTESIAN_POINT('',(79.154229069338,66.187633720009));
#1366 = VECTOR('',#1367,1.);
#1367 = DIRECTION('',(0.422885465331,0.906183139995));
#1368 = ( GEOMETRIC_REPRESENTATION_CONTEXT(2) 
PARAMETRIC_REPRESENTATION_CONTEXT() REPRESENTATION_CONTEXT('2D SPACE',''
  ) );
#1369 = PCURVE('',#1370,#1375);
#1370 = PLANE('',#1371);
#1371 = AXIS2_PLACEMENT_3D('',#1372,#1373,#1374);
#1372 = CARTESIAN_POINT('',(-338.8457709306,-295.8123662799,6.));
#1373 = DIRECTION('',(0.906183139995,-0.422885465331,0.));
#1374 = DIRECTION('',(0.,0.,1.));
#1375 = DEFINITIONAL_REPRESENTATION('',(#1376),#1380);
#1376 = LINE('',#1377,#1378);
#1377 = CARTESIAN_POINT('',(0.,0.));
#1378 = VECTOR('',#1379,1.);
#1379 = DIRECTION('',(0.,-1.));
#1380 = ( GEOMETRIC_REPRESENTATION_CONTEXT(2) 
PARAMETRIC_REPRESENTATION_CONTEXT() REPRESENTATION_CONTEXT('2D SPACE',''
  ) );
#1381 = ORIENTED_EDGE('',*,*,#1382,.T.);
#1382 = EDGE_CURVE('',#1355,#1383,#1385,.T.);
#1383 = VERTEX_POINT('',#1384);
#1384 = CARTESIAN_POINT('',(-217.1542290693,-348.18763372,6.));
#1385 = SURFACE_CURVE('',#1386,(#1390,#1397),.PCURVE_S1.);
#1386 = LINE('',#1387,#1388);
#1387 = CARTESIAN_POINT('',(-337.1542290693,-292.18763372,6.));
#1388 = VECTOR('',#1389,1.);
#1389 = DIRECTION('',(0.906183139995,-0.422885465331,0.));
#1390 = PCURVE('',#539,#1391);
#1391 = DEFINITIONAL_REPRESENTATION('',(#1392),#1396);
#1392 = LINE('',#1393,#1394);
#1393 = CARTESIAN_POINT('',(80.845770930662,69.812366279991));
#1394 = VECTOR('',#1395,1.);
#1395 = DIRECTION('',(0.906183139995,-0.422885465331));
#1396 = ( GEOMETRIC_REPRESENTATION_CONTEXT(2) 
PARAMETRIC_REPRESENTATION_CONTEXT() REPRESENTATION_CONTEXT('2D SPACE',''
  ) );
#1397 = PCURVE('',#1398,#1403);
#1398 = PLANE('',#1399);
#1399 = AXIS2_PLACEMENT_3D('',#1400,#1401,#1402);
#1400 = CARTESIAN_POINT('',(-337.1542290693,-292.18763372,6.));
#1401 = DIRECTION('',(0.422885465331,0.906183139995,0.));
#1402 = DIRECTION('',(0.,0.,1.));
#1403 = DEFINITIONAL_REPRESENTATION('',(#1404),#1408);
#1404 = LINE('',#1405,#1406);
#1405 = CARTESIAN_POINT('',(0.,0.));
#1406 = VECTOR('',#1407,1.);
#1407 = DIRECTION('',(0.,1.));
#1408 = ( GEOMETRIC_REPRESENTATION_CONTEXT(2) 
PARAMETRIC_REPRESENTATION_CONTEXT() REPRESENTATION_CONTEXT('2D SPACE',''
  ) );
#1409 = ORIENTED_EDGE('',*,*,#1410,.F.);
#1410 = EDGE_CURVE('',#1411,#1383,#1413,.T.);
#1411 = VERTEX_POINT('',#1412);
#1412 = CARTESIAN_POINT('',(-218.8457709306,-351.8123662799,6.));
#1413 = SURFACE_CURVE('',#1414,(#1418,#1425),.PCURVE_S1.);
#1414 = LINE('',#1415,#1416);
#1415 = CARTESIAN_POINT('',(-218.8457709306,-351.8123662799,6.));
#1416 = VECTOR('',#1417,1.);
#1417 = DIRECTION('',(0.422885465331,0.906183139995,0.));
#1418 = PCURVE('',#539,#1419);
#1419 = DEFINITIONAL_REPRESENTATION('',(#1420),#1424);
#1420 = LINE('',#1421,#1422);
#1421 = CARTESIAN_POINT('',(199.15422906933,10.18763372001));
#1422 = VECTOR('',#1423,1.);
#1423 = DIRECTION('',(0.422885465331,0.906183139995));
#1424 = ( GEOMETRIC_REPRESENTATION_CONTEXT(2) 
PARAMETRIC_REPRESENTATION_CONTEXT() REPRESENTATION_CONTEXT('2D SPACE',''
  ) );
#1425 = PCURVE('',#1426,#1431);
#1426 = PLANE('',#1427);
#1427 = AXIS2_PLACEMENT_3D('',#1428,#1429,#1430);
#1428 = CARTESIAN_POINT('',(-218.8457709306,-351.8123662799,6.));
#1429 = DIRECTION('',(0.906183139995,-0.422885465331,0.));
#1430 = DIRECTION('',(0.,0.,1.));
#1431 = DEFINITIONAL_REPRESENTATION('',(#1432),#1436);
#1432 = LINE('',#1433,#1434);
#1433 = CARTESIAN_POINT('',(0.,0.));
#1434 = VECTOR('',#1435,1.);
#1435 = DIRECTION('',(0.,-1.));
#1436 = ( GEOMETRIC_REPRESENTATION_CONTEXT(2) 
PARAMETRIC_REPRESENTATION_CONTEXT() REPRESENTATION_CONTEXT('2D SPACE',''
  ) );
#1437 = ORIENTED_EDGE('',*,*,#1438,.F.);
#1438 = EDGE_CURVE('',#1439,#1411,#1441,.T.);
#1439 = VERTEX_POINT('',#1440);
#1440 = CARTESIAN_POINT('',(-338.4436986734,-296.,6.));
#1441 = SURFACE_CURVE('',#1442,(#1446,#1453),.PCURVE_S1.);
#1442 = LINE('',#1443,#1444);
#1443 = CARTESIAN_POINT('',(-338.8457709306,-295.8123662799,6.));
#1444 = VECTOR('',#1445,1.);
#1445 = DIRECTION('',(0.906183139995,-0.422885465331,0.));
#1446 = PCURVE('',#539,#1447);
#1447 = DEFINITIONAL_REPRESENTATION('',(#1448),#1452);
#1448 = LINE('',#1449,#1450);
#1449 = CARTESIAN_POINT('',(79.154229069338,66.187633720009));
#1450 = VECTOR('',#1451,1.);
#1451 = DIRECTION('',(0.906183139995,-0.422885465331));
#1452 = ( GEOMETRIC_REPRESENTATION_CONTEXT(2) 
PARAMETRIC_REPRESENTATION_CONTEXT() REPRESENTATION_CONTEXT('2D SPACE',''
  ) );
#1453 = PCURVE('',#1454,#1459);
#1454 = PLANE('',#1455);
#1455 = AXIS2_PLACEMENT_3D('',#1456,#1457,#1458);
#1456 = CARTESIAN_POINT('',(-338.8457709306,-295.8123662799,6.));
#1457 = DIRECTION('',(0.422885465331,0.906183139995,0.));
#1458 = DIRECTION('',(0.,0.,1.));
#1459 = DEFINITIONAL_REPRESENTATION('',(#1460),#1464);
#1460 = LINE('',#1461,#1462);
#1461 = CARTESIAN_POINT('',(0.,0.));
#1462 = VECTOR('',#1463,1.);
#1463 = DIRECTION('',(0.,1.));
#1464 = ( GEOMETRIC_REPRESENTATION_CONTEXT(2) 
PARAMETRIC_REPRESENTATION_CONTEXT() REPRESENTATION_CONTEXT('2D SPACE',''
  ) );
#1465 = ORIENTED_EDGE('',*,*,#1466,.F.);
#1466 = EDGE_CURVE('',#683,#1439,#1467,.T.);
#1467 = SURFACE_CURVE('',#1468,(#1472,#1479),.PCURVE_S1.);
#1468 = LINE('',#1469,#1470);
#1469 = CARTESIAN_POINT('',(-694.,-296.,6.));
#1470 = VECTOR('',#1471,1.);
#1471 = DIRECTION('',(1.,0.,-0.));
#1472 = PCURVE('',#539,#1473);
#1473 = DEFINITIONAL_REPRESENTATION('',(#1474),#1478);
#1474 = LINE('',#1475,#1476);
#1475 = CARTESIAN_POINT('',(-276.,66.));
#1476 = VECTOR('',#1477,1.);
#1477 = DIRECTION('',(1.,0.));
#1478 = ( GEOMETRIC_REPRESENTATION_CONTEXT(2) 
PARAMETRIC_REPRESENTATION_CONTEXT() REPRESENTATION_CONTEXT('2D SPACE',''
  ) );
#1479 = PCURVE('',#719,#1480);
#1480 = DEFINITIONAL_REPRESENTATION('',(#1481),#1485);
#1481 = LINE('',#1482,#1483);
#1482 = CARTESIAN_POINT('',(0.,0.));
#1483 = VECTOR('',#1484,1.);
#1484 = DIRECTION('',(0.,1.));
#1485 = ( GEOMETRIC_REPRESENTATION_CONTEXT(2) 
PARAMETRIC_REPRESENTATION_CONTEXT() REPRESENTATION_CONTEXT('2D SPACE',''
  ) );
#1486 = ORIENTED_EDGE('',*,*,#682,.F.);
#1487 = ADVANCED_FACE('',(#1488),#567,.F.);
#1488 = FACE_BOUND('',#1489,.F.);
#1489 = EDGE_LOOP('',(#1490,#1491,#1492,#1493));
#1490 = ORIENTED_EDGE('',*,*,#968,.F.);
#1491 = ORIENTED_EDGE('',*,*,#551,.T.);
#1492 = ORIENTED_EDGE('',*,*,#1208,.T.);
#1493 = ORIENTED_EDGE('',*,*,#1494,.F.);
#1494 = EDGE_CURVE('',#969,#1209,#1495,.T.);
#1495 = SURFACE_CURVE('',#1496,(#1500,#1507),.PCURVE_S1.);
#1496 = LINE('',#1497,#1498);
#1497 = CARTESIAN_POINT('',(-208.,-362.,0.));
#1498 = VECTOR('',#1499,1.);
#1499 = DIRECTION('',(0.,0.,1.));
#1500 = PCURVE('',#567,#1501);
#1501 = DEFINITIONAL_REPRESENTATION('',(#1502),#1506);
#1502 = LINE('',#1503,#1504);
#1503 = CARTESIAN_POINT('',(0.,210.));
#1504 = VECTOR('',#1505,1.);
#1505 = DIRECTION('',(1.,0.));
#1506 = ( GEOMETRIC_REPRESENTATION_CONTEXT(2) 
PARAMETRIC_REPRESENTATION_CONTEXT() REPRESENTATION_CONTEXT('2D SPACE',''
  ) );
#1507 = PCURVE('',#1007,#1508);
#1508 = DEFINITIONAL_REPRESENTATION('',(#1509),#1513);
#1509 = LINE('',#1510,#1511);
#1510 = CARTESIAN_POINT('',(0.,0.));
#1511 = VECTOR('',#1512,1.);
#1512 = DIRECTION('',(1.,0.));
#1513 = ( GEOMETRIC_REPRESENTATION_CONTEXT(2) 
PARAMETRIC_REPRESENTATION_CONTEXT() REPRESENTATION_CONTEXT('2D SPACE',''
  ) );
#1514 = ADVANCED_FACE('',(#1515),#643,.T.);
#1515 = FACE_BOUND('',#1516,.T.);
#1516 = EDGE_LOOP('',(#1517,#1518,#1519,#1520,#1521,#1544,#1572,#1595,
    #1618,#1646,#1674,#1695));
#1517 = ORIENTED_EDGE('',*,*,#786,.T.);
#1518 = ORIENTED_EDGE('',*,*,#736,.F.);
#1519 = ORIENTED_EDGE('',*,*,#629,.F.);
#1520 = ORIENTED_EDGE('',*,*,#658,.T.);
#1521 = ORIENTED_EDGE('',*,*,#1522,.T.);
#1522 = EDGE_CURVE('',#659,#1523,#1525,.T.);
#1523 = VERTEX_POINT('',#1524);
#1524 = CARTESIAN_POINT('',(-694.,-296.,76.));
#1525 = SURFACE_CURVE('',#1526,(#1530,#1537),.PCURVE_S1.);
#1526 = LINE('',#1527,#1528);
#1527 = CARTESIAN_POINT('',(-694.,-296.,6.));
#1528 = VECTOR('',#1529,1.);
#1529 = DIRECTION('',(0.,0.,1.));
#1530 = PCURVE('',#643,#1531);
#1531 = DEFINITIONAL_REPRESENTATION('',(#1532),#1536);
#1532 = LINE('',#1533,#1534);
#1533 = CARTESIAN_POINT('',(0.,-4.));
#1534 = VECTOR('',#1535,1.);
#1535 = DIRECTION('',(1.,0.));
#1536 = ( GEOMETRIC_REPRESENTATION_CONTEXT(2) 
PARAMETRIC_REPRESENTATION_CONTEXT() REPRESENTATION_CONTEXT('2D SPACE',''
  ) );
#1537 = PCURVE('',#719,#1538);
#1538 = DEFINITIONAL_REPRESENTATION('',(#1539),#1543);
#1539 = LINE('',#1540,#1541);
#1540 = CARTESIAN_POINT('',(0.,0.));
#1541 = VECTOR('',#1542,1.);
#1542 = DIRECTION('',(1.,0.));
#1543 = ( GEOMETRIC_REPRESENTATION_CONTEXT(2) 
PARAMETRIC_REPRESENTATION_CONTEXT() REPRESENTATION_CONTEXT('2D SPACE',''
  ) );
#1544 = ORIENTED_EDGE('',*,*,#1545,.T.);
#1545 = EDGE_CURVE('',#1523,#1546,#1548,.T.);
#1546 = VERTEX_POINT('',#1547);
#1547 = CARTESIAN_POINT('',(-694.,-292.,76.));
#1548 = SURFACE_CURVE('',#1549,(#1553,#1560),.PCURVE_S1.);
#1549 = LINE('',#1550,#1551);
#1550 = CARTESIAN_POINT('',(-694.,-296.,76.));
#1551 = VECTOR('',#1552,1.);
#1552 = DIRECTION('',(-0.,1.,0.));
#1553 = PCURVE('',#643,#1554);
#1554 = DEFINITIONAL_REPRESENTATION('',(#1555),#1559);
#1555 = LINE('',#1556,#1557);
#1556 = CARTESIAN_POINT('',(70.,-4.));
#1557 = VECTOR('',#1558,1.);
#1558 = DIRECTION('',(0.,-1.));
#1559 = ( GEOMETRIC_REPRESENTATION_CONTEXT(2) 
PARAMETRIC_REPRESENTATION_CONTEXT() REPRESENTATION_CONTEXT('2D SPACE',''
  ) );
#1560 = PCURVE('',#1561,#1566);
#1561 = PLANE('',#1562);
#1562 = AXIS2_PLACEMENT_3D('',#1563,#1564,#1565);
#1563 = CARTESIAN_POINT('',(-694.,-296.,76.));
#1564 = DIRECTION('',(0.,0.,1.));
#1565 = DIRECTION('',(1.,0.,-0.));
#1566 = DEFINITIONAL_REPRESENTATION('',(#1567),#1571);
#1567 = LINE('',#1568,#1569);
#1568 = CARTESIAN_POINT('',(0.,0.));
#1569 = VECTOR('',#1570,1.);
#1570 = DIRECTION('',(0.,1.));
#1571 = ( GEOMETRIC_REPRESENTATION_CONTEXT(2) 
PARAMETRIC_REPRESENTATION_CONTEXT() REPRESENTATION_CONTEXT('2D SPACE',''
  ) );
#1572 = ORIENTED_EDGE('',*,*,#1573,.F.);
#1573 = EDGE_CURVE('',#1574,#1546,#1576,.T.);
#1574 = VERTEX_POINT('',#1575);
#1575 = CARTESIAN_POINT('',(-694.,-292.,6.));
#1576 = SURFACE_CURVE('',#1577,(#1581,#1588),.PCURVE_S1.);
#1577 = LINE('',#1578,#1579);
#1578 = CARTESIAN_POINT('',(-694.,-292.,6.));
#1579 = VECTOR('',#1580,1.);
#1580 = DIRECTION('',(0.,0.,1.));
#1581 = PCURVE('',#643,#1582);
#1582 = DEFINITIONAL_REPRESENTATION('',(#1583),#1587);
#1583 = LINE('',#1584,#1585);
#1584 = CARTESIAN_POINT('',(0.,-8.));
#1585 = VECTOR('',#1586,1.);
#1586 = DIRECTION('',(1.,0.));
#1587 = ( GEOMETRIC_REPRESENTATION_CONTEXT(2) 
PARAMETRIC_REPRESENTATION_CONTEXT() REPRESENTATION_CONTEXT('2D SPACE',''
  ) );
#1588 = PCURVE('',#1314,#1589);
#1589 = DEFINITIONAL_REPRESENTATION('',(#1590),#1594);
#1590 = LINE('',#1591,#1592);
#1591 = CARTESIAN_POINT('',(0.,0.));
#1592 = VECTOR('',#1593,1.);
#1593 = DIRECTION('',(1.,0.));
#1594 = ( GEOMETRIC_REPRESENTATION_CONTEXT(2) 
PARAMETRIC_REPRESENTATION_CONTEXT() REPRESENTATION_CONTEXT('2D SPACE',''
  ) );
#1595 = ORIENTED_EDGE('',*,*,#1596,.T.);
#1596 = EDGE_CURVE('',#1574,#1597,#1599,.T.);
#1597 = VERTEX_POINT('',#1598);
#1598 = CARTESIAN_POINT('',(-694.,292.,6.));
#1599 = SURFACE_CURVE('',#1600,(#1604,#1611),.PCURVE_S1.);
#1600 = LINE('',#1601,#1602);
#1601 = CARTESIAN_POINT('',(-694.,-300.,6.));
#1602 = VECTOR('',#1603,1.);
#1603 = DIRECTION('',(-0.,1.,0.));
#1604 = PCURVE('',#643,#1605);
#1605 = DEFINITIONAL_REPRESENTATION('',(#1606),#1610);
#1606 = LINE('',#1607,#1608);
#1607 = CARTESIAN_POINT('',(0.,0.));
#1608 = VECTOR('',#1609,1.);
#1609 = DIRECTION('',(0.,-1.));
#1610 = ( GEOMETRIC_REPRESENTATION_CONTEXT(2) 
PARAMETRIC_REPRESENTATION_CONTEXT() REPRESENTATION_CONTEXT('2D SPACE',''
  ) );
#1611 = PCURVE('',#1067,#1612);
#1612 = DEFINITIONAL_REPRESENTATION('',(#1613),#1617);
#1613 = LINE('',#1614,#1615);
#1614 = CARTESIAN_POINT('',(4.,0.));
#1615 = VECTOR('',#1616,1.);
#1616 = DIRECTION('',(0.,1.));
#1617 = ( GEOMETRIC_REPRESENTATION_CONTEXT(2) 
PARAMETRIC_REPRESENTATION_CONTEXT() REPRESENTATION_CONTEXT('2D SPACE',''
  ) );
#1618 = ORIENTED_EDGE('',*,*,#1619,.T.);
#1619 = EDGE_CURVE('',#1597,#1620,#1622,.T.);
#1620 = VERTEX_POINT('',#1621);
#1621 = CARTESIAN_POINT('',(-694.,292.,76.));
#1622 = SURFACE_CURVE('',#1623,(#1627,#1634),.PCURVE_S1.);
#1623 = LINE('',#1624,#1625);
#1624 = CARTESIAN_POINT('',(-694.,292.,6.));
#1625 = VECTOR('',#1626,1.);
#1626 = DIRECTION('',(0.,0.,1.));
#1627 = PCURVE('',#643,#1628);
#1628 = DEFINITIONAL_REPRESENTATION('',(#1629),#1633);
#1629 = LINE('',#1630,#1631);
#1630 = CARTESIAN_POINT('',(0.,-592.));
#1631 = VECTOR('',#1632,1.);
#1632 = DIRECTION('',(1.,0.));
#1633 = ( GEOMETRIC_REPRESENTATION_CONTEXT(2) 
PARAMETRIC_REPRESENTATION_CONTEXT() REPRESENTATION_CONTEXT('2D SPACE',''
  ) );
#1634 = PCURVE('',#1635,#1640);
#1635 = PLANE('',#1636);
#1636 = AXIS2_PLACEMENT_3D('',#1637,#1638,#1639);
#1637 = CARTESIAN_POINT('',(-694.,292.,6.));
#1638 = DIRECTION('',(-0.,1.,0.));
#1639 = DIRECTION('',(0.,0.,1.));
#1640 = DEFINITIONAL_REPRESENTATION('',(#1641),#1645);
#1641 = LINE('',#1642,#1643);
#1642 = CARTESIAN_POINT('',(0.,0.));
#1643 = VECTOR('',#1644,1.);
#1644 = DIRECTION('',(1.,0.));
#1645 = ( GEOMETRIC_REPRESENTATION_CONTEXT(2) 
PARAMETRIC_REPRESENTATION_CONTEXT() REPRESENTATION_CONTEXT('2D SPACE',''
  ) );
#1646 = ORIENTED_EDGE('',*,*,#1647,.T.);
#1647 = EDGE_CURVE('',#1620,#1648,#1650,.T.);
#1648 = VERTEX_POINT('',#1649);
#1649 = CARTESIAN_POINT('',(-694.,296.,76.));
#1650 = SURFACE_CURVE('',#1651,(#1655,#1662),.PCURVE_S1.);
#1651 = LINE('',#1652,#1653);
#1652 = CARTESIAN_POINT('',(-694.,292.,76.));
#1653 = VECTOR('',#1654,1.);
#1654 = DIRECTION('',(-0.,1.,0.));
#1655 = PCURVE('',#643,#1656);
#1656 = DEFINITIONAL_REPRESENTATION('',(#1657),#1661);
#1657 = LINE('',#1658,#1659);
#1658 = CARTESIAN_POINT('',(70.,-592.));
#1659 = VECTOR('',#1660,1.);
#1660 = DIRECTION('',(0.,-1.));
#1661 = ( GEOMETRIC_REPRESENTATION_CONTEXT(2) 
PARAMETRIC_REPRESENTATION_CONTEXT() REPRESENTATION_CONTEXT('2D SPACE',''
  ) );
#1662 = PCURVE('',#1663,#1668);
#1663 = PLANE('',#1664);
#1664 = AXIS2_PLACEMENT_3D('',#1665,#1666,#1667);
#1665 = CARTESIAN_POINT('',(-694.,292.,76.));
#1666 = DIRECTION('',(0.,0.,1.));
#1667 = DIRECTION('',(1.,0.,-0.));
#1668 = DEFINITIONAL_REPRESENTATION('',(#1669),#1673);
#1669 = LINE('',#1670,#1671);
#1670 = CARTESIAN_POINT('',(0.,0.));
#1671 = VECTOR('',#1672,1.);
#1672 = DIRECTION('',(0.,1.));
#1673 = ( GEOMETRIC_REPRESENTATION_CONTEXT(2) 
PARAMETRIC_REPRESENTATION_CONTEXT() REPRESENTATION_CONTEXT('2D SPACE',''
  ) );
#1674 = ORIENTED_EDGE('',*,*,#1675,.F.);
#1675 = EDGE_CURVE('',#892,#1648,#1676,.T.);
#1676 = SURFACE_CURVE('',#1677,(#1681,#1688),.PCURVE_S1.);
#1677 = LINE('',#1678,#1679);
#1678 = CARTESIAN_POINT('',(-694.,296.,6.));
#1679 = VECTOR('',#1680,1.);
#1680 = DIRECTION('',(0.,0.,1.));
#1681 = PCURVE('',#643,#1682);
#1682 = DEFINITIONAL_REPRESENTATION('',(#1683),#1687);
#1683 = LINE('',#1684,#1685);
#1684 = CARTESIAN_POINT('',(0.,-596.));
#1685 = VECTOR('',#1686,1.);
#1686 = DIRECTION('',(1.,0.));
#1687 = ( GEOMETRIC_REPRESENTATION_CONTEXT(2) 
PARAMETRIC_REPRESENTATION_CONTEXT() REPRESENTATION_CONTEXT('2D SPACE',''
  ) );
#1688 = PCURVE('',#930,#1689);
#1689 = DEFINITIONAL_REPRESENTATION('',(#1690),#1694);
#1690 = LINE('',#1691,#1692);
#1691 = CARTESIAN_POINT('',(0.,0.));
#1692 = VECTOR('',#1693,1.);
#1693 = DIRECTION('',(1.,0.));
#1694 = ( GEOMETRIC_REPRESENTATION_CONTEXT(2) 
PARAMETRIC_REPRESENTATION_CONTEXT() REPRESENTATION_CONTEXT('2D SPACE',''
  ) );
#1695 = ORIENTED_EDGE('',*,*,#891,.T.);
#1696 = ADVANCED_FACE('',(#1697),#719,.F.);
#1697 = FACE_BOUND('',#1698,.F.);
#1698 = EDGE_LOOP('',(#1699,#1700,#1701,#1724,#1743));
#1699 = ORIENTED_EDGE('',*,*,#705,.F.);
#1700 = ORIENTED_EDGE('',*,*,#1522,.T.);
#1701 = ORIENTED_EDGE('',*,*,#1702,.T.);
#1702 = EDGE_CURVE('',#1523,#1703,#1705,.T.);
#1703 = VERTEX_POINT('',#1704);
#1704 = CARTESIAN_POINT('',(-338.4436986734,-296.,76.));
#1705 = SURFACE_CURVE('',#1706,(#1710,#1717),.PCURVE_S1.);
#1706 = LINE('',#1707,#1708);
#1707 = CARTESIAN_POINT('',(-694.,-296.,76.));
#1708 = VECTOR('',#1709,1.);
#1709 = DIRECTION('',(1.,0.,-0.));
#1710 = PCURVE('',#719,#1711);
#1711 = DEFINITIONAL_REPRESENTATION('',(#1712),#1716);
#1712 = LINE('',#1713,#1714);
#1713 = CARTESIAN_POINT('',(70.,0.));
#1714 = VECTOR('',#1715,1.);
#1715 = DIRECTION('',(0.,1.));
#1716 = ( GEOMETRIC_REPRESENTATION_CONTEXT(2) 
PARAMETRIC_REPRESENTATION_CONTEXT() REPRESENTATION_CONTEXT('2D SPACE',''
  ) );
#1717 = PCURVE('',#1561,#1718);
#1718 = DEFINITIONAL_REPRESENTATION('',(#1719),#1723);
#1719 = LINE('',#1720,#1721);
#1720 = CARTESIAN_POINT('',(0.,0.));
#1721 = VECTOR('',#1722,1.);
#1722 = DIRECTION('',(1.,0.));
#1723 = ( GEOMETRIC_REPRESENTATION_CONTEXT(2) 
PARAMETRIC_REPRESENTATION_CONTEXT() REPRESENTATION_CONTEXT('2D SPACE',''
  ) );
#1724 = ORIENTED_EDGE('',*,*,#1725,.T.);
#1725 = EDGE_CURVE('',#1703,#1439,#1726,.T.);
#1726 = SURFACE_CURVE('',#1727,(#1731,#1737),.PCURVE_S1.);
#1727 = LINE('',#1728,#1729);
#1728 = CARTESIAN_POINT('',(-338.4436986734,-296.,6.));
#1729 = VECTOR('',#1730,1.);
#1730 = DIRECTION('',(0.,0.,-1.));
#1731 = PCURVE('',#719,#1732);
#1732 = DEFINITIONAL_REPRESENTATION('',(#1733),#1736);
#1733 = B_SPLINE_CURVE_WITH_KNOTS('',1,(#1734,#1735),.UNSPECIFIED.,.F.,
  .F.,(2,2),(-70.,0.),.PIECEWISE_BEZIER_KNOTS.);
#1734 = CARTESIAN_POINT('',(70.,355.5563013265));
#1735 = CARTESIAN_POINT('',(0.,355.5563013265));
#1736 = ( GEOMETRIC_REPRESENTATION_CONTEXT(2) 
PARAMETRIC_REPRESENTATION_CONTEXT() REPRESENTATION_CONTEXT('2D SPACE',''
  ) );
#1737 = PCURVE('',#1454,#1738);
#1738 = DEFINITIONAL_REPRESENTATION('',(#1739),#1742);
#1739 = B_SPLINE_CURVE_WITH_KNOTS('',1,(#1740,#1741),.UNSPECIFIED.,.F.,
  .F.,(2,2),(-70.,0.),.PIECEWISE_BEZIER_KNOTS.);
#1740 = CARTESIAN_POINT('',(70.,0.443698673499));
#1741 = CARTESIAN_POINT('',(0.,0.443698673499));
#1742 = ( GEOMETRIC_REPRESENTATION_CONTEXT(2) 
PARAMETRIC_REPRESENTATION_CONTEXT() REPRESENTATION_CONTEXT('2D SPACE',''
  ) );
#1743 = ORIENTED_EDGE('',*,*,#1466,.F.);
#1744 = ADVANCED_FACE('',(#1745),#876,.T.);
#1745 = FACE_BOUND('',#1746,.T.);
#1746 = EDGE_LOOP('',(#1747,#1770,#1793,#1816,#1837,#1838,#1839,#1862,
    #1890,#1918,#1946,#1974,#2002));
#1747 = ORIENTED_EDGE('',*,*,#1748,.F.);
#1748 = EDGE_CURVE('',#1052,#1749,#1751,.T.);
#1749 = VERTEX_POINT('',#1750);
#1750 = CARTESIAN_POINT('',(-418.,292.,6.));
#1751 = SURFACE_CURVE('',#1752,(#1756,#1763),.PCURVE_S1.);
#1752 = LINE('',#1753,#1754);
#1753 = CARTESIAN_POINT('',(-418.,-300.,6.));
#1754 = VECTOR('',#1755,1.);
#1755 = DIRECTION('',(-0.,1.,0.));
#1756 = PCURVE('',#876,#1757);
#1757 = DEFINITIONAL_REPRESENTATION('',(#1758),#1762);
#1758 = LINE('',#1759,#1760);
#1759 = CARTESIAN_POINT('',(0.,-588.));
#1760 = VECTOR('',#1761,1.);
#1761 = DIRECTION('',(0.,1.));
#1762 = ( GEOMETRIC_REPRESENTATION_CONTEXT(2) 
PARAMETRIC_REPRESENTATION_CONTEXT() REPRESENTATION_CONTEXT('2D SPACE',''
  ) );
#1763 = PCURVE('',#1067,#1764);
#1764 = DEFINITIONAL_REPRESENTATION('',(#1765),#1769);
#1765 = LINE('',#1766,#1767);
#1766 = CARTESIAN_POINT('',(280.,0.));
#1767 = VECTOR('',#1768,1.);
#1768 = DIRECTION('',(0.,1.));
#1769 = ( GEOMETRIC_REPRESENTATION_CONTEXT(2) 
PARAMETRIC_REPRESENTATION_CONTEXT() REPRESENTATION_CONTEXT('2D SPACE',''
  ) );
#1770 = ORIENTED_EDGE('',*,*,#1771,.T.);
#1771 = EDGE_CURVE('',#1052,#1772,#1774,.T.);
#1772 = VERTEX_POINT('',#1773);
#1773 = CARTESIAN_POINT('',(-208.,288.,6.));
#1774 = SURFACE_CURVE('',#1775,(#1779,#1786),.PCURVE_S1.);
#1775 = LINE('',#1776,#1777);
#1776 = CARTESIAN_POINT('',(-418.,288.,6.));
#1777 = VECTOR('',#1778,1.);
#1778 = DIRECTION('',(1.,0.,-0.));
#1779 = PCURVE('',#876,#1780);
#1780 = DEFINITIONAL_REPRESENTATION('',(#1781),#1785);
#1781 = LINE('',#1782,#1783);
#1782 = CARTESIAN_POINT('',(0.,0.));
#1783 = VECTOR('',#1784,1.);
#1784 = DIRECTION('',(1.,0.));
#1785 = ( GEOMETRIC_REPRESENTATION_CONTEXT(2) 
PARAMETRIC_REPRESENTATION_CONTEXT() REPRESENTATION_CONTEXT('2D SPACE',''
  ) );
#1786 = PCURVE('',#1115,#1787);
#1787 = DEFINITIONAL_REPRESENTATION('',(#1788),#1792);
#1788 = LINE('',#1789,#1790);
#1789 = CARTESIAN_POINT('',(6.,0.));
#1790 = VECTOR('',#1791,1.);
#1791 = DIRECTION('',(0.,1.));
#1792 = ( GEOMETRIC_REPRESENTATION_CONTEXT(2) 
PARAMETRIC_REPRESENTATION_CONTEXT() REPRESENTATION_CONTEXT('2D SPACE',''
  ) );
#1793 = ORIENTED_EDGE('',*,*,#1794,.T.);
#1794 = EDGE_CURVE('',#1772,#1795,#1797,.T.);
#1795 = VERTEX_POINT('',#1796);
#1796 = CARTESIAN_POINT('',(-208.,362.,6.));
#1797 = SURFACE_CURVE('',#1798,(#1802,#1809),.PCURVE_S1.);
#1798 = LINE('',#1799,#1800);
#1799 = CARTESIAN_POINT('',(-208.,288.,6.));
#1800 = VECTOR('',#1801,1.);
#1801 = DIRECTION('',(-0.,1.,0.));
#1802 = PCURVE('',#876,#1803);
#1803 = DEFINITIONAL_REPRESENTATION('',(#1804),#1808);
#1804 = LINE('',#1805,#1806);
#1805 = CARTESIAN_POINT('',(210.,0.));
#1806 = VECTOR('',#1807,1.);
#1807 = DIRECTION('',(0.,1.));
#1808 = ( GEOMETRIC_REPRESENTATION_CONTEXT(2) 
PARAMETRIC_REPRESENTATION_CONTEXT() REPRESENTATION_CONTEXT('2D SPACE',''
  ) );
#1809 = PCURVE('',#1170,#1810);
#1810 = DEFINITIONAL_REPRESENTATION('',(#1811),#1815);
#1811 = LINE('',#1812,#1813);
#1812 = CARTESIAN_POINT('',(6.,0.));
#1813 = VECTOR('',#1814,1.);
#1814 = DIRECTION('',(0.,-1.));
#1815 = ( GEOMETRIC_REPRESENTATION_CONTEXT(2) 
PARAMETRIC_REPRESENTATION_CONTEXT() REPRESENTATION_CONTEXT('2D SPACE',''
  ) );
#1816 = ORIENTED_EDGE('',*,*,#1817,.F.);
#1817 = EDGE_CURVE('',#835,#1795,#1818,.T.);
#1818 = SURFACE_CURVE('',#1819,(#1823,#1830),.PCURVE_S1.);
#1819 = LINE('',#1820,#1821);
#1820 = CARTESIAN_POINT('',(-418.,362.,6.));
#1821 = VECTOR('',#1822,1.);
#1822 = DIRECTION('',(1.,0.,-0.));
#1823 = PCURVE('',#876,#1824);
#1824 = DEFINITIONAL_REPRESENTATION('',(#1825),#1829);
#1825 = LINE('',#1826,#1827);
#1826 = CARTESIAN_POINT('',(0.,74.));
#1827 = VECTOR('',#1828,1.);
#1828 = DIRECTION('',(1.,0.));
#1829 = ( GEOMETRIC_REPRESENTATION_CONTEXT(2) 
PARAMETRIC_REPRESENTATION_CONTEXT() REPRESENTATION_CONTEXT('2D SPACE',''
  ) );
#1830 = PCURVE('',#850,#1831);
#1831 = DEFINITIONAL_REPRESENTATION('',(#1832),#1836);
#1832 = LINE('',#1833,#1834);
#1833 = CARTESIAN_POINT('',(6.,0.));
#1834 = VECTOR('',#1835,1.);
#1835 = DIRECTION('',(0.,1.));
#1836 = ( GEOMETRIC_REPRESENTATION_CONTEXT(2) 
PARAMETRIC_REPRESENTATION_CONTEXT() REPRESENTATION_CONTEXT('2D SPACE',''
  ) );
#1837 = ORIENTED_EDGE('',*,*,#862,.F.);
#1838 = ORIENTED_EDGE('',*,*,#942,.F.);
#1839 = ORIENTED_EDGE('',*,*,#1840,.T.);
#1840 = EDGE_CURVE('',#915,#1841,#1843,.T.);
#1841 = VERTEX_POINT('',#1842);
#1842 = CARTESIAN_POINT('',(-338.4436986734,296.,6.));
#1843 = SURFACE_CURVE('',#1844,(#1848,#1855),.PCURVE_S1.);
#1844 = LINE('',#1845,#1846);
#1845 = CARTESIAN_POINT('',(-694.,296.,6.));
#1846 = VECTOR('',#1847,1.);
#1847 = DIRECTION('',(1.,0.,-0.));
#1848 = PCURVE('',#876,#1849);
#1849 = DEFINITIONAL_REPRESENTATION('',(#1850),#1854);
#1850 = LINE('',#1851,#1852);
#1851 = CARTESIAN_POINT('',(-276.,8.));
#1852 = VECTOR('',#1853,1.);
#1853 = DIRECTION('',(1.,0.));
#1854 = ( GEOMETRIC_REPRESENTATION_CONTEXT(2) 
PARAMETRIC_REPRESENTATION_CONTEXT() REPRESENTATION_CONTEXT('2D SPACE',''
  ) );
#1855 = PCURVE('',#930,#1856);
#1856 = DEFINITIONAL_REPRESENTATION('',(#1857),#1861);
#1857 = LINE('',#1858,#1859);
#1858 = CARTESIAN_POINT('',(0.,0.));
#1859 = VECTOR('',#1860,1.);
#1860 = DIRECTION('',(0.,1.));
#1861 = ( GEOMETRIC_REPRESENTATION_CONTEXT(2) 
PARAMETRIC_REPRESENTATION_CONTEXT() REPRESENTATION_CONTEXT('2D SPACE',''
  ) );
#1862 = ORIENTED_EDGE('',*,*,#1863,.T.);
#1863 = EDGE_CURVE('',#1841,#1864,#1866,.T.);
#1864 = VERTEX_POINT('',#1865);
#1865 = CARTESIAN_POINT('',(-218.8457709306,351.81236627999,6.));
#1866 = SURFACE_CURVE('',#1867,(#1871,#1878),.PCURVE_S1.);
#1867 = LINE('',#1868,#1869);
#1868 = CARTESIAN_POINT('',(-338.8457709306,295.81236627999,6.));
#1869 = VECTOR('',#1870,1.);
#1870 = DIRECTION('',(0.906183139995,0.422885465331,0.));
#1871 = PCURVE('',#876,#1872);
#1872 = DEFINITIONAL_REPRESENTATION('',(#1873),#1877);
#1873 = LINE('',#1874,#1875);
#1874 = CARTESIAN_POINT('',(79.154229069338,7.812366279991));
#1875 = VECTOR('',#1876,1.);
#1876 = DIRECTION('',(0.906183139995,0.422885465331));
#1877 = ( GEOMETRIC_REPRESENTATION_CONTEXT(2) 
PARAMETRIC_REPRESENTATION_CONTEXT() REPRESENTATION_CONTEXT('2D SPACE',''
  ) );
#1878 = PCURVE('',#1879,#1884);
#1879 = PLANE('',#1880);
#1880 = AXIS2_PLACEMENT_3D('',#1881,#1882,#1883);
#1881 = CARTESIAN_POINT('',(-338.8457709306,295.81236627999,6.));
#1882 = DIRECTION('',(-0.422885465331,0.906183139995,0.));
#1883 = DIRECTION('',(0.,0.,1.));
#1884 = DEFINITIONAL_REPRESENTATION('',(#1885),#1889);
#1885 = LINE('',#1886,#1887);
#1886 = CARTESIAN_POINT('',(0.,0.));
#1887 = VECTOR('',#1888,1.);
#1888 = DIRECTION('',(0.,1.));
#1889 = ( GEOMETRIC_REPRESENTATION_CONTEXT(2) 
PARAMETRIC_REPRESENTATION_CONTEXT() REPRESENTATION_CONTEXT('2D SPACE',''
  ) );
#1890 = ORIENTED_EDGE('',*,*,#1891,.F.);
#1891 = EDGE_CURVE('',#1892,#1864,#1894,.T.);
#1892 = VERTEX_POINT('',#1893);
#1893 = CARTESIAN_POINT('',(-217.1542290693,348.18763372,6.));
#1894 = SURFACE_CURVE('',#1895,(#1899,#1906),.PCURVE_S1.);
#1895 = LINE('',#1896,#1897);
#1896 = CARTESIAN_POINT('',(-217.1542290693,348.18763372,6.));
#1897 = VECTOR('',#1898,1.);
#1898 = DIRECTION('',(-0.422885465331,0.906183139995,0.));
#1899 = PCURVE('',#876,#1900);
#1900 = DEFINITIONAL_REPRESENTATION('',(#1901),#1905);
#1901 = LINE('',#1902,#1903);
#1902 = CARTESIAN_POINT('',(200.84577093066,60.187633720009));
#1903 = VECTOR('',#1904,1.);
#1904 = DIRECTION('',(-0.422885465331,0.906183139995));
#1905 = ( GEOMETRIC_REPRESENTATION_CONTEXT(2) 
PARAMETRIC_REPRESENTATION_CONTEXT() REPRESENTATION_CONTEXT('2D SPACE',''
  ) );
#1906 = PCURVE('',#1907,#1912);
#1907 = PLANE('',#1908);
#1908 = AXIS2_PLACEMENT_3D('',#1909,#1910,#1911);
#1909 = CARTESIAN_POINT('',(-217.1542290693,348.18763372,6.));
#1910 = DIRECTION('',(0.906183139995,0.422885465331,0.));
#1911 = DIRECTION('',(0.,0.,1.));
#1912 = DEFINITIONAL_REPRESENTATION('',(#1913),#1917);
#1913 = LINE('',#1914,#1915);
#1914 = CARTESIAN_POINT('',(0.,0.));
#1915 = VECTOR('',#1916,1.);
#1916 = DIRECTION('',(0.,-1.));
#1917 = ( GEOMETRIC_REPRESENTATION_CONTEXT(2) 
PARAMETRIC_REPRESENTATION_CONTEXT() REPRESENTATION_CONTEXT('2D SPACE',''
  ) );
#1918 = ORIENTED_EDGE('',*,*,#1919,.F.);
#1919 = EDGE_CURVE('',#1920,#1892,#1922,.T.);
#1920 = VERTEX_POINT('',#1921);
#1921 = CARTESIAN_POINT('',(-337.1542290693,292.18763372,6.));
#1922 = SURFACE_CURVE('',#1923,(#1927,#1934),.PCURVE_S1.);
#1923 = LINE('',#1924,#1925);
#1924 = CARTESIAN_POINT('',(-337.1542290693,292.18763372,6.));
#1925 = VECTOR('',#1926,1.);
#1926 = DIRECTION('',(0.906183139995,0.422885465331,0.));
#1927 = PCURVE('',#876,#1928);
#1928 = DEFINITIONAL_REPRESENTATION('',(#1929),#1933);
#1929 = LINE('',#1930,#1931);
#1930 = CARTESIAN_POINT('',(80.845770930662,4.187633720009));
#1931 = VECTOR('',#1932,1.);
#1932 = DIRECTION('',(0.906183139995,0.422885465331));
#1933 = ( GEOMETRIC_REPRESENTATION_CONTEXT(2) 
PARAMETRIC_REPRESENTATION_CONTEXT() REPRESENTATION_CONTEXT('2D SPACE',''
  ) );
#1934 = PCURVE('',#1935,#1940);
#1935 = PLANE('',#1936);
#1936 = AXIS2_PLACEMENT_3D('',#1937,#1938,#1939);
#1937 = CARTESIAN_POINT('',(-337.1542290693,292.18763372,6.));
#1938 = DIRECTION('',(-0.422885465331,0.906183139995,0.));
#1939 = DIRECTION('',(0.,0.,1.));
#1940 = DEFINITIONAL_REPRESENTATION('',(#1941),#1945);
#1941 = LINE('',#1942,#1943);
#1942 = CARTESIAN_POINT('',(0.,0.));
#1943 = VECTOR('',#1944,1.);
#1944 = DIRECTION('',(0.,1.));
#1945 = ( GEOMETRIC_REPRESENTATION_CONTEXT(2) 
PARAMETRIC_REPRESENTATION_CONTEXT() REPRESENTATION_CONTEXT('2D SPACE',''
  ) );
#1946 = ORIENTED_EDGE('',*,*,#1947,.T.);
#1947 = EDGE_CURVE('',#1920,#1948,#1950,.T.);
#1948 = VERTEX_POINT('',#1949);
#1949 = CARTESIAN_POINT('',(-338.,294.,6.));
#1950 = SURFACE_CURVE('',#1951,(#1955,#1962),.PCURVE_S1.);
#1951 = LINE('',#1952,#1953);
#1952 = CARTESIAN_POINT('',(-337.1542290693,292.18763372,6.));
#1953 = VECTOR('',#1954,1.);
#1954 = DIRECTION('',(-0.422885465331,0.906183139995,0.));
#1955 = PCURVE('',#876,#1956);
#1956 = DEFINITIONAL_REPRESENTATION('',(#1957),#1961);
#1957 = LINE('',#1958,#1959);
#1958 = CARTESIAN_POINT('',(80.845770930662,4.187633720009));
#1959 = VECTOR('',#1960,1.);
#1960 = DIRECTION('',(-0.422885465331,0.906183139995));
#1961 = ( GEOMETRIC_REPRESENTATION_CONTEXT(2) 
PARAMETRIC_REPRESENTATION_CONTEXT() REPRESENTATION_CONTEXT('2D SPACE',''
  ) );
#1962 = PCURVE('',#1963,#1968);
#1963 = PLANE('',#1964);
#1964 = AXIS2_PLACEMENT_3D('',#1965,#1966,#1967);
#1965 = CARTESIAN_POINT('',(-337.1542290693,292.18763372,6.));
#1966 = DIRECTION('',(0.906183139995,0.422885465331,0.));
#1967 = DIRECTION('',(0.,0.,1.));
#1968 = DEFINITIONAL_REPRESENTATION('',(#1969),#1973);
#1969 = LINE('',#1970,#1971);
#1970 = CARTESIAN_POINT('',(0.,0.));
#1971 = VECTOR('',#1972,1.);
#1972 = DIRECTION('',(0.,-1.));
#1973 = ( GEOMETRIC_REPRESENTATION_CONTEXT(2) 
PARAMETRIC_REPRESENTATION_CONTEXT() REPRESENTATION_CONTEXT('2D SPACE',''
  ) );
#1974 = ORIENTED_EDGE('',*,*,#1975,.F.);
#1975 = EDGE_CURVE('',#1976,#1948,#1978,.T.);
#1976 = VERTEX_POINT('',#1977);
#1977 = CARTESIAN_POINT('',(-338.,292.,6.));
#1978 = SURFACE_CURVE('',#1979,(#1983,#1990),.PCURVE_S1.);
#1979 = LINE('',#1980,#1981);
#1980 = CARTESIAN_POINT('',(-338.,292.,6.));
#1981 = VECTOR('',#1982,1.);
#1982 = DIRECTION('',(-0.,1.,0.));
#1983 = PCURVE('',#876,#1984);
#1984 = DEFINITIONAL_REPRESENTATION('',(#1985),#1989);
#1985 = LINE('',#1986,#1987);
#1986 = CARTESIAN_POINT('',(80.,4.));
#1987 = VECTOR('',#1988,1.);
#1988 = DIRECTION('',(0.,1.));
#1989 = ( GEOMETRIC_REPRESENTATION_CONTEXT(2) 
PARAMETRIC_REPRESENTATION_CONTEXT() REPRESENTATION_CONTEXT('2D SPACE',''
  ) );
#1990 = PCURVE('',#1991,#1996);
#1991 = PLANE('',#1992);
#1992 = AXIS2_PLACEMENT_3D('',#1993,#1994,#1995);
#1993 = CARTESIAN_POINT('',(-338.,292.,6.));
#1994 = DIRECTION('',(1.,0.,-0.));
#1995 = DIRECTION('',(0.,0.,1.));
#1996 = DEFINITIONAL_REPRESENTATION('',(#1997),#2001);
#1997 = LINE('',#1998,#1999);
#1998 = CARTESIAN_POINT('',(0.,0.));
#1999 = VECTOR('',#2000,1.);
#2000 = DIRECTION('',(0.,-1.));
#2001 = ( GEOMETRIC_REPRESENTATION_CONTEXT(2) 
PARAMETRIC_REPRESENTATION_CONTEXT() REPRESENTATION_CONTEXT('2D SPACE',''
  ) );
#2002 = ORIENTED_EDGE('',*,*,#2003,.F.);
#2003 = EDGE_CURVE('',#1749,#1976,#2004,.T.);
#2004 = SURFACE_CURVE('',#2005,(#2009,#2016),.PCURVE_S1.);
#2005 = LINE('',#2006,#2007);
#2006 = CARTESIAN_POINT('',(-694.,292.,6.));
#2007 = VECTOR('',#2008,1.);
#2008 = DIRECTION('',(1.,0.,-0.));
#2009 = PCURVE('',#876,#2010);
#2010 = DEFINITIONAL_REPRESENTATION('',(#2011),#2015);
#2011 = LINE('',#2012,#2013);
#2012 = CARTESIAN_POINT('',(-276.,4.));
#2013 = VECTOR('',#2014,1.);
#2014 = DIRECTION('',(1.,0.));
#2015 = ( GEOMETRIC_REPRESENTATION_CONTEXT(2) 
PARAMETRIC_REPRESENTATION_CONTEXT() REPRESENTATION_CONTEXT('2D SPACE',''
  ) );
#2016 = PCURVE('',#1635,#2017);
#2017 = DEFINITIONAL_REPRESENTATION('',(#2018),#2022);
#2018 = LINE('',#2019,#2020);
#2019 = CARTESIAN_POINT('',(0.,0.));
#2020 = VECTOR('',#2021,1.);
#2021 = DIRECTION('',(0.,1.));
#2022 = ( GEOMETRIC_REPRESENTATION_CONTEXT(2) 
PARAMETRIC_REPRESENTATION_CONTEXT() REPRESENTATION_CONTEXT('2D SPACE',''
  ) );
#2023 = ADVANCED_FACE('',(#2024),#850,.T.);
#2024 = FACE_BOUND('',#2025,.T.);
#2025 = EDGE_LOOP('',(#2026,#2027,#2028,#2029));
#2026 = ORIENTED_EDGE('',*,*,#1182,.F.);
#2027 = ORIENTED_EDGE('',*,*,#834,.T.);
#2028 = ORIENTED_EDGE('',*,*,#1817,.T.);
#2029 = ORIENTED_EDGE('',*,*,#2030,.F.);
#2030 = EDGE_CURVE('',#1155,#1795,#2031,.T.);
#2031 = SURFACE_CURVE('',#2032,(#2036,#2043),.PCURVE_S1.);
#2032 = LINE('',#2033,#2034);
#2033 = CARTESIAN_POINT('',(-208.,362.,0.));
#2034 = VECTOR('',#2035,1.);
#2035 = DIRECTION('',(0.,0.,1.));
#2036 = PCURVE('',#850,#2037);
#2037 = DEFINITIONAL_REPRESENTATION('',(#2038),#2042);
#2038 = LINE('',#2039,#2040);
#2039 = CARTESIAN_POINT('',(0.,210.));
#2040 = VECTOR('',#2041,1.);
#2041 = DIRECTION('',(1.,0.));
#2042 = ( GEOMETRIC_REPRESENTATION_CONTEXT(2) 
PARAMETRIC_REPRESENTATION_CONTEXT() REPRESENTATION_CONTEXT('2D SPACE',''
  ) );
#2043 = PCURVE('',#1170,#2044);
#2044 = DEFINITIONAL_REPRESENTATION('',(#2045),#2049);
#2045 = LINE('',#2046,#2047);
#2046 = CARTESIAN_POINT('',(0.,-74.));
#2047 = VECTOR('',#2048,1.);
#2048 = DIRECTION('',(1.,0.));
#2049 = ( GEOMETRIC_REPRESENTATION_CONTEXT(2) 
PARAMETRIC_REPRESENTATION_CONTEXT() REPRESENTATION_CONTEXT('2D SPACE',''
  ) );
#2050 = ADVANCED_FACE('',(#2051),#930,.T.);
#2051 = FACE_BOUND('',#2052,.T.);
#2052 = EDGE_LOOP('',(#2053,#2054,#2055,#2078,#2097));
#2053 = ORIENTED_EDGE('',*,*,#914,.F.);
#2054 = ORIENTED_EDGE('',*,*,#1675,.T.);
#2055 = ORIENTED_EDGE('',*,*,#2056,.T.);
#2056 = EDGE_CURVE('',#1648,#2057,#2059,.T.);
#2057 = VERTEX_POINT('',#2058);
#2058 = CARTESIAN_POINT('',(-338.4436986734,296.,76.));
#2059 = SURFACE_CURVE('',#2060,(#2064,#2071),.PCURVE_S1.);
#2060 = LINE('',#2061,#2062);
#2061 = CARTESIAN_POINT('',(-694.,296.,76.));
#2062 = VECTOR('',#2063,1.);
#2063 = DIRECTION('',(1.,0.,-0.));
#2064 = PCURVE('',#930,#2065);
#2065 = DEFINITIONAL_REPRESENTATION('',(#2066),#2070);
#2066 = LINE('',#2067,#2068);
#2067 = CARTESIAN_POINT('',(70.,0.));
#2068 = VECTOR('',#2069,1.);
#2069 = DIRECTION('',(0.,1.));
#2070 = ( GEOMETRIC_REPRESENTATION_CONTEXT(2) 
PARAMETRIC_REPRESENTATION_CONTEXT() REPRESENTATION_CONTEXT('2D SPACE',''
  ) );
#2071 = PCURVE('',#1663,#2072);
#2072 = DEFINITIONAL_REPRESENTATION('',(#2073),#2077);
#2073 = LINE('',#2074,#2075);
#2074 = CARTESIAN_POINT('',(0.,4.));
#2075 = VECTOR('',#2076,1.);
#2076 = DIRECTION('',(1.,0.));
#2077 = ( GEOMETRIC_REPRESENTATION_CONTEXT(2) 
PARAMETRIC_REPRESENTATION_CONTEXT() REPRESENTATION_CONTEXT('2D SPACE',''
  ) );
#2078 = ORIENTED_EDGE('',*,*,#2079,.F.);
#2079 = EDGE_CURVE('',#1841,#2057,#2080,.T.);
#2080 = SURFACE_CURVE('',#2081,(#2085,#2091),.PCURVE_S1.);
#2081 = LINE('',#2082,#2083);
#2082 = CARTESIAN_POINT('',(-338.4436986734,296.,6.));
#2083 = VECTOR('',#2084,1.);
#2084 = DIRECTION('',(0.,0.,1.));
#2085 = PCURVE('',#930,#2086);
#2086 = DEFINITIONAL_REPRESENTATION('',(#2087),#2090);
#2087 = B_SPLINE_CURVE_WITH_KNOTS('',1,(#2088,#2089),.UNSPECIFIED.,.F.,
  .F.,(2,2),(0.,70.),.PIECEWISE_BEZIER_KNOTS.);
#2088 = CARTESIAN_POINT('',(0.,355.5563013265));
#2089 = CARTESIAN_POINT('',(70.,355.5563013265));
#2090 = ( GEOMETRIC_REPRESENTATION_CONTEXT(2) 
PARAMETRIC_REPRESENTATION_CONTEXT() REPRESENTATION_CONTEXT('2D SPACE',''
  ) );
#2091 = PCURVE('',#1879,#2092);
#2092 = DEFINITIONAL_REPRESENTATION('',(#2093),#2096);
#2093 = B_SPLINE_CURVE_WITH_KNOTS('',1,(#2094,#2095),.UNSPECIFIED.,.F.,
  .F.,(2,2),(0.,70.),.PIECEWISE_BEZIER_KNOTS.);
#2094 = CARTESIAN_POINT('',(0.,0.443698673499));
#2095 = CARTESIAN_POINT('',(70.,0.443698673499));
#2096 = ( GEOMETRIC_REPRESENTATION_CONTEXT(2) 
PARAMETRIC_REPRESENTATION_CONTEXT() REPRESENTATION_CONTEXT('2D SPACE',''
  ) );
#2097 = ORIENTED_EDGE('',*,*,#1840,.F.);
#2098 = ADVANCED_FACE('',(#2099),#1033,.T.);
#2099 = FACE_BOUND('',#2100,.T.);
#2100 = EDGE_LOOP('',(#2101,#2102,#2103,#2104));
#2101 = ORIENTED_EDGE('',*,*,#1019,.F.);
#2102 = ORIENTED_EDGE('',*,*,#1079,.T.);
#2103 = ORIENTED_EDGE('',*,*,#1254,.T.);
#2104 = ORIENTED_EDGE('',*,*,#2105,.F.);
#2105 = EDGE_CURVE('',#992,#1232,#2106,.T.);
#2106 = SURFACE_CURVE('',#2107,(#2111,#2118),.PCURVE_S1.);
#2107 = LINE('',#2108,#2109);
#2108 = CARTESIAN_POINT('',(-208.,-288.,0.));
#2109 = VECTOR('',#2110,1.);
#2110 = DIRECTION('',(0.,0.,1.));
#2111 = PCURVE('',#1033,#2112);
#2112 = DEFINITIONAL_REPRESENTATION('',(#2113),#2117);
#2113 = LINE('',#2114,#2115);
#2114 = CARTESIAN_POINT('',(0.,210.));
#2115 = VECTOR('',#2116,1.);
#2116 = DIRECTION('',(1.,0.));
#2117 = ( GEOMETRIC_REPRESENTATION_CONTEXT(2) 
PARAMETRIC_REPRESENTATION_CONTEXT() REPRESENTATION_CONTEXT('2D SPACE',''
  ) );
#2118 = PCURVE('',#1007,#2119);
#2119 = DEFINITIONAL_REPRESENTATION('',(#2120),#2124);
#2120 = LINE('',#2121,#2122);
#2121 = CARTESIAN_POINT('',(0.,-74.));
#2122 = VECTOR('',#2123,1.);
#2123 = DIRECTION('',(1.,0.));
#2124 = ( GEOMETRIC_REPRESENTATION_CONTEXT(2) 
PARAMETRIC_REPRESENTATION_CONTEXT() REPRESENTATION_CONTEXT('2D SPACE',''
  ) );
#2125 = ADVANCED_FACE('',(#2126),#1007,.T.);
#2126 = FACE_BOUND('',#2127,.T.);
#2127 = EDGE_LOOP('',(#2128,#2129,#2130,#2131));
#2128 = ORIENTED_EDGE('',*,*,#1494,.F.);
#2129 = ORIENTED_EDGE('',*,*,#991,.T.);
#2130 = ORIENTED_EDGE('',*,*,#2105,.T.);
#2131 = ORIENTED_EDGE('',*,*,#1231,.F.);
#2132 = ADVANCED_FACE('',(#2133),#1067,.T.);
#2133 = FACE_BOUND('',#2134,.T.);
#2134 = EDGE_LOOP('',(#2135,#2136,#2157,#2158,#2159,#2160));
#2135 = ORIENTED_EDGE('',*,*,#1596,.F.);
#2136 = ORIENTED_EDGE('',*,*,#2137,.T.);
#2137 = EDGE_CURVE('',#1574,#1276,#2138,.T.);
#2138 = SURFACE_CURVE('',#2139,(#2143,#2150),.PCURVE_S1.);
#2139 = LINE('',#2140,#2141);
#2140 = CARTESIAN_POINT('',(-694.,-292.,6.));
#2141 = VECTOR('',#2142,1.);
#2142 = DIRECTION('',(1.,0.,-0.));
#2143 = PCURVE('',#1067,#2144);
#2144 = DEFINITIONAL_REPRESENTATION('',(#2145),#2149);
#2145 = LINE('',#2146,#2147);
#2146 = CARTESIAN_POINT('',(4.,8.));
#2147 = VECTOR('',#2148,1.);
#2148 = DIRECTION('',(1.,0.));
#2149 = ( GEOMETRIC_REPRESENTATION_CONTEXT(2) 
PARAMETRIC_REPRESENTATION_CONTEXT() REPRESENTATION_CONTEXT('2D SPACE',''
  ) );
#2150 = PCURVE('',#1314,#2151);
#2151 = DEFINITIONAL_REPRESENTATION('',(#2152),#2156);
#2152 = LINE('',#2153,#2154);
#2153 = CARTESIAN_POINT('',(0.,0.));
#2154 = VECTOR('',#2155,1.);
#2155 = DIRECTION('',(0.,1.));
#2156 = ( GEOMETRIC_REPRESENTATION_CONTEXT(2) 
PARAMETRIC_REPRESENTATION_CONTEXT() REPRESENTATION_CONTEXT('2D SPACE',''
  ) );
#2157 = ORIENTED_EDGE('',*,*,#1275,.T.);
#2158 = ORIENTED_EDGE('',*,*,#1049,.T.);
#2159 = ORIENTED_EDGE('',*,*,#1748,.T.);
#2160 = ORIENTED_EDGE('',*,*,#2161,.F.);
#2161 = EDGE_CURVE('',#1597,#1749,#2162,.T.);
#2162 = SURFACE_CURVE('',#2163,(#2167,#2174),.PCURVE_S1.);
#2163 = LINE('',#2164,#2165);
#2164 = CARTESIAN_POINT('',(-694.,292.,6.));
#2165 = VECTOR('',#2166,1.);
#2166 = DIRECTION('',(1.,0.,-0.));
#2167 = PCURVE('',#1067,#2168);
#2168 = DEFINITIONAL_REPRESENTATION('',(#2169),#2173);
#2169 = LINE('',#2170,#2171);
#2170 = CARTESIAN_POINT('',(4.,592.));
#2171 = VECTOR('',#2172,1.);
#2172 = DIRECTION('',(1.,0.));
#2173 = ( GEOMETRIC_REPRESENTATION_CONTEXT(2) 
PARAMETRIC_REPRESENTATION_CONTEXT() REPRESENTATION_CONTEXT('2D SPACE',''
  ) );
#2174 = PCURVE('',#1635,#2175);
#2175 = DEFINITIONAL_REPRESENTATION('',(#2176),#2180);
#2176 = LINE('',#2177,#2178);
#2177 = CARTESIAN_POINT('',(0.,0.));
#2178 = VECTOR('',#2179,1.);
#2179 = DIRECTION('',(0.,1.));
#2180 = ( GEOMETRIC_REPRESENTATION_CONTEXT(2) 
PARAMETRIC_REPRESENTATION_CONTEXT() REPRESENTATION_CONTEXT('2D SPACE',''
  ) );
#2181 = ADVANCED_FACE('',(#2182),#1115,.F.);
#2182 = FACE_BOUND('',#2183,.F.);
#2183 = EDGE_LOOP('',(#2184,#2185,#2186,#2187));
#2184 = ORIENTED_EDGE('',*,*,#1131,.F.);
#2185 = ORIENTED_EDGE('',*,*,#1101,.T.);
#2186 = ORIENTED_EDGE('',*,*,#1771,.T.);
#2187 = ORIENTED_EDGE('',*,*,#2188,.F.);
#2188 = EDGE_CURVE('',#1132,#1772,#2189,.T.);
#2189 = SURFACE_CURVE('',#2190,(#2194,#2201),.PCURVE_S1.);
#2190 = LINE('',#2191,#2192);
#2191 = CARTESIAN_POINT('',(-208.,288.,0.));
#2192 = VECTOR('',#2193,1.);
#2193 = DIRECTION('',(0.,0.,1.));
#2194 = PCURVE('',#1115,#2195);
#2195 = DEFINITIONAL_REPRESENTATION('',(#2196),#2200);
#2196 = LINE('',#2197,#2198);
#2197 = CARTESIAN_POINT('',(0.,210.));
#2198 = VECTOR('',#2199,1.);
#2199 = DIRECTION('',(1.,0.));
#2200 = ( GEOMETRIC_REPRESENTATION_CONTEXT(2) 
PARAMETRIC_REPRESENTATION_CONTEXT() REPRESENTATION_CONTEXT('2D SPACE',''
  ) );
#2201 = PCURVE('',#1170,#2202);
#2202 = DEFINITIONAL_REPRESENTATION('',(#2203),#2207);
#2203 = LINE('',#2204,#2205);
#2204 = CARTESIAN_POINT('',(0.,0.));
#2205 = VECTOR('',#2206,1.);
#2206 = DIRECTION('',(1.,0.));
#2207 = ( GEOMETRIC_REPRESENTATION_CONTEXT(2) 
PARAMETRIC_REPRESENTATION_CONTEXT() REPRESENTATION_CONTEXT('2D SPACE',''
  ) );
#2208 = ADVANCED_FACE('',(#2209),#1170,.T.);
#2209 = FACE_BOUND('',#2210,.T.);
#2210 = EDGE_LOOP('',(#2211,#2212,#2213,#2214));
#2211 = ORIENTED_EDGE('',*,*,#2188,.F.);
#2212 = ORIENTED_EDGE('',*,*,#1154,.T.);
#2213 = ORIENTED_EDGE('',*,*,#2030,.T.);
#2214 = ORIENTED_EDGE('',*,*,#1794,.F.);
#2215 = ADVANCED_FACE('',(#2216),#1454,.F.);
#2216 = FACE_BOUND('',#2217,.F.);
#2217 = EDGE_LOOP('',(#2218,#2219,#2220,#2248));
#2218 = ORIENTED_EDGE('',*,*,#1438,.F.);
#2219 = ORIENTED_EDGE('',*,*,#1725,.F.);
#2220 = ORIENTED_EDGE('',*,*,#2221,.T.);
#2221 = EDGE_CURVE('',#1703,#2222,#2224,.T.);
#2222 = VERTEX_POINT('',#2223);
#2223 = CARTESIAN_POINT('',(-218.8457709306,-351.8123662799,76.));
#2224 = SURFACE_CURVE('',#2225,(#2229,#2236),.PCURVE_S1.);
#2225 = LINE('',#2226,#2227);
#2226 = CARTESIAN_POINT('',(-338.8457709306,-295.8123662799,76.));
#2227 = VECTOR('',#2228,1.);
#2228 = DIRECTION('',(0.906183139995,-0.422885465331,0.));
#2229 = PCURVE('',#1454,#2230);
#2230 = DEFINITIONAL_REPRESENTATION('',(#2231),#2235);
#2231 = LINE('',#2232,#2233);
#2232 = CARTESIAN_POINT('',(70.,0.));
#2233 = VECTOR('',#2234,1.);
#2234 = DIRECTION('',(0.,1.));
#2235 = ( GEOMETRIC_REPRESENTATION_CONTEXT(2) 
PARAMETRIC_REPRESENTATION_CONTEXT() REPRESENTATION_CONTEXT('2D SPACE',''
  ) );
#2236 = PCURVE('',#2237,#2242);
#2237 = PLANE('',#2238);
#2238 = AXIS2_PLACEMENT_3D('',#2239,#2240,#2241);
#2239 = CARTESIAN_POINT('',(-338.8457709306,-295.8123662799,76.));
#2240 = DIRECTION('',(0.,0.,1.));
#2241 = DIRECTION('',(0.906183139995,-0.422885465331,0.));
#2242 = DEFINITIONAL_REPRESENTATION('',(#2243),#2247);
#2243 = LINE('',#2244,#2245);
#2244 = CARTESIAN_POINT('',(0.,0.));
#2245 = VECTOR('',#2246,1.);
#2246 = DIRECTION('',(1.,0.));
#2247 = ( GEOMETRIC_REPRESENTATION_CONTEXT(2) 
PARAMETRIC_REPRESENTATION_CONTEXT() REPRESENTATION_CONTEXT('2D SPACE',''
  ) );
#2248 = ORIENTED_EDGE('',*,*,#2249,.F.);
#2249 = EDGE_CURVE('',#1411,#2222,#2250,.T.);
#2250 = SURFACE_CURVE('',#2251,(#2255,#2262),.PCURVE_S1.);
#2251 = LINE('',#2252,#2253);
#2252 = CARTESIAN_POINT('',(-218.8457709306,-351.8123662799,6.));
#2253 = VECTOR('',#2254,1.);
#2254 = DIRECTION('',(0.,0.,1.));
#2255 = PCURVE('',#1454,#2256);
#2256 = DEFINITIONAL_REPRESENTATION('',(#2257),#2261);
#2257 = LINE('',#2258,#2259);
#2258 = CARTESIAN_POINT('',(0.,132.42356285797));
#2259 = VECTOR('',#2260,1.);
#2260 = DIRECTION('',(1.,0.));
#2261 = ( GEOMETRIC_REPRESENTATION_CONTEXT(2) 
PARAMETRIC_REPRESENTATION_CONTEXT() REPRESENTATION_CONTEXT('2D SPACE',''
  ) );
#2262 = PCURVE('',#1426,#2263);
#2263 = DEFINITIONAL_REPRESENTATION('',(#2264),#2268);
#2264 = LINE('',#2265,#2266);
#2265 = CARTESIAN_POINT('',(0.,0.));
#2266 = VECTOR('',#2267,1.);
#2267 = DIRECTION('',(1.,0.));
#2268 = ( GEOMETRIC_REPRESENTATION_CONTEXT(2) 
PARAMETRIC_REPRESENTATION_CONTEXT() REPRESENTATION_CONTEXT('2D SPACE',''
  ) );
#2269 = ADVANCED_FACE('',(#2270),#1426,.T.);
#2270 = FACE_BOUND('',#2271,.T.);
#2271 = EDGE_LOOP('',(#2272,#2273,#2274,#2297));
#2272 = ORIENTED_EDGE('',*,*,#2249,.F.);
#2273 = ORIENTED_EDGE('',*,*,#1410,.T.);
#2274 = ORIENTED_EDGE('',*,*,#2275,.T.);
#2275 = EDGE_CURVE('',#1383,#2276,#2278,.T.);
#2276 = VERTEX_POINT('',#2277);
#2277 = CARTESIAN_POINT('',(-217.1542290693,-348.18763372,76.));
#2278 = SURFACE_CURVE('',#2279,(#2283,#2290),.PCURVE_S1.);
#2279 = LINE('',#2280,#2281);
#2280 = CARTESIAN_POINT('',(-217.1542290693,-348.18763372,6.));
#2281 = VECTOR('',#2282,1.);
#2282 = DIRECTION('',(0.,0.,1.));
#2283 = PCURVE('',#1426,#2284);
#2284 = DEFINITIONAL_REPRESENTATION('',(#2285),#2289);
#2285 = LINE('',#2286,#2287);
#2286 = CARTESIAN_POINT('',(0.,-4.));
#2287 = VECTOR('',#2288,1.);
#2288 = DIRECTION('',(1.,0.));
#2289 = ( GEOMETRIC_REPRESENTATION_CONTEXT(2) 
PARAMETRIC_REPRESENTATION_CONTEXT() REPRESENTATION_CONTEXT('2D SPACE',''
  ) );
#2290 = PCURVE('',#1398,#2291);
#2291 = DEFINITIONAL_REPRESENTATION('',(#2292),#2296);
#2292 = LINE('',#2293,#2294);
#2293 = CARTESIAN_POINT('',(0.,132.42356285797));
#2294 = VECTOR('',#2295,1.);
#2295 = DIRECTION('',(1.,0.));
#2296 = ( GEOMETRIC_REPRESENTATION_CONTEXT(2) 
PARAMETRIC_REPRESENTATION_CONTEXT() REPRESENTATION_CONTEXT('2D SPACE',''
  ) );
#2297 = ORIENTED_EDGE('',*,*,#2298,.F.);
#2298 = EDGE_CURVE('',#2222,#2276,#2299,.T.);
#2299 = SURFACE_CURVE('',#2300,(#2304,#2311),.PCURVE_S1.);
#2300 = LINE('',#2301,#2302);
#2301 = CARTESIAN_POINT('',(-218.8457709306,-351.8123662799,76.));
#2302 = VECTOR('',#2303,1.);
#2303 = DIRECTION('',(0.422885465331,0.906183139995,0.));
#2304 = PCURVE('',#1426,#2305);
#2305 = DEFINITIONAL_REPRESENTATION('',(#2306),#2310);
#2306 = LINE('',#2307,#2308);
#2307 = CARTESIAN_POINT('',(70.,0.));
#2308 = VECTOR('',#2309,1.);
#2309 = DIRECTION('',(0.,-1.));
#2310 = ( GEOMETRIC_REPRESENTATION_CONTEXT(2) 
PARAMETRIC_REPRESENTATION_CONTEXT() REPRESENTATION_CONTEXT('2D SPACE',''
  ) );
#2311 = PCURVE('',#2237,#2312);
#2312 = DEFINITIONAL_REPRESENTATION('',(#2313),#2317);
#2313 = LINE('',#2314,#2315);
#2314 = CARTESIAN_POINT('',(132.42356285797,4.263256414561E-14));
#2315 = VECTOR('',#2316,1.);
#2316 = DIRECTION('',(0.,1.));
#2317 = ( GEOMETRIC_REPRESENTATION_CONTEXT(2) 
PARAMETRIC_REPRESENTATION_CONTEXT() REPRESENTATION_CONTEXT('2D SPACE',''
  ) );
#2318 = ADVANCED_FACE('',(#2319),#1398,.T.);
#2319 = FACE_BOUND('',#2320,.T.);
#2320 = EDGE_LOOP('',(#2321,#2322,#2345,#2366));
#2321 = ORIENTED_EDGE('',*,*,#1382,.F.);
#2322 = ORIENTED_EDGE('',*,*,#2323,.T.);
#2323 = EDGE_CURVE('',#1355,#2324,#2326,.T.);
#2324 = VERTEX_POINT('',#2325);
#2325 = CARTESIAN_POINT('',(-337.1542290693,-292.18763372,76.));
#2326 = SURFACE_CURVE('',#2327,(#2331,#2338),.PCURVE_S1.);
#2327 = LINE('',#2328,#2329);
#2328 = CARTESIAN_POINT('',(-337.1542290693,-292.18763372,6.));
#2329 = VECTOR('',#2330,1.);
#2330 = DIRECTION('',(0.,0.,1.));
#2331 = PCURVE('',#1398,#2332);
#2332 = DEFINITIONAL_REPRESENTATION('',(#2333),#2337);
#2333 = LINE('',#2334,#2335);
#2334 = CARTESIAN_POINT('',(0.,0.));
#2335 = VECTOR('',#2336,1.);
#2336 = DIRECTION('',(1.,0.));
#2337 = ( GEOMETRIC_REPRESENTATION_CONTEXT(2) 
PARAMETRIC_REPRESENTATION_CONTEXT() REPRESENTATION_CONTEXT('2D SPACE',''
  ) );
#2338 = PCURVE('',#1370,#2339);
#2339 = DEFINITIONAL_REPRESENTATION('',(#2340),#2344);
#2340 = LINE('',#2341,#2342);
#2341 = CARTESIAN_POINT('',(0.,-4.));
#2342 = VECTOR('',#2343,1.);
#2343 = DIRECTION('',(1.,0.));
#2344 = ( GEOMETRIC_REPRESENTATION_CONTEXT(2) 
PARAMETRIC_REPRESENTATION_CONTEXT() REPRESENTATION_CONTEXT('2D SPACE',''
  ) );
#2345 = ORIENTED_EDGE('',*,*,#2346,.T.);
#2346 = EDGE_CURVE('',#2324,#2276,#2347,.T.);
#2347 = SURFACE_CURVE('',#2348,(#2352,#2359),.PCURVE_S1.);
#2348 = LINE('',#2349,#2350);
#2349 = CARTESIAN_POINT('',(-337.1542290693,-292.18763372,76.));
#2350 = VECTOR('',#2351,1.);
#2351 = DIRECTION('',(0.906183139995,-0.422885465331,0.));
#2352 = PCURVE('',#1398,#2353);
#2353 = DEFINITIONAL_REPRESENTATION('',(#2354),#2358);
#2354 = LINE('',#2355,#2356);
#2355 = CARTESIAN_POINT('',(70.,0.));
#2356 = VECTOR('',#2357,1.);
#2357 = DIRECTION('',(0.,1.));
#2358 = ( GEOMETRIC_REPRESENTATION_CONTEXT(2) 
PARAMETRIC_REPRESENTATION_CONTEXT() REPRESENTATION_CONTEXT('2D SPACE',''
  ) );
#2359 = PCURVE('',#2237,#2360);
#2360 = DEFINITIONAL_REPRESENTATION('',(#2361),#2365);
#2361 = LINE('',#2362,#2363);
#2362 = CARTESIAN_POINT('',(-3.397282455353E-14,4.));
#2363 = VECTOR('',#2364,1.);
#2364 = DIRECTION('',(1.,0.));
#2365 = ( GEOMETRIC_REPRESENTATION_CONTEXT(2) 
PARAMETRIC_REPRESENTATION_CONTEXT() REPRESENTATION_CONTEXT('2D SPACE',''
  ) );
#2366 = ORIENTED_EDGE('',*,*,#2275,.F.);
#2367 = ADVANCED_FACE('',(#2368),#1370,.F.);
#2368 = FACE_BOUND('',#2369,.F.);
#2369 = EDGE_LOOP('',(#2370,#2393,#2412,#2413));
#2370 = ORIENTED_EDGE('',*,*,#2371,.F.);
#2371 = EDGE_CURVE('',#2372,#2324,#2374,.T.);
#2372 = VERTEX_POINT('',#2373);
#2373 = CARTESIAN_POINT('',(-338.,-294.,76.));
#2374 = SURFACE_CURVE('',#2375,(#2379,#2386),.PCURVE_S1.);
#2375 = LINE('',#2376,#2377);
#2376 = CARTESIAN_POINT('',(-338.8457709306,-295.8123662799,76.));
#2377 = VECTOR('',#2378,1.);
#2378 = DIRECTION('',(0.422885465331,0.906183139995,0.));
#2379 = PCURVE('',#1370,#2380);
#2380 = DEFINITIONAL_REPRESENTATION('',(#2381),#2385);
#2381 = LINE('',#2382,#2383);
#2382 = CARTESIAN_POINT('',(70.,0.));
#2383 = VECTOR('',#2384,1.);
#2384 = DIRECTION('',(0.,-1.));
#2385 = ( GEOMETRIC_REPRESENTATION_CONTEXT(2) 
PARAMETRIC_REPRESENTATION_CONTEXT() REPRESENTATION_CONTEXT('2D SPACE',''
  ) );
#2386 = PCURVE('',#2237,#2387);
#2387 = DEFINITIONAL_REPRESENTATION('',(#2388),#2392);
#2388 = LINE('',#2389,#2390);
#2389 = CARTESIAN_POINT('',(0.,0.));
#2390 = VECTOR('',#2391,1.);
#2391 = DIRECTION('',(0.,1.));
#2392 = ( GEOMETRIC_REPRESENTATION_CONTEXT(2) 
PARAMETRIC_REPRESENTATION_CONTEXT() REPRESENTATION_CONTEXT('2D SPACE',''
  ) );
#2393 = ORIENTED_EDGE('',*,*,#2394,.T.);
#2394 = EDGE_CURVE('',#2372,#1327,#2395,.T.);
#2395 = SURFACE_CURVE('',#2396,(#2400,#2406),.PCURVE_S1.);
#2396 = LINE('',#2397,#2398);
#2397 = CARTESIAN_POINT('',(-338.,-294.,6.));
#2398 = VECTOR('',#2399,1.);
#2399 = DIRECTION('',(0.,-0.,-1.));
#2400 = PCURVE('',#1370,#2401);
#2401 = DEFINITIONAL_REPRESENTATION('',(#2402),#2405);
#2402 = B_SPLINE_CURVE_WITH_KNOTS('',1,(#2403,#2404),.UNSPECIFIED.,.F.,
  .F.,(2,2),(-70.,0.),.PIECEWISE_BEZIER_KNOTS.);
#2403 = CARTESIAN_POINT('',(70.,-2.));
#2404 = CARTESIAN_POINT('',(0.,-2.));
#2405 = ( GEOMETRIC_REPRESENTATION_CONTEXT(2) 
PARAMETRIC_REPRESENTATION_CONTEXT() REPRESENTATION_CONTEXT('2D SPACE',''
  ) );
#2406 = PCURVE('',#1342,#2407);
#2407 = DEFINITIONAL_REPRESENTATION('',(#2408),#2411);
#2408 = B_SPLINE_CURVE_WITH_KNOTS('',1,(#2409,#2410),.UNSPECIFIED.,.F.,
  .F.,(2,2),(-70.,0.),.PIECEWISE_BEZIER_KNOTS.);
#2409 = CARTESIAN_POINT('',(70.,-2.));
#2410 = CARTESIAN_POINT('',(0.,-2.));
#2411 = ( GEOMETRIC_REPRESENTATION_CONTEXT(2) 
PARAMETRIC_REPRESENTATION_CONTEXT() REPRESENTATION_CONTEXT('2D SPACE',''
  ) );
#2412 = ORIENTED_EDGE('',*,*,#1354,.T.);
#2413 = ORIENTED_EDGE('',*,*,#2323,.T.);
#2414 = ADVANCED_FACE('',(#2415),#1342,.T.);
#2415 = FACE_BOUND('',#2416,.T.);
#2416 = EDGE_LOOP('',(#2417,#2440,#2441,#2442));
#2417 = ORIENTED_EDGE('',*,*,#2418,.F.);
#2418 = EDGE_CURVE('',#2372,#2419,#2421,.T.);
#2419 = VERTEX_POINT('',#2420);
#2420 = CARTESIAN_POINT('',(-338.,-292.,76.));
#2421 = SURFACE_CURVE('',#2422,(#2426,#2433),.PCURVE_S1.);
#2422 = LINE('',#2423,#2424);
#2423 = CARTESIAN_POINT('',(-338.,-296.,76.));
#2424 = VECTOR('',#2425,1.);
#2425 = DIRECTION('',(-0.,1.,0.));
#2426 = PCURVE('',#1342,#2427);
#2427 = DEFINITIONAL_REPRESENTATION('',(#2428),#2432);
#2428 = LINE('',#2429,#2430);
#2429 = CARTESIAN_POINT('',(70.,0.));
#2430 = VECTOR('',#2431,1.);
#2431 = DIRECTION('',(0.,-1.));
#2432 = ( GEOMETRIC_REPRESENTATION_CONTEXT(2) 
PARAMETRIC_REPRESENTATION_CONTEXT() REPRESENTATION_CONTEXT('2D SPACE',''
  ) );
#2433 = PCURVE('',#1561,#2434);
#2434 = DEFINITIONAL_REPRESENTATION('',(#2435),#2439);
#2435 = LINE('',#2436,#2437);
#2436 = CARTESIAN_POINT('',(356.,0.));
#2437 = VECTOR('',#2438,1.);
#2438 = DIRECTION('',(0.,1.));
#2439 = ( GEOMETRIC_REPRESENTATION_CONTEXT(2) 
PARAMETRIC_REPRESENTATION_CONTEXT() REPRESENTATION_CONTEXT('2D SPACE',''
  ) );
#2440 = ORIENTED_EDGE('',*,*,#2394,.T.);
#2441 = ORIENTED_EDGE('',*,*,#1326,.T.);
#2442 = ORIENTED_EDGE('',*,*,#2443,.T.);
#2443 = EDGE_CURVE('',#1299,#2419,#2444,.T.);
#2444 = SURFACE_CURVE('',#2445,(#2449,#2456),.PCURVE_S1.);
#2445 = LINE('',#2446,#2447);
#2446 = CARTESIAN_POINT('',(-338.,-292.,6.));
#2447 = VECTOR('',#2448,1.);
#2448 = DIRECTION('',(0.,0.,1.));
#2449 = PCURVE('',#1342,#2450);
#2450 = DEFINITIONAL_REPRESENTATION('',(#2451),#2455);
#2451 = LINE('',#2452,#2453);
#2452 = CARTESIAN_POINT('',(0.,-4.));
#2453 = VECTOR('',#2454,1.);
#2454 = DIRECTION('',(1.,0.));
#2455 = ( GEOMETRIC_REPRESENTATION_CONTEXT(2) 
PARAMETRIC_REPRESENTATION_CONTEXT() REPRESENTATION_CONTEXT('2D SPACE',''
  ) );
#2456 = PCURVE('',#1314,#2457);
#2457 = DEFINITIONAL_REPRESENTATION('',(#2458),#2462);
#2458 = LINE('',#2459,#2460);
#2459 = CARTESIAN_POINT('',(0.,356.));
#2460 = VECTOR('',#2461,1.);
#2461 = DIRECTION('',(1.,0.));
#2462 = ( GEOMETRIC_REPRESENTATION_CONTEXT(2) 
PARAMETRIC_REPRESENTATION_CONTEXT() REPRESENTATION_CONTEXT('2D SPACE',''
  ) );
#2463 = ADVANCED_FACE('',(#2464),#1314,.T.);
#2464 = FACE_BOUND('',#2465,.T.);
#2465 = EDGE_LOOP('',(#2466,#2467,#2468,#2489,#2490));
#2466 = ORIENTED_EDGE('',*,*,#2137,.F.);
#2467 = ORIENTED_EDGE('',*,*,#1573,.T.);
#2468 = ORIENTED_EDGE('',*,*,#2469,.T.);
#2469 = EDGE_CURVE('',#1546,#2419,#2470,.T.);
#2470 = SURFACE_CURVE('',#2471,(#2475,#2482),.PCURVE_S1.);
#2471 = LINE('',#2472,#2473);
#2472 = CARTESIAN_POINT('',(-694.,-292.,76.));
#2473 = VECTOR('',#2474,1.);
#2474 = DIRECTION('',(1.,0.,-0.));
#2475 = PCURVE('',#1314,#2476);
#2476 = DEFINITIONAL_REPRESENTATION('',(#2477),#2481);
#2477 = LINE('',#2478,#2479);
#2478 = CARTESIAN_POINT('',(70.,0.));
#2479 = VECTOR('',#2480,1.);
#2480 = DIRECTION('',(0.,1.));
#2481 = ( GEOMETRIC_REPRESENTATION_CONTEXT(2) 
PARAMETRIC_REPRESENTATION_CONTEXT() REPRESENTATION_CONTEXT('2D SPACE',''
  ) );
#2482 = PCURVE('',#1561,#2483);
#2483 = DEFINITIONAL_REPRESENTATION('',(#2484),#2488);
#2484 = LINE('',#2485,#2486);
#2485 = CARTESIAN_POINT('',(0.,4.));
#2486 = VECTOR('',#2487,1.);
#2487 = DIRECTION('',(1.,0.));
#2488 = ( GEOMETRIC_REPRESENTATION_CONTEXT(2) 
PARAMETRIC_REPRESENTATION_CONTEXT() REPRESENTATION_CONTEXT('2D SPACE',''
  ) );
#2489 = ORIENTED_EDGE('',*,*,#2443,.F.);
#2490 = ORIENTED_EDGE('',*,*,#1298,.F.);
#2491 = ADVANCED_FACE('',(#2492),#1663,.T.);
#2492 = FACE_BOUND('',#2493,.T.);
#2493 = EDGE_LOOP('',(#2494,#2495,#2496,#2519,#2542,#2570));
#2494 = ORIENTED_EDGE('',*,*,#2056,.F.);
#2495 = ORIENTED_EDGE('',*,*,#1647,.F.);
#2496 = ORIENTED_EDGE('',*,*,#2497,.T.);
#2497 = EDGE_CURVE('',#1620,#2498,#2500,.T.);
#2498 = VERTEX_POINT('',#2499);
#2499 = CARTESIAN_POINT('',(-338.,292.,76.));
#2500 = SURFACE_CURVE('',#2501,(#2505,#2512),.PCURVE_S1.);
#2501 = LINE('',#2502,#2503);
#2502 = CARTESIAN_POINT('',(-694.,292.,76.));
#2503 = VECTOR('',#2504,1.);
#2504 = DIRECTION('',(1.,0.,-0.));
#2505 = PCURVE('',#1663,#2506);
#2506 = DEFINITIONAL_REPRESENTATION('',(#2507),#2511);
#2507 = LINE('',#2508,#2509);
#2508 = CARTESIAN_POINT('',(0.,0.));
#2509 = VECTOR('',#2510,1.);
#2510 = DIRECTION('',(1.,0.));
#2511 = ( GEOMETRIC_REPRESENTATION_CONTEXT(2) 
PARAMETRIC_REPRESENTATION_CONTEXT() REPRESENTATION_CONTEXT('2D SPACE',''
  ) );
#2512 = PCURVE('',#1635,#2513);
#2513 = DEFINITIONAL_REPRESENTATION('',(#2514),#2518);
#2514 = LINE('',#2515,#2516);
#2515 = CARTESIAN_POINT('',(70.,0.));
#2516 = VECTOR('',#2517,1.);
#2517 = DIRECTION('',(0.,1.));
#2518 = ( GEOMETRIC_REPRESENTATION_CONTEXT(2) 
PARAMETRIC_REPRESENTATION_CONTEXT() REPRESENTATION_CONTEXT('2D SPACE',''
  ) );
#2519 = ORIENTED_EDGE('',*,*,#2520,.T.);
#2520 = EDGE_CURVE('',#2498,#2521,#2523,.T.);
#2521 = VERTEX_POINT('',#2522);
#2522 = CARTESIAN_POINT('',(-338.,294.,76.));
#2523 = SURFACE_CURVE('',#2524,(#2528,#2535),.PCURVE_S1.);
#2524 = LINE('',#2525,#2526);
#2525 = CARTESIAN_POINT('',(-338.,292.,76.));
#2526 = VECTOR('',#2527,1.);
#2527 = DIRECTION('',(-0.,1.,0.));
#2528 = PCURVE('',#1663,#2529);
#2529 = DEFINITIONAL_REPRESENTATION('',(#2530),#2534);
#2530 = LINE('',#2531,#2532);
#2531 = CARTESIAN_POINT('',(356.,0.));
#2532 = VECTOR('',#2533,1.);
#2533 = DIRECTION('',(0.,1.));
#2534 = ( GEOMETRIC_REPRESENTATION_CONTEXT(2) 
PARAMETRIC_REPRESENTATION_CONTEXT() REPRESENTATION_CONTEXT('2D SPACE',''
  ) );
#2535 = PCURVE('',#1991,#2536);
#2536 = DEFINITIONAL_REPRESENTATION('',(#2537),#2541);
#2537 = LINE('',#2538,#2539);
#2538 = CARTESIAN_POINT('',(70.,0.));
#2539 = VECTOR('',#2540,1.);
#2540 = DIRECTION('',(0.,-1.));
#2541 = ( GEOMETRIC_REPRESENTATION_CONTEXT(2) 
PARAMETRIC_REPRESENTATION_CONTEXT() REPRESENTATION_CONTEXT('2D SPACE',''
  ) );
#2542 = ORIENTED_EDGE('',*,*,#2543,.T.);
#2543 = EDGE_CURVE('',#2521,#2544,#2546,.T.);
#2544 = VERTEX_POINT('',#2545);
#2545 = CARTESIAN_POINT('',(-338.8457709306,295.81236627999,76.));
#2546 = SURFACE_CURVE('',#2547,(#2551,#2558),.PCURVE_S1.);
#2547 = LINE('',#2548,#2549);
#2548 = CARTESIAN_POINT('',(-337.1542290693,292.18763372,76.));
#2549 = VECTOR('',#2550,1.);
#2550 = DIRECTION('',(-0.422885465331,0.906183139995,0.));
#2551 = PCURVE('',#1663,#2552);
#2552 = DEFINITIONAL_REPRESENTATION('',(#2553),#2557);
#2553 = LINE('',#2554,#2555);
#2554 = CARTESIAN_POINT('',(356.84577093066,0.187633720009));
#2555 = VECTOR('',#2556,1.);
#2556 = DIRECTION('',(-0.422885465331,0.906183139995));
#2557 = ( GEOMETRIC_REPRESENTATION_CONTEXT(2) 
PARAMETRIC_REPRESENTATION_CONTEXT() REPRESENTATION_CONTEXT('2D SPACE',''
  ) );
#2558 = PCURVE('',#2559,#2564);
#2559 = PLANE('',#2560);
#2560 = AXIS2_PLACEMENT_3D('',#2561,#2562,#2563);
#2561 = CARTESIAN_POINT('',(-694.,292.,76.));
#2562 = DIRECTION('',(0.,0.,1.));
#2563 = DIRECTION('',(1.,0.,-0.));
#2564 = DEFINITIONAL_REPRESENTATION('',(#2565),#2569);
#2565 = LINE('',#2566,#2567);
#2566 = CARTESIAN_POINT('',(356.84577093066,0.187633720009));
#2567 = VECTOR('',#2568,1.);
#2568 = DIRECTION('',(-0.422885465331,0.906183139995));
#2569 = ( GEOMETRIC_REPRESENTATION_CONTEXT(2) 
PARAMETRIC_REPRESENTATION_CONTEXT() REPRESENTATION_CONTEXT('2D SPACE',''
  ) );
#2570 = ORIENTED_EDGE('',*,*,#2571,.T.);
#2571 = EDGE_CURVE('',#2544,#2057,#2572,.T.);
#2572 = SURFACE_CURVE('',#2573,(#2577,#2584),.PCURVE_S1.);
#2573 = LINE('',#2574,#2575);
#2574 = CARTESIAN_POINT('',(-338.8457709306,295.81236627999,76.));
#2575 = VECTOR('',#2576,1.);
#2576 = DIRECTION('',(0.906183139995,0.422885465331,0.));
#2577 = PCURVE('',#1663,#2578);
#2578 = DEFINITIONAL_REPRESENTATION('',(#2579),#2583);
#2579 = LINE('',#2580,#2581);
#2580 = CARTESIAN_POINT('',(355.15422906933,3.812366279991));
#2581 = VECTOR('',#2582,1.);
#2582 = DIRECTION('',(0.906183139995,0.422885465331));
#2583 = ( GEOMETRIC_REPRESENTATION_CONTEXT(2) 
PARAMETRIC_REPRESENTATION_CONTEXT() REPRESENTATION_CONTEXT('2D SPACE',''
  ) );
#2584 = PCURVE('',#2559,#2585);
#2585 = DEFINITIONAL_REPRESENTATION('',(#2586),#2590);
#2586 = LINE('',#2587,#2588);
#2587 = CARTESIAN_POINT('',(355.15422906933,3.812366279991));
#2588 = VECTOR('',#2589,1.);
#2589 = DIRECTION('',(0.906183139995,0.422885465331));
#2590 = ( GEOMETRIC_REPRESENTATION_CONTEXT(2) 
PARAMETRIC_REPRESENTATION_CONTEXT() REPRESENTATION_CONTEXT('2D SPACE',''
  ) );
#2591 = ADVANCED_FACE('',(#2592),#1635,.F.);
#2592 = FACE_BOUND('',#2593,.F.);
#2593 = EDGE_LOOP('',(#2594,#2595,#2596,#2597,#2618));
#2594 = ORIENTED_EDGE('',*,*,#2161,.F.);
#2595 = ORIENTED_EDGE('',*,*,#1619,.T.);
#2596 = ORIENTED_EDGE('',*,*,#2497,.T.);
#2597 = ORIENTED_EDGE('',*,*,#2598,.F.);
#2598 = EDGE_CURVE('',#1976,#2498,#2599,.T.);
#2599 = SURFACE_CURVE('',#2600,(#2604,#2611),.PCURVE_S1.);
#2600 = LINE('',#2601,#2602);
#2601 = CARTESIAN_POINT('',(-338.,292.,6.));
#2602 = VECTOR('',#2603,1.);
#2603 = DIRECTION('',(0.,0.,1.));
#2604 = PCURVE('',#1635,#2605);
#2605 = DEFINITIONAL_REPRESENTATION('',(#2606),#2610);
#2606 = LINE('',#2607,#2608);
#2607 = CARTESIAN_POINT('',(0.,356.));
#2608 = VECTOR('',#2609,1.);
#2609 = DIRECTION('',(1.,0.));
#2610 = ( GEOMETRIC_REPRESENTATION_CONTEXT(2) 
PARAMETRIC_REPRESENTATION_CONTEXT() REPRESENTATION_CONTEXT('2D SPACE',''
  ) );
#2611 = PCURVE('',#1991,#2612);
#2612 = DEFINITIONAL_REPRESENTATION('',(#2613),#2617);
#2613 = LINE('',#2614,#2615);
#2614 = CARTESIAN_POINT('',(0.,0.));
#2615 = VECTOR('',#2616,1.);
#2616 = DIRECTION('',(1.,0.));
#2617 = ( GEOMETRIC_REPRESENTATION_CONTEXT(2) 
PARAMETRIC_REPRESENTATION_CONTEXT() REPRESENTATION_CONTEXT('2D SPACE',''
  ) );
#2618 = ORIENTED_EDGE('',*,*,#2003,.F.);
#2619 = ADVANCED_FACE('',(#2620),#1561,.T.);
#2620 = FACE_BOUND('',#2621,.T.);
#2621 = EDGE_LOOP('',(#2622,#2623,#2624,#2625,#2653,#2674));
#2622 = ORIENTED_EDGE('',*,*,#2469,.F.);
#2623 = ORIENTED_EDGE('',*,*,#1545,.F.);
#2624 = ORIENTED_EDGE('',*,*,#1702,.T.);
#2625 = ORIENTED_EDGE('',*,*,#2626,.F.);
#2626 = EDGE_CURVE('',#2627,#1703,#2629,.T.);
#2627 = VERTEX_POINT('',#2628);
#2628 = CARTESIAN_POINT('',(-338.8457709306,-295.8123662799,76.));
#2629 = SURFACE_CURVE('',#2630,(#2634,#2641),.PCURVE_S1.);
#2630 = LINE('',#2631,#2632);
#2631 = CARTESIAN_POINT('',(-338.8457709306,-295.8123662799,76.));
#2632 = VECTOR('',#2633,1.);
#2633 = DIRECTION('',(0.906183139995,-0.422885465331,0.));
#2634 = PCURVE('',#1561,#2635);
#2635 = DEFINITIONAL_REPRESENTATION('',(#2636),#2640);
#2636 = LINE('',#2637,#2638);
#2637 = CARTESIAN_POINT('',(355.15422906933,0.187633720009));
#2638 = VECTOR('',#2639,1.);
#2639 = DIRECTION('',(0.906183139995,-0.422885465331));
#2640 = ( GEOMETRIC_REPRESENTATION_CONTEXT(2) 
PARAMETRIC_REPRESENTATION_CONTEXT() REPRESENTATION_CONTEXT('2D SPACE',''
  ) );
#2641 = PCURVE('',#2642,#2647);
#2642 = PLANE('',#2643);
#2643 = AXIS2_PLACEMENT_3D('',#2644,#2645,#2646);
#2644 = CARTESIAN_POINT('',(-694.,-296.,76.));
#2645 = DIRECTION('',(0.,0.,1.));
#2646 = DIRECTION('',(1.,0.,-0.));
#2647 = DEFINITIONAL_REPRESENTATION('',(#2648),#2652);
#2648 = LINE('',#2649,#2650);
#2649 = CARTESIAN_POINT('',(355.15422906933,0.187633720009));
#2650 = VECTOR('',#2651,1.);
#2651 = DIRECTION('',(0.906183139995,-0.422885465331));
#2652 = ( GEOMETRIC_REPRESENTATION_CONTEXT(2) 
PARAMETRIC_REPRESENTATION_CONTEXT() REPRESENTATION_CONTEXT('2D SPACE',''
  ) );
#2653 = ORIENTED_EDGE('',*,*,#2654,.T.);
#2654 = EDGE_CURVE('',#2627,#2372,#2655,.T.);
#2655 = SURFACE_CURVE('',#2656,(#2660,#2667),.PCURVE_S1.);
#2656 = LINE('',#2657,#2658);
#2657 = CARTESIAN_POINT('',(-338.8457709306,-295.8123662799,76.));
#2658 = VECTOR('',#2659,1.);
#2659 = DIRECTION('',(0.422885465331,0.906183139995,0.));
#2660 = PCURVE('',#1561,#2661);
#2661 = DEFINITIONAL_REPRESENTATION('',(#2662),#2666);
#2662 = LINE('',#2663,#2664);
#2663 = CARTESIAN_POINT('',(355.15422906933,0.187633720009));
#2664 = VECTOR('',#2665,1.);
#2665 = DIRECTION('',(0.422885465331,0.906183139995));
#2666 = ( GEOMETRIC_REPRESENTATION_CONTEXT(2) 
PARAMETRIC_REPRESENTATION_CONTEXT() REPRESENTATION_CONTEXT('2D SPACE',''
  ) );
#2667 = PCURVE('',#2642,#2668);
#2668 = DEFINITIONAL_REPRESENTATION('',(#2669),#2673);
#2669 = LINE('',#2670,#2671);
#2670 = CARTESIAN_POINT('',(355.15422906933,0.187633720009));
#2671 = VECTOR('',#2672,1.);
#2672 = DIRECTION('',(0.422885465331,0.906183139995));
#2673 = ( GEOMETRIC_REPRESENTATION_CONTEXT(2) 
PARAMETRIC_REPRESENTATION_CONTEXT() REPRESENTATION_CONTEXT('2D SPACE',''
  ) );
#2674 = ORIENTED_EDGE('',*,*,#2418,.T.);
#2675 = ADVANCED_FACE('',(#2676),#1991,.T.);
#2676 = FACE_BOUND('',#2677,.T.);
#2677 = EDGE_LOOP('',(#2678,#2679,#2680,#2681));
#2678 = ORIENTED_EDGE('',*,*,#2520,.F.);
#2679 = ORIENTED_EDGE('',*,*,#2598,.F.);
#2680 = ORIENTED_EDGE('',*,*,#1975,.T.);
#2681 = ORIENTED_EDGE('',*,*,#2682,.T.);
#2682 = EDGE_CURVE('',#1948,#2521,#2683,.T.);
#2683 = SURFACE_CURVE('',#2684,(#2688,#2694),.PCURVE_S1.);
#2684 = LINE('',#2685,#2686);
#2685 = CARTESIAN_POINT('',(-338.,294.,6.));
#2686 = VECTOR('',#2687,1.);
#2687 = DIRECTION('',(0.,-0.,1.));
#2688 = PCURVE('',#1991,#2689);
#2689 = DEFINITIONAL_REPRESENTATION('',(#2690),#2693);
#2690 = B_SPLINE_CURVE_WITH_KNOTS('',1,(#2691,#2692),.UNSPECIFIED.,.F.,
  .F.,(2,2),(0.,70.),.PIECEWISE_BEZIER_KNOTS.);
#2691 = CARTESIAN_POINT('',(0.,-2.));
#2692 = CARTESIAN_POINT('',(70.,-2.));
#2693 = ( GEOMETRIC_REPRESENTATION_CONTEXT(2) 
PARAMETRIC_REPRESENTATION_CONTEXT() REPRESENTATION_CONTEXT('2D SPACE',''
  ) );
#2694 = PCURVE('',#1963,#2695);
#2695 = DEFINITIONAL_REPRESENTATION('',(#2696),#2699);
#2696 = B_SPLINE_CURVE_WITH_KNOTS('',1,(#2697,#2698),.UNSPECIFIED.,.F.,
  .F.,(2,2),(0.,70.),.PIECEWISE_BEZIER_KNOTS.);
#2697 = CARTESIAN_POINT('',(0.,-2.));
#2698 = CARTESIAN_POINT('',(70.,-2.));
#2699 = ( GEOMETRIC_REPRESENTATION_CONTEXT(2) 
PARAMETRIC_REPRESENTATION_CONTEXT() REPRESENTATION_CONTEXT('2D SPACE',''
  ) );
#2700 = ADVANCED_FACE('',(#2701),#1963,.F.);
#2701 = FACE_BOUND('',#2702,.F.);
#2702 = EDGE_LOOP('',(#2703,#2731,#2752,#2753));
#2703 = ORIENTED_EDGE('',*,*,#2704,.F.);
#2704 = EDGE_CURVE('',#2705,#2521,#2707,.T.);
#2705 = VERTEX_POINT('',#2706);
#2706 = CARTESIAN_POINT('',(-337.1542290693,292.18763372,76.));
#2707 = SURFACE_CURVE('',#2708,(#2712,#2719),.PCURVE_S1.);
#2708 = LINE('',#2709,#2710);
#2709 = CARTESIAN_POINT('',(-337.1542290693,292.18763372,76.));
#2710 = VECTOR('',#2711,1.);
#2711 = DIRECTION('',(-0.422885465331,0.906183139995,0.));
#2712 = PCURVE('',#1963,#2713);
#2713 = DEFINITIONAL_REPRESENTATION('',(#2714),#2718);
#2714 = LINE('',#2715,#2716);
#2715 = CARTESIAN_POINT('',(70.,0.));
#2716 = VECTOR('',#2717,1.);
#2717 = DIRECTION('',(0.,-1.));
#2718 = ( GEOMETRIC_REPRESENTATION_CONTEXT(2) 
PARAMETRIC_REPRESENTATION_CONTEXT() REPRESENTATION_CONTEXT('2D SPACE',''
  ) );
#2719 = PCURVE('',#2720,#2725);
#2720 = PLANE('',#2721);
#2721 = AXIS2_PLACEMENT_3D('',#2722,#2723,#2724);
#2722 = CARTESIAN_POINT('',(-337.1542290693,292.18763372,76.));
#2723 = DIRECTION('',(0.,0.,1.));
#2724 = DIRECTION('',(0.906183139995,0.422885465331,0.));
#2725 = DEFINITIONAL_REPRESENTATION('',(#2726),#2730);
#2726 = LINE('',#2727,#2728);
#2727 = CARTESIAN_POINT('',(0.,0.));
#2728 = VECTOR('',#2729,1.);
#2729 = DIRECTION('',(0.,1.));
#2730 = ( GEOMETRIC_REPRESENTATION_CONTEXT(2) 
PARAMETRIC_REPRESENTATION_CONTEXT() REPRESENTATION_CONTEXT('2D SPACE',''
  ) );
#2731 = ORIENTED_EDGE('',*,*,#2732,.F.);
#2732 = EDGE_CURVE('',#1920,#2705,#2733,.T.);
#2733 = SURFACE_CURVE('',#2734,(#2738,#2745),.PCURVE_S1.);
#2734 = LINE('',#2735,#2736);
#2735 = CARTESIAN_POINT('',(-337.1542290693,292.18763372,6.));
#2736 = VECTOR('',#2737,1.);
#2737 = DIRECTION('',(0.,0.,1.));
#2738 = PCURVE('',#1963,#2739);
#2739 = DEFINITIONAL_REPRESENTATION('',(#2740),#2744);
#2740 = LINE('',#2741,#2742);
#2741 = CARTESIAN_POINT('',(0.,0.));
#2742 = VECTOR('',#2743,1.);
#2743 = DIRECTION('',(1.,0.));
#2744 = ( GEOMETRIC_REPRESENTATION_CONTEXT(2) 
PARAMETRIC_REPRESENTATION_CONTEXT() REPRESENTATION_CONTEXT('2D SPACE',''
  ) );
#2745 = PCURVE('',#1935,#2746);
#2746 = DEFINITIONAL_REPRESENTATION('',(#2747),#2751);
#2747 = LINE('',#2748,#2749);
#2748 = CARTESIAN_POINT('',(0.,0.));
#2749 = VECTOR('',#2750,1.);
#2750 = DIRECTION('',(1.,0.));
#2751 = ( GEOMETRIC_REPRESENTATION_CONTEXT(2) 
PARAMETRIC_REPRESENTATION_CONTEXT() REPRESENTATION_CONTEXT('2D SPACE',''
  ) );
#2752 = ORIENTED_EDGE('',*,*,#1947,.T.);
#2753 = ORIENTED_EDGE('',*,*,#2682,.T.);
#2754 = ADVANCED_FACE('',(#2755),#1935,.F.);
#2755 = FACE_BOUND('',#2756,.F.);
#2756 = EDGE_LOOP('',(#2757,#2758,#2759,#2782));
#2757 = ORIENTED_EDGE('',*,*,#1919,.F.);
#2758 = ORIENTED_EDGE('',*,*,#2732,.T.);
#2759 = ORIENTED_EDGE('',*,*,#2760,.T.);
#2760 = EDGE_CURVE('',#2705,#2761,#2763,.T.);
#2761 = VERTEX_POINT('',#2762);
#2762 = CARTESIAN_POINT('',(-217.1542290693,348.18763372,76.));
#2763 = SURFACE_CURVE('',#2764,(#2768,#2775),.PCURVE_S1.);
#2764 = LINE('',#2765,#2766);
#2765 = CARTESIAN_POINT('',(-337.1542290693,292.18763372,76.));
#2766 = VECTOR('',#2767,1.);
#2767 = DIRECTION('',(0.906183139995,0.422885465331,0.));
#2768 = PCURVE('',#1935,#2769);
#2769 = DEFINITIONAL_REPRESENTATION('',(#2770),#2774);
#2770 = LINE('',#2771,#2772);
#2771 = CARTESIAN_POINT('',(70.,0.));
#2772 = VECTOR('',#2773,1.);
#2773 = DIRECTION('',(0.,1.));
#2774 = ( GEOMETRIC_REPRESENTATION_CONTEXT(2) 
PARAMETRIC_REPRESENTATION_CONTEXT() REPRESENTATION_CONTEXT('2D SPACE',''
  ) );
#2775 = PCURVE('',#2720,#2776);
#2776 = DEFINITIONAL_REPRESENTATION('',(#2777),#2781);
#2777 = LINE('',#2778,#2779);
#2778 = CARTESIAN_POINT('',(0.,0.));
#2779 = VECTOR('',#2780,1.);
#2780 = DIRECTION('',(1.,0.));
#2781 = ( GEOMETRIC_REPRESENTATION_CONTEXT(2) 
PARAMETRIC_REPRESENTATION_CONTEXT() REPRESENTATION_CONTEXT('2D SPACE',''
  ) );
#2782 = ORIENTED_EDGE('',*,*,#2783,.F.);
#2783 = EDGE_CURVE('',#1892,#2761,#2784,.T.);
#2784 = SURFACE_CURVE('',#2785,(#2789,#2796),.PCURVE_S1.);
#2785 = LINE('',#2786,#2787);
#2786 = CARTESIAN_POINT('',(-217.1542290693,348.18763372,6.));
#2787 = VECTOR('',#2788,1.);
#2788 = DIRECTION('',(0.,0.,1.));
#2789 = PCURVE('',#1935,#2790);
#2790 = DEFINITIONAL_REPRESENTATION('',(#2791),#2795);
#2791 = LINE('',#2792,#2793);
#2792 = CARTESIAN_POINT('',(0.,132.42356285797));
#2793 = VECTOR('',#2794,1.);
#2794 = DIRECTION('',(1.,0.));
#2795 = ( GEOMETRIC_REPRESENTATION_CONTEXT(2) 
PARAMETRIC_REPRESENTATION_CONTEXT() REPRESENTATION_CONTEXT('2D SPACE',''
  ) );
#2796 = PCURVE('',#1907,#2797);
#2797 = DEFINITIONAL_REPRESENTATION('',(#2798),#2802);
#2798 = LINE('',#2799,#2800);
#2799 = CARTESIAN_POINT('',(0.,0.));
#2800 = VECTOR('',#2801,1.);
#2801 = DIRECTION('',(1.,0.));
#2802 = ( GEOMETRIC_REPRESENTATION_CONTEXT(2) 
PARAMETRIC_REPRESENTATION_CONTEXT() REPRESENTATION_CONTEXT('2D SPACE',''
  ) );
#2803 = ADVANCED_FACE('',(#2804),#1907,.T.);
#2804 = FACE_BOUND('',#2805,.T.);
#2805 = EDGE_LOOP('',(#2806,#2807,#2808,#2831));
#2806 = ORIENTED_EDGE('',*,*,#2783,.F.);
#2807 = ORIENTED_EDGE('',*,*,#1891,.T.);
#2808 = ORIENTED_EDGE('',*,*,#2809,.T.);
#2809 = EDGE_CURVE('',#1864,#2810,#2812,.T.);
#2810 = VERTEX_POINT('',#2811);
#2811 = CARTESIAN_POINT('',(-218.8457709306,351.81236627999,76.));
#2812 = SURFACE_CURVE('',#2813,(#2817,#2824),.PCURVE_S1.);
#2813 = LINE('',#2814,#2815);
#2814 = CARTESIAN_POINT('',(-218.8457709306,351.81236627999,6.));
#2815 = VECTOR('',#2816,1.);
#2816 = DIRECTION('',(0.,0.,1.));
#2817 = PCURVE('',#1907,#2818);
#2818 = DEFINITIONAL_REPRESENTATION('',(#2819),#2823);
#2819 = LINE('',#2820,#2821);
#2820 = CARTESIAN_POINT('',(0.,-4.));
#2821 = VECTOR('',#2822,1.);
#2822 = DIRECTION('',(1.,0.));
#2823 = ( GEOMETRIC_REPRESENTATION_CONTEXT(2) 
PARAMETRIC_REPRESENTATION_CONTEXT() REPRESENTATION_CONTEXT('2D SPACE',''
  ) );
#2824 = PCURVE('',#1879,#2825);
#2825 = DEFINITIONAL_REPRESENTATION('',(#2826),#2830);
#2826 = LINE('',#2827,#2828);
#2827 = CARTESIAN_POINT('',(0.,132.42356285797));
#2828 = VECTOR('',#2829,1.);
#2829 = DIRECTION('',(1.,0.));
#2830 = ( GEOMETRIC_REPRESENTATION_CONTEXT(2) 
PARAMETRIC_REPRESENTATION_CONTEXT() REPRESENTATION_CONTEXT('2D SPACE',''
  ) );
#2831 = ORIENTED_EDGE('',*,*,#2832,.F.);
#2832 = EDGE_CURVE('',#2761,#2810,#2833,.T.);
#2833 = SURFACE_CURVE('',#2834,(#2838,#2845),.PCURVE_S1.);
#2834 = LINE('',#2835,#2836);
#2835 = CARTESIAN_POINT('',(-217.1542290693,348.18763372,76.));
#2836 = VECTOR('',#2837,1.);
#2837 = DIRECTION('',(-0.422885465331,0.906183139995,0.));
#2838 = PCURVE('',#1907,#2839);
#2839 = DEFINITIONAL_REPRESENTATION('',(#2840),#2844);
#2840 = LINE('',#2841,#2842);
#2841 = CARTESIAN_POINT('',(70.,0.));
#2842 = VECTOR('',#2843,1.);
#2843 = DIRECTION('',(0.,-1.));
#2844 = ( GEOMETRIC_REPRESENTATION_CONTEXT(2) 
PARAMETRIC_REPRESENTATION_CONTEXT() REPRESENTATION_CONTEXT('2D SPACE',''
  ) );
#2845 = PCURVE('',#2720,#2846);
#2846 = DEFINITIONAL_REPRESENTATION('',(#2847),#2851);
#2847 = LINE('',#2848,#2849);
#2848 = CARTESIAN_POINT('',(132.42356285797,-7.105427357601E-15));
#2849 = VECTOR('',#2850,1.);
#2850 = DIRECTION('',(0.,1.));
#2851 = ( GEOMETRIC_REPRESENTATION_CONTEXT(2) 
PARAMETRIC_REPRESENTATION_CONTEXT() REPRESENTATION_CONTEXT('2D SPACE',''
  ) );
#2852 = ADVANCED_FACE('',(#2853),#1879,.T.);
#2853 = FACE_BOUND('',#2854,.T.);
#2854 = EDGE_LOOP('',(#2855,#2856,#2857,#2878));
#2855 = ORIENTED_EDGE('',*,*,#1863,.F.);
#2856 = ORIENTED_EDGE('',*,*,#2079,.T.);
#2857 = ORIENTED_EDGE('',*,*,#2858,.T.);
#2858 = EDGE_CURVE('',#2057,#2810,#2859,.T.);
#2859 = SURFACE_CURVE('',#2860,(#2864,#2871),.PCURVE_S1.);
#2860 = LINE('',#2861,#2862);
#2861 = CARTESIAN_POINT('',(-338.8457709306,295.81236627999,76.));
#2862 = VECTOR('',#2863,1.);
#2863 = DIRECTION('',(0.906183139995,0.422885465331,0.));
#2864 = PCURVE('',#1879,#2865);
#2865 = DEFINITIONAL_REPRESENTATION('',(#2866),#2870);
#2866 = LINE('',#2867,#2868);
#2867 = CARTESIAN_POINT('',(70.,0.));
#2868 = VECTOR('',#2869,1.);
#2869 = DIRECTION('',(0.,1.));
#2870 = ( GEOMETRIC_REPRESENTATION_CONTEXT(2) 
PARAMETRIC_REPRESENTATION_CONTEXT() REPRESENTATION_CONTEXT('2D SPACE',''
  ) );
#2871 = PCURVE('',#2720,#2872);
#2872 = DEFINITIONAL_REPRESENTATION('',(#2873),#2877);
#2873 = LINE('',#2874,#2875);
#2874 = CARTESIAN_POINT('',(3.397282455353E-14,4.));
#2875 = VECTOR('',#2876,1.);
#2876 = DIRECTION('',(1.,0.));
#2877 = ( GEOMETRIC_REPRESENTATION_CONTEXT(2) 
PARAMETRIC_REPRESENTATION_CONTEXT() REPRESENTATION_CONTEXT('2D SPACE',''
  ) );
#2878 = ORIENTED_EDGE('',*,*,#2809,.F.);
#2879 = ADVANCED_FACE('',(#2880),#2237,.T.);
#2880 = FACE_BOUND('',#2881,.T.);
#2881 = EDGE_LOOP('',(#2882,#2883,#2906,#2927,#2928,#2929));
#2882 = ORIENTED_EDGE('',*,*,#2371,.F.);
#2883 = ORIENTED_EDGE('',*,*,#2884,.F.);
#2884 = EDGE_CURVE('',#2885,#2372,#2887,.T.);
#2885 = VERTEX_POINT('',#2886);
#2886 = CARTESIAN_POINT('',(-338.,-296.,76.));
#2887 = SURFACE_CURVE('',#2888,(#2892,#2899),.PCURVE_S1.);
#2888 = LINE('',#2889,#2890);
#2889 = CARTESIAN_POINT('',(-338.,-296.,76.));
#2890 = VECTOR('',#2891,1.);
#2891 = DIRECTION('',(-0.,1.,0.));
#2892 = PCURVE('',#2237,#2893);
#2893 = DEFINITIONAL_REPRESENTATION('',(#2894),#2898);
#2894 = LINE('',#2895,#2896);
#2895 = CARTESIAN_POINT('',(0.845770930662,0.187633720009));
#2896 = VECTOR('',#2897,1.);
#2897 = DIRECTION('',(-0.422885465331,0.906183139995));
#2898 = ( GEOMETRIC_REPRESENTATION_CONTEXT(2) 
PARAMETRIC_REPRESENTATION_CONTEXT() REPRESENTATION_CONTEXT('2D SPACE',''
  ) );
#2899 = PCURVE('',#2642,#2900);
#2900 = DEFINITIONAL_REPRESENTATION('',(#2901),#2905);
#2901 = LINE('',#2902,#2903);
#2902 = CARTESIAN_POINT('',(356.,0.));
#2903 = VECTOR('',#2904,1.);
#2904 = DIRECTION('',(0.,1.));
#2905 = ( GEOMETRIC_REPRESENTATION_CONTEXT(2) 
PARAMETRIC_REPRESENTATION_CONTEXT() REPRESENTATION_CONTEXT('2D SPACE',''
  ) );
#2906 = ORIENTED_EDGE('',*,*,#2907,.F.);
#2907 = EDGE_CURVE('',#1703,#2885,#2908,.T.);
#2908 = SURFACE_CURVE('',#2909,(#2913,#2920),.PCURVE_S1.);
#2909 = LINE('',#2910,#2911);
#2910 = CARTESIAN_POINT('',(-694.,-296.,76.));
#2911 = VECTOR('',#2912,1.);
#2912 = DIRECTION('',(1.,0.,-0.));
#2913 = PCURVE('',#2237,#2914);
#2914 = DEFINITIONAL_REPRESENTATION('',(#2915),#2919);
#2915 = LINE('',#2916,#2917);
#2916 = CARTESIAN_POINT('',(-321.7554269076,-150.3595919378));
#2917 = VECTOR('',#2918,1.);
#2918 = DIRECTION('',(0.906183139995,0.422885465331));
#2919 = ( GEOMETRIC_REPRESENTATION_CONTEXT(2) 
PARAMETRIC_REPRESENTATION_CONTEXT() REPRESENTATION_CONTEXT('2D SPACE',''
  ) );
#2920 = PCURVE('',#2642,#2921);
#2921 = DEFINITIONAL_REPRESENTATION('',(#2922),#2926);
#2922 = LINE('',#2923,#2924);
#2923 = CARTESIAN_POINT('',(0.,0.));
#2924 = VECTOR('',#2925,1.);
#2925 = DIRECTION('',(1.,0.));
#2926 = ( GEOMETRIC_REPRESENTATION_CONTEXT(2) 
PARAMETRIC_REPRESENTATION_CONTEXT() REPRESENTATION_CONTEXT('2D SPACE',''
  ) );
#2927 = ORIENTED_EDGE('',*,*,#2221,.T.);
#2928 = ORIENTED_EDGE('',*,*,#2298,.T.);
#2929 = ORIENTED_EDGE('',*,*,#2346,.F.);
#2930 = ADVANCED_FACE('',(#2931),#2559,.T.);
#2931 = FACE_BOUND('',#2932,.T.);
#2932 = EDGE_LOOP('',(#2933,#2956,#2957,#2958));
#2933 = ORIENTED_EDGE('',*,*,#2934,.F.);
#2934 = EDGE_CURVE('',#2057,#2935,#2937,.T.);
#2935 = VERTEX_POINT('',#2936);
#2936 = CARTESIAN_POINT('',(-338.,296.,76.));
#2937 = SURFACE_CURVE('',#2938,(#2942,#2949),.PCURVE_S1.);
#2938 = LINE('',#2939,#2940);
#2939 = CARTESIAN_POINT('',(-694.,296.,76.));
#2940 = VECTOR('',#2941,1.);
#2941 = DIRECTION('',(1.,0.,-0.));
#2942 = PCURVE('',#2559,#2943);
#2943 = DEFINITIONAL_REPRESENTATION('',(#2944),#2948);
#2944 = LINE('',#2945,#2946);
#2945 = CARTESIAN_POINT('',(0.,4.));
#2946 = VECTOR('',#2947,1.);
#2947 = DIRECTION('',(1.,0.));
#2948 = ( GEOMETRIC_REPRESENTATION_CONTEXT(2) 
PARAMETRIC_REPRESENTATION_CONTEXT() REPRESENTATION_CONTEXT('2D SPACE',''
  ) );
#2949 = PCURVE('',#2720,#2950);
#2950 = DEFINITIONAL_REPRESENTATION('',(#2951),#2955);
#2951 = LINE('',#2952,#2953);
#2952 = CARTESIAN_POINT('',(-321.7554269076,154.35959193787));
#2953 = VECTOR('',#2954,1.);
#2954 = DIRECTION('',(0.906183139995,-0.422885465331));
#2955 = ( GEOMETRIC_REPRESENTATION_CONTEXT(2) 
PARAMETRIC_REPRESENTATION_CONTEXT() REPRESENTATION_CONTEXT('2D SPACE',''
  ) );
#2956 = ORIENTED_EDGE('',*,*,#2571,.F.);
#2957 = ORIENTED_EDGE('',*,*,#2543,.F.);
#2958 = ORIENTED_EDGE('',*,*,#2959,.T.);
#2959 = EDGE_CURVE('',#2521,#2935,#2960,.T.);
#2960 = SURFACE_CURVE('',#2961,(#2965,#2972),.PCURVE_S1.);
#2961 = LINE('',#2962,#2963);
#2962 = CARTESIAN_POINT('',(-338.,292.,76.));
#2963 = VECTOR('',#2964,1.);
#2964 = DIRECTION('',(-0.,1.,0.));
#2965 = PCURVE('',#2559,#2966);
#2966 = DEFINITIONAL_REPRESENTATION('',(#2967),#2971);
#2967 = LINE('',#2968,#2969);
#2968 = CARTESIAN_POINT('',(356.,0.));
#2969 = VECTOR('',#2970,1.);
#2970 = DIRECTION('',(0.,1.));
#2971 = ( GEOMETRIC_REPRESENTATION_CONTEXT(2) 
PARAMETRIC_REPRESENTATION_CONTEXT() REPRESENTATION_CONTEXT('2D SPACE',''
  ) );
#2972 = PCURVE('',#2720,#2973);
#2973 = DEFINITIONAL_REPRESENTATION('',(#2974),#2978);
#2974 = LINE('',#2975,#2976);
#2975 = CARTESIAN_POINT('',(-0.845770930662,0.187633720009));
#2976 = VECTOR('',#2977,1.);
#2977 = DIRECTION('',(0.422885465331,0.906183139995));
#2978 = ( GEOMETRIC_REPRESENTATION_CONTEXT(2) 
PARAMETRIC_REPRESENTATION_CONTEXT() REPRESENTATION_CONTEXT('2D SPACE',''
  ) );
#2979 = ADVANCED_FACE('',(#2980),#2642,.T.);
#2980 = FACE_BOUND('',#2981,.T.);
#2981 = EDGE_LOOP('',(#2982,#2983,#2984,#2985));
#2982 = ORIENTED_EDGE('',*,*,#2626,.T.);
#2983 = ORIENTED_EDGE('',*,*,#2907,.T.);
#2984 = ORIENTED_EDGE('',*,*,#2884,.T.);
#2985 = ORIENTED_EDGE('',*,*,#2654,.F.);
#2986 = ADVANCED_FACE('',(#2987),#2720,.T.);
#2987 = FACE_BOUND('',#2988,.T.);
#2988 = EDGE_LOOP('',(#2989,#2990,#2991,#2992,#2993,#2994));
#2989 = ORIENTED_EDGE('',*,*,#2704,.F.);
#2990 = ORIENTED_EDGE('',*,*,#2760,.T.);
#2991 = ORIENTED_EDGE('',*,*,#2832,.T.);
#2992 = ORIENTED_EDGE('',*,*,#2858,.F.);
#2993 = ORIENTED_EDGE('',*,*,#2934,.T.);
#2994 = ORIENTED_EDGE('',*,*,#2959,.F.);
#2995 = ( GEOMETRIC_REPRESENTATION_CONTEXT(3) 
GLOBAL_UNCERTAINTY_ASSIGNED_CONTEXT((#2999)) 
GLOBAL_UNIT_ASSIGNED_CONTEXT((#2996,#2997,#2998)) REPRESENTATION_CONTEXT
('Context #1','3D Context with UNIT and UNCERTAINTY') );
#2996 = ( LENGTH_UNIT() NAMED_UNIT(*) SI_UNIT(.MILLI.,.METRE.) );
#2997 = ( NAMED_UNIT(*) PLANE_ANGLE_UNIT() SI_UNIT($,.RADIAN.) );
#2998 = ( NAMED_UNIT(*) SI_UNIT($,.STERADIAN.) SOLID_ANGLE_UNIT() );
#2999 = UNCERTAINTY_MEASURE_WITH_UNIT(LENGTH_MEASURE(1.E-07),#2996,
  'distance_accuracy_value','confusion accuracy');
#3000 = PRODUCT_RELATED_PRODUCT_CATEGORY('part',$,(#7));
ENDSEC;
END-ISO-10303-21;
